id:ID,label,name,source_file,row_no,core_technology,technology_maturity,possible_scenarios,business_model,delivery_capability,certification_ip,founder_team_and_gap,recent_revenue_profit,competition_and_diff,match_level,:LABEL
ENT_D7C120A97FCC,Enterprise,西安中科光凝科技有限公司（人工核对）,企业信息暂存.xlsx,2,超快激光精密焊接技术（异质材料焊接、特种材料超精密3D成形,技术成果属于国际领先水平，技术成熟度达到产业化水平,自主导航器件（陀螺仪）、微流控芯片、UV-LED封装、TGV封装、精密传感器领域,,已经具备一定的激光精密焊接装备设计和制造能力,授权国家发明专利13项（第1发明人）,核心团队来自中科院西安光机所，汇集了激光工艺研发、设备设计、设备制造、市场推广、企业管理等各方面具有丰富经验的团队成员。项目负责人贺斌为西安交通大学工学博士，中科院西安光学精密机械研究所副研究员，德国弗朗霍夫激光技术研究所访问学者。穆晔为法定代表人，北大法学本科、经济学辅修，有法律和创业经验。短板信息暂无。,,,未匹配,Enterprise
ENT_FE60ED7D4BC1,Enterprise,上海拜安传感技术有限公司,企业信息暂存.xlsx,3,MEMS光学传感核心技术（光谱干涉仪MEMS芯片化制造，异质巨集成体硅工艺）,已商业化运营，产品已在风电、轨交等领域批量应用，并进入航空、核电领域进行进口替代。拥有市面最成熟的轨交弓网压力监测解决方案，已认定进入中国标准地铁列车的推荐配置文件。,智慧城市、船舶、智能电网、更广泛的工业设备监测和故障诊断领域。,1. 风电技改市场：以招标方式向业主方交付整套解决方案（硬件+软件），后续运维收取软件授权license费用。2. 风电增量市场：通过写入整机厂商标书，提供标准化传感器。3. 轨交等领域：提供解决方案及产品。,风电领域交付周期约2个月。轨交领域已在50+条地铁线路批量应用。,国家级高新技术企业、国家级专精特新“小巨人”企业、上海市专精特新企业；AS9100D（航空航天）认证、鉴衡风电场部件认证证书、CCS船级社认证证书；国家2022年度“中国机械工业技术发明三等奖”；中国商飞战略合作商、中核集团合格供应商。,核心团队：董事长钟少龙（中科院上海微系统所高级工程师，华为前产品开发经验，光纤传感领域专家）；风电专家俞红鹰（上海交大，主导设计国内第一代风力发电机）；AI专家韦俊（上海交大和加州大学硕士，前SKF首席资深数据科学家）。短板：暂无明确信息。,暂无具体数据。2024年轨交领域预计收入数千万元。,暂无直接竞对信息。根据资料，公司在风电和轨交领域填补了工业监测空白，实现了国产超越；在轨交弓网压力监测方面拥有最成熟的解决方案；在航空、核电领域进行高精度传感器的进口替代。,精确匹配,Enterprise
ENT_0EEE5F4580B9,Enterprise,西湖智能视觉科技（杭州）有限公司,企业信息暂存.xlsx,4,单曝光压缩成像技术（AI+计算成像，光学编码+AI算法，压缩采集重建）,原理样机转化与产品开发阶段。公司着力于将实验室原理样机转化为商业产品，实现集成化和芯片化并最终将其大规模量产。已完成天使轮融资，资金用于持续提升核心技术。,基于其单曝光高光谱、高速视频及3D检测能力，可能应用于更广泛的工业质检、环境监测、农业检测、安防监控、医疗影像等领域。,产品销售（成像系统解决方案）、技术授权（可能性）。作为技术驱动型公司，可能通过销售集成了其核心技术的智能相机或成像系统为主要商业模式。,公司处于产品开发与商业化初期，致力于将原理样机产品化、芯片化并量产。具体交付周期和规模暂无公开信息。,高新技术企业（网络信息提及）。核心团队拥有20多项国际专利。具体资质证书名称及编号暂无公开信息。,创始团队：1. 袁鑫博士：公司执行董事，西湖大学工学院副教授，特聘研究员，2022年浙江省杰青，20多项国际专利发明者，曾任美国贝尔实验室视频分析与编码首席研究员。2. 陈明亮博士：公司创始人兼CEO，中国科学院上海光学精密机械研究所副研究员，全面负责公司日常运营及产品开发，分管产品系统设计、光学、机械结构及可靠性研发。短板：公司成立于2022年，相对年轻，产品处于商业化早期，市场验证和规模化销售能力有待证明；作为初创公司，在供应链管理、大规模生产、市场渠道建设方面可能存在经验短板。,暂无公开信息。公司成立于2022年3月，尚处于早期研发和产品化阶段。,竞对：例如提供高光谱成像、工业检测相机等解决方案的公司。技术差异：与传统光谱成像依赖逐点或逐线扫描导致效率低、动态场景适应性差不同，西湖智能视觉采用单曝光压缩成像技术，以面扫的方式，效率更高，擅长高速、大视场、复杂环境适应场景。,精确匹配,Enterprise
ENT_89E59878D011,Enterprise,无锡安科迪智能技术有限公司,企业信息暂存.xlsx,5,阵列式多尺度超高清计算相机技术（仿生复眼架构）；空间数据采集；空间大脑计算平台,成熟。产品已量产并广泛应用于多个国家级重大项目和行业场景，成为公安部警用装备指定产品和国家重点国防项目建设列装产品。,工业级超高清多目VR相机、消费级全域视频智能空间感知、更广泛的智慧城市物联网节点、大型活动现场的沉浸式观赛/观演系统。,硬件（阵列摄像机）销售与软硬件一体化解决方案提供商。,具备产品研发、生产及项目交付能力，已成功交付并应用于多个国家级及行业级重大项目。,高新技术企业；公安部警用装备指定产品；国家重点国防项目建设列装产品。拥有美国杜克大学相关专利引进及自主研发技术。,创始人兼董事长为王惠东。公司早期引进美国杜克大学专利，是全球阵列计算成像技术和空间数字化智能感知应用的开拓者。短板：网络信息未提及具体技术或市场短板。,,竞对：传统高清监控摄像机厂商（如海康威视、大华股份等）及新兴计算成像公司。技术差异：采用独特的“仿生复眼”阵列式成像技术，通过一个主镜头+N个微型镜头阵列结合后端强大算法，实现单台设备覆盖超大范围并保持极高分辨率（如一台Mantis等于70台1080p摄像机），在特定纵深矩形区域内实现远距离高精度识别，技术路径与传统单镜头摄像机或普通全景相机有本质不同。,精确匹配,Enterprise
ENT_2E925683CAA7,Enterprise,中智科仪（北京）科技有限公司,企业信息暂存.xlsx,6,时间门控成像；单光子探测；皮秒级时间分辨；激光穿透成像,已形成具体产品（如IsCMOS相机、2DSPC相机、穿透成像仪），并应用于科研及行业领域，技术处于产业化应用阶段。,军事侦察、环境监测、医疗影像、自动驾驶感知增强、高端制造无损检测等需要超快时间分辨、弱光或穿透散射介质成像的领域。,研发、生产和销售高端光电探测设备及解决方案，面向科研机构与工业客户。,暂无（信息不足，未明确提及生产规模、交付周期等具体信息）。,暂无（信息不足，未明确提及具体资质或认证，但作为科技型企业应拥有相关技术专利）。,创始团队信息未在提供资料中明确。短板可能包括：作为2016年成立的初创公司，市场知名度和客户积累可能相对有限；高端科研仪器市场面临国际巨头竞争；技术研发投入大，对持续融资能力要求高。,暂无（信息不足，未披露具体财务数据）。,竞对包括国际领先的光电探测设备厂商（如滨松、Princeton Instruments等）。技术差异：中智科仪专注于时间门控成像及单光子探测这一细分领域，强调皮秒级时间分辨、单光子灵敏度及激光穿透成像能力，旨在实现国产高端科研仪器的突破。,精确匹配,Enterprise
ENT_203143C4EA39,Enterprise,徐州光引科技发展有限公司,企业信息暂存.xlsx,7,片上光电集成芯片技术（片上计量级光谱仪、光谱分析探测芯片、通信光交换芯片，硬件芯片化设计）,,消费市场、医疗诊断、食品检测,,,,核心技术团队来自英国剑桥大学，自2015年至今在硅基光电子集成工艺及器件领域产出了多项自主创新成果，覆盖硅光光交换、光开关、光谱仪、光计算等多种器件。,,,精确匹配,Enterprise
ENT_35DA8ECCF3D5,Enterprise,中科海锐（厦门）科技研究院有限公司,企业信息暂存.xlsx,8,空心玻璃微球软化学法制备技术,技术攻关、成果转化阶段,技术攻关、成果转化、企业孵化、人才培养、科技服务,集技术攻关、成果转化、企业孵化、人才培养、科技服务于一体的新型研发机构,,,创始团队：中国科学院理化技术研究所微珠技术团队。短板：暂无,,,精确匹配,Enterprise
ENT_BF4D182DF9F3,Enterprise,西安聚安光科物联网科技有限公司,企业信息暂存.xlsx,9,硅基压力传感器技术、金属电容真空计及变送器技术、陶瓷电容压力传感器技术、应变计压力传感器技术、温度及流量传感器技术；具备从芯片设计、制作、封装到传感器装调、测试的全流程能力，依托6英寸高水平MEMS流片线实现芯片自主可控,掌握核心光电芯片设计和工艺技术+先进的光电传感技术+先进的算法+物联网系统技术，拥有近30项自主知识产权，部分产品已实现落地应用（如电力、储能、生命体征监测），芯片产品（垂直腔可调谐范围6nm，微腔激光器可调谐范围30-40nm）满足系统需求,智慧城市数字化升级（管道泄漏、大型建筑物、发电厂等）、智慧公园、智慧交通、智慧场馆、智慧山体、智慧消防、智慧管廊、国网储能电池极早期监测、低碳融合发展研究院氢能监测、南网和国网局部放电监测、床垫民用产业化、军民融合入侵监测,以产品销售和技术大规模落地为导向，通过项目、产品和设备销售实现盈利；近期目标克服项目依赖，实现产品大规模铺开，通过售前解决方案定制和售后运维等服务盈利；未来目标建立基于大数据的极早期预警管理云平台，参与制定行业标准,拥有自主研发的芯片、传感器、解调仪等产品系列，具备光电监测系统构建能力（软件、硬件、嵌入式工程师团队），产品已在多个行业场景中交付应用（如电力、储能、安防、健康监测）,拥有近30项自主知识产权（专利30多项），遍及芯片、传感技术、算法、材料、应用场景等；核心团队拥有论文130多篇；企业顾问为国家863专家、中国光学学会常务理事等,核心创始团队来自新加坡国立大学、中国科学院大学；执行总裁兼CTO董波为新加坡国立大学博士、博士生导师、中科院百人计划技术英才、陕西省千人计划；团队包括物联网大数据专家顾问（吴博士）、软件工程师、财务总监、硬件工程师（徐博士）、嵌入式工程师、销售总监等；短板：未明确提及,,竞对：美国Finisar（可调谐激光芯片单片价格300美金以上）；国内暂无竞品。技术差异：公司基于自研激光芯片+先进光电传感技术+先进算法，实现低成本（相比进口）和极早期预警能力，在光电监测系统领域国内尚无竞争对手；传统技术对比：传统火灾/电池监测不能极早期预警，传统光纤围栏误报率高（>5%），传统电类生命体征传感器监测精度低,模糊匹配,Enterprise
ENT_0B6BB348F95A,Enterprise,南京锂泰新能源科技有限公司,企业信息暂存.xlsx,10,纳米阻燃薄膜成膜降温技术；金属螯合剂捕捉技术；自由基终止剂分散技术；储压式/非储压式灭火装置,已完成核心技术研发，产品已推出（储压/非储压灭火装置、火灾防控系统），并于2025年7月获得千万元天使轮融资用于产业化推进，技术处于产业化初期阶段。,大型电动交通工具（如电动巴士、电动船舶）的电池舱消防；便携式电子设备（如充电宝、无人机电池）的安全防护；电池生产、测试、回收过程中的安全防控。,产品销售（灭火装置、防控系统）及技术解决方案提供。,暂无（根据公开信息，未披露具体产能、交付周期或项目案例）。,暂无（根据公开信息，未披露具体认证、资质或专利信息）。公司承担了多项国家级、省部级科研项目。,核心成员均来自华中科技大学储能与动力电池实验室（由首席科学家黄云辉教授于2008年创建），拥有扎实的电化学知识储备和突出的项目研发能力。短板：公司成立于2022年12月，相对年轻，市场验证、规模化生产和商业落地经验可能不足；公开信息中未提及成熟的供应链或明确的标杆客户。,暂无（公司成立于2022年12月，未披露财务数据）。,暂无（根据公开信息，未提及具体竞争对手。其技术差异点在于专注于电池火灾的化学抑制机理，如纳米阻燃薄膜、金属螯合剂、自由基终止剂等，并结合了智慧消防集成系统）。,精确匹配,Enterprise
ENT_F6DEF23B558E,Enterprise,北京中科科氏帛生物科技有限公司,企业信息暂存.xlsx,11,大丽轮枝菌等植物生防菌技术、基因编辑育种、分子标记辅助选择,,农业生物技术、作物改良、植物保护,技术研发与产品生产、项目合作开发,,,由植物生命科学领域知名专家发起成立，首席执行官为高峰。具体团队成员及短板暂无。,,,精确匹配,Enterprise
ENT_C1A1CD7B1D4B,Enterprise,江苏华生基因数据科技股份有限公司,企业信息暂存.xlsx,12,肿瘤个体化医疗基因检测数据分析、分子生物学软件研发,,,,,,,,,未匹配,Enterprise
ENT_CC33D53F0191,Enterprise,南京模砾半导体有限责任公司,企业信息暂存.xlsx,13,高端数模混合芯片设计；高速高精度ADDA；100V高压电源管理；大规模数模混合开发芯片量产,已具备量产能力，有多颗芯片完成设计流片并导入客户。,高端工业、储能、电动车等领域的芯片国产化替代。,芯片设计服务商，提供集成电路设计、销售及相关技术服务。,拥有完整的数模混合芯片设计研发量产能力，产品已完成设计流片并导入客户。,高新技术企业（2023年），科技型中小企业（2024年）。,创始人/法人代表：许正杰。短板：暂无公开信息。,暂无公开信息。,暂无公开信息。,精确匹配,Enterprise
ENT_E8D622C209F2,Enterprise,中科慧远视觉技术（洛阳）有限公司,企业信息暂存.xlsx,14,工业外观精密检测技术；仿人光学成像；AI算法平台；机器视觉,成熟，已实现国产替代并填补行业空白，产品已落地应用并实现商业化。,精密制造行业的外观检测、质量管控,中科慧远视觉技术(洛阳)有限公司是一家技术解决方案提供商，专注于销售自主研发的工业视觉智能检测装备及系统解决方案。,具备独立研发、生产和交付工业外观视觉检测装备的能力。,国家高新技术企业，国家级专精特新“小巨人”企业，A级纳税人，一般纳税人。,核心团队源自中国科学院自动化研究所，在光学、视觉、控制、智能制造等领域有深厚的技术背景和积累。短板信息暂无。,- **近三年营收及利润**：暂无公开数据。,暂无竞对及技术差异信息，需要额外补齐。,模糊匹配,Enterprise
ENT_A995A0A4B748,Enterprise,重庆中科超容科技有限公司,企业信息暂存.xlsx,15,碳基石墨烯复合材料（高比表面积电极材料）；高耐压电解质技术（电化学窗口3.5V）,已量产高性能核心电极材料、电解质和高能量密度EDLC器件，产品形态涵盖导针型小型单体、焊针型中型单体、激光焊接型大型单体，并可接受尺寸容量定制化。,由超级电容与其他储能器件组成的混合储能系统；对超低内阻、超大功率、超低温使用以及单体更高电压平台有特殊需求的领域。,研发、生产、销售超级电容器及相关产品，并提供电化学储能解决方案和技术服务。,具备量产能力，可接受尺寸容量定制化，并能根据客户要求开发混合储能系统。,高新技术企业、专精特新中小企业、规模以上工业企业。,创始团队由中科院研究员刘双翼带队创建，团队成员包括研究员、副研究员、高级工程师等，拥有十多年功率储能材料及器件的应用基础研究与技术转化开发经验。短板信息暂无。,,,精确匹配,Enterprise
ENT_CC6F05348B36,Enterprise,上海奇绩智峰智能科技有限公司,企业信息暂存.xlsx,16,集成电路芯片设计；计算机软件开发；图像处理、双目立体匹配、人脸识别、智能锁专利,,,,,,团队属于大模型公司第一梯队，是行业老炮+小天才的组合，拥有极高的人才密度和最前沿的认知反馈。团队配置豪华、资源丰富、创业决心较足，并有政府资源支持。,,,精确匹配,Enterprise
ENT_C01129650776,Enterprise,蓝箭科技（衢州）有限公司,企业信息暂存.xlsx,17,防热隔热涂料技术（环氧树脂增韧防热；硅橡胶+碳纤维+纳米陶瓷相填料）,产品已明确型号（LJTR-11，LJTP-31）并定义了具体性能指标（如解决1000℃、1800℃以内热环境问题），表明技术已进入产品化阶段。,其他需要耐高温、隔热、烧蚀防护及三防/四防（防湿热、防霉、防盐雾、防静电）的军用装备、航空航天器部件、高端电子设备。,研发、生产、销售一体化。下设全资子公司及北京分公司，覆盖材料研发、生产制造及技术推广。,核心项目为“年产1000吨军用耐高温防护材料新建项目”，具备规模化生产潜力。具体产能交付数据暂无。,暂无（PDF及网络信息未披露具体认证、资质或专利信息）。,创始团队信息暂无。短板：公司成立于2023年8月，运营时间短；实缴资本（45万人民币）与注册资本（500万人民币）差距较大，可能反映初期资金实力有限。,暂无（公司成立于2023年，无完整财年数据）。,PDF中未提及直接竞对。技术差异：其防热涂料针对1000℃-1800℃高速气动热环境及长时隔热问题，并具备低密度、低热导率、耐烧蚀等特点；三防/四防漆针对军用电子设备防护。,精确匹配,Enterprise
ENT_6A4EE8070FD7,Enterprise,江西国化实业有限公司,企业信息暂存.xlsx,18,电解氟化技术,成熟。2016年自主创新研发电解氟化技术并突破美国封锁，已实现数据中心冷却液系列产品的规模化生产（年产12500吨项目已落户）。,电子设备冷却、其他需要高效热管理的领域。,研发、生产及销售含氟产品的高新技术企业。,具备规模化生产能力，拥有年产12500吨数据中心冷却液系列产品的项目。,高新技术企业；国家级专精特新“小巨人”企业；A级纳税人；历史科技型中小企业。,创始团队信息暂无。短板：原文及搜索结果未明确提及。,暂无（原文及搜索结果未提供具体财务数据）。,竞对信息暂无。技术差异：通过自研电解氟化技术，突破了国外在数据中心冷却液（氟碳化合物）领域的技术封锁，实现了国产化替代。,精确匹配,Enterprise
ENT_3C7CD74718AD,Enterprise,广州力及热管理科技有限公司,企业信息暂存.xlsx,19,电子工程设计服务；电子产品检测；电子产品设计服务；信息电子技术服务；新材料技术推广服务,,,,,高新技术企业；科技型中小企业,,,,精确匹配,Enterprise
ENT_E84ABF776034,Enterprise,墨光新能科技（苏州）有限公司,企业信息暂存.xlsx,20,零能耗被动式辐射制冷技术（微纳结构材料，8-13μm大气窗口高红外发射，超材料）,量产阶段。2023年8月产品量产首发，研究成果发表于顶级期刊《自然》并首次在手机落地。,移动终端、建筑、织物、航空航天、军工等场景的降温或保温需求。,产品销售、联合研发。,具备量产能力。,拥有行业关键核心技术及全产业链的多项专利布局。,创始团队：创始人/首席科学家朱嘉（南京大学能源与资源学院院长，国家杰出青年，斯坦福大学博士）；创始人/董事长/CEO朱斌（南京大学副教授，博士生导师，国家“万人计划”）。短板：公司成立时间较短（2022年7月），规模尚小（员工人数约23-99人）。,,竞对：迈默智塔（无锡）科技有限公司（提供高导热散热涂层，应用领域侧重汽车、轨道交通、航空）。技术差异：墨光新能核心技术为零能耗光热调控（辐射制冷），侧重光谱设计和温控；迈默智塔核心技术为高导热辐射散热涂层，侧重导热和红外发射率。,精确匹配,Enterprise
ENT_0D0600D360F2,Enterprise,西安中科天塔科技股份有限公司,企业信息暂存.xlsx,21,卫星测运控软件、航天云立方平台、华山航天大模型,技术领先，国内最早从事卫星管理相关产品研发与产业化；核心团队航天经验平均20+年，曾管理我国200多颗在轨卫星，参与载人航天、探月工程等十余项重大航天工程系统研发。,森林碳汇检测、碳交易数据服务、更广泛的政府环境与资源监管、智慧城市基础设施建设监测。,提供软硬件产品、技术服务和系统集成解决方案。,具备卫星测运控系统、碳中和监测平台等软硬件产品及解决方案的交付能力，核心团队有重大航天工程系统研发经验。,高新技术企业（推断）；核心团队曾获国家科技进步二等奖、部委级科技进步奖逾30项、中国航天基金奖、中国载人航天工程突出贡献奖。,创始团队技术背景雄厚：总经理曾伟刚为前西安卫星测控中心软件室副主任；CTO董卫华为前西安卫星测控中心软件室主任；市场负责人景振龙有大型企业市场及项目经验。短板：原文未明确提及。,暂无（原文未提及）。,暂无（原文未提及具体竞争对手及技术差异）。,精确匹配,Enterprise
ENT_48510E2FE34E,Enterprise,光宇元芯（杭州）光电有限责任公司,企业信息暂存.xlsx,22,晶体外延技术；Nano LED半导体纳米级工艺；高精度晶圆键合；RGB单片整体集成,国内领先水平，处于可量产工艺阶段，部分环节需要额外补齐。,- 元宇宙人机接口设备（AR、VR等）。,暂无明确信息，需进一步补充。,暂无明确信息，需额外补齐。,- 需要额外补齐 - 公司创始人拥有50多项在职专利申请成功或在审批过程中。,创始团队：公司由海外知名半导体公司、知名终端设备公司归国团队共同创办。创始人兼CEO于澜，曾任职IBM、Applied Materials，拥有多年海外研究经历及SAG底层技术创新与量产应用经验。COO杨韬，拥有UIUC电子工程学士、硕士及哥伦比亚大学商学院金融经济学硕士学位，曾任美国银行美林证券股票交易员，负责融资、政府关系、产线建设及供应链管理。 短板：暂无明确提及。,近三年营收及利润信息：暂无公开数据。,暂无具体竞争对手及技术差异信息。,模糊匹配,Enterprise
ENT_85CEF884C821,Enterprise,深圳扑浪量子半导体有限公司,企业信息暂存.xlsx,23,半导体量子点发光材料；新型量子点显示工艺；半导体薄膜工艺设备,拥有自主知识产权和核心技术，申请国内外专利150余件，能够自行设计量子点生产设备，是国内少数具备量子点材料设计、制备和应用产品能力的厂商。,,研发、生产与销售,,国家级创新创业大赛优秀企业和创新创业50强企业，省级专精特新中小企业，申请国内外专利150余件。,董事长为张志宽，技术依托于南方科技大学。具体团队构成及短板暂无详细信息。,,,精确匹配,Enterprise
ENT_2153877D1CBE,Enterprise,大同共聚（西安）科技有限公司,企业信息暂存.xlsx,24,高性能聚酰亚胺（PI）树脂合成技术、无胶挠性覆铜板（FCCL）制备技术、功能型 PI 薄膜与复合材料技术,处于中试阶段（根据获得‘中试贷’推断）,,,,拥有专利（具体信息暂无）,法定代表人：聂新宇（任职30家企业）。短板：暂无,,,精确匹配,Enterprise
ENT_09B9A1BA69E6,Enterprise,西安中科立德红外科技有限公司,企业信息暂存.xlsx,25,红外热像技术,,,,,小巨人企业,创始人刘伟，由中科院西光所孵化。短板信息暂无。,,,精确匹配,Enterprise
ENT_FA343A79089A,Enterprise,湖南新锋科技有限公司,企业信息暂存.xlsx,26,掺硼金刚石（BDD）电极材料及制备工艺；大尺寸、大面积金刚石电极制造技术；基于气相沉积技术的半导体、生态健康、光电声热力功能材料研发与生产,成熟，已实现大尺寸、低成本量产，产品价格仅为进口产品的10%，并在多个工业领域实现标志性工程项目应用。,其他高难度难降解有机废水处理领域（如垃圾渗滤液等）；电催化电极相关应用；半导体、光电声热力功能材料的其他潜在应用。,产品销售（BDD电极系列产品、水处理设备从小试装置到工程化装置）；工程项目应用。,具备从试验检测分析的小试装置、废水废液工程处理的工程化模组到工程化使用的装置等系列产品的交付能力，已在多个领域完成标志性工程项目。,高新技术企业、专精特新中小企业、科技型中小企业（根据网络信息）。核心技术源自中南大学气相沉积技术与薄膜材料研究室，拥有自研设备和工艺技术。,核心团队为中南大学魏秋平教授团队，拥有20余年的金刚石研究经验，被同行认为引领全球BDD研发方向。短板：暂无。,,竞对主要为进口BDD电极产品。技术差异：公司通过自研设备和工艺技术，实现了大尺寸、低成本量产，产品价格仅为进口产品的10%，性价比高，实现国产替代。,精确匹配,Enterprise
ENT_C7BA559D252F,Enterprise,西安声海智能科技有限公司,企业信息暂存.xlsx,27,人工智能语音技术算法开发与产品研发，语音降噪算法、麦克风阵列设计、MIMO信号处理,在语音降噪算法、麦克风阵列设计、MIMO信号处理等方面处于国际领先水平；已推出多款成熟产品。,基于其远场拾音和复杂场景音频处理技术，可能应用于智能会议、智能家居、车载语音、公共安全监控、远程协作等需要高质量语音捕获与处理的场景。,为行业头部客户提供专业声学产品及服务，包括定制解决方案。,,国家高新技术企业，科技型中小企业。,由西北工业大学“水下信息处理与控制”国防重点实验室首席科学家陈景东发起设立。短板信息暂无。,,PDF原文提及“目前业界声学前段参与的企业少，几乎没有专注远场拾音的成熟厂商”，暗示其在远场拾音细分领域具有先发和技术专注优势。,精确匹配,Enterprise
ENT_6436C64466AD,Enterprise,青岛中科国晟动力科技有限公司,企业信息暂存.xlsx,28,轻型燃气轮机（用于分布式能源发电、舰船驱动、大型压缩机/泵、海上油气平台等）的研发、部件试验、整机装配生产、整机试车调试、整机销售及维护服务,A轮融资阶段，已形成核心自主知识产权，具备研发、试验、生产、调试能力,,燃气轮机整机销售及维护服务,具备整机装配生产、整机试车调试能力,国家高新技术企业，专精特新企业，形成企业核心自主知识产权,由中国科学院工程热物理研究所、城发投资集团有限公司、青岛军民融合发展集团有限公司共同出资设立,,,精确匹配,Enterprise
ENT_4381C16962EE,Enterprise,深圳劲芯微电子有限公司,企业信息暂存.xlsx,29,无线充电芯片设计（Qi标准）、高集成SoC架构、多相位电荷泵驱动电路、PD快充协议集成技术,高。公司成立于2013年，产品已实现商业化量产。2015年至2023年，其芯片在亚马逊无线充电类目每年均为销冠。产品支持多种快充协议和Qi最新标准，并已推出多款成熟SoC芯片。,智能家居设备充电、医疗设备无线充电、工业设备无线供电、物联网设备供电。,芯片设计、研发与销售（Fabless模式），提供芯片及配套快充方案设计。,具备芯片研发、设计及方案支持能力。作为Fabless公司，芯片制造和封装依赖合作伙伴，但拥有成熟的产品线和量产经验。,国家高新技术企业、国家专精特新“小巨人”企业。产品支持Qi等国际标准认证。具体专利数量暂无。,核心团队来自美国国家半导体、NXP以及富士通，拥有20-30年芯片设计经验。创始人邵礼斌有12年富士通微电子工作经历，曾筹建富士通半导体在国内的第一个IC设计中心。短板：网络信息显示员工人数为0（可能为信息未更新或统计口径问题），具体研发人员规模及最新融资后发展短板暂无明确信息。,暂无公开数据。公司已于2021年完成C轮融资，处于持续发展阶段。,国内无线充电芯片领域的主要竞争者可能包括伏达半导体、易冲无线等。技术差异：劲芯微强调其“国内首个无线充电发射芯片”、“国内首个推出15W无线充电接收芯片”、“全球首款一芯双充芯片系统”等创新，以及在多线圈、高功率无线充电方案上的技术积累。,精确匹配,Enterprise
ENT_E88E8F323792,Enterprise,北京临一云川能源技术有限公司,企业信息暂存.xlsx,30,高空风力发电技术，专注于涵道式浮空发电技术路线。已成功试飞全球首台兆瓦级S2000浮空风力发电系统，并在2000米高空完成并网测试,技术已进入实际测试和应用阶段，成功实现500米及2000米高空发电并网测试，S1500和S2000型号已积累近5亿元订单。,偏远地区、海岛、高原等传统风电难以覆盖区域的电力供应；作为分布式能源补充；特定工业场景的绿色供电。,技术研发、设备制造与销售、发电运营服务。获得风险投资（种子+轮融资）用于研发和产能建设。,已形成完备的研发、设计、制造及运营团队。计划在舟山建立高性能材料基地以提升产能。,国家级高新技术企业、省级专精特新中小企业。,创始团队信息不详。董事长为顿天瑞。公司与清华大学等科研机构有合作。短板可能包括：作为2023年成立的新公司，市场验证和规模化运营经验可能相对有限；高空风电属于前沿技术，面临技术稳定性、安全监管、成本控制等多重挑战。,暂无（公司成立于2023年，无完整三年财务数据）。,暂无直接竞对信息。技术差异在于其专注于“涵道式浮空发电”这一特定高空风电技术路线，并已实现高空并网测试和订单积累，在技术高度和功率上刷新行业纪录。,精确匹配,Enterprise
ENT_B4DC4105E42D,Enterprise,风脉能源（武汉）股份有限公司,企业信息暂存.xlsx,31,新能源项目全生命周期管理技术、智慧化资产管理平台、风电/光伏/储能项目开发与“交钥匙”服务能力、国际化项目开发及管理能力,成熟。公司成立于2009年，已服务项目超过3500项，管理资产总装机容量超过10GW，具备从开发到运维的全链条技术支撑和交付能力。,新能源资产智慧化管理、存量资产优化运营、海外新能源项目开发与管理、为产业资源整合提供技术解决方案。,新能源项目投资开发、EPC“交钥匙”服务、资产管理解决方案提供、集约化智能化运维管理服务。,具备全生命周期项目管理和“交钥匙”服务交付能力。项目遍布全国多个省市及美国、欧洲、非洲等海外地区。,高新技术企业。基于自主研发的智慧化产品提供服务。具体资质证书名称未披露。,法人/创始人为叶毅。团队是第三方中少有的具备国际化项目开发及管理能力的团队。短板信息未披露。,暂无。网络公开信息未披露具体财务数据。,竞对信息未披露。技术差异：自称是第三方中少有的具备国际化项目开发及管理能力的团队，拥有基于全价值链的技术支撑和自主研发的智慧化产品，提供从开发到运维的全链条服务。,精确匹配,Enterprise
ENT_61C01ABA8167,Enterprise,北京中科海钠科技有限责任公司,企业信息暂存.xlsx,32,钠离子电池核心材料（正极/负极/电解液）、电芯、模组、BMS,已实现产业化。公司是全球首家发布钠离子电池低速电动车、储能系统的企业，电芯产品已定型。,电动汽车、国家安全领域（根据网络资料）。,研发、生产与销售钠离子电池材料、电芯及储能系统。,具备钠离子电池材料、电芯及储能系统的供应能力，具体产能规模暂无。,高新技术企业、专精特新中小企业；拥有多项钠离子电池核心专利。,创始团队技术背景深厚：创始人兼董事长胡勇胜博士（中科院物理所研究员、国家杰青、万人计划专家）、CEO唐堃博士（曾任国家能源投资集团电池材料部门经理），均师从陈立泉院士。短板：资料未明确提及管理、市场或融资等方面的短板。,,竞对：传统锂电池（如磷酸铁锂）和铅酸电池。技术差异：钠离子电池定位为“锂电池的性能+铅酸电池的价格”，旨在解决锂资源卡脖子风险，具有成本优势和供应链安全性。,精确匹配,Enterprise
ENT_FCA97ACDA4CA,Enterprise,北京氢羿能源科技有限公司,企业信息暂存.xlsx,33,同时具备阴离子交换膜（AEM）电解水制氢技术、高压PEM电解水制氢（20MPa）技术及PEM电解水联产化学品技术的开发能力,已实现产品化并推向市场。已建成公斤级催化剂产线、2万平米膜电极产线、100MW电解槽和氢气纯化产线，推出3MW PEM/100kW AEM电解槽产品。拥有300Nm³/h、500Nm³/h、1000Nm³/h碱水制氢运行经验。,钢铁、储能、长途航运等领域的绿氢应用，以及通过高压PEM技术直接产出高压氢气用于加氢站等场景。,设备研发、制造、销售；提供系统集成服务、配套工程建设及EPC承包；提供产业整体解决方案。,研发和总部位于北京，下设山东工厂、江苏工厂、河南工厂等生产基地，具备从核心部件到系统集成的制造和交付能力。,国家高新技术企业、中关村高新技术企业；ISO9001:2015质量管理体系认证、CE认证；拥有软著9项、专利30余项；参与制定3项国家及行业标准；荣获2024氢能观察“金鼎奖”年度优秀电解槽设备供应商、2023制氢产业新锐品牌、中国创新创业大赛北京赛区三等奖等。,核心团队由多名经验丰富的硕博士组成。创始人/董事长米万良博士，从事氢能燃料电池与电解水制氢技术20余年，发表论文近100篇，申请专利30余件，拥有丰富的催化剂、膜电极、电解槽、系统集成开发与设计经验，主持和承担过多项国家级、省部级及国际合作研发项目。短板信息未提及。,暂无。公司成立于2023年10月，成立时间较短，公开信息未披露具体财务数据。,暂无直接竞对信息。根据公开信息，其技术差异在于：1）同时布局PEM和AEM两条技术路线；2）具备高压PEM（20MPa）技术；3）拥有从催化材料、膜电极到电解槽及系统的整套自主研发和生产能力，是行业内少数拥有完整成套技术的企业。,精确匹配,Enterprise
ENT_B7BAD180509B,Enterprise,山东轻化致远新材料科技有限公司,企业信息暂存.xlsx,34,碳纳米管宏观体材料（纤维、薄膜、气凝胶）的批量化制备；石墨烯/铜复合粉末（基于原位生长包覆技术）；屏蔽绕包带,,航空航天、低空、工业及军事等领域,,,,,,,精确匹配,Enterprise
ENT_7D993D7B1BF3,Enterprise,成都空间矩阵科技有限公司,企业信息暂存.xlsx,35,雷达通信信号模拟技术、电子战干扰技术、信号监测与反辐射导引技术,高。产品线分为量产标准化模块、定制化/系列化分级系统及电子战大系统，已服务于军队和军工科研院所。,,向军队、军工科研院所及企业销售电子对抗装备、系统及提供解决方案。,具备量产标准化模块、定制化/系列化分级系统及电子战大系统的交付能力。,国家重点专精特新“小巨人”企业、国军标质量管理体系证书、武器装备科研生产单位二级保密资格、武器装备承制单位资格审查、成都市军民融合企业。已获得18项专利（11项实用新型，7项发明专利，6项进入实质审查），另有23项软件著作权。,创始人/董事长兼总经理钮浪博士，清华大学电子工程系博士，曾任中电某所机载电子对抗系统研发负责人、高级工程师，拥有丰富行业经验和技术背景。短板：暂无明确信息。,,主要竞争对手为传统电抗“三所一厂”：中电29所、8511所、722厂、723所。其中29所为绝对龙头，技术领先其他单位1.5代（模拟体制->数字体制1代，小型化集成化0.5代）。公司作为脱胎于29所的民参军企业，具备技术渊源。,精确匹配,Enterprise
ENT_EAF8651EAC10,Enterprise,陕西道博新材科技有限公司,企业信息暂存.xlsx,36,复合材料轻质构件制造、复合材料数控布带缠绕工艺、航空发动机复合材料铺丝技术,较高。依托西北工业大学A+学科团队，技术已应用于国家重大型号，并实现风扇叶片等产品的批量化生产。,无人机机身、大型机翼加强筋壁板等航空航天领域其他高性能复合材料构件。,技术服务和构件供应商模式。提供复合材料构件制造技术服务和直接供应产品。,具备风扇叶片等产品的批量化生产能力。,已取得相关资质认证证书（具体名称未列明）。授权国家发明专利20余项。,创始人/董事长刘维伟为西北工业大学副教授，团队依托西北工业大学复合材料构件先进制造技术团队，技术背景深厚。短板：信息未提及市场拓展、商业化规模、供应链管理等方面的具体团队构成。,暂无信息。,暂无直接竞对信息。技术差异在于其依托西北工业大学在航空宇航领域的顶尖学科优势，专注于发动机复合材料构件这一细分领域，并实现了关键技术突破和批量应用。,精确匹配,Enterprise
ENT_D77802019100,Enterprise,西安朗威科技有限公司,企业信息暂存.xlsx,37,压电新材料技术、精密驱动技术、空间微振动控制技术,技术成熟度高。已开发多款宇航级产品，对标国外最先进产品，且技术指标已超越国外同类产品，打破了国外技术垄断，实现了国产自主可控。,精密定位、超精密加工、MEMS（微电子机械系统）、精密光学、机器人、生物医学、手机汽车等智能终端。,面向航空航天、军工等高端制造领域，提供精密驱动技术解决方案和高可靠性产品，与核心客户建立紧密合作关系，成为其唯一或主要供应商。,具备宇航级产品的研发与交付能力，与中国航天科技集团等核心单位建立了稳定的合作关系，产品已成为客户唯一供应商，交付能力可靠。,国家级科技型中小企业；武器装备质量管理体系认证；武器装备科研生产单位二级保密资格证书；西安市军民融合企业（单位）认定；中国航天科技集团五院西安分院一类合格供方；高新技术企业；专精特新中小企业。核心团队拥有授权中国发明专利193项、美国专利4项。,实控人/董事长徐明龙博士为首席专家，西安交通大学航天航空学院副院长，机械结构强度与振动国家重点实验室副主任，IAAM Fellow，拥有深厚学术背景和研发实力。网络信息显示法定代表人存在李肖华与徐明龙不一致的情况，需核实。短板：信息未明确提及市场规模化拓展能力及民用领域大规模商业化案例。,暂无公开数据。,竞品主要为国外同类先进产品。公司技术已实现国产替代，技术指标超越国外同类产品，打破了国外垄断，且产品更贴近国内市场需求。,精确匹配,Enterprise
ENT_8C03F68046C7,Enterprise,镭神技术（深圳）有限公司,企业信息暂存.xlsx,38,具体产品光路耦合机、COS测试机、COC老化机、贴片机等,高。核心团队来自世界一流光电半导体企业，拥有20余年实际生产和管理经验；高精密设备已累计交付超600台；已获得国家高新技术企业、专精特新中小企业等资质。,更广泛的半导体封装测试、医疗设备精密制造、新能源电池制造中的精密组装与测试环节。,为光通信、半导体等行业提供生产加工、组装、测试技术成套解决方案及定制化设备，属于设备研发、生产与销售模式。,已累计交付高精密设备超600台；具备千万级订单的交付能力（如2024年华工科技订单超4000万）。,国家高新技术企业、专精特新中小企业（根据网络信息，可能已升级为“专精特新小巨人”）。,核心团队：董事长/总经理权明军（权军明），拥有新科磁电、新飞通、朗美通等美日一流光电企业多年管理经验；核心成员多来自朗美通等企业，拥有20余年经验。短板：信息未明确提及，可能包括市场进一步拓展、面对国际巨头竞争等。,暂无具体财务数据。但2024年有单个客户订单超4000万的情况，显示其业务规模。,竞对信息暂无。技术差异：团队拥有深厚的光电半导体行业背景，专注于光/电芯片后道精密设备，产品线覆盖测试、老化、贴片、耦合等多个环节，提供成套解决方案。,精确匹配,Enterprise
ENT_42868B94B6AE,Enterprise,西安乾景防务技术有限公司,企业信息暂存.xlsx,39,有源相控阵核心技术；核心板卡及系统级产品设计、生产；全空域球形全数字多波束抗干扰相控阵天线、全数字多波束相控阵天线、双极化收发一体多通道数据采集处理板,高新技术企业；创新型中小企业；自有天线、射频、硬件、逻辑、算法、嵌入式、应用软件、结构等开发组，系统核心技术自主可控；技术骨干具有华为、中兴、浙大芯片产业联盟对应核心芯片开发经验，并承担主要负责人，产品能力强，配合XX所完成多个项目研制,,,具备核心板卡及系统级产品的设计、生产及服务能力；配合客户完成多个项目研制,高新技术企业；创新型中小企业；专精特新中小企业,创始团队：创始人&实控人冯璟（西安电子科技大学硕士，中航工业2年、华为6年工作经验，华为西研所天线业务部西研分部首席专家）；联合创始人赵宗乾（军工行业资源丰富，熟悉雷达、通信和电子对抗行业，市场开拓能力强）；总经理徐卫丰（西安电子科技大学硕士，曾任职中兴通讯南研所、华为无线事业部，历任射频研发项目经理、系统时钟全球高级专家、5G预研射频负责人）。短板：暂无明确信息,,,精确匹配,Enterprise
ENT_E409DBCC30E2,Enterprise,芯聚威科技（成都）有限公司,企业信息暂存.xlsx,40,高性能模数转换器(ADC)芯片设计、模拟前端(AFE)芯片设计,已具备多种架构高性能AD/DA、AFE等芯片的研发和量产能力，已有产品线，部分产品已推向市场。,暂无（基于现有产品线及应用领域推断，但无明确信息）。,集成电路芯片设计、研发、销售及相关技术服务（基于网络搜索结果推断）。,具备研发和量产能力，2023年已有产品进入市场并获订单（PDF提及2023年目标3000万订单）。,成都市高层次“四派人才”企业认定。核心团队发表多篇ISSCC、JSSC等顶级论文，拥有研发能力。,核心团队来自知名芯片设计公司和高校，CEO周雄为电子科技大学副教授，首席科学家李强为电子科技大学教授、青年长江学者。短板：公司成立于2021年，相对年轻；网络信息显示员工规模20-99人，规模较小；未提及大规模量产或市场占有率信息。,暂无（网络及PDF均未提供具体财务数据）。,暂无（PDF及网络信息均未提及具体竞争对手及技术差异）。,精确匹配,Enterprise
ENT_0B636F02A3E6,Enterprise,张家港安储科技有限公司,企业信息暂存.xlsx,41,半导体清洗液、研磨液、蚀刻液、剥离液等配方类电子材料；电子特气吸附材料；多孔材料,部分产品已完成小试、中试及工艺定型（如多孔材料）；部分产品已完成开发并送客户测试（如硅衬底粗/精抛液）；部分产品已完成客户导入销售或送样测试（如碳化硅衬底抛光液、电子特气吸附材料）；部分产品在开发中（如铜钼蚀刻清洗液、去蜡液、碳化硅衬底抛光后清洗液）。,更先进制程（如5纳米及以下）的清洗与抛光；其他第三代半导体材料（如氮化镓）的加工；平板显示、微机电系统（MEMS）等泛半导体领域的精密湿法工艺。,研发、生产并销售配方类电子化学品及吸附材料。通过送样测试、客户导入实现销售。,具备产品研发、小试、中试及量产能力。近六个月已完成近千万元销售额，表明具备一定规模的产品交付和销售能力。,高新技术企业、科技型中小企业。拥有发明专利（博士期间至少1件）。集成电路电子新材料研发资格证（提及）。,核心团队：孙秀岩博士（运营总监），曾任英国Xennia Technology、Sunchemical技术专家/中国区首席代表，拥有配方及纳米材料分散经验；张辉博士（研发高级工程师），南开大学博士，南方科技大学博士后，精通化学，拥有发明专利和论文。短板：公司成立于2020年，相对年轻；产品线较广，部分产品仍在开发中，市场全面铺开可能需时间；未明确提及大规模生产设施详情。,近六个月（非完整财年）销售额近千万元。具体近三年完整营收及利润数据暂无。,"竞对：国际知名电子材料企业（如Entegris, Cabot, DuPont等）及国内同类电子化学品供应商。技术差异：团队拥有海归博士及专业人才，具备国际企业工作经验；专注于配方类电子材料的自主研发，产品覆盖碳化硅等第三代半导体应用；部分产品（如WK300清洗液）已实现客户导入，在特定细分领域（如碳化硅衬底加工）可能具备差异化优势。",精确匹配,Enterprise
ENT_F958397B96AC,Enterprise,南京奕泰微电子技术有限公司,企业信息暂存.xlsx,42,车载以太网交换芯片设计、PHY物理层芯片设计,公司拥有顶尖的以太网芯片技术积累，曾成功研发并量产数代以太网芯片，目前聚焦于车载以太网领域。根据融资轮次（已获A轮/Pre-A++轮），技术处于研发和产品化推进阶段。,随着汽车电子化、智能化发展，其车载以太网芯片可能进一步应用于智能座舱、自动驾驶域控制器、车载网关、车载信息娱乐系统等更广泛的汽车电子领域。,作为芯片研发商，商业模式 likely 为向汽车制造商和汽车电子供应商销售芯片及提供相关解决方案。,暂无。作为一家2022年成立的初创公司，其芯片产品可能处于送样或小批量阶段，大规模量产和交付能力信息未公开。,暂无。网络公开信息未提及具体的行业认证（如车规级认证）、资质或知识产权数量。,创始人为仲建锋。管理团队包括仲建锋、陈昌胜、马骞、于春霞、卢小保。公司聚集了研发和量产经验丰富的业界精英。短板：公司成立于2022年，相对年轻，在车规级芯片的长期可靠性验证、大规模量产经验、以及建立稳固的汽车行业供应链和客户关系方面可能面临挑战。,暂无。作为非上市公司，其近三年的具体营收及利润数据未公开。公司成立于2022年8月，尚未满三年。,暂无。网络公开信息未明确列出其竞争对手及具体的技术差异分析。其所在的车载以太网芯片领域，潜在竞争对手可能包括博通、美满电子、恩智浦等国际巨头，以及国内其他车载通信芯片初创公司。,精确匹配,Enterprise
ENT_1DD4E508C232,Enterprise,西安和其光电科技股份有限公司,企业信息暂存.xlsx,43,荧光光纤温度传感技术、红外光学测温技术,高。公司成立于2011年，已有13年产业化积累，科技成果转化率≥95%，产品已实现国产批量化生产应用。,基于其光纤传感和光学测温技术，可能拓展至更多工业过程监控、精密制造、医疗设备、新能源（如电池热管理）等领域的高精度温度测量需求场景。,研发、生产、销售光学量测传感仪器并提供应用技术服务。,已形成完善的应用研究、测试、生产与销售配套体系，具备批量化生产能力。,国家专精特新“小巨人”企业、国家知识产权优势企业、国家高新技术企业。拥有多项自主知识产权（发明专利20余项）。,创始团队：创始人/董事长张文松，正高级工程师，国家“万人计划”科技创业领军人才，原中科院西安光机所科研背景。首席科学家方强，教授级高级工程师，享受国务院特殊津贴。短板：网络信息中未明确提及具体短板。,暂无具体数据。,暂无明确竞对信息。技术差异：其荧光光纤传感温控技术填补了国内变压器绕组等电力设备测温技术空白，率先实现国产批量化生产应用，国内市场占有率≥90%。在半导体测温领域，已与多家头部厂商合作，产品具有高精度、高附加值特点。,精确匹配,Enterprise
ENT_84486A584338,Enterprise,南昌济铃新能源科技有限责任公司,企业信息暂存.xlsx,44,新能源动力系统集成技术、电控系统自适应控制算法,产品已进入市场推广和量产供货阶段。45KW/60KW电机控制器、柴油增程系统平台已定型，并已交付多家客户样件，与工程机械、空港机械、特种车辆行业客户签订战略合作协议或量产供货协议。,增程轻卡装配（正在与沙特探讨合作建厂）、中东市场新能源动力系统。,研发、生产、销售新能源动力系统及电控产品，同时提供控制领域技术咨询及整套解决方案服务。,具备样车验收、样件交付、系统总成供货及量产供货能力。工程机械行业已交付四家客户样件，并签订量产供货协议。,江西省专精特新中小企业、高新技术企业、南昌市工程技术研究中心。,创始团队：余卓平（发起人、首席科学家，同济大学教授，行业资深专家）；韩志玉（发起人、高级顾问，国际汽车工程师学会会士，国家级海外高层次人才）；彭金春（创始人、总工程师，新能源汽车动力系统专家，清华大学&美国Purdue大学双博士）；刘华（创始人、总经理，华南理工大学毕业，15年汽车开发经验）。短板：暂无明确信息。,,,精确匹配,Enterprise
ENT_DBC078EDE94F,Enterprise,江瓷电子（苏州）有限公司,企业信息暂存.xlsx,45,高端压电材料,Pre-A轮融资阶段，技术处于商业化推进期,高端压电材料相关领域,,,科技型中小企业,法定代表人：栾鹏。团队其他信息暂无,,,精确匹配,Enterprise
ENT_08E63F9DD6F9,Enterprise,北京圜晖科技有限公司,企业信息暂存.xlsx,46,云原生产品数据能力中心（PDCC）。专注于多源异构三维数据转换关键技术，在几何精确性、数据压缩率、转换效率、PMI/MBD支持等关键指标上取得突破，效果优于国际平均水平,成熟。公司成立于2019年，核心技术已实现自主可控并全面支持信创安全环境，产品已应用于多个高端制造行业，并解决了三维数据转换领域的“卡脖子技术”问题。,暂无。基于现有技术，可能扩展至更多需要三维数据转换与互操作的工业数字化场景，如汽车制造、轨道交通、通用机械等，但原文未明确提及。,暂无。原文未明确说明是项目制、软件授权、订阅服务还是其他模式。,暂无。原文未明确说明交付周期、团队规模或实施能力。,国家高新技术企业；北京市“专精特新”企业；工信部信息技术应用创新工作委员会成员；海光产业生态合作组织成员；全国电子文件推进联盟成员；数字化工业软件联盟成员。,创始团队：创始人/董事长刘红涛，曾任职于西门子工业软件，行业大客户经理、首席培训师。联合创始人李庆欣，中国人力资源开发研究会企业人才分会副会长。短板：原文未明确提及公司短板。,2023年营业收入2180万，营业利润-1085万，毛利率为73%。,暂无。原文未提及具体竞争对手。技术差异点在于其为中国自主开发的三维CAD数据转换技术引领者，解决了“卡脖子技术”问题，在多项关键指标上优于国际平均水平。,精确匹配,Enterprise
ENT_1AA5BBB913EE,Enterprise,浙江扬铭科技发展有限公司,企业信息暂存.xlsx,47,无线电信信号监测、接收、解调、译码、发送等技术；卫星信号监测平台、超短波/短波信号频谱监测平台、“白头翁”信号分析工具软件、电子侦控平台、手机信号处理平台、特种电子训练平台等,整体能力处于国内领先水平，部分产品（如“白头翁”分析工具软件）市场暂无替代品。,暂无（资料未提及其他潜在应用领域）。,技术开发、设备研制生产、信息系统开发、系统集成建设及咨询服务。,公司总部位于北京，在无锡、成都设有子公司，济南、沈阳、石家庄设有办事处，具备全国性服务与交付网络。,省级专精特新企业、高新企业、A级纳税人、一般纳税人；拥有软件著作权58项，专利3项。,创始人曾兆立硕士，在特种频谱监测领域有20多年研究与实战经验，曾任“十三五”规划总体论证组成员、电磁频谱作战专家组成员。核心团队有李俊富硕士等。短板信息暂无。,2023年营收5000万元。利润信息暂无。,资料未提及具体竞争对手。技术差异体现在其“白头翁”分析工具软件市场暂无替代产品，整体通信电子战解决方案能力国内领先。,未匹配,Enterprise
ENT_2C61E0F1C229,Enterprise,苏州芯晟半导体科技有限公司,企业信息暂存.xlsx,48,量子级联激光器(QCL)芯片设计、中远红外半导体激光技术,技术来源于中科院半导体所王占国院士团队，已完成天使轮融资，计划2024年1月开始通过外协加工方式实现产品出货，2024年底完成产品线建设并实现批量供应能力。,随着技术成熟和产品价格下降，在需要高灵敏的高端民用应用场景（如环境监测、医疗诊断等）具有广阔前景。,研发、生产、销售量子级联激光器芯片及器件。,计划2024年1月开始通过外协加工方式实现产品出货。2024年底建成产品线后，将具备批量供应能力，并实现大批量供货。,公司新成立不久，创始人团队个人荣誉较多（如国家杰青、国家优秀青年基金获得者等）。计划2024年底获得相关产品和供货资质。已与中科院半导体所签订知识产权转让协议。,创始团队技术实力强：CEO翟慎强博士（中科院半导体所研究员，国家优青）；首席科学家刘峰奇（中科院半导体所研究员，国家杰青）；CTO张锦川（中科院半导体所研究员，军委科技委重大项目负责人）。短板：公司成立于2023年11月，非常新，产品线尚在建设，量产和商业化交付能力待验证，市场刚刚开拓。,公司成立于2023年11月，暂无近三年营收及利润数据。,在军用机动平台红外对抗应用领域，由于产品禁运，国外竞争者产品无法进入国内市场，公司自称是国内唯一的供货单位。技术差异：量子级联激光器相比传统激光器光源，在目标吸收强度上强3~4个量级，在高端应用场景具有高灵敏和不可替代性。,精确匹配,Enterprise
ENT_8A62FA4C422E,Enterprise,西安赛富乐斯半导体科技有限公司,企业信息暂存.xlsx,49,半极性氮化镓（Semi-polar GaN）材料、纳米孔量子点（NPQD®）Micro-LED技术、量子点Micro-LED（mLED）显示解决方案,已实现从0到1的原创技术商业化，是行业内唯一一家能够规模生产量子点mLED的硬科技企业。产品包括已发布的R系列大屏和T系列微显示屏。,手机、电视、投影等各类显示应用，新一代人机交互平台。,硬科技产品研发、生产与销售。作为解决方案提供商，向显示设备制造商提供核心显示技术及产品。,具备规模生产能力，已向合作伙伴（如利亚德）交付产品（如全球首款162英寸4K QLED直显大屏）。,高新技术企业、专精特新企业；拥有纳米孔量子点（NPQD®）等核心技术专利；曾获《财富》创新中国奖、清科全国硬科技企业50强、Ofweek技术推动奖、DIC AWARD显示应用创新金奖、行家极光奖、中国音视频产业大会（AVF）匠心技术奖等。,创始团队：CEO陈辰（清华/哈佛/耶鲁博士，千人专家，拥有50+专利）；技术副总宋杰（北大/耶鲁博士，青年千人专家，10年研发经验，50+文章，40+专利）。短板信息暂无。,,暂无明确竞对名称。技术差异：公司是全球首创纳米孔量子点（NPQD）Micro-LED技术，并实现了量子点mLED的规模生产，在红光性能、全彩化等关键技术上有突破。,精确匹配,Enterprise
ENT_3B45B1B48B0F,Enterprise,西安唐晶量子科技有限公司,企业信息暂存.xlsx,50,半导体激光器外延片、半导体材料、光电子材料、量子通信技术开发,致力于实现产业化生产，推进国产替代，处于研发生产阶段,芯片制造，消费电子产品，光通信设备,半导体材料和器件的研发、生产与销售，技术服务,,高新技术企业，省级创新型企业，省级上市后备企业，A级纳税人，一般纳税人，小微企业，外商投资企业,,,,精确匹配,Enterprise
ENT_95468C453DC5,Enterprise,西安金藏膜环保科技有限公司,企业信息暂存.xlsx,51,根据网络搜索结果，公司名称含“膜环保科技”，但具体核心技术/产品信息不足。搜索结果中提及的“金创重组胶原蛋白液体敷料”和“黄金软膜粉”等产品，与“金藏膜”公司名称关联性不明确，可能并非该公司产品,,,,,根据天眼查搜索结果摘要，该公司被标记为“高新技术企业”。,,,,精确匹配,Enterprise
ENT_268D577AC3D2,Enterprise,西安大衡天成信息科技有限公司,企业信息暂存.xlsx,52,动中通卫星天线生产、战场电磁环境仿真软件、动中通极化电机控制单元软件、复杂电磁环境监测解决方案、非完整信息条件下认知对抗建模方法、基于自适应滤波的海杂波背景下多目标检测方法等,较高。拥有多项专利技术，已开发专业软件并获得软件企业资质认证，产品已进入应用阶段。,应急通信、海事通信、偏远地区通信、无人机通信中继、其他需要复杂电磁环境监测和抗干扰的领域,技术研发、产品销售（软硬件）、解决方案提供。已完成A轮融资，有股权投资机构股东。,具备软硬件产品研发和生产能力。依托火箭军工程大学，设有独立院士工作站和博士后流动站，研发实力较强。,高新技术企业、科技型中小企业、专精特新中小企业、瞪羚企业、软件企业资质认证，拥有多项专利技术。,创始团队信息有限。董事长为游鸿。依托高校资源（火箭军工程大学），设有院士工作站和博士后流动站，技术背景强。短板：公开信息中未披露具体市场份额、大规模商业化案例及核心团队完整背景，可能面临市场拓展和规模化生产的挑战。,暂无（网络公开信息未披露具体财务数据）,暂无（网络公开信息未明确列出竞争对手及详细技术差异）。其技术差异点可能在于专注于动中通天线和复杂电磁环境仿真与监测的特定军事/专业应用，依托特定高校进行前沿研究。,精确匹配,Enterprise
ENT_0AB6A32B0F23,Enterprise,西安爱邦电磁技术有限责任公司,企业信息暂存.xlsx,53,雷电防护技术、强电磁环境效应研究、航空电磁兼容技术,公司成立于2009年，是高新技术企业、专精特新“小巨人”企业，技术成熟度高，为国内领先的解决方案提供商。已承接多项政府装备研制项目，其试验能力获得民航局、军方及多家国际专业机构高度认可。,,西安爱邦电磁技术有限公司面向军工和民用高端装备领域，提供强电磁环境效应防护的专业技术服务、产品及整体解决方案，并承接政府装备研制项目，具备相应的政府装备资质。,具备从技术研究、产品设计到试验鉴定的完整服务能力，其试验能力得到民航局、军方、EASA、DNV GL、TUV等客户与专业测评机构的高度认可。,高新技术企业、科技型中小企业、国家级专精特新“小巨人”企业、陕西省瞪羚企业（瞪羚企业）、A级纳税人、省级民营经济转型升级示范企业，具备政府装备资质。,**创始团队** - **法定代表人/创始人/总经理：范晓宇** 教授级工程师，西安市B类人才。曾任中船705所陕西海泰电子有限公司市场部副经理、电磁兼容事业部经理等职。 - **联合创始人/CTO：熊秀** 硕士毕业于西北工业大学，西安市C1类人才；参与多项国军标编制，承担多项国家级及省级课题。 **短板** 暂无明确短板信息。,- 近三年营收及利润：暂无。,,未匹配,Enterprise
ENT_14963548E4A8,Enterprise,西安瑞峰光电技术有限公司,企业信息暂存.xlsx,54,智能相机与机器视觉技术、IC Wafer晶圆测温技术,依托中科院西安光机所技术研发实力和设计经验，产品已应用于航空航天等军工领域，具备定制化研发和生产能力。,,面向军工单位及配套单位的定制型产品研发、生产与销售。,具备定制型产品的研发、生产、销售一体化能力。,国家级高新技术企业、西安市科技进步三等奖、陕西省软件企业认证、政府装备资质。,创始人/总经理段晓峰，西安市C类人才，西安交通大学管理科学与工程硕士，原中科院西安光机所光谱室主任，参与863航天专项，获国防科技二等奖。短板：暂无。,,,精确匹配,Enterprise
ENT_B90CC00C5E0E,Enterprise,西安中科飞图光电科技有限公司,企业信息暂存.xlsx,55,光学精密测量与成像技术（短波红外/紫外/可见光光学系统）,高新技术企业、科技型中小企业，表明其技术已通过官方认定，具备一定成熟度,,研发、设计、生产、销售及技术咨询服务,,高新技术企业、科技型中小企业、A级纳税人、一般纳税人、小微企业、国家级/省级科技型中小企业、省级创新型企业,,,,精确匹配,Enterprise
ENT_81288C00973C,Enterprise,北京声加科技有限公司,企业信息暂存.xlsx,56,通信声学核心技术、语音增强(SVE)技术、复杂场景语音交互技术,技术成熟度高。核心技术在行业内处于领先水平，已通过IP技术授权应用于上亿台终端设备。围绕语音增强技术（SVE）已获软著17项，申请发明专利17项，授权9项；围绕主动增强技术（SAE）已获软著3项，申请发明专利6项，授权5项。,模组、芯片、TWS耳机、OTC助听器等多种形态的产品。,主要为B端客户提供技术方案和一站式产品方案，商业模式包括IP技术授权和产品销售。,具备从芯片、模组、PCBA到工业设计的一站式产品方案交付能力。,国家高新技术企业、北京市专精特新中小企业、北京市知识产权试点单位、中关村前沿科技大赛人工智能TOP10。拥有多项软件著作权和已授权发明专利（SVE相关软著17项，发明专利授权9项；SAE相关软著3项，发明专利授权5项）。,核心团队技术背景深厚。董事长李晓东博士为中科院声学所研究员、博导，担任多个国家级声学标准化委员会职务。创始人兼CEO邱锋海为清华大学本科、中科院声学所硕士，拥有近20年音频、语音信号处理产品研发经验。核心团队成员大多师出中科院声学所，平均业界经验超过十五年，博士以上学历人员占比高。短板信息在提供资料中未提及。,,,精确匹配,Enterprise
ENT_B07C95B588A9,Enterprise,北京中科心研科技有限公司,企业信息暂存.xlsx,57,以人因智能科技驱动的数据服务,,,,,高新技术企业、中关村高新技术企业,由中国科学院心理研究所在职研究人员赵国朕和中科院心理研究所共同发起设立,,,精确匹配,Enterprise
ENT_4BE88997E672,Enterprise,北京中科银河芯科技有限公司,企业信息暂存.xlsx,58,高端模拟/混合信号芯片设计、高精度环境传感器芯片设计,成熟。公司成立于2018年，已推出多系列产品，核心团队拥有多年研发经验，并承担过国家重大专项、863项目等，产品已应用于多个行业。,更广泛的物联网节点感知、可穿戴设备健康监测、数据中心环境监控、新能源汽车电池热管理、智能家居全屋环境感知等。,芯片设计公司模式，提供芯片设计、开发、相关技术咨询和技术服务。销售自主研发的传感器芯片及解决方案。,具备芯片设计、软件开发及设计服务能力，可提供芯片产品及开发方案。具体产能和交付周期信息暂无。,国家高新技术企业、北京市专精特新企业、北京知识产权试点单位、中关村金种子企业、海淀区胚芽企业、中关村国家前沿科技创新大赛集成电路领域TOP10。拥有相关芯片技术专利。,创始团队技术背景强：创始人兼CEO郭桂良博士，曾任中科院微电子所副研究员，研究方向为高精度传感器芯片，多次承担国家重大科研项目；CTO来强涛博士，研发国内首款实时时钟芯片。短板：资料未明确提及，可能包括市场推广、大规模生产制造管理、面对国际头部传感器芯片厂商的竞争压力等。,暂无具体公开数据。,国内竞争对手可能包括其他环境传感器芯片设计公司；国际竞争对手包括TI、ADI、Maxim（现属ADI）等公司的传感器产品线。技术差异：公司定位为国内稀缺的信号链路设计公司，专注于环境传感器芯片细分领域，依托中科院技术背景，在特定精度、集成度（如温湿度一体）或总线协议（如单总线）方面可能具有特色，但在产品线广度、品牌影响力、生态建设上与国际巨头存在差距。,精确匹配,Enterprise
ENT_7FA06FAF9069,Enterprise,上海恩力动力技术有限公司,企业信息暂存.xlsx,59,采用自主开发的锂金属电极界面控制技术以及独特的电解质技术,,,,,,创始人：武沈丰。项目负责人：张萌。责任董事：林佳亮。短板信息暂无。,,,精确匹配,Enterprise
ENT_ACFBEF2B0409,Enterprise,北京梦之墨科技有限公司,企业信息暂存.xlsx,60,液态金属电子增材制造技术（电路3D打印）,已进入产业化应用阶段，技术在全球范围走在前列，已获得多方验证和认可，并已接到产品订单。,普惠型电子制造、个性化电子重塑、透明显示屏线路板、FPC、表面共形电路及新型功能器件等领域。,技术研发、产品销售及产业化应用。,具备“材料-制造-应用”三位一体的柔性电路绿色生产模式，产业化与工程化能力全球领先。,国家知识产权优势企业、中关村前沿技术企业、高新技术企业、质量管理体系认证证书、RoHS认证；已申请400余项核心技术发明专利。,CEO陈柏炜博士为连续创业者，技术转化经验丰富；CTO于洋拥有多项专利和论文。团队技术背景强，但未提及市场或规模化生产管理方面的短板。,,暂无具体竞对名称。其“材料+工艺”的耦合能力构建了比较坚实的竞争壁垒，液态金属电子增材制造技术为世界首创，具有颠覆性。,精确匹配,Enterprise
ENT_72F14E931F3B,Enterprise,中科微针（北京）科技有限公司,企业信息暂存.xlsx,61,新一代聚合物微针透皮给药技术平台，涵盖聚合物微针技术及创新的透皮技术研发、生产与销售；提供微针高端制剂研发与生产服务平台，并具备CRO项目研发服务能力,已实现产业化，拥有2000万贴/年的中试规模生产能力，技术平台已正式走向市场。,基于其透皮给药技术平台，可能拓展至更多需要经皮给药的药物领域（如激素、皮肤病用药等）及个人护理产品领域。,中科微针（北京）科技有限公司以“技术服务平台”为核心，面向医美与医药行业，提供涵盖护肤品、医疗器械、医药领域的CRO（研发外包）、CDMO（合同研发生产组织）及OEM（代工）服务；同时布局自有品牌市场，采用线上宣传推广与线下产品体验相结合的模式。,拥有2000万贴/年的中试规模生产能力；具备从研发到生产的全链条服务能力。,国家高新技术企业；北京市“专精特新”中小企业；北京市知识产权示范单位；中关村金种子企业；中关村高新技术企业,创始团队：创始人高云华博士（亦作高云华），中国科学院理化技术研究所（中科院理化所）研究员、博士生导师，从事微针给药技术研究近20年；联合创始人杨国忠博士，负责生产工艺和质量。短板：作为2018年成立的初创公司，可能在市场渠道拓展、大规模商业化生产及与大型药企的深度合作经验方面存在挑战。,近三年营收及利润：暂无公开披露的具体财务数据。,中科微针（北京）科技有限公司的公开信息未明确列出直接竞争对手并进行技术对比。其技术差异点在于专注于“聚合物微针”及透皮给药技术平台，技术源自中科院理化所，并具备中试生产能力。,精确匹配,Enterprise
ENT_F7E04BABECE0,Enterprise,北京超维景生物科技有限公司,企业信息暂存.xlsx,62,应用自主研制的920nm特种超快光纤激光器作为光源，并利用可调制梯度（TAG）透镜、自主研制的高数值孔径水镜、三维精确高速控制平移台，开发高速、高分辨率、大视场的多色双光子三轴数字扫描光片显微镜,产品已开发完成并应用，公司处于B轮融资阶段，技术已进入产业化应用。,,技术开发、技术推广、技术转让、技术咨询、技术服务；销售自行开发后的产品。,,高新技术企业(2022)、科技型中小企业(2023)、专精特新中小企业。,法定代表人/法人代表为董承慧。具体团队构成及短板暂无详细信息。,,,精确匹配,Enterprise
ENT_2F4A76AC7FBD,Enterprise,奇异摩尔（衢州）集成电路设计有限公司,企业信息暂存.xlsx,63,2）高速连接芯粒及IP（实现超高速多维互联）；3）专用设计工具（助力Chiplet系统设计）；4）一站式服务（Chiplet设计、量产封测）,技术已进入商业化阶段，拥有超过10名成员具备高性能Chiplet项目量产经验。2023年订单1亿元，收入超6000万元；2024年订单超4亿元，收入约1.5亿元。,后摩尔时代各类需要高性能、高集成度、异构计算的芯片领域，如AI加速芯片、数据中心芯片、高端通信芯片等。,作为Chiplet产品及服务提供商，通过销售Chiplet通用底座、连接芯粒/IP、设计工具以及提供一站式设计封测服务获得收入。,具备从Chiplet设计到量产封测的一站式服务能力，可助力客户迅速量产高性能芯片。,国家高新技术企业、国家专精特新企业、上海科技型中小企业、UCIe Contributing Member、全国颠覆性技术创新大赛总决赛优胜奖。,CEO田陌晨拥有超过20年半导体市场营销及管理经验，曾任恩智浦半导体全球营销副总裁。核心团队过半拥有18年以上行业经验，超过20%博士学历。短板信息暂无。,2023年收入超6000万元；2024年收入约1.5亿元。2021-2022年及利润数据暂无。,自称是全球领先的Chiplet产品及服务公司，掌握超级异构架构核心技术。具体竞争对手名称及技术差异暂无。,模糊匹配,Enterprise
ENT_B07AA9220E43,Enterprise,深圳市中科微光医疗器械技术有限公司,企业信息暂存.xlsx,64,以扫频激光OCT（光学相干断层扫描）为基础的手术导航技术和以超快激光消融为基础的治疗技术。拥有行业内最全的冠脉OCT上市产品管线，多模态技术全球领先,成熟。产品已上市，进入上百家三甲医院，在冠脉OCT市场占有率国内第一。多模态技术被评为2022年度中国光学产业十大产业技术。,更多血管介入手术的精准导航与治疗；激光医疗技术在其他外科领域的拓展应用。,研发、生产并销售高端激光医疗设备及解决方案。,产品已实现商业化销售，2023年营业收入约7000万元。,中国心血管OCT行业标准起草单位；2014年通过国家高新技术企业认证并连续通过；2018年通过英国BSI ISO13485质量体系认证；2020年通过英国BSI CE认证；2022年获深圳市“专精特新”中小企业；团队拥有50+发明专利。,创始人/CEO朱锐博士：香港大学电子工程博士，清华物理本硕，中科院西安光机所副研究员，专注OCT技术研究15年。研发总监曹一挥博士：中科院博士，医学影像及激光系统设计超十年经验。短板：网络信息显示公司规模存在不同说法（有称20人左右，有称59人或150-500人），管理及制度规范性有待加强（参考网络点评）。,2023年营业收入约7000万元，预计2024年将达到1.2亿元。利润情况暂无信息。,主要竞争对手：海外巨头雅培（Abbott）。技术差异：公司相关产品在性能和功能上已超过雅培，多模态技术全球领先。,精确匹配,Enterprise
ENT_958BFDD4AC15,Enterprise,深圳锐视智芯科技有限公司,企业信息暂存.xlsx,65,Hybrid Vision融合视觉传感技术、ALPIX融合视觉芯片技术,,,,,,,,,未匹配,Enterprise
ENT_91EBF2E6F538,Enterprise,北京大禹智芯科技有限公司,企业信息暂存.xlsx,66,Hybrid Vision融合视觉技术（与65同技术平台）,,,,,,,,,未匹配,Enterprise
ENT_0C41AD10C6A8,Enterprise,成川科技（苏州）有限公司,企业信息暂存.xlsx,67,半导体AMHS智能物料调度系统、智能物料控制系统(MCS),技术成熟，已实现技术突破。第四代天车性能达国际先进水平，覆盖晶圆制造到封测全场景。已成功交付多个整线项目并获得客户最终验收，是国内唯一一家经头部客户整线复用的AMHS方案厂商，打破了该领域日本公司的垄断。,先进封装、硅基微显、三代半导体（如碳化硅）等新兴领域的物料搬运自动化需求；其他高端制造业的智能化生产线物流优化。,提供定制化的AMHS整体解决方案，业务涵盖规划设计、设备制造、安装调试、软件开发的全流程服务。,具备大规模落地能力。已交付轨道长度5000米，交付天车数量超过80台。单个项目天车数量可达54台，轨道近3000米。整体订单规模轨道25000米，天车450台+，是目前国内订单和出货规模最大的国产天车厂商。,高新技术企业、江苏省民营科技企业、科技型中小企业、专精特新中小企业、企业技术中心、潜在独角兽企业。ISO9001:2015质量体系、SEMI S2安全体系。苏州工业园区科技领军人才、苏州工业园区上市苗圃企业、金鸡湖合伙人计划、苏州工业园区数字经济协会理事单位。,核心团队：顾晓勇（法定代表人/董事长，20+年半导体公司工作经验，项目管理及运营）；朱成昊（韩籍，20+年半导体设备及AMHS开发经验，软件/机构/电控综合技术专家）；肖永刚（十余年半导体AMHS构筑经验，深耕客户场景应用）。短板：信息未明确提及，但作为国内新兴厂商，可能在品牌影响力、国际市场经验、与更广泛国际顶尖客户的合作深度方面存在挑战。,暂无具体数据。网络信息显示其为“小微企业”，但已获得数千万元A轮融资，并交付大规模订单。,主要竞争对手：日本大福（Daifuku）、韩国Avaco，长期垄断AMHS系统。技术差异：成川科技已实现技术突破，其第四代天车性能达国际先进水平，并实现了国产替代。是国内唯一经头部客户整线复用的AMHS方案厂商，打破了日韩垄断。,精确匹配,Enterprise
ENT_74275CD0BE68,Enterprise,雨树光科（深圳）有限公司,企业信息暂存.xlsx,68,硅光晶圆测试技术与设备,,,,,,,,,未匹配,Enterprise
ENT_272D45CE0722,Enterprise,苏州博格科技有限公司,企业信息暂存.xlsx,69,以及运动控制平台、隔振平台、高低温平台、特种光源、电输运模块等核心模组,产品已在科研领域站稳脚跟，工业领域订单将迎来快速增长。2D/2.5D无掩膜版光刻设备及3D打印设备的核心技术指标与国际同行500万及以下设备达到同一水平；3D形貌检测显微镜核心指标与Keyence VK-X3000接近；功能性检测已达到世界领先水平。基于第四代技术平台，产品将可对标国际竞品（Mycronic和Heidelberg Instruments）2000万及以下价格的产品指标。,未来将主要面向三大领域客户：科研客户（高校&科研院所）、医疗客户、半导体客户。,自主研发、生产、测试、销售。核心模组可单独销售，作为工业市场切入点，并为工业级整机产品推出打好基础。,具备自主研发、生产、测试、销售的全链条能力。已交付的光刻设备为客户实现年产值超5亿元（由首席科学家胡进过往经历提及）。,高新技术企业证书；2024年环境管理体系认证证书；2024年质量管理体系认证证书；2021年第四届光电材料赞助单位。,创始人/董事长吴阳：87年出生，苏州市姑苏领军人才，金鸡湖科技领军人才。电子科技大学固体电子工程学士、伦敦大学学院电子工程硕士、新加坡国立大学电子工程博士。发表国际论文25+，影响因子累加>300。首席科学家胡进：15年无掩模板光刻设备开发经验，核心研究成果推动相关企业创业板上市。获华中科技大学机电工程学士和激光研究院硕士、苏州大学信息光学博士。团队短板：信息未明确提及。,,"国际竞品：Mycronic, Heidelberg Instruments（在光刻设备领域）。国内/行业竞品：摩方精密（在3D打印设备精度上已超越）。Keyence（在3D形貌检测显微镜领域，VK-X3000为对标产品）。技术差异：公司是国内唯一、全球领先的将显微光学加工与显微光学检测构成技术闭环的企业；2D/2.5D设备在同等价位下性能对标国际；3D打印设备精度超过摩方精密；检测设备在设定为Keyence产品价格50%-70%时具有明显性价比优势；功能性检测已超越海外品牌。",精确匹配,Enterprise
ENT_B795FB13BD49,Enterprise,苏州亿铸智能科技有限公司,企业信息暂存.xlsx,70,存算一体AI推理芯片技术、超异构架构设计,已完成首颗POC芯片回片点亮，能效比表现超出传统架构AI芯片平均性能10倍以上。技术处于从研发验证向产品化推进阶段。,AI推理服务器、数据中心、边缘计算、自动驾驶域控制器等需要高能效AI算力的场景。,芯片设计公司，通过研发和销售AI算力芯片及解决方案盈利。,芯片设计完成并点亮，具体产品量产和交付时间暂无公开信息。,2023硬科技新锐之星TOP20；第四届毕马威中国‘芯科技’新锐企业50强榜单；2023年度最具潜力人工智能技术企业奖；2023中国AI算力领域最具商业潜力榜。,CEO熊大鹏博士：半导体行业30余年经验，曾任职Wave Computing中国区总经理，兼具技术、投资和产业背景。SOC研发VP伍骏：20余年半导体经验，曾任SiFive高级技术总监，在CPU、SOC、AI芯片等领域有研发管理经验。短板：公司成立于2020年，相对年轻，产品尚未大规模商业化落地；面临与传统GPU厂商及新兴AI芯片公司的竞争。,暂无公开信息。,竞对：英伟达（GPU）、寒武纪、地平线等AI芯片公司。技术差异：采用存算一体架构（尤其是结合ReRAM），主打超高能效比（宣称超传统架构10倍以上），通过全数字化设计和Chiplet架构追求更大算力发展空间和性价比。,未匹配,Enterprise
ENT_BF1A42D000A1,Enterprise,北京序轮科技有限公司,企业信息暂存.xlsx,71,半导体制程特种高分子材料配方与工艺,产品已成功进入市场，获得头部客户批量导入；拥有自主研发体系，依托北京化工大学国家重点实验室平台，部分产品已实现国产化替代。,新能源行业（根据网络信息提及）、果蔬物理保鲜（根据官网产品列表）。,研发、生产并销售半导体用特种高分子材料，为半导体行业提供新材料解决方案。,拥有中试平台和涂布工厂，具备产品研发和生产能力；产品已进入市场并交付。,认证：国军标认证、ISO9000质量体系认证、ISO14001环保认证。知识产权：已申请发明专利11项（授权8项），实用新型专利授权1项；未来三年预计申请发明专利30-50项。,创始团队：CEO朱翰涛（14年市场、销售、研发管理经验）、CTO李效玉（北京化工大学教授、博导，国家重点实验室主任，高分子材料专家）、材料技术专家郭隆海（北京化工大学教授）、副总林海智（投融资及商务拓展，前瑞信投行部）。短板：未明确提及。,,竞对：高分子真空膜盒-美国Gel-Pak；高端UV减薄/切割膜-日本琳得科、日东、狮立昂等；DAF膜-日本日东、昭和，德国汉高；ABF堆积膜-日本味之素。技术差异：公司依托超支化树脂等独创配方，致力于实现相关材料的国产化突破，打破国外厂商垄断。,精确匹配,Enterprise
ENT_BCAAE902A82C,Enterprise,北京铭芯启睿科技有限公司,企业信息暂存.xlsx,72,RRAM阻变存储器设计、存算一体混合异构系统,技术来源于中国科学院刘明团队，已转化200+发明专利及芯片设计IP。创始团队曾创下全球第一颗14nm RRAM芯片、全球28nm单芯片最大容量128Mb RRAM、全球最高密度3D VRRAM等业界记录。处于研发及产品化阶段，已完成天使轮及Pre-A轮融资。,数据中心、边缘计算、工业控制、消费电子等领域对高性能、低功耗存储计算有需求的场景。,技术研发与产品公司，通过销售芯片产品、IP授权等方式实现商业化。,创始团队具备芯片研发和产品全流程交付实力，具体量产交付能力暂无公开信息。,拥有来源于中科院刘明团队的200+项RRAM相关发明专利及芯片设计IP。公司成立于2024年5月，注册资本500万人民币。,核心团队来源于中国科学院集成电路相关核心研究所和业界资深半导体专家，刘明院士是国内RRAM领域领军人物。团队技术研发实力强，但公司成立时间短（2024年5月），商业化经验、市场渠道和量产能力有待验证。,公司成立于2024年，暂无近三年营收及利润数据。,竞对包括致真存储（北京）科技有限公司（专注于MRAM，特别是SOT-MRAM）。技术差异：铭芯启睿主攻RRAM（阻变存储器），致真存储主攻MRAM（磁性随机存储器）。两者均为新兴存储器技术，RRAM强调高速、高密度、存算一体，MRAM强调高速读写、高可靠性、宽温区工作。在AI存算一体芯片市场存在竞争。,精确匹配,Enterprise
ENT_92A27D17DEBD,Enterprise,致真存储（北京）科技有限公司,企业信息暂存.xlsx,73,专注于磁性随机存储器（MRAM），特别是第三代自旋轨道矩磁存储（SOT-MRAM）芯片的研发、制造与产业化。已成功研发国内首个80nm以下MRAM核心器件,研发阶段，已成功研发核心器件并建设量产线。公司在青岛西海岸新区投资建设8英寸和12英寸新一代存储芯片量产线，2025年1月MRAM芯片工厂封顶，计划2026年正式实现通线量产。,需要高速读写、低功耗、高可靠性、高耐用性、宽温区工作的各类电子设备，如工业控制、汽车电子、数据中心、消费电子及AI计算等场景。,技术开发、技术咨询、技术转让、技术服务；销售自行开发后的产品。,计划于2026年实现芯片通线量产，具备晶圆级微纳加工、器件级微纳加工、磁场电学测试、芯片产品等能力。,,核心优势：创始人赵巍胜为国际自旋电子领域顶尖科学家，IEEE fellow，北航微电子院长，国内MRAM领域权威专家。核心团队来自北航自旋电子中心和北航歌尔青岛微电子研究院，具备国际顶尖的MRAM科研能力和试验平台。短板：信息中未明确提及。,,竞争对手：国际大厂如三星、镁光、海力士、东芝等在传统NAND、DRAM领域形成垄断。技术差异：致真存储专注于新兴的SOT-MRAM技术路线，该技术理论上具备高速读写、低功耗、高可靠性、高耐用性、宽温区工作等优势，集成了SRAM的速度、DRAM的集成度以及Flash的非易失性，且行业尚未大规模商用，技术上仍在优化探索中。公司研发的80nm以下MRAM核心器件关键指标据称优于IBM、IMEC等国际机构。,精确匹配,Enterprise
ENT_E1D3FB10F935,Enterprise,苏州山河光电科技有限公司,企业信息暂存.xlsx,74,新型超表面多维传感技术、超表面光AI计算技术,Pre-A轮/A轮融资阶段，已获“潜在独角兽企业”、“高新技术企业”、“专精特新中小企业”等认定，表明技术已通过初步验证并进入产业化发展阶段。,基于其技术方向，可能应用于需要微型化、多功能光学传感和AI计算的领域，如消费电子（手机、AR/VR）、自动驾驶、机器视觉、工业检测、生物医疗成像等。,技术研发、技术服务、技术转让；产品销售（光电子器件、人工智能硬件、光学仪器等）；货物及技术进出口。,具备超表面设计、AI计算、量产及市场经验，团队拥有半导体工艺背景，致力于实现晶圆级制造和封装，表明其具备从设计到规模化生产的潜力。具体交付周期和产能信息暂无。,高新技术企业（GR202532015754）、省级专精特新中小企业、科技型中小企业（2025320506A0022046）、潜在独角兽企业。具体专利数量及详情暂无。,核心团队由海内外知名科研院所的博士及产业界专家构成，兼具海外+国内、学术+产业、AI算法+超表面光学+半导体工艺背景。短板：网络公开信息未明确披露公司运营或技术方面的具体短板。,暂无（网络公开信息未披露具体财务数据）。,暂无（网络公开信息未披露具体竞争对手名称及其技术差异分析）。,精确匹配,Enterprise
ENT_DD0174C8F3AB,Enterprise,北京昂飞科技有限公司,企业信息暂存.xlsx,75,轻型无人飞行器系统及智能飞航装备的设计研发，行业级无人机及业务系统研发,已获天使轮融资，产品处于研发及商业化初期,,研发、销售行业级无人机及配套业务系统解决方案,,高新技术企业，国家级科技型中小企业,创始人袁永刚，核心团队成员包括刘世勇、马毅、王勇。短板：暂无公开信息,,,精确匹配,Enterprise
ENT_0FD3AAB38077,Enterprise,北京智晶时代科技有限公司,企业信息暂存.xlsx,76,高端智能调光薄膜，基于独创的PD&SLC材料体系，可实现透明态和光散射状态之间的快速可逆切换,技术已实现产业化应用，产品参数大幅领先于同类产品，并已开发生产系列全球独有及技术领先的智能调光膜产品。,暂无（基于现有应用领域，可推断更多细分高端场景，但原文未明确列举新场景）。,研发、制造、销售智能调光膜产品，通过自主研发和高校科技成果转化，与全球合作伙伴共同开拓市场。,具备产品研发和制造能力，正在进行量产投入（A轮融资资金用途之一），具体产能和交付规模暂无。,拥有多项国内外领先技术，底层原创技术曾两度荣获国家技术发明二等奖。具体专利数量、认证等详情暂无。,技术创始人杨槐（北京大学终身教授、长江学者、国家杰出青年基金获得者、英国皇家化学会会士）；总经理宋平（博士，在液晶功能薄膜领域有系统研究）。短板：公司成立于2021年，相对年轻，市场拓展和规模化量产能力有待进一步验证。,暂无（公司成立于2021年12月，未提供财务数据）。,竞对为国内外其他智能调光膜（如PDLC、PSLC）厂商。技术差异：公司独创的PD&SLC材料体系集成了PDLC和PSLC的优点，克服了各自缺点，产品参数大幅领先于同类产品，解决了行业现有技术痛点。,精确匹配,Enterprise
ENT_0AE583DBBD84,Enterprise,湖南二零八先进科技有限公司,企业信息暂存.xlsx,77,电子技术、电源设备研发；电子产品及配件研究；集成电路设计、测试；电子仪器、电子元件、集成电路装备、光学仪器、专用仪器仪表制造,,通用惯性器件技术平台、高新技术企业服务、新材料技术开发与应用,技术研发、转让、服务；产品制造与销售；进出口贸易,,国家级科技型中小企业、省级专精特新企业、高新企业,法定代表人卢广锋；短板暂无,,,未匹配,Enterprise
ENT_1241E4568975,Enterprise,杭州中科极光科技有限公司,企业信息暂存.xlsx,78,RGB三色纯激光显示技术、TLMS激光技术,技术成熟，已实现产业化。公司拥有年产3万台激光电视的现代化柔性产线，产品已获得客户认可并实现销售。,暂无（基于现有信息，应用场景已较明确，未提及其他潜在场景）。,研发、生产、销售激光显示产品及提供全套解决方案。,拥有5500余平米的研发生产基地，其中研发实验室、集成大厅等面积2000余平米，拥有年产3万台激光电视的现代化柔性产线。,国家级高新技术企业；科技部科技成果转移转化二等奖；技术市场金桥奖二等奖；杭州市高新技术企业；杭州市“准独角兽企业”。围绕自主开发的关键技术申请专利36项，已授权专利24项（PDF原文数据）。,创始团队以中科院理化所应用激光中心团队为基础，以中国工程院院士许祖彦为首席科学家，以国家重点研发计划专家组专家、国家万人计划入选者以及中科院资深专家为带头人，研发队伍占比30%以上。短板信息暂无。,PDF原文提及2017年销售收入约2187万元，2018年约1.03亿元，2019年超过1.3亿元。近三年（2021-2023）数据暂无。,暂无（原文及网络信息未明确提及竞争对手及具体技术差异）。,精确匹配,Enterprise
ENT_8C1138C702B5,Enterprise,上海翌曦科技发展有限公司,企业信息暂存.xlsx,79,面向可控核聚变的高温超导强场磁体；超导探矿、磁悬浮等领域产品,核心技术来自上海交通大学科技成果转化，已完成高温超导电阻型限流器挂网测试和直流限流器现场试验，部分产品处于商业化阶段。,医疗、节能等其他超导技术应用领域。,技术研发、设备销售与解决方案提供。以聚变强场磁体为长期目标，以高温超导带材生产设备等作为中短期稳定利润来源。,,高新技术企业(2023)；科技型中小企业(2024)；省级专精特新企业；省级创新型企业；入围上海市科委2023年度“科技创新行动计划”超导专项；入围上海高温超导关键技术攻关专项行动（聚变强场磁体方向牵头单位之一）。,核心团队来自上海交通大学，技术背景深厚。创始人/董事长兼CEO金之俭为上海交大教授、上海市高温超导材料与应用研发中心主任；总裁盛杰、副总裁王亚伟均为上海交大副教授、博导，在电力应用、强场磁体等领域有深厚积累。短板：公司成立于2022年，相对年轻，商业化规模和市场验证可能尚在早期。,,,精确匹配,Enterprise
ENT_FE125B463778,Enterprise,倍飞智航（浙江）科技有限公司,企业信息暂存.xlsx,80,电动垂直起降载人飞行器（eVTOL）的研发,天使轮融资阶段，处于研发早期,城市空中交通（UAM）、载人飞行,,,,法定代表人张曙光；项目团队依托“产、学、研、用”前沿；公司规模1-49人，为小微企业。短板：成立时间短（2022年），处于早期研发阶段，规模小，公开信息有限。,,,精确匹配,Enterprise
ENT_5D121FA37CE2,Enterprise,深圳纳诺特科技有限公司,企业信息暂存.xlsx,81,卷绕式磁控溅射制备柔性纳米功能薄膜技术；纳米复合柔性透明导电膜（包括光学调控层、导电主体层及表面功能层的多层复合结构）；磁控溅射靶材技术；卷绕式磁控溅射量产线设计；柔性纳米功能器件技术,已实现量产，拥有系统的专业积累和量产线设计能力，产品已进入应用阶段。,军用领域的可见光透明相关应用（具体场景未详细说明）。,研发、生产、销售一体化。,拥有卷绕式磁控溅射量产线设计及生产能力，具备产品交付基础。,科技型中小企业；第十届中国创新创业大赛优秀企业（初创组）；核心团队拥有光电材料授权发明专利百余项，公司拥有专利26项；进出口资质1项；行政许可12项,**创始团队**：创始人宋伟杰博士（法定代表人/负责人，中科院宁波材料所研究员，博士生导师，拥有丰富技术研发和产业化经验，曾任上市公司董事）；联合创始人李洪轲（熟悉资本运作、财务、市场营销，有海外上市经验）。 **短板**：公司规模信息存在不一致（有5人、50-99人、社保人数21人等不同说法），作为初创公司，其市场开拓能力和规模化生产交付能力有待进一步验证。,,竞对信息：暂无具体竞对名称。技术差异：公司专注于基于卷绕式磁控溅射技术的柔性纳米功能薄膜平台型技术，材料选择灵活，利于与下游不同应用产品兼容，在柔性透明导电膜等细分领域具备技术积累。,未匹配,Enterprise
ENT_934FA6BD4E9B,Enterprise,甚磁科技（上海）有限公司,企业信息暂存.xlsx,82,核心技术/产品包括高温超导带材、高温超导材料、磁性材料、超导电力装备及超导磁悬浮相关技术。在高温超导带材领域，公司掌握国际先进的柔性金属合金基带技术和超导层高效制备及后处理技术。依托核心原材料国产化、装备智能化和先进工艺，带材可以实现成本下降30%，性能提升30%，良率提升20%,A+轮融资阶段，已完成近亿元融资用于产线建设和技术研发，并完成了核心技术研发和专利布局。公司拥有全球领先的研发团队、生产装备和制备技术，产品综合性价达到国际领先水平，目前处于产业化推进阶段。,新一代电力传输、磁悬浮列车、科研及医疗设备（如MRI），并在更广泛的超导电力、能源、交通和科研领域具有应用潜力。,甚磁科技(上海)有限公司是一家关键基础原材料供应商，其商务模式涵盖技术研发、材料销售及解决方案提供，主要向超导电力装备、可控核聚变、磁悬浮列车等下游设备制造商提供高温超导带材产品。,根据公开信息，公司处于产品产线建设阶段，尚未披露具体的产能和交付数据，相关信息需要额外补齐。,公司为上海交通大学科技成果转化衍生企业，已申请中国发明专利20余项（其中已获授权10余项），核心专利计划注入目标公司。其他相关资质信息需额外补齐。,**创始团队**：创始团队产业化工程经验丰富，背靠上海交通大学。创始人赵跃拥有近20年高温超导材料研究经验及大量核心工程产业化经验，为中组部万人计划“青年拔尖”人才、上海市高温超导材料与应用技术重点实验室主任，曾担任上海超导科技股份有限公司副总裁、首席科学家。核心团队其他成员信息未明确披露。 **短板**：公司成立于2022年底，成立时间较短，处于早期发展阶段；人员规模相对较小；商业化规模、市场验证及商业化经验有待进一步推进和验证。,公司成立于2022年12月，未满三年，且未披露相关财务数据。,竞对信息：根据公开信息，未明确提及直接竞争对手，但高温超导带材领域存在国际和国内其他厂商。 技术差异：公司专注于高温超导材料在电力与磁悬浮领域的应用。其技术差异在于依托核心原材料国产化、装备智能化和先进工艺，实现了成本、性能、良率的综合提升，宣称其产品性价比达到国际领先水平。,模糊匹配,Enterprise
ENT_F7E200CB6293,Enterprise,北京拓领博泰生物科技有限公司,企业信息暂存.xlsx,83,基于先进的免疫调控技术，专注研发自身免疫疾病的创新药物和疗法。拥有技术平台和产品管线，具体技术细节未公开,处于临床前研究阶段（根据2022年天使轮融资信息，启动自身免疫疾病小分子新药临床前研究）。,针对各类自身免疫性疾病（如类风湿关节炎、系统性红斑狼疮等）的药物研发与治疗。,以创新药物研发为核心，通过技术授权、合作开发或未来药品销售实现盈利的Biotech模式。,作为研发型公司，当前交付物为研发成果（如候选药物、临床前/临床数据），而非实体产品。,官网提及有“资质和获奖”栏目，但具体内容未提供。拥有先进的免疫调控技术，应持有相关专利，但具体数量与详情未知。,核心团队专业互补，包括创始人尹航、董事长兼总经理白宁、COO高萌。与清华大学、北京协和医院等单位合作。短板：公司成立于2020年，相对年轻；产品处于临床前阶段，商业化道路长，面临研发失败、资金需求大等风险。,暂无（非上市公司，未披露财务数据。作为早期研发公司，很可能尚未产生主营业务收入）。,暂无具体竞对名称。技术差异点在于其专注于利用“先进的免疫调控技术”研发自身免疫疾病创新药，并与顶尖学术医疗机构合作。,精确匹配,Enterprise
ENT_72AFD46E642A,Enterprise,上海建毅腾创生物医药科技有限公司,企业信息暂存.xlsx,84,基于人用药研发经验和技术，开发宠物创新药（小分子新药、大分子新药、差异化制剂）及兽用诊断试剂,研发阶段（产品研发中，已完成天使轮融资用于研发）,宠物医院、家庭宠物用药、兽用诊断,研发驱动型生物科技公司，通过融资推进研发，目标成为国际化动保企业,暂无（公司处于早期研发和团队扩建阶段）,,核心团队包括法定代表人曹子建，团队拥有人用药研发经验和技术积淀；短板为公司成立时间短（2022年成立），处于早期发展阶段，产品尚未上市，商业化能力和市场验证待完善,暂无（公司成立于2022年，未披露财务数据）,暂无具体竞对信息；技术差异点在于将人用药研发经验和技术应用于宠物创新药开发，以国际标准进行研发,精确匹配,Enterprise
ENT_26B364417563,Enterprise,北京卓镭激光技术有限公司,企业信息暂存.xlsx,85,超快激光器技术（皮秒、飞秒激光）,技术成熟，已实现国产替代并批量生产。超快激光器全球累计销售2000余台，高能量激光器技术指标国际领先，国内市场占有率第一，部分产品已通过欧盟CE认证。,暂无（基于现有信息，应用场景已较为明确和广泛）。,研发、设计、生产制造并销售激光器产品，为全球客户提供产品及服务。,公司总面积近10000㎡，拥有千级光学洁净间近3500㎡，具备年产2000台以上各类激光器的能力。,国家级专精特新“小巨人”企业、国家级高新技术企业、北京市科技企业研发机构、北京市博士后工作站；通过ISO9001质量管理体系、ISO13485医疗器械质量管理体系认证；部分产品通过欧盟CE认证；拥有百余项自主知识产权专利。,创始团队：创始人兼总经理王涛（国家特支计划科技创新领军人才）；创始人/CTO蔡志强博士（天津大学博士，前美国ESI公司中国研发中心超快激光器研发项目负责人，国内首个“商用级百皮秒微片激光器”技术负责人）。短板：暂无明确信息。,暂无具体数据。近5年累计销售超快激光器1000余台，市场占有率国内领先。,暂无明确竞对信息。技术差异：公司是国内技术路线覆盖最全的综合性激光器供应商，高能量激光器技术指标国际领先，打破欧美禁运、填补多项国内空白；绿光皮秒超快激光器输出功率>70W，技术指标国内领先。,精确匹配,Enterprise
ENT_81E19B5E0DBB,Enterprise,北京智谱华章科技股份有限公司,企业信息暂存.xlsx,86,GLM大模型算法框架、大模型全链路自主研发,成熟。自研GLM大模型算法框架，在多项测评结果比肩ChatGPT；是国内最早研究大模型的团队之一，产品ChatGLM是全国首批通过网信办认证允许上线的大模型之一；已支持10余种国产硬件生态实现自主训练。,基于其大模型能力，可进一步拓展至更广泛的行业智能化解决方案，如教育、金融、医疗、内容创作、企业知识管理等领域的AI赋能。,B2B（向企业提供大模型API、解决方案）、B2C（通过智谱清言等产品向个人用户提供服务）。,具备成熟的平台化产品（如开放平台）和定制化解决方案交付能力，服务上千家客户。,北京市首批通用人工智能大模型合作伙伴；全国首批通过网信办认证允许上线的大模型之一；国家科技进步二等奖；北京市科学技术奖一等奖；中国电子学会科学技术奖一等奖；中国人工智能学会科技进步一等奖；北京市独角兽企业；北京博士后工作站。,创始团队：创始人唐杰教授（清华大学计算机系教授、IEEE Fellow、国家杰青）；创始人兼董事长刘德兵博士（中科院计算所博士）。团队技术背景深厚，源自清华大学。短板：信息中未明确提及。,,竞对：国内外其他大模型厂商（如OpenAI的ChatGPT）。技术差异：专注于打造新一代认知智能大模型，GLM框架在安全可控的内容生成技术方面有研发（如反向提示可控生成技术），并实现了在昇腾、神威超算等10余种国产硬件平台上的自主训练，构建了国产化平台大模型训练软硬件生态。,未匹配,Enterprise
ENT_03CB6930212D,Enterprise,北京极光星通科技有限公司,企业信息暂存.xlsx,87,空间激光通信技术，高带宽、高可靠、高安全、轻小型化的激光通信终端，星载激光通信终端产品,产品已进入融资和产业化阶段，完成多轮融资，具体技术成熟度等级（如TRL）暂无,民用航天通信、军事通信、遥感数据回传等,高科技产品研发与销售，为商业航天及卫星通信领域提供解决方案,暂无（网络信息未提及具体交付能力、产能或交付记录）,暂无（网络信息未提及具体资质、认证或知识产权情况）,创始团队起源于中科院，具体成员背景及公司短板暂无,,暂无（网络信息未提及具体竞争对手及技术差异）,精确匹配,Enterprise
ENT_D00FEFC1E245,Enterprise,质子汽车科技有限公司,企业信息暂存.xlsx,88,新能源智能整车研发，重点围绕商用汽车“智能化、电动化、网联化、轻量化”开展研发创新。具体技术电驱与电控、电子电器、驾驶室、动力与底盘、自动驾驶。产品线牵引车、自卸工程车、载货车、特种车、环卫车等新能源商用车型,产品已上市并形成系列（如帝江、赤轮、白景、青骁、辰骁、赤光等），拥有官网展示和VR体验，具备研发和制造能力。,氢能解决方案、融资租赁、运力服务等延伸场景。,整车研发、销售运营，并提供氢能、融资租赁、运力等解决方案。,具备整车研发和零部件制造能力，具体产能和交付周期信息暂无。,信息暂无。作为正规整车研发制造商，应具备相关行业准入资质。,创始团队信息暂无。公司成立于2022年，相对年轻，可能面临品牌知名度、市场渠道建设、大规模生产交付经验等方面的挑战。,信息暂无。公司成立于2022年，尚未有完整的三年经营数据披露。,竞对为其他新能源商用汽车制造商（如一汽解放、东风商用车、三一重卡、宇通等的新能源板块）。技术差异点可能在于其聚焦商用车的全栈“智能化、电动化、网联化、轻量化”技术整合，以及其产品系列化布局。具体技术参数差异暂无。,精确匹配,Enterprise
ENT_85F1242BA764,Enterprise,深圳市欧冶半导体有限公司,企业信息暂存.xlsx,89,具备业界智能算法和灵活分层交付的解决方案,部分产品已成熟并批量出货（端侧芯片），部分产品已确立基线客户（ADAS、ZCU芯片）。,基于第三代E/E架构的各类智能汽车电子系统。,芯片设计及解决方案提供商，向车企及Tier1供应商销售芯片及提供解决方案。,端侧芯片已实现批量出货；具备覆盖产品定义、芯片开发、解决方案开发、市场销售和产业生态构建的完整能力。,暂无（PDF原文中“公司荣誉资质”为“暂不清楚”）。,核心团队为海思外销芯片业务核心团队二次创业，具备从产品定义到产业生态构建的完整能力，曾实现年销售超10亿美元、全球市占率超70%的商业成功。短板信息未提及。,2024年预计实现千万级营收，2025年目标亿级别，2026年目标亿美金级别。具体利润数据暂无。,国内公司多针对每一代架构进行单点布局，欧冶半导体在更高维度布局技术和产品，覆盖端侧、区域控制器和自动驾驶三类智能SoC芯片，且第二代和第三代E/E架构均有适用产品。曾击败TI、ST、博通、安霸等竞争对手。,精确匹配,Enterprise
ENT_713C5D501D82,Enterprise,深圳市光途显示科技有限公司,企业信息暂存.xlsx,90,显示技术（未查到具体核心技术）,,,,,,法定代表人：朱以胜。公司成立于2022年，相对较新，可能面临初创企业在市场、资金、团队磨合等方面的常见短板。,,,精确匹配,Enterprise
ENT_BDBDA0E733B9,Enterprise,普森美微电子技术（苏州）有限公司,企业信息暂存.xlsx,91,电子产品的研发、设计、生产、销售,国家高新技术企业，拥有自主品牌，已完成首轮融资及上游产业并购整合，技术已进入产业化阶段,新能源汽车、储能系统、数据中心、服务器、通信设备、智能家居、可穿戴设备,集研发、设计、生产、销售于一体的综合性企业，提供产品及解决方案,具备研发、设计、生产能力，融资后资金将用于产能扩张，具备一定交付能力,国家高新技术企业；拥有自主品牌“普罗森美(PROSEMI)”；具体专利和资质信息暂无,法定代表人涂振坤；旗下含深圳力堃科技有限公司；公司始创于2009年，但主体成立于2019年，可能存在运营实体与品牌历史衔接、规模扩张及市场快速渗透的挑战,,暂无具体竞对名称；技术差异点在于专注于精密微阻值电流传感器及电路保护方案，定位为相关领域领军企业,精确匹配,Enterprise
ENT_88C6CF71FD30,Enterprise,北京中科闻歌科技股份有限公司,企业信息暂存.xlsx,92,闻海、雅意大模型、DIOS认知决策平台等系列产品，聚焦DI+AI+OR（数据智能+人工智能+运筹学）智能计算,技术积累处于国内与国际领先水平，大模型已通过网信办备案，已实现人工智能技术大规模商业化。,基于其数据与决策智能技术，可能进一步拓展至智慧城市、社会治理、企业数字化转型、其他垂直行业（如能源、交通）的智能决策支持等领域。,作为数据与决策智能服务商，提供标准化产品（如基于雅意大模型的产品）及定制化解决方案。,服务覆盖21个省份，近500个区县，拥有大规模商业化交付经验。,国家级专精特新小巨人企业、国家级高新技术企业、CMMI5资质、北京市知识产权试点单位、DCMM数据管理能力成熟度稳健级3级、知识产权管理体系符合标准、2023年度AAA级资信等级、2023世界人工智能大会SAIL奖TOP30、入选《2023胡润全球未来独角兽》榜单、中关村论坛《百项新技术新产品榜单》。,创始团队及核心成员源自中国科学院，是从事安全信息学、社会计算和多智能体研究的团队之一。董事长王磊（中科院研究员）、CEO罗引（中科院副研究员）、首席科学家曾大军（中科院自动化所副所长、研究员）。团队技术背景深厚，拥有国家级项目经验。短板：信息未明确提及市场销售、规模化运营或特定行业深耕方面的短板。,,,精确匹配,Enterprise
ENT_54C9E519560C,Enterprise,上海骥翀氢能科技有限公司,企业信息暂存.xlsx,93,氢燃料电池电堆（特别是金属双极板电堆）的研发、设计与产业化。具备正向设计能力和金属双极板研发能力。主打产品为MH170电堆，最大功率376kW，可匹配300kW系统,上海骥翀氢能科技有限公司的技术成熟度已达到商业化应用阶段。其MH170电堆已完成电堆寿命与可靠性测试、系统匹配及多款车型路测，多款车型应用已完成整车公告。公司在2023年中国氢燃料电池金属板电堆出货量排名中位列TOP5。,物流冷链车、农用机械、船舶、飞机、社区热电联供系统。,上海骥翀氢能科技有限公司的商务模式主要包括电堆实物销售（涵盖定制化开发、生产制造与销售）以及电堆相关技术服务两大类。,围绕氢燃料电池车示范城市已完成上海、苏州、北京、广州、深圳、新乡、常州、洛阳等多地布局，具备核心工艺设备和产线开发能力。,国家级高新技术企业、上海市“专精特新”企业、上海市创新型中小企业、ISO9001质量管理体系认证。截至2022年底，累计申请专利123件，授权71件，并拥有公司主要技术秘密清单。,创始团队：创始人/CEO付宇为中科院大连化物所博士，师从衣宝廉院士和侯明研究员，是我国首个金属板电堆开发者，在燃料电池领域作为第一发明人的专利超100件，行业经验超20年。副总工程师傅云峰为清华大学硕士，是首个冲压金属双极板开发者，拥有12年行业经验。团队理论基础扎实且工程经验丰富。核心团队及团队评价的具体信息未提供。 短板：暂无。,近三年营收及利润暂无具体数据，需要额外补齐。,上海骥翀氢能科技有限公司专注于金属双极板电堆技术路径，强调正向设计能力和国产替代。其MH170电堆在单堆功率（376kW）、功率密度（4.7kW/L）、低温启动（-39℃无辅助）等方面创行业纪录。竞对信息暂无。电堆环节竞争格局及公司电堆竞争力分析的具体内容未提供。,精确匹配,Enterprise
ENT_2DC0FEEB3FAE,Enterprise,北京海德利森科技有限公司,企业信息暂存.xlsx,94,高压高温流体成套设备系统集成；高压高纯气体增压系统与高压检测系统；航天发射配气台、高压仿真测试系统、高压充氮/氧车等定制化设备,成熟。公司成立于2001年，是国内最早从事氢能安全装备研发和加氢站装备制造的企业之一，核心技术与产品自主研发，已实现核心装备及部辅件的国产化，产品压力范围覆盖22MPa到90MPa，并已为众多大型客户提供产品与解决方案。,基于其高压流体控制技术，可能拓展至其他需要高压、高纯气体处理与控制的工业领域，如半导体制造、特种化工、深海探测、能源存储等。,集研发、生产、销售、服务为一体的高压系统综合服务商，提供定制化设备及整体解决方案。,具备定制化交付能力。总部位于北京，拥有北京、天津、山西3个制造基地，总占地28000平方米，全国设立营销服务中心，提供7×24小时服务响应。,国家高新技术企业；国家级专精特新“小巨人”企业；国家科学技术进步二等奖；中关村高新技术企业；国家氢标委成员单位；北京市小巨人企业；北京市专精特新企业；参与起草制定氢能国家标准16项；拥有知识产权80余项。,创始团队：董事长兼总裁巩宁峰，战略制定与执行负责人，曾任美国Haskel压缩系统公司中国首席代表、ABB中国公司仪器仪表部高级销售经理；联合创始人聂连升，技术负责人，任气能技术研究院院长，曾参与多项国家专项课题，是公司专利研发带头人。短板：从公开信息中未明确提及具体短板。,,暂无具体竞对名称。技术差异点：公司强调是最早从事氢能安全装备和加氢站装备制造的企业之一，核心技术与产品自主研发，实现了核心装备国产化，并提供从设备到整站系统的全解决方案，在高压（22-90MPa）领域有广泛经验。,精确匹配,Enterprise
ENT_5754A3BD5BA5,Enterprise,西安科佳光电科技有限公司,企业信息暂存.xlsx,95,高精密光、机零部件及光机电系统整机研发、生产制造和装配技术；精密机械制造（轴类、转台类、复杂类零件）；精密光学制造（高精度透镜、棱镜、非球面）,成熟。公司成立于2004年，由中科院西安光机所研制工厂改制成立，拥有五十余年技术积累，具备国内一流的精密机械与光学元件、精密光电系统集成的工艺研发和加工技术能力，已实现批量生产。,高端光学仪器制造、精密测量设备、其他需要超高精度光机部件的工业领域。,研发、生产、销售高精密光机零部件及系统整机，承接国防、航天重大科研项目及下游客户的批量生产订单。,拥有近300多台/套先进的精密机械、光学加工设备和检测仪器，百余平米洁净装配区域、百余平米光学镀膜和膜系检测专用区域，员工200余人，具备批量生产交付能力。,国家高新技术企业；陕西省光学学会理事单位；CEO刘伟第一作者授权国家发明专利30项。,创始团队：CEO刘伟（博士，研究员，长期从事光电成像与测量智能技术研究与装备研制，承担多项国防航天重大任务）；总工程师张建（硕士，副研究员，长期从事精密光学仪器与装备设计和制造）。短板：信息中未明确提及市场短板，但业务高度依赖航空航天及国防领域，可能面临市场集中风险。,,信息中未明确提及具体竞争对手。技术差异：公司依托中科院西光所背景，拥有西北地区最大的光学样板库和最强的精密光机制造基地，在航空航天高精密光机领域具有技术和工艺优势。,精确匹配,Enterprise
ENT_F6A25B9AC5E2,Enterprise,西安中科光电精密工程有限公司,企业信息暂存.xlsx,96,多维图像信息获取与并行处理技术、机器视觉技术,已实现产品化。公司拥有核心技术团队（研究员3人，博士7人，硕士及以上学历人员占81%），在光电信息获取及智能处理领域有深厚积累，已申请专利30项（截至2016年数据），为高新技术企业。,柔性加工装配、特定场合智能巡检、银浆线路等微细瑕疵的自动检测。,立足军工，以军工需求带动技术提升；拓展民品，将技术成果应用于智能制造领域。坚持市场导向，以技术研发和产品服务解决客户痛点。,具备研发、生产与交付能力。公司为高端装备制造企业，从事研发与生产工作，初步建立了规范、高效的技术研发管理体系。,高新技术企业。截至2016年已申请专利30项。历史科技型中小企业、历史国家级科技型中小企业、A级纳税人、一般纳税人。,创始人为吴易明研究员。核心技术团队长期从事军工装备研发，管理团队包括吴易明、郭泉、杨奖励、杨帆、李浩、褚晓梅等。短板：网络信息未明确提及，但作为2013年成立的民营科技企业，可能面临市场拓展、规模化生产或与大型国企/央企竞争等方面的挑战。,暂无。网络公开信息未披露具体财务数据。,暂无。网络公开信息未明确列出竞争对手及具体技术差异。其技术特点在于依托中科院西安光机所背景，在光电精密测量、智能机器视觉及并行处理技术方面有交叉学科积累，专注于解决“精确测量、智能识别、精密控制”问题。,精确匹配,Enterprise
ENT_C8153A6B82BC,Enterprise,北京国科天迅科技股份有限公司,企业信息暂存.xlsx,97,军用高可靠光纤总线通信芯片、TSN时间敏感网络、车载以太网通信芯片,技术研发始自2007年，已攻克多项核⼼技术，推出多款具有⾃主知识产权的产品。军⽤⾼可靠通信芯⽚细分领域国内第⼀，⺠⽤⻋载以太⽹通信芯⽚为国内⾸款。FC、TSN、数据链技术已实现技术突破并打破国外垄断。,,研发、⽣产并销售⾼可靠通信芯⽚、⻋载以太⽹通信芯⽚及相关光纤通信产品，提供配套技术服务。,,国家级专精特新“⼩巨⼈”企业、国家⾼新技术企业、北京市企业技术中⼼、北京市级企业科技研究开发机构、北京市博⼠后科研⼯作站、⼆级保密资质认证、武器装备科研⽣产许可、武器装备承制单位资格、国军标质量管理体系认证、军⽤软件研制能⼒成熟度模型认证。申请专利数273项、授权专利数135项，拥有⾃主知识产权225余项。,创始⼈兼董事⻓房亮，中国科学院⼤学博⼠，曾是中国科学院载⼈航天⼯程空间应⽤系统的主管设计师，带领团队在光纤通信技术上打破国外技术封锁，具有⼗余年航天⼯程系统研发经验。研发团队从2007年开始基于国家载⼈航天⼯程开展FC-AE-1553光纤数据总线技术研究。短板信息未提及。,,1. 军⽤FC技术：打破美国DDC公司技术封锁。2. ⺠⽤TSN（⻋联⽹）技术：打破美国MARVELL、Broadcom等公司的产品垄断。3. 数据链技术：打破美国Rockwell Collins公司技术封锁。4. ⻋载⽹络：打破美国公司在⻋载⽹络领域的产品垄断。公司在上述领域实现了国产替代和技术⾃主可控。,精确匹配,Enterprise
ENT_51ADEBEC8A10,Enterprise,北京瑞莱智慧科技有限公司,企业信息暂存.xlsx,98,第三代人工智能安全可控技术、大模型安全基座、AI伪造内容检测,已落地于金融、能源、制造、互联网等领域，提供具体产品和解决方案，技术成熟度较高。,暂无（基于现有技术，可推测可能扩展至更多对AI安全和内容真实性有高要求的行业，如政务、司法、媒体、社交平台等）。,提供行业解决方案及产品，具体模式（如项目制、授权许可、SaaS等）暂无。,具备提供产品和解决方案的落地能力，具体交付周期和规模暂无。,高新技术企业、专精特新“小巨人”企业、瞪羚企业（来自网络搜索结果）。,创始团队：首席科学家朱军（清华大学教授，MIT TR35中国区先锋者等），CEO田天（清华大学特等奖学金获得者，AI青年科学家）。短板：暂无明确信息。,,暂无（其技术差异在于聚焦第三代人工智能的安全、可信、可靠和可拓展特性，专注于AI安全与垂类大模型应用）。,精确匹配,Enterprise
ENT_747045875AEB,Enterprise,北京航星传动科技有限公司,企业信息暂存.xlsx,99,1. 轻质小型化机电作动器设计技术；2. 高比功率伺服电机设计技术；3. 高比功率伺服控制驱动集成技术；4. 新型智能机构技术；5. 高动态伺服回路控制及结构一体化设计及试验技术。核心产品：中小功率机电伺服（20w-1kw）、中大功率机电伺服（1kw-20kw）、伺服相关生产类产品,已建立航天产品研制体系，具备伺服系统研制及批产的质量控制能力。产品已在多个领域形成批产，并进入多个型号。技术实力属于国内军用伺服一线水平。,商业航天、低空经济领域所需的智能、稳准快、前沿的伺服产品及解决方案。,面向军工集团及国防领域，提供“全流程、体系化”的研发、设计、批生产、试验及售后配套服务。,具备“全流程、体系化”配套及服务能力，包括研发、设计、批生产、试验及售后。建立了航天产品研制体系及批产质量控制能力。,暂无（PDF原文未明确提及，但团队具备航天体系背景及质量管理体系国家注册审核员）。,创始团队核心技术人员均来自航天一院18所（国内最早创办的专业军用伺服研究所）。总经理岳振波为航天机电伺服首套伺服算法创立者；CTO肖翀为原中国运载火箭技术研究院第十八研究所型号主任设计师；副总经理徐建龙主管生产、质量。团队技术背景深厚，但作为民营企业，在资金、客户壁垒等方面可能存在挑战（但资料称其已突破行业四大壁垒）。短板信息未明确提及。,,PDF原文未明确列出具体竞争对手。但指出其团队来自国内军用伺服技术实力最强、规模最大的专业研究所（航天一院18所），继承了现有航天技术成果并优化迭代，技术实力属国内一线水平。行业存在资金、技术、客户和资质四大壁垒，公司称已突破这些壁垒建立护城河。,精确匹配,Enterprise
ENT_7F010E422AE0,Enterprise,北京卓翼智能科技有限公司,企业信息暂存.xlsx,100,智能无人系统飞行可靠性控制技术、集群无人系统协同控制,技术成熟度较高。公司成立于2015年，核心团队拥有超过10年的无人系统研发、设计、制造等核心技术经验。研发体系完善，综合能力强，创始人参与系留无人机标准的制定。产品已广泛应用于多个行业领域，并获得多轮融资支持。,基于其技术（如视觉融合定位、机器人组合导航、无人车智驾地图）和产品多样性，可能的应用场景还包括：智能巡检（如电力线路、油气管道）、地理测绘、物流配送、农业植保、环境监测、城市安防、科研教学等。,研发、生产并销售智能无人系统硬件（无人机）及软件（仿真平台），提供行业解决方案。,公司在北京、西安、南京、长沙设有研发中心，团队近300人，70%为研发人员，具备研发、设计、制造能力。,国家级“专精特新”小巨人、国家知识产权优势企业、全军武器装备市场准入军工资质证书、高新技术企业、瞪羚企业、中关村高新技术企业。,创始团队：创始人/董事长任雪峰，北京航空航天大学硕士，导航、制导与控制专业，参与多项国家级重点课题。首席技术总监张峰，中国科学院大学博士，机器视觉领域专家。核心团队主要来自北京航空航天大学，技术背景深厚。短板：信息中未明确提及市场、销售、供应链管理或国际化等方面的短板。,暂无。PDF原文及网络搜索结果未提供具体财务数据。,暂无。PDF原文及网络搜索结果未明确列出竞争对手并进行技术对比。,精确匹配,Enterprise
ENT_E6C11C8D426C,Enterprise,驭势科技（北京）股份有限公司,企业信息暂存.xlsx,101,U-Drive智能驾驶平台（包含智能驾驶控制器、AI算法、云端智能驾驶大脑等核心模块）；多场景自动驾驶解决方案，机场/工厂/港口无人驾驶电动物流拖车解决方案、面向乘用车/共享出行的全自动代客泊车方案、高速级自动驾驶解决方案、城市公共出行/大型园区无人驾驶微循环巴士方案；L4级自主泊车量产产品；L3级高速自动驾驶量产合作技术,已实现商业化落地。累计“真无人”商业运营里程突破370万公里；在机场/工厂无人物流领域占据细分领域领导地位；与香港国际机场建立了全球首个全场景自动驾驶智慧机场；已交付业内首款L4级自主泊车量产产品；开展了L3级高速自动驾驶的量产合作。,基于“为全行业、全场景提供AI驾驶服务”的愿景，可能进一步拓展至更广泛的城际货运、城市配送、特种车辆（如环卫、矿卡）等封闭及开放道路场景。,技术解决方案提供商，与主机厂（OEM）合作进行技术研发与产品量产；为机场、港口、园区等B端客户提供无人驾驶运营服务或整体解决方案。,具备从技术研发到量产交付的能力。已交付L4级自主泊车量产产品；与多个主机厂有量产合作项目；多个场景（物流、机场）已实现商业化运营落地。,拥有多项专利，如：汽车（ZL201630385315.2）、无人驾驶汽车（CN201630511973.1）、车道线检测装置（CN201720132215.8）等。公司类型为有限责任公司（中外合资）。,创始人/核心人物：吴甘沙（前英特尔中国研究院院长）。团队由顶尖技术团队强强联合组成，包括英特尔中国研究院总监级人才。短板：公开信息未明确提及技术或商业上的具体短板。,暂无公开具体财务数据。,竞对：其他自动驾驶解决方案公司，如百度Apollo、小马智行、文远知行等。技术差异：驭势科技强调“全场景”布局，尤其在“真无人”商业运营（特别是机场/工厂物流细分领域）已取得领先地位，并实现了特定场景下的L4级产品量产交付，与主机厂的量产合作项目较多。其U-Drive平台旨在实现多场景的通用性。,未匹配,Enterprise
ENT_8DDD6EEA9DC7,Enterprise,西安数合信息科技有限公司,企业信息暂存.xlsx,102,人工智能机器视觉技术；智能化数字射线检测系统（DIS-DR）；智能检测一体化工作台（DIH-SG）；智能检测装备Xpearl系列；智能数字射线无损检测环境规划建设；多模态AI检测平台DMAP；融合跨平台多模态采集、高精度运动控制与自适应模型优化技术,已形成无损检测设备、自动工程装备和智能检测平台为一体的产业化解决方案；已完成多型火箭、核燃料棒和导弹关键零部件质量检测任务；具备智能系统开发、智能检测设备生产与智能检测环境规划建设的专业服务能力；设计研发了国内首套具备自主知识产权的多模态AI检测平台。,基于其跨平台多模态采集、高精度运动控制与自适应模型优化技术，可能扩展至其他需要高精度视觉检测与质量评估的精密制造、新材料、半导体等领域。,提供智能化建设整体解决方案，包括设备销售、系统集成、平台服务（数据处理、标注、算法设计、调试、模型训练、优化检测服务）及人工智能培训等全方位服务。,具备智能系统开发、智能检测设备生产与智能检测环境规划建设的专业服务能力，可交付从设备、装备到平台的一体化解决方案。,国家高新技术企业；陕西省科技型中小企业；武器装备质量管理体系认证；质量管理体系认证；二级保密资质证书；陕西省创新型中小企业认定；秦创原总平台（秦创原发展股份有限公司）首个服务入股企业。,创始人杨涛：博士、教授，西北工业大学教授、研究生导师，陕西省智能装备安全控制工程技术中心技术总监，西安交通大学博士后研究员，教育部国家公派留学美国俄亥俄州立大学联合培养博士生，全国制造系统控制专委会副秘书长，中国指控学会虚拟现实与人机交互专委会委员，中国计算机学会、自动化学会高级会员。首席运营官邵寒冰：西安交通大学管理学院硕士，曾任青岛啤酒集团区域市场总监。短板：公司成立于2019年，相对年轻；网络招聘信息显示规模为1-49人，团队规模可能限制大规模并行项目交付能力。,暂无（原文及网络信息均未披露具体财务数据）。,暂无（原文及网络信息未明确提及直接竞争对手及技术差异）。,精确匹配,Enterprise
ENT_AFFF154DB306,Enterprise,杭州洛微科技有限公司,企业信息暂存.xlsx,103,纯固态芯片级激光雷达、硅基光电芯片、FMCW相干探测,产品已系列化，覆盖多元化场景，并有已公开的合作客户案例（如陕汽控股、上汽集团等），表明技术已进入商业化应用阶段。,基于其技术（如远距离探测、抗干扰、高精度测量），可能应用于更广泛的智慧城市感知、安防监控、港口自动化、测绘等领域。,作为激光雷达产品和解决方案科技企业，模式可能包括：销售激光雷达硬件、芯片，以及提供配套的AI感知算法解决方案。,信息不足。但拥有系列化产品，并有已公开的客户合作案例，表明具备一定的产品交付和项目落地能力。,国家高新技术企业、国家科技型中小企业、杭州市雏鹰计划企业、杭州国家“芯火”平台孵化企业、杭州市准独角兽企业、瞪羚企业(2023)、专精特新中小企业。核心团队拥有多项美国及国内外授权专利。,创始团队技术背景深厚：联合创始人&CEO冯宁宁（加拿大McMaster博士，MIT博士后，超20年硅光子科研和产品研发经验，10年以上创业管理经验）；联合创始人&CTO孙笑晨（北京大学物理学学士，MIT博士，超15年硅光子科研经验，10年以上研发管理经验）。短板信息暂无。,,竞对信息暂无。技术差异：其强调的核心技术差异在于将固态扫描、FMCW相干探测和晶圆级光学等芯片技术集成，提供“纯固态芯片级”激光雷达，具有自研硅光芯片、抗干扰、实时速度场探测、远距离（最远400m）等特点。,精确匹配,Enterprise
ENT_6415559C2721,Enterprise,西安知象光电科技有限公司,企业信息暂存.xlsx,104,自研微结构光芯片、高精度3D视觉算法,技术成熟，已实现产品化。拥有从芯片到算法的自主技术体系，产品性能达国际先进水平，终端用户遍及全球150多个国家，并成功服务全球数百家企业。,公安医疗人脸扫描终端、工业4.0自动化3D视觉测头。,通过Amazon（覆盖多个国家）、官方商城（独立站）、Ebay等全方位线上渠道销售；同时通过国内跨境电商、海外代理、KA渠道销售。产品覆盖C端海内外市场，并向B端工业场景延伸。,拥有系列化3D扫描仪设备，具备线上及线下多渠道销售和交付能力。具体产能暂无。,国家高新技术企业（GR202361007397）、陕西省专精特新中小企业、西安硬科技企业之星、西安市瞪羚企业、西安未来之星TOP100高新技术企业。拥有多项国家发明专利。,创始人&CEO周翔：西安交通大学博士、英国肯特大学博士后，曾任西安交通大学教授、博导，国家科技重大专项评审专家，国际光学工程学会(SPIE)、美国光学学会(OSA)高级会员。CTO杨涛：西安交通大学工学博士，美国麻省理工学院联合培养博士。团队50%以上拥有硕士、博士学历。短板信息暂无。,,,精确匹配,Enterprise
ENT_558544ED9AF9,Enterprise,果栗智造（上海）技术股份有限公司,企业信息暂存.xlsx,105,iTS磁悬浮智能柔性传输技术、磁驱软件控制技术,成熟，已实现大规模量产。公司是国内首家、亚洲首家拥有该类传输装备大规模量产能力的企业，技术来源于中科院上海微电子所，拥有完整核心技术。,半导体天车市场（当前重点拓展行业）。,作为全栈式磁悬浮智能柔性传输系统供应商，直接向终端客户销售设备及解决方案。,拥有12000多平方研发中心和制造中心，具备大规模量产能力。,高新技术企业（2021年复评）、上海市专精特新企业、上海市专利工作试点企业、上海市科技小巨人培育企业、上海市工业互联网专业服务商、上海最具投资潜力50佳创业企业。累计获得30多项发明专利。,创始人、总经理池峰博士，清华大学精密仪器及机械博士，曾任国家重大科技专项研发负责人，在国内某半导体设备公司从事多年研发管理工作。核心团队为中国首个自主研发掌握磁悬浮传输完整核心技术的本土团队，有8位担当国家重大科技专项核心专家。短板信息暂无。,,全球排名第三，国内市场占有率45%。技术差异：其iTS磁悬浮智能柔性传输技术具有效率高、灵活性高、环境适应性强、安装维护性好、扩展性高、节省空间（设备占地空间节省40%）、超高效率（动子速度6m/s）、快速启动、精准定位（0.001mm）、无摩擦无粉尘、模块化安装维护成本低等特点。,精确匹配,Enterprise
ENT_2E3D7E220210,Enterprise,无锡华瑛微电子技术有限公司,企业信息暂存.xlsx,106,单晶片湿法清洗设备、检测设备、腐蚀设备、钝化设备等化学清洗和检测设备；半导体清洗产业相关原料零部件,高新技术企业(2022)、科技型中小企业(2023)、民营科技企业、瞪羚企业(2022)，表明其技术已通过官方认定，具备一定成熟度并处于高成长阶段,集成电路、微电子产品生产线的清洗与检测工序,生产加工与销售；可能涉及设备销售、零部件供应及技术服务,,高新技术企业(2022)、科技型中小企业(2023)、民营科技企业、瞪羚企业(2022)；无锡市“530”A类项目企业,由海归人才投资创立；与中国科学院微电子研究所有合作；短板：员工人数未知，具体技术短板信息不足,,,精确匹配,Enterprise
ENT_F3F0FF59EBB5,Enterprise,瑶芯微（上海）电子科技股份有限公司,企业信息暂存.xlsx,107,功率器件设计（硅基/碳化硅基）、MEMS+信号链芯片设计,功率器件：硅基产品已量产，SiC MOSFET已成功流片并进入头部客户验证阶段，产品进度处于国内第一梯队；MEMS+信号链：多款产品进入量产阶段，MEMS麦克风性能参数匹配国际领先水平，LNA已小批量出货，ADC正在回片测试,,研发、生产及销售芯片产品，向客户提供套片/SoC形式的全套音频信号链解决方案,产品已量产并出货，累计销量超1.8亿颗（MEMS麦克风），SiC MOSFET 1200V/40mR成功出货量>100KK，具有完善的产品开发流程和平台化设计经验,认证/资质：高新技术企业、ISO9001通过、ISO 27001、ISO 26262认证、IATF16949/IPD流程导入、产品通过AEC-Q101测试、张江科学城重点企业、浦东十佳创业新秀；知识产权：已授权发明5项、实新14项、集成布图19项，审查阶段发明18项、实新32项，已受理发明1项,团队：强大人才团队，SiC功率器件团队成员由国内首批从事SiC器件研究和开发的顶尖人才组成，拥有27年SiC领域积累；短板：暂无,营收：2021年营收超1.5亿元；利润：暂无,竞对：英飞凌（MEMS麦克风对标产品）；技术差异：MEMS麦克风产品性能参数（SNR信噪比、Die Size）匹配国际领先水平的英飞凌对标产品，SiC MOSFET实现业界一流水平，产品进度处于国内第一梯队,精确匹配,Enterprise
ENT_FF9D8CF6C436,Enterprise,西安奇芯光电科技有限公司,企业信息暂存.xlsx,108,硅基改性材料平台（全球唯一可量产）、超低损耗光纤材料技术,可量产，综合性能世界领先。部分产品（如C/L/DWDM波分复用产品、直调式Combo PON OLT光模块、同波长单纤双向光模块、大型光开关等）在一个或多个技术指标方面达到国内/国际领先水平。在光传感（激光雷达、光子陀螺）和光计算等方面的技术水平和产品能力，亦处于国际先进水平。,激光雷达、光子陀螺（光传感领域）、AI光计算。,IDM（垂直整合）模式，从材料开发延伸到高性能光子集成芯片设计、晶圆制备、光器件、光模块、子系统、自动化封测设备和数字化工厂成套软件等光子集成全系列产品。,具备从光子芯片到光器件、光模块、子系统全系列产品的垂直整合能力。拥有光子集成芯片设计和制造平台、光子集成器件封装平台、高速光器件和光模块综合测试平台。2025年借助“追光易租”模式快速扩产。,国家重点专精特新“小巨人”企业；陕西省光子产业链“链主企业”；重庆市光子产业链“链主企业”；国家知识产权优势企业；西安市博士后创新基地；国家高新技术企业；陕西省瞪羚企业；陕西省专精特新企业；西安市独角兽企业。拥有专利53项，其中发明专利32项。,核心团队：创始人/董事长兼总经理程东博士，具有30年光通信行业研发及管理经验；CTO Brent Little博士，国际光子集成领域技术专家；芯片特种工艺专家Roy Davidson，拥有25年芯片工艺制程经验。团队技术背景雄厚，与中科院西安光机所深度绑定。短板信息（如市场、管理、资金等）在提供资料中未明确提及。,,资料中提及，其基于硅基改性材料开发的C/L/DWDM波分复用产品，插入损耗和通带宽度明显优于竞争对手；直调式Combo PON OLT光模块，功耗相对业界常规的外调式方案有20%左右的优势。具体竞争对手名称未列出。,精确匹配,Enterprise
ENT_E486A68BA58D,Enterprise,英创新材料（绍兴）有限公司,企业信息暂存.xlsx,109,活性乳液聚合平台型技术、ABC超弹胶乳材料体系,技术已实现工业化生产。公司实现高分子量丙烯酸酯嵌段共聚物的稳定制备，拥有千吨级胶粘剂生产基地、万吨级材料生产基地。产品已形成通用类、核心类、明星类等多条产品线，并进入市场应用阶段。,可折叠平板电脑、其他可穿戴设备（基于OCA光学胶技术）；石油、天然气开采及高压长距离输送管线（基于材料特性推测，但非PDF明确提及）。,以材料研发和生产为核心，提供下游应用解决方案。产品定位覆盖短/中期跑量（如通用胶粘剂）、中长期成为行业龙头（如压敏胶）、长期打造高附加值品牌（如OCA光学胶）的多层次模式。,拥有千吨级胶粘剂生产基地和万吨级材料生产基地，具备规模化生产交付能力。,浙江省高新技术企业、浙江省科技型中小企业、诸暨市科技成果技术交易奖励企业。核心技术“活性乳液聚合”为国际首创，由首席科学家罗英武发明，并实现高分子量（超过50万）丙烯酸酯嵌段共聚物的工业化制备。,创始团队技术实力强：首席科学家/董事长罗英武为浙大求是特聘教授、国家杰青，“活性乳液聚合”技术发明人，拥有深厚学术背景和产业化经验。总经理吴荣生拥有丰富的材料项目工程化及市场开拓经验。短板：PDF未明确提及，但作为A+轮公司，可能在市场全面铺开、品牌影响力提升及应对国际巨头竞争方面存在挑战。,暂无。PDF及网络信息均未提供具体财务数据。,1. OCA光学胶：主要竞对为3M、三菱等国际巨头。英创产品的技术差异在于其基于ABC超弹胶乳，具有剥离力强、耐折叠次数高、应变回复率高等优势。2. 水性压敏胶：主要竞对为国外第一梯队的综研、德莎和日东。英创产品的技术差异在于其水性材料具有“软、弹、强”特点及低VOCs、低气味的环保优势。3. 水性喷胶：竞对为传统水性氯丁喷胶、溶剂型喷胶。技术差异在于其产品单组分、单面喷涂、施工效率高、用胶量少、即喷即粘、耐黄变老化等。,精确匹配,Enterprise
ENT_5A14E8CA7038,Enterprise,南通谦维科技有限公司,企业信息暂存.xlsx,110,连续纤维增强热塑性复合材料（CFRTP）产品的研发与制造，热塑性复合材料制品（如汽车零部件）、CFRTP预浸料/带材/板材、非连续纤维增强热塑性复合材料制品（如无人机机臂）以及相关工艺咨询服务,部分产品已通过测试或进入送样阶段（如无人机机臂、体育用品鞋材），部分项目处于合作开发阶段（如汽车气囊仓）。核心团队具备从材料到制造的全套行业经验，综合实力在行业内排名前列。,其他汽车零部件拓展；高端CFRTP预浸料/带材/板材；其他需要高性能轻量化复合材料的工业领域。,研发、生产并销售热塑性复合材料制品及半成品（预浸料/带材/板材），同时提供相关工艺咨询服务。,具备从材料选型、结构设计、仿真、工艺模具设计到生产制造的全链条能力。具体产能信息暂无。,公司新设，暂无公开的荣誉资质信息。核心团队成员主持过多项国家及省市级科研项目。,创始团队：CEO李晓拓（中科院博士、博士后，曾任金发科技、碧桂园，黄埔材料研究院核心科学家）；设计开发总监肖琼冠（港理工博士、博士后，黄埔材料研究院高级工程师）；应用开发总监蒲颖（北航硕士，曾任金发科技、碧桂园）。团队技术背景强，具备全产业链经验。短板：公司成立于2023年8月，运营时间短，市场验证和规模化生产经验可能不足；部分业务处于开发或送样阶段。,公司成立于2023年8月，暂无近三年完整财务数据。,竞对信息未明确提及。技术差异：团队具备CFRTP从材料到制造的全套行业经验，在国内CFRTP行业内综合实力排名前列；产品兼顾高性能、轻量化和低碳环保；布局汽车、航空航天、体育用品等多领域应用。,精确匹配,Enterprise
ENT_098B1AD643ED,Enterprise,广州智微新材科技有限公司,企业信息暂存.xlsx,111,微胶囊核心技术,天使轮融资阶段，技术处于开发与提升期,基于微胶囊技术的材料应用（如医药、化工、农业等缓释或保护领域）,技术转让、技术咨询与服务,,,法人代表为张君孝；短板可能包括成立时间较短（约6年），处于早期发展阶段，商业化规模待验证,,,精确匹配,Enterprise
ENT_77CC2A7D6EA3,Enterprise,合肥御微半导体技术有限公司,企业信息暂存.xlsx,112,晶圆级集成电路量检测设备设计,产品已实现商业化交付，多项指标优于国际同类型竞品，并已为国内多家头部集成电路生产商创造价值。,,面向集成电路制造等领域，为客户提供具有竞争力的产品及技术解决方案。,具备产品发运及交付能力，如首台掩模基板缺陷检测产品Halo-100已成功发运并交付。,高新技术企业；2021年中国潜在独角兽企业；安徽省青年安全生产示范岗；核心团队获授权发明专利100余项，其中国际发明专利20余项。,核心团队：总经理王帆博士，二十余年致力于微电子装备系统设计与集成、精密光机电系统技术研究方向，参与多项国家级重大科研项目。团队来自国内半导体行业顶尖院所及企业。短板：暂无。,,竞对：国际同类型竞品。技术差异：自主研发的掩模缺陷检测、晶圆缺陷检测及晶圆套刻测量设备，多项指标均优于国际同类型竞品。,未匹配,Enterprise
ENT_1661F3403755,Enterprise,派姆特科技（苏州）有限公司,企业信息暂存.xlsx,113,便携式三坐标（关节臂）测量技术、光学测量技术、编码器技术。核心产品为便携式三坐标（关节臂），其结构与工业用6轴机器人相似，通过6个编码器记录探头姿态，结合臂长与角度变化智能换算坐标值，用于测量几何尺寸、形位公差、三维坐标等参数,成熟。公司在便携式测量、光学测量、编码器等领域深耕超过20年，拥有多项核心专利技术，产品遵循欧洲标准研发制造，并在德国达姆施塔特工业大学支持下实现欧洲标准的产品认证。已实现自主研发和生产。,航空航天、汽车制造、模具加工、3C电子、科研机构等对复杂零部件进行高精度三维测量的领域。,研发、生产并销售自主品牌的测量仪器及解决方案。,拥有完全自主研发和生产能力，具备产品交付能力。,拥有多项核心专利技术。产品获得欧洲标准认证（在德国达姆施塔特工业大学支持下）。,创始团队技术背景强：创始人兼CEO邰大勇（日本福冈工业大学博士，曾任职于德国马尔和美国法如）；研发副总赵磊（东南大学博士，参与多项国家重大专项）；光学主管卢存伟（日本大阪大学博士，国际知名学者）。短板：网络信息未明确提及公司运营、市场扩张或资金等方面的短板。,暂无（原文及网络信息未披露具体财务数据）。,竞对：全球电子测量仪器市场CR5高达45%，均为海外厂商（如是德科技、罗德与施瓦茨等）。技术差异：PMT专注于便携式三坐标（关节臂）等精密测量领域，拥有完全自主研发能力，产品遵循欧洲标准，强调德国匠心制造精神和质量管理体系，在特定细分领域与海外通用电子测量仪器巨头形成差异化竞争。,精确匹配,Enterprise
ENT_C0FB00A6AAF4,Enterprise,北京微纳星空科技股份有限公司,企业信息暂存.xlsx,114,卫星平台（10~2000公斤系列）、卫星部组件（核心单机及部组件）、卫星通信地面终端（移动通信终端、宽带通信终端）、卫星整星设计与集成测试能力、卫星在轨交付服务,已形成系列化卫星平台产品，具备高精度、高自主、低成本、长寿命等特点；核心部组件实现自主研发，技术成熟、质量可靠；卫星通信终端产品已标准化并可定制化。,基于其卫星平台及通信能力，可拓展至遥感观测、气象监测、导航增强、特种行业通信等更多领域。,卫星系统技术解决方案供应商，提供卫星整星研发制造、在轨交付服务，以及卫星平台、部组件、地面终端等产品销售。,具备卫星整星设计、生产、总装和集成测试能力，可提供卫星在轨交付服务。,高新技术企业、专精特新“小巨人”企业、瞪羚企业、企业技术中心；拥有自主知识产权卫星平台和核心部组件。,核心团队：董事长兼总经理高恩宇（航天工程博士，曾任火箭及卫星总体设计师）；联合创始人孔令波（卫星主任设计师背景）；核心人员平均10年以上从业经验，多来自航天五院、中科院等顶尖院所，技术背景深厚。短板：网络信息未明确提及技术或市场方面的具体短板。,暂无（原文及网络搜索结果未披露具体财务数据）。,原文及网络搜索结果未提供直接竞对及详细技术差异分析。根据行业推断，国内其他商业卫星制造公司（如长光卫星、天仪研究院等）可能为其竞对，但具体技术差异暂无信息。,未匹配,Enterprise
ENT_5544894528D1,Enterprise,南京控维通信科技有限公司,企业信息暂存.xlsx,115,以调制解调为核心的卫星通信终端技术（业务速率最高36Mbps，国内最高水平）；卫星通信网管理控制技术（管理万级网络规模，提升卫星运营能力，网络可靠性可达电信级）；全系列卫星通信产品及卫星通信系统组网能力；“蓝鲸”宽带卫星通信系统系列产品,已实现产业化。核心技术产品“蓝鲸”宽带卫星通信系统系列产品迅速得到业界一致认可，并成功实现产业化。,基于其卫星通信组网能力，可能应用于偏远地区通信、海洋通信、航空通信、军事通信等需要广域、可靠通信的场景。,研发、生产制造及销售卫星通信产品，并提供相关服务。,具备全系列卫星通信产品及卫星通信系统组网能力，产品已实现产业化并广泛应用。,国家级高新技术企业；国家级专精特新“小巨人”企业；省级专精特新企业；省级创新型企业；省级民营科技企业；瞪羚企业；市级企业技术中心；拥有相关发明专利超40项。,核心团队由原解放军理工大学副教授郑成辉领衔，具有多年卫星通信系统总体设计、关键技术攻关和装备研制等工作经验。CEO魏武曾为某国企大型项目及系统负责人，主导多项军用卫星通信系统研制，具备公司管理和市场运营能力。团队共65人，研发人员占比56%，30%以上人员具有通信电子和计算机专业博士、硕士学位，核心成员具有10年以上研发经验。短板：暂无明确信息。,暂无明确信息。,暂无明确信息。,精确匹配,Enterprise
ENT_AC33FB4CFCFA,Enterprise,上海橙科微电子科技有限公司,企业信息暂存.xlsx,116,基于CMOS工艺的高速数据传输芯片、高速网络通讯芯片及IP核,产品已商业化，性能指标居于世界领先水平，是国内唯一能提供传输速率10G以上芯片IP的公司,5G通信基础设施、物联网网关、人工智能计算集群互联、智能制造网络,芯片及IP核销售，并提供针对用户需求的定制化服务,,高新技术企业、专精特新企业；拥有多项自主知识产权（数十项）,创始人为王珲；核心研发团队来自美国南加州大学、加州大学、斯坦福等知名学府博士，拥有20余年全球知名设计公司产业经验。短板信息暂无。,,暂无具体竞对名称。技术差异：强调其高速数据传输芯片及IP核技术世界领先，是国内10G+传输速率芯片IP的唯一提供商。,精确匹配,Enterprise
ENT_751CA9C85CA1,Enterprise,迅芯微电子（苏州）股份有限公司,企业信息暂存.xlsx,117,专注于GHz以上的高性能模拟及混合信号集成电路，特别是超高速数据转换器芯片（ADC/DAC）、高速串并/并串转换芯片以及微波单片集成电路。是国内第一家可以提供采样率大于5GSps ADC/DAC的公司,技术已实现产品化，是国内超高速数据转换芯片领域的先行者，产品已面向市场。,通信、雷达、高端测试测量仪器、高速数据采集系统等对超高速数据转换有需求的领域。,集成电路及软硬件系统的设计、研发、销售，并提供技术咨询及技术服务。,作为IC设计公司，具备芯片设计、研发及销售能力，具体生产制造环节的交付能力信息不足。,国家级专精特新企业、高新企业、A级纳税人、一般纳税人、历史国家级科技型中小企业。,核心研发团队信息未公开。短板可能在于作为专注于高端芯片的民营企业，在资金、大规模量产和市场拓展方面面临挑战。,暂无（网络公开信息未披露具体财务数据）,暂无（网络公开信息未明确列出竞争对手及具体技术差异对比）,未匹配,Enterprise
ENT_F623DE47393F,Enterprise,扬州宇安电子科技股份有限公司,企业信息暂存.xlsx,118,电子战装备技术、电磁试验训练技术,高新技术企业，具备武器装备承制、科研生产许可等资质，处于快速成长期,军民融合领域的电子信息系统、人工智能应用、环境感知与探测,装备研制、开发与生产，作为西安天和防务技术股份有限公司的关联子公司承担集团业务拓展,具备武器装备承制单位资质，拥有完整的研制生产能力,武器装备承制单位注册证书、武器装备科研生产许可证书、高新技术企业、科技型中小企业、A级纳税人,创始团队由国家研究所前核心技术人员、总装综合计划部转业干部及行业专家组成；短板信息暂无,,,未匹配,Enterprise
ENT_4264F1CC8D22,Enterprise,安徽盟维新能源科技有限公司,企业信息暂存.xlsx,119,专注于新体系高比能锂金属电池的研发生产，拥有锂电池正负极材料设计、电解液优化、隔膜修饰、电芯制造及智能自动化生产等相关领域的多项领先技术。2020年其锂金属电池能量密度突破550Wh/kg，具备优异高低温特性,产品已在高空长航时飞行器、行业级无人机等领域得到应用，具备高海拔长航时工况需求满足能力，技术处于产业化应用阶段。,电动汽车、可穿戴电子设备等对电池能量密度和性能有高要求的领域。,研发、生产、销售高比能锂金属电池，为航空航天、电动汽车等领域客户提供产品、服务与解决方案。,具备电芯制造及智能自动化生产能力，产品已实现应用，具备交付能力。,高新技术企业、国家级科技型中小企业、省级专精特新企业、省级创新型企业、市级企业技术中心（根据网络搜索结果综合）。拥有多项具有国际竞争力的领先技术（根据PDF原文）。,核心团队：董事长兼首席科学家张跃钢为国际著名材料科学家，国家高层次海外引进人才，清华大学长聘教授，拥有东京大学博士学位及NEC、斯坦福大学、英特尔、美国能源部伯克利国家实验室等顶尖机构工作经历。短板：网络信息显示公司实力一般，注册资本670.302万人民币，规模可能有限。,,暂无（信息不足，未提及具体竞争对手。其技术差异在于专注于新体系锂金属电池，能量密度全球领先（550Wh/kg），并针对航空航天等特殊应用需求开发产品）,精确匹配,Enterprise
ENT_D483DAEF3292,Enterprise,杭州芯声智能科技有限公司,企业信息暂存.xlsx,120,音频NPU芯片及算法解决方案。主要产品为XS2001、XS2002等用于本地语音唤醒和命令词识别的专用芯片，支持AlwaysOn工作模式，唤醒功耗小于1mW；具备远场识别高强度计算能力，支持AGC、AEC、波束成型、去混响、复杂降噪、多命令词识别等14种算法,技术已产品化并落地应用。XS200X芯片已完成多家芯片/软件平台商的联合调优和参考设计，并在多个市场有落地案例。,,芯片及算法解决方案提供商，通过销售芯片及提供配套算法授权实现营收。,具备从芯片算法设计、数字前端设计、模拟设计、芯片验证仿真、量产测试到语音应用开发等全链条关键技术能力，产品已在多个市场落地。,拥有领先的自主知识产权的人工智能算法与芯片，已申请多项国内外发明专利。,创始人姜黎为东京工业大学工科博士，曾任富士通半导体GM和国科微CTO兼董事，曾任国家863项目课题副组长负责芯片开发。核心团队具备芯片算法设计、数字前端设计、模拟设计、芯片验证仿真、量产测试到语音应用开发等关键技术能力。短板信息暂无。,,,精确匹配,Enterprise
ENT_1C97AE143681,Enterprise,深圳市蔚海智芯科技有限公司,企业信息暂存.xlsx,121,基于全自主知识产权的MEMS技术，产品涵盖压力传感器、加速度计、陀螺仪、MEMS扬声器、超声波成像与测距、3D硅电容、硅振荡器、温湿度传感器、气体/颗粒物传感器、流量计、麦克风、喷墨打印头、生物传感器、红外传感器等,核心团队拥有十年以上MEMS产业化经验，掌握多品类MEMS芯片设计和制造工艺能力，技术已覆盖多个产品线并实现量产。,MEMS扬声器的大规模阵列波束成形应用，以及未来硅麦+MEMS扬声器一体化应用。,集设计、生产和销售于一体，为客户提供产品及技术服务。,作为集设计、生产和销售于一体的企业，具备产品交付能力。具体产能和交付周期暂无。,拥有全自主知识产权MEMS技术。具体专利数量、认证资质暂无。,核心团队掌握多品类MEMS芯片设计和制造工艺能力并拥有十年以上MEMS产业化经验。具体创始人信息在资料中存在矛盾（PDF未提及，网络信息提及许映兰、田佳），团队短板暂无。,,,精确匹配,Enterprise
ENT_34D895783C07,Enterprise,西安奇点能源股份有限公司,企业信息暂存.xlsx,122,储能变流器(PCS)、电池管理系统(BMS)、能量管理系统软件(EMS)的研发与集成技术,产品已商业化应用，核心产品“智慧能量块eBlock”已发布并推向市场，公司为高新技术企业，技术处于规模化应用阶段。,电力紧缺地区的持续供电、大规模清洁能源接入与消纳、分布式储能网络。,作为储能系统集成商，向用户提供包含核心设备及软件的一站式解决方案。,具备储能系统产品的研发、集成和交付能力，产品已实现模块化（“智慧能量块eBlock”），支持即插即用，暗示具备标准化产品交付能力。,高新技术企业(2024年)、瞪羚企业(2025年)；创始人及团队拥有发明专利23项；曾获中国机械工业科技进步二等奖2次。,创始人刘伟增博士为西安交通大学博士、高级工程师，拥有15年清洁能源和电力电子行业经验，曾任职香港上市公司高管，成功创业经历丰富；技术团队依托西安交通大学，由电力电子技术专家和资深工程师联合创立。短板：原文未明确提及公司短板。,暂无（原文及网络信息均未披露具体财务数据）。,暂无（原文未明确列出竞争对手及具体技术差异）。公司定位为“新一代分布式储能引领者”，主打模块化、产品化的“能量块”储能系统解决方案，强调极致安全、高效可靠、智能友好、即插即用。,未匹配,Enterprise
ENT_F79419CA4579,Enterprise,仁烁光能（苏州）有限公司,企业信息暂存.xlsx,123,全钙钛矿叠层太阳能电池技术,研发及产业化阶段，已建成世界领先的全钙钛矿叠层电池制造产线，2022年实现29.0%的稳态光电转换效率世界记录,大型地面电站、分布式光伏、移动能源、物联网设备供电等,技术研发与产品制造，目前主要面向BIPV、汽车顶棚、消费电子充电配套三个方向,暂无（信息中未提及具体产能或交付数据）,高新技术企业，创新型中小企业，拥有钙钛矿太阳能电池及叠层电池光电转换效率世界记录，背靠南京大学、复旦大学、中科院等知名研究机构,创始人谭海仁（董事长兼研究院院长）为荷兰代尔夫特理工大学博士，在新型叠层太阳能电池领域有10余年研究经验，并保持世界纪录；首席科学家褚君浩为中国科学院院士。核心运营团队来自光伏行业龙头企业。短板：公司成立于2021年底，相对年轻，产业化规模、市场验证和供应链成熟度可能面临挑战。,暂无（公司成立于2021年12月，处于早期发展阶段，未披露财务数据）,竞对包括其他钙钛矿太阳能电池研发商及传统晶硅电池厂商。技术差异：仁烁光能专注于“全钙钛矿叠层电池”技术，通过不同带隙的钙钛矿材料叠层以突破单结钙钛矿理论效率极限（33%），旨在实现对晶硅技术路线的颠覆，获得超高光电转换效率。,精确匹配,Enterprise
ENT_55602B0757A1,Enterprise,成都频岢微电子有限公司,企业信息暂存.xlsx,124,射频高级模块一体化解决方案、射频滤波器芯片IC设计、高级射频声波集成电路和模块,基于国外顶尖学术研发背景，处于产品研发与商业化阶段，具体成熟度未披露,移动通信终端、物联网设备、其他需要射频滤波的无线通信领域,无晶圆半导体(Fabless)模式，专注于芯片设计,作为Fabless公司，交付能力依赖于晶圆代工和封测合作伙伴，具体能力未披露,高新技术企业(2023)、科技型中小企业(2024),创始团队拥有国外顶尖学术研发背景，由董元旦领导。短板可能包括：作为2018年成立的初创公司，市场验证和规模化生产经验可能相对有限；在高度竞争的射频前端市场面临国际巨头压力；具体技术短板未披露。,,竞对包括国际射频前端巨头（如Skyworks、Qorvo、Broadcom等）及国内同类滤波器设计公司。技术差异可能在于其专注于射频高级模块一体化解决方案及特定的滤波器技术路径（如射频声波技术），依托国外顶尖学术背景进行研发。,精确匹配,Enterprise
ENT_7D0B7E187C9D,Enterprise,陕西雷神智能装备有限公司,企业信息暂存.xlsx,125,短程支援大载荷察打无人机平台系统。产品兼容全地形自主驾驶、自主跟随、远程遥控以及卫星导航寻迹等工作模式,已完成多种型号无人平台研发，填补了我军在轻型无人侦察、攻击军用平台领域的空白。拥有全链条研发能力和技术壁垒。,安保巡逻、应急保障、特种作业。,军用装备研发、生产与销售。,拥有生产实力（包括生产能力、生产设备），具备产品交付能力。,高新技术企业、科技型中小企业、专精特新中小企业。拥有专利证书（官网有专利证书栏目）。,创始团队：创始人/CEO叶斌，曾长期任职于中国兵器工业集团相关公司，拥有丰富的军工行业管理和市场经验。核心团队人员均来自解放军原总装备部、中国十大军工集团和十大军贸集团，技术背景深厚。短板：暂无明确信息。,暂无（信息不足，未披露）。,暂无（信息不足，未明确提及竞争对手及具体技术差异）。,精确匹配,Enterprise
ENT_0C164F8F2819,Enterprise,彗晶新材料科技（杭州）有限公司,企业信息暂存.xlsx,126,热管理材料及热解决方案，涵盖导热界面材料（导热垫片、导热凝胶、导热硅脂、导热相变材料）、电磁屏蔽/吸波材料（导热吸波片、石墨导电布）、高性能压铸合金材料、氮化铝陶瓷产品,主要产品的性能已达到国际先进水平，部分高导热界面和金属材料正在导入多个行业。,,B轮融资，为热材料与热解决方案综合提供商。,持续布局散热领域全产业链条，具体产能信息暂无。,历史国家级科技型中小企业。核心团队拥有多项国家专利。,创始人兼CEO陈昊：曾任美光亚太区产品线总经理、摩托罗拉半导体全球大客户总监等，半导体及通讯行业背景深厚。联合创始人兼首席科学家王成彪博士：俄罗斯工程院外籍院士，中国地质大学（北京）退休教授，获国家专利60余项，学术背景强。短板：网络信息中未明确提及技术或市场方面的具体短板。,,根据PDF上下文，同行业公司有北京碳垣新材料科技有限公司，但其专注于碳纳米管宏观体材料及石墨烯/铜复合材料，与彗晶新材的热管理材料技术路线和产品不同。具体直接竞对及技术差异暂无。,精确匹配,Enterprise
ENT_4E6FC19A79DF,Enterprise,北京方硕复合材料技术有限公司,企业信息暂存.xlsx,127,碳纤维展纱技术、编织技术、超薄预浸料技术、超分子聚乙烯预浸料技术、结构功能一体化材料、PEEK热塑成型制造技术；常规单项预浸料、超薄单向预浸料、展宽编织布、超薄小格编织布、碳纤维±45度编织布、超薄超分子聚乙烯单向预浸料,部分技术实现重大突破，PEEK热塑成型制造为国内唯一成熟工程化应用，填补国内空白。,,为航空航天领域军品及高端民品提供专业的产品和技术支持。,,高新技术企业(2023)、科技型中小企业(2024)。,联合创始人&首席科学家肖军教授，现任国家玻璃纤维标准化委员会副主任、结构性碳纤维复合材料国家工程实验室理事会理事、中国复合材料学会聚合物基复合材料分会副主任和复合材料制造技术专委会副主任，主持多项国家级重点课题。短板信息暂无。,,,精确匹配,Enterprise
ENT_61F067C009EC,Enterprise,陕西天成航空材料股份有限公司,企业信息暂存.xlsx,128,自主研发、设计了国内首条航空级钛合金棒线材全流程动态多向控温控轧生产线；飞机结构件用钛合金（采用“以轧代锻、锻轧结合”先进工艺，最大尺寸可达φ380mm）,高。生产线已建成并投入生产，产品已应用于高端领域，解决了多项航空材料“卡脖子”难题。,暂无。基于现有产品和技术，可能进一步拓展至其他对高性能钛合金有需求的精密制造或高端装备领域。,研发、生产并销售高端钛合金材料（盘卷、棒材、锻件等）的B2B模式。,具备从材料研发到规模化生产的全流程能力，拥有自主设计建造的专用生产线。,高新技术企业、国家级专精特新“小巨人”企业、制造业单项冠军企业、企业技术中心、技术创新示范企业、瞪羚企业、省级专精特新企业、A级纳税人。,核心团队：总经理车伟（市场开拓、技术研发经验丰富）；总工程师杨智（航空材料专家，曾任中航工业一飞院材料研究所所长，国防科技进步奖获得者）。短板：暂无明确信息。,,暂无。其技术差异体现在：拥有国内首条航空级钛合金全流程动态多向控温控轧生产线，能将晶粒尺寸精确控制至微米级，并实现大尺寸轧制棒材的稳定生产。,精确匹配,Enterprise
ENT_2F1129B2472B,Enterprise,西安羚控电子科技有限公司,企业信息暂存.xlsx,129,飞控技术、特种无人机系统设计,高。公司成立于2014年，曾参与我国多项国防类重点型号研制任务，系留多旋翼类无人机已列装正式型号，固定翼蜂巢无人机可实现自动起降与无人值守巡检，产品已实现规模化应用。,城市安防巡逻、物流配送、地理测绘、森林防火监测、边境巡逻、应急救援通信保障等。,为不同行业特性的客户提供数字化整体解决方案，业务涵盖特种无人机研发生产、仿真测试、无人机服务。,具备无人机系统研发、生产、交付及服务综合能力，产品覆盖多类无人机平台，曾完成国防重点型号任务。,高新技术企业、专精特新“小巨人”企业、瞪羚企业、企业技术中心、技术创新示范企业。核心团队源自西北工业大学无人机特种技术国家重点实验室（国内唯一无人机领域国家级重点实验室）。,创始团队：董事长兼总经理段晓军为西北工业大学博士/教授，IEEE及AIAA会员，从事无人机行业20年，主持多项国家级科研项目，担任民航总局无人机适航标准制定委员会专家等多个国家级专家职务。短板：网络公开信息中未明确提及。,暂无公开信息。,暂无明确信息。,精确匹配,Enterprise
ENT_E798F3232EF1,Enterprise,苏州圣荣元电子科技有限公司,企业信息暂存.xlsx,130,环路热管（LHP）、多环路热管（MLHP）散热模组、原创MLHP技术、相变液冷无源自循环散热系统,标准MLHP模组已进入量产阶段；LHP技术已应用于风云四号A型卫星（国内首例）；原创MLHP技术已解决服务器应用问题,航天领域民用转化、其他高功率电子设备散热,产品销售（散热模组、热管理产品）、整体散热解决方案提供,标准MLHP模组具备量产能力,国家级科技型中小企业、省级科技型中小企业、市级创新型企业、省级民营科技企业、高新技术企业；拥有原创MLHP技术,核心团队来自中科院上海技术物理所；创始人牟永斌曾为中科院技物所副研究员、热控新技术团队负责人，深耕行业十余年；短板：民用转化难度高（传统LHP多用于航天）,,竞对暂无直接提及；技术差异：其LHP技术采用相变液冷、无源自循环系统，具有千万级传热/根、30年免维护的特点，解决了环路热管在服务器应用的问题，实现了航天技术民用化,精确匹配,Enterprise
ENT_F1D30A790F8D,Enterprise,中科玻声科技（溧阳）有限公司,企业信息暂存.xlsx,131,热电半导体技术（利用碲化铋合金等半导体材料实现热电转换）、静音离心风机技术、车用风机、控制模块、热电半导体材料、散热器件、柔性热电材料、工业无线温度传感器、管道自供电传感器,产业化阶段。核心团队在相关领域有超过15年经验，已成功自主研发多项核心产品，并完成天使轮、Pre-A轮及A轮融资，资金用于扩充产能和研发。,航空航天、医疗设备精准控温、服务器/芯片散热、物联网（IoT）节点自供电、智能家居温控系统、特种设备（如军品）的温差发电与温控。,技术研发、产品设计、生产与销售。作为技术创新企业，通过融资推动技术产业化和市场拓展。,具备自主研发和生产核心产品（风机、模块、材料、器件）的能力，融资后用于扩充产能，具体产能规模暂无公开信息。,暂无公开的具体认证、资质或知识产权列表。但作为高科技企业，应拥有相关热电材料与器件的专利技术。,创始团队由双杰青年人才（江莞教授和史迅研究员）领衔，核心团队在汽车座椅舒适系统应用开发、设计与生产、热电材料研究等方面有超过15年经验。短板：公司成立于2021年，相对年轻，市场拓展和规模化生产经验可能不足；在竞争激烈的热电半导体领域，面临来自国内外成熟厂商的竞争。,暂无公开的财务数据。,竞对：国际上有II-VI Marlow、Laird Thermal Systems等；国内可能有其他从事热电材料与器件研发的公司。技术差异：中科玻声掌握碲化铋热电材料全链条技术能力，并全球范围内开辟了柔性热电材料新方向，结合静音风机技术，在汽车座椅等特定应用场景有超过15年的集成应用开发经验。,精确匹配,Enterprise
ENT_5B82A3B2406A,Enterprise,苏州交航众鑫新材料有限责任公司,企业信息暂存.xlsx,132,高性能特种金属材料，特别是耐300℃-400℃的工业级耐高温铝合金、高强铝合金和3D打印铝合金。核心技术源于西安交通大学金属材料强度国家重点实验室孙军院士团队的科技成果转化，在国际上首次研发出耐300℃-400℃的工业级铝合金,已完成实验室研发、放大实验与工业生产验证。与西南铝业合作完成300℃级耐热铝合金的放大实验与工业生产；与航天4院完成锻件生产；与航天3院、东安发动机完成350℃级大尺寸铸件生产。技术已入选中央军委科技委全军重点推广项目手册。,传统使用铝合金但服役温度需提升至200℃以上的各类工业场景，如汽车零部件、重型机械、新能源设备等高温结构件。,技术研发、成果转化、高性能金属材料及构件的研发、生产和销售。,具备从材料研发到构件生产（包括锻件、大尺寸铸件）的交付能力，已与大型工业伙伴合作完成生产验证。,暂无（PDF及网络信息未明确提及具体认证或专利，但核心技术源于国家重点实验室，并入选全军重点推广项目手册）。,创始团队隶属西安交通大学金属材料强度国家重点实验室。实控人/首席科学家：孙军院士（实验室主任）。总经理：刘刚教授（实验室副主任）。团队技术背景雄厚，均为国家级人才。短板：公司成立于2024年5月，非常年轻，规模小（0-49人），市场开拓、规模化生产和商业化经验可能不足。,暂无（公司成立于2024年5月，无近三年完整财务数据）。,暂无直接竞对信息。技术差异：传统铝合金服役温度低于200℃，高于200℃时强度迅速衰减。该公司技术解决了>200℃服役铝合金的世界难题，实现了300℃-400℃高温下保持性能的工业级铝合金制备能力，处于国际领先水平。,精确匹配,Enterprise
ENT_69DC3AAE50F5,Enterprise,合肥中科优材科技有限公司,企业信息暂存.xlsx,133,薄膜双向拉伸试验机（用于高分子薄膜双向拉伸工艺、配方开发、试验的设备）,已具备软膜小试、中试放大验证能力，核心技术团队拥有多项卡脖子技术专利，处于产业化推进阶段。,,高端光学膜的生产、研发和销售；同时提供软膜小试、中试放大验证和技术咨询服务。,具备小试、中试能力，产业化进程正在推进中。,科技型中小企业(2024)；核心团队拥有多项卡脖子技术专利；孵化自中国科学技术大学，核心技术团队属于科技部重点领域“新型显示光学膜”创新团队。,创始团队：孟令蒲（创始人及董事长，中科大博士，副研究员，安徽省先进功能高分子薄膜工程实验室副主任）、徐松秀（创始人及总经理，中科大硕士，创业竞赛金奖）。核心技术顾问：李良彬（中国科大讲席教授，国家杰青，团队负责人）。短板：公司成立于2023年4月，成立时间短，商业化、市场拓展及大规模生产交付能力有待验证。,暂无（公司成立于2023年4月，运营时间不足三年）,,精确匹配,Enterprise
ENT_B3562FC4B375,Enterprise,西安中科阿尔法电子科技有限公司,企业信息暂存.xlsx,134,高灵敏度可编程磁传感器芯片、三维磁传感器芯片、GaAs霍尔器件,已实现产品化，核心团队拥有二十余年研发及工程管理经验，主持过多项百万及千万美元级研发项目,,工业用传感器解决方案提供商，提供产品及相关技术支持,,国家级高新技术企业；西安市留学回国人员创新创业优秀单位；核心团队成员拥有10项国外授权发明专利,核心团队：张⽂伟（天津⼤学博⼠，英国⽜津⼤学⼯程科学博⼠后，曾任霍尼⻙尔英国、Tyco英国和德国Micronas公司全球研发总监和产品总监，磁传感器领域二十余年经验）；张滨（上海交通⼤学博⼠，曾任Nortel Networks英国伦敦研发中心通信⽤集成电路芯⽚研发经理）。短板：暂无,,,未匹配,Enterprise
ENT_498D54A36225,Enterprise,合肥瀚海量子科技有限公司,企业信息暂存.xlsx,135,基于量子力学的第一性原理电子结构计算和分子动力学模拟软件，PWDFT（面向现代异构并行高性能计算的赝势平面波电子结构软件）、KSSOLV、HONPAS（致力于在数值原子轨道基组下实现复杂大体系线性标度电子结构高性能计算的开源软件包）等,已推出多款商业化软件产品，并提供申请试用、代算服务、培训等，技术已进入应用和产业化阶段。,新材料研发、药物设计、催化剂开发、半导体材料模拟、高校及研究机构的科研与教学。,软件销售（产品授权）、技术服务（代算服务、培训）、可能的云服务合作。,提供软件产品、技术支持和培训服务，具备与超算中心、云计算平台合作提供综合解决方案的能力。,暂无公开的特定认证信息。拥有自主软件知识产权（如PWDFT、HONPAS等）。团队获得中国科学技术大学“鲲鹏计划”资助，首席科学家获“杰出研究校长奖”，公司曾获CCF科技创业大赛银牌等荣誉。,创始团队：来自中国科学技术大学的博士。短板：公司成立于2021年，相对年轻，市场拓展和规模化应用可能面临挑战；在竞争激烈的CAE/科学计算软件领域，品牌知名度和生态建设仍需时间。,暂无公开数据。,竞对：国际上的VASP、Materials Studio中的CASTEP模块等第一性原理计算软件；国内可能包括其他从事材料计算模拟的软件公司或团队。技术差异：专注于基于量子力学的第一性原理计算，拥有自主开发的PWDFT、HONPAS等软件，强调面向现代异构并行高性能计算和线性标度计算能力，团队具有中科大科研背景。,精确匹配,Enterprise
ENT_606E4376FF64,Enterprise,厦门钜瓷科技有限公司,企业信息暂存.xlsx,136,高品级氮化铝粉体及陶瓷制品的研发、生产和销售,创新型高科技企业，已实现产品研发、生产和销售,电子、半导体、导热材料等领域,研发、生产、销售一体化,,高新技术企业、科技型中小企业、国家级专精特新小巨人企业、市级专精特新企业,法定代表人为管军凯，核心团队信息不足,,,精确匹配,Enterprise
ENT_9244C4BF30DF,Enterprise,中科汇智（东莞）设备科技有限公司,企业信息暂存.xlsx,137,核心技术/产品包括：现代气体分子辨识技术；VOCs、O2、N2、CO2、CO、NOx等气体的分离和净化技术；用于气体分离净化的核心材料和专有部件（如颗粒、蜂窝体、转轮、转筒等），具体涵盖气体分子精准识别及高效捕集的微纳孔型材料及其成型产品（包括高效吸附剂和催化剂原粉、颗粒、蜂窝体以及转轮成型产品）；一氧化碳催化剂（蜂窝方块）；以及气体分离净化专用装备，包括变压吸附制氧机（高原立方制氧机、制氧衣、便携制氧机、弥散制氧机等）,公司由松山湖材料实验室和北京科技大学气体分离工程研究所联合孵化，核心团队拥有国家级科研项目经验，已完成先进中试产线的测试并进入产出阶段，形成小规模生产工厂，产品已实现工程应用，与多家大型企业建立项目合作，合作金额近亿元。,工业废气处理（VOCs、NOx等）、医疗保健制氧、密闭空间（如潜艇、地下设施）空气净化与供氧、应急救援供氧、锂电企业、汽车零部件企业、家具企业、印刷企业、电子制造企业、工业除湿、家庭除湿、低能耗制氧、CO2捕集。,中科汇智（东莞）设备科技有限公司采用toB销售模式，为核心工业客户提供定制化生产的专用核心材料/部件（如催化剂、沸石蜂窝体），并以此为基础提供整体技术解决方案（如制氧供氧解决方案、烟气净化总承包等）。,可提供催化剂材料并根据业主实际安装需求组装成模块；可提供各类制氧机及供氧解决方案。合作项目金额累计已达近亿元，已签订合同包括气体分离设备等，其中已收获近1000万订单（例如一份831万合同已到款169.35万），具备一定规模的项目交付能力。,中科汇智（东莞）设备科技有限公司是东莞市环保产业协会理事单位。其核心创始人刘应书教授及公司团队在气体分离净化与分离领域拥有深厚的技术积累，共获授权国家专利80多项，其中包括发明专利110余项，并围绕相关技术已申请40余项发明专利。公司项目专利知识产权共计34项（分布为10/10/14）。所获荣誉包括国家科技进步特等奖和国家科技进步二等奖。,**创始团队**：创始人暨董事长刘应书为北京科技大学教授、博士生导师、气体分离工程研究所所长，国务院特殊津贴专家，北京市优秀教师、劳模、师德模范、创新标兵，获得多项国家级科技奖励，主持国家级科研项目60多项，研发成果产生经济效益近300亿元。董事长助理孙宁起为博士后，参与“十三五”大气专项示范工程。团队包含中国科学院外籍院士1人，教授及教授级高级工程师4人，副教授及高级工程（经济）师6人，博士以上人员占31%，硕士以上人员占80%。核心成员长期合作，高度默契。 **短板**：网络信息显示存在“中科汇智(广东)科技服务有限公司”（2023年成立，职业中介）和“中科汇智（广东）信息科技有限公司”（2019年成立，软件信息技术）等名称相近但业务不同的公司，可能造成品牌混淆或关联风险。公司本身为初创企业，市场扩张和规模化生产能力有待进一步验证。,**公司名称**：中科汇智（东莞）设备科技有限公司 **近三年营收及利润**：暂无具体公开财务数据。 **融资信息**：2024年完成天使轮融资，融资金额存在两个版本（1000万人民币或3000万人民币），融资后估值约为3.0亿人民币。 **备注**：以上财务数据暂缺，融资信息以公开网络报道为准，金额版本存在差异。,**竞对**：国内主要竞争对手包括日本倪佳斯、瑞典蒙特、日本西部技研、日本东洋纺、青岛华世洁、苏州楚锐等。 **技术差异**：公司技术源于国家级实验室和高校研究所，专注于“气体分子辨识”和精准分离，在特定气体（如CO、CO2、O2）的催化净化、捕集与制取方面具备独特优势。具体表现为： 1. **定制化治理**：可现场采集气样，提供针对性治理配方，实现定制化解决方案。 2. **高效低能耗**： - 工业家用除湿方面能耗低、露点低、国产化； - 制氧方面有革命性进步，耗能低、吸附器结构简化； - CO2捕集能耗低（<1.5GJ/t）。 3. **技术聚焦**：区别于传统的宽泛环保治理技术，在CO催化净化、变压吸附制氧等领域有具体产品和工程案例。,精确匹配,Enterprise
ENT_C2D25F47B39F,Enterprise,北京赛德美资源再利用研究院有限公司,企业信息暂存.xlsx,138,新能源汽车废旧动力蓄电池回收及梯次利用技术、资源再生利用技术、储能技术,,电池制造、二手车经纪、新能源汽车换电设施销售、新能源原动设备销售,私营/民营企业，B轮融资，经营范围涵盖技术研发、技术服务、货物进出口、设备销售等,,中关村高新技术企业，统一社会信用代码：91110107MA0034R57Q,创始人及法人代表为赵小勇，公司规模1-49人，具体团队构成及短板暂无详细信息,,,精确匹配,Enterprise
ENT_5A46FDD0E16B,Enterprise,西安睿控创合电子科技有限公司,企业信息暂存.xlsx,139,嵌入式计算机软、硬件产品设计、开发,成熟，可提供行业标准解决方案、半定制化及全定制化解决方案,国防军工、航空航天、轨道交通、能源电力等需要高可靠嵌入式计算机及自主可控技术的领域,产品销售（计算机软硬件零售、辅助设备零售）、解决方案提供（标准、半定制、全定制）、技术咨询服务,具备硬件产品生产制造能力，可提供软硬件产品及解决方案交付,,法定代表人张平。短板信息暂无,,,精确匹配,Enterprise
ENT_0202B365426E,Enterprise,西安中科微精光子科技股份有限公司,企业信息暂存.xlsx,140,光子芯片、光子器件、光子模块和光子系统等产品的研发、生产和销售,基于瞬态光学与光子技术国家重点实验室技术积累，具有深厚技术积淀,,,,高新技术企业，国家级专精特新小巨人,拥有一支经验丰富的技术团队，具体短板暂无,,,精确匹配,Enterprise
ENT_BEEA8FE90CEE,Enterprise,深圳瑞识智能科技有限公司,企业信息暂存.xlsx,141,VCSEL芯片设计、光学集成封装、算法研发、光电系统整合优化；全系列高性能VCSEL芯片和光学集成产品,成熟，已实现大规模量产。拥有“芯片+光学+应用”全栈技术，是全球仅2家能大规模量产出货LDS应用激光模块的公司之一。,身份识别、3D视觉、安防监控、辅助驾驶、人工智能感知等需要高性能VCSEL光源和传感解决方案的领域。,VCSEL芯片及解决方案提供商，销售芯片、光学集成模块及整体解决方案。,量产出货芯片超5000万颗，可保证月出货产能超100万颗。,国家高新技术企业、深圳市专精特新企业、深圳市重大技术攻关团队；全球已布局超190项专利。,创始团队：创始人兼CEO汪洋（里海大学电子工程博士，20年半导体光芯片研发生产经验）、副总经理贺永祥（加州大学伯克利分校材料学博士，曾任Lumentum公司，负责全球首款民用智能手机VCSEL芯片研发量产）。短板：暂无明确信息。,暂无信息。,国内唯一具有“芯片+光学+应用”全栈技术的VCSEL芯片和解决方案提供商；全球仅2家公司能大规模量产出货LDS应用激光模块；国内VCSEL公司首家真正量产上车并进入日韩大厂供应链。,精确匹配,Enterprise
ENT_39D3F4A41427,Enterprise,北京清源晟茂科技有限公司,企业信息暂存.xlsx,142,首创国产自主技术IPT，基于IPT的DMCS分布式测控系统，DMCS/IPT云雾软硬一体化分布式智能测控技术和产品解决方案,已形成产品及解决方案，并获得两轮融资。,智慧能源系统、工业物联网、需要分布式智能测控的其他工业领域。,提供软硬一体化分布式智能测控技术和产品解决方案。,,国家高新技术企业、中关村高新技术企业、创新型中小企业、自主知识产权20余项。,创始团队：创始人兼总经理皮越洋（清华大学材料系本博、精仪系博士后，有创业经验）；首席科学家陈非凡（清华大学长聘教授、博导，国家技术发明奖获得者）。短板：暂无明确信息。,,,精确匹配,Enterprise
ENT_BB7EEB2C1C63,Enterprise,北京微动时空科技有限公司,企业信息暂存.xlsx,143,太阳帆板驱动机构(SADM)、卫星机构部件驱动控制器、天线展开与指向机构、太阳帆板展开组件、空间驱动组件、空间滑环、无人机/eVTOL舵伺服系统、导弹/制导火箭弹/制导榴弹舵伺服系统、靶机/靶弹舵机、电推进指向机构（TOM）、激光通信电传输组件、多级驱动组件等航空航天核心机电部件,较高。SADA系列产品已成功在轨部署3款型号共4套产品，并参与3次航天任务。产品适用于20kg-1000kg级卫星，采用模块化设计理念，已形成系列化产品。,商业航天新技术验证、微重力科学实验设备、上下行货物运输机构、其他航天器（如空间望远镜、空间实验室）的精密指向与驱动机构。,面向全球市场，为航空航天领域提供核心机电部件产品、服务与解决方案。,具备从研发到制造的产品交付能力，SADA系列产品已实现多次在轨部署，表明其具备航天级产品的交付与在轨保障能力。,国家高新技术企业、中关村高新技术企业、北京市专精特新中小企业、武器装备质量管理体系认证、ISO9000、ISO14001、国际宇航联合会（IAF）成员单位、中国宇航学会会员单位。,创始团队：CEO姜亮（北航背景，航天科技集团及欧洲卫星部件公司经验，参与多项国家重大航天项目）；联合创始人杜元晖（6年卫星研制经验，参与国内首颗百公斤级商业卫星等10余颗卫星研制）。短板：公开信息未明确提及技术或市场方面的短板。,暂无。PDF及网络搜索结果均未提供具体财务数据。,暂无。PDF及网络搜索结果未明确提及竞争对手及具体技术差异。仅提及公司是“国内首家商业空间执行机构部件公司”。,精确匹配,Enterprise
ENT_69AA5BA59175,Enterprise,中科晶益（东莞）材料科技有限责任公司,企业信息暂存.xlsx,144,大尺寸高指数晶面单晶铜箔制备技术；单晶铜箔、棒、丝；6N超高纯铜原料工业化批量稳定生产技术；高纯铜铸锭/靶材/箔/棒/丝材；石墨烯-铜复合材料,国际领先水平，已实现批量化制造大尺寸单晶铜箔（年产达每台每年1万片）及6N超高纯铜原料的工业化批量稳定生产。,受益于全球面板产能向大陆转移以及高端连接线和信号线的增长，高纯铜在面板、高端连接线、信号线等领域有广阔应用前景。,高端铜材及装备的研发、制造及销售。,具备批量化制造能力，如单晶铜箔设备年产达每台每年1万片。,广东省高新技术企业、广东省科技型中小企业、东莞市创新型中小企业。拥有自主开发的智能真空冶金装备技术。,创始团队技术背景雄厚：首席科学家王恩哥（院士）、董事长刘开辉（国家杰青）、CEO付莹（产业化经验丰富，曾孵化多家企业）。短板：公开信息未明确提及管理、市场或融资等方面的短板。,2023年收入3000+万元，2024年预计收入5000万元。利润情况暂无公开信息。,暂无公开的直接竞对信息。公司强调其单晶铜等产品的生产工艺及性能指标处于国际领先水平，在单晶铜箔尺寸（25cm×30cm级）和超高纯铜纯度（6N）方面具有技术优势。,精确匹配,Enterprise
ENT_4F6933391703,Enterprise,苏州多谱芯光科技有限公司,企业信息暂存.xlsx,145,晶圆级光学玻璃元件及模组、镜头；晶圆级玻璃模压技术（WLG），在技术工艺、产线构造、前后道工序等方面进行优化,已进入A+轮融资阶段，拥有国际领先的晶圆级玻璃模压技术，并已实现量产。,光通信、医疗、检测等领域（根据网络信息提及）。,晶圆级光学玻璃元件及模组的研发、制造和销售。,暂无具体产能数据，但创始人此前公司已累计生产约2000万件光学元件，具备批量生产能力。,江苏省科技型中小企业；创始人拥有15项专利，发表了20余篇SCI论文。,创始人&CEO张营营：美国亚利桑那大学光学院与湖南大学联合培养博士，博士后研究员，在玻璃成型与光学工程领域科研成果丰富，有产业经验（济南坤锐光学联合创始人）。首席科学家Allen Yi：俄亥俄州立大学教授，美国精密工程学会成员，专注于光学模具制造和非传统微加工。团队技术背景强，但公司成立于2023年4月，运营时间较短，市场验证和规模化生产经验可能相对有限。,暂无（公司成立于2023年4月）。,国内主要竞对为辰瑞光学。多谱芯光相比辰瑞在技术工艺、产线构造、前后道工序等方面进行优化，产品在性能与良率表现上更佳。,精确匹配,Enterprise
ENT_DD119843A1C0,Enterprise,山东齐氟新材料有限公司,企业信息暂存.xlsx,146,可熔性聚四氟乙烯（PFA）及其上下游产业链产品，含氟高端材料，绿色环保型高端氟碳表面活性剂,研发、生产、销售阶段，已完成A轮融资，处于产业化推进阶段,超纯含氟材料应用，高端氟碳表面活性剂在环保、工业等领域的应用,研发、生产、销售一体化，兼营技术服务和货物进出口,具备生产制造能力，具体产能规模暂无,,法定代表人郝立波，团队拥有专业的销售服务团队和技术支持能力；公司成立于2022年，相对年轻，运营历史较短,,,精确匹配,Enterprise
ENT_DE6B2006C3FF,Enterprise,浙江迅实科技有限公司,企业信息暂存.xlsx,147,3D打印设备及材料研发,成熟。产品已在美国齿科桌面打印细分市场达到第一，拥有13000-14000活跃牙医用户，用户黏性强，复购率高。拥有自动化流水线，核心部件光机由公司设计。,,面向代理商（B2B）及最终牙科诊所（B2B）销售3D打印设备、材料及提供设计服务。,拥有自动化流水线，具备设备、材料及解决方案的交付能力。作为全球集团化公司，拥有国际化布局。,国家高新技术企业、专精特新小巨人企业、浙江省省级高新技术企业研究开发中心、绍兴市市级企业技术中心、“增材制造（3D打印）定制式骨科手术导板”全国团体标准起草单位之一、中国医疗器械行业协会会员。拥有多项3D打印技术、专业化3D打印设备和配套材料的知识产权。,董事长张靖博士：南加州大学博士，师从国际3D打印领域顶级权威专家，与国际前沿研究机构及专家有坚实稳定的研发合作关系。联合创始人金良：柯桥区首批国内高层次人才，毕业于浙江大学，2013年创立公司。短板：PDF及网络信息未明确提及。,,主要竞对：1. Formlab：使用SLA技术，打印速度慢，北美市占率约20%。2. Envision：原做DLP高端打印机给珠宝行业，其齿科打印产品价格更贵，打印效率低。技术差异：迅实科技产品在美国细分市场已达第一，国内齿科打印市场尚待开发，相关领域无主要竞争对手。公司拥有自动化流水线及核心部件自研能力。,精确匹配,Enterprise
ENT_0B49CDECE971,Enterprise,华硼中子科技（杭州）有限公司,企业信息暂存.xlsx,148,BNCT硼中子俘获治疗整体解决方案,处于产业化推进阶段，已申请II类会议，完成数亿元Pre-A轮融资,新型癌症治疗方案的提供、医疗设备销售与技术服务,技术研发、产品生产与销售、整体解决方案提供,,具备第二类医疗器械生产资质、II、III类射线装置销售许可,,,,未匹配,Enterprise
ENT_92EA5FE15670,Enterprise,中科搏锐（北京）科技有限公司,企业信息暂存.xlsx,149,核心技术为脑深部无创、连续、精确监测技术，以及脑机协同视听觉信息处理与交互技术,产品已获得CE认证，实现海外销售；与天坛、宣武医院合作研发；技术被描述为“国际领先”。,未来3-5年，脑监护、成像技术可能应用于更广泛的年龄段和更多类型的神经、精神疾病场景。,集研发、生产和销售于一体的医疗器械企业模式。产品已实现海外销售。,作为集研发、生产、销售于一体的企业，具备产品交付能力，具体产能信息暂无。,国家高新技术企业、中关村高新技术企业、北京市“专精特新”中小企业、CE认证；获得第八届中国医疗产业创新大赛第一名、第六届中关村国际前沿科技创新大赛医疗器械领域TOP10称号奖。,创始人/董事长&CEO：张鑫博士，中科院自动化所研究员，香港大学博士，中国科学院关键技术人才、中关村高端创新领军人才、北京市青年拔尖人才，主要从事脑功能检测与成像、脑机交互技术研究。短板：暂无明确信息。,暂无具体数据。,暂无明确竞对信息。技术差异点在于其“脑深部无创、连续、精确监测”技术，以及孵化于中科院自动化所的脑科学尖端科技转化背景。,精确匹配,Enterprise
ENT_D5216A4AD555,Enterprise,上海磁擎新能源科技有限公司,企业信息暂存.xlsx,150,全球首款产品化高温超导发电机，模块化设计，支持5MW到30MW全品类，全球领先的高温超导电机技术,已完成全球首款20MW超导发电机产品化，并得到上海电气风电集团高度认可；已完成天使轮融资,大容量电机市场，其他需要高功率密度、轻量化、高稳定性电机的领域,研发、制造并销售高温超导风力发电机及零部件,模块化设计可快速推向市场，具体交付规模暂无,已获授权发明专利超过10项（原文为6项授权，8项在申，国际PCT4项），具体资质暂无,创始人兼CEO黄振为剑桥大学电气工程博士，麻省理工学院访问研究员，上海交通大学电气工程系副教授，专注超导电机领域11年，技术背景深厚；短板：公司成立于2021年，处于早期发展阶段，市场规模化应用和商业化经验可能不足,,自称全球首家高温超导电机公司，核心技术覆盖七大交叉学科，技术壁垒深厚；传统风电电机厂商可能为潜在竞对，但磁擎主打高温超导技术带来的重量轻、稳定性高等优势,精确匹配,Enterprise
ENT_920FFD60749A,Enterprise,成都先衍生物技术有限公司,企业信息暂存.xlsx,151,成都先衍生物技术（待查，无公开信息）,,,,,科技型中小企业(2024),法定代表人：万金桥。具体团队构成及短板暂无详细信息。,,,精确匹配,Enterprise
ENT_8FFBDA57EE36,Enterprise,北京中飞艾维航空科技有限公司,企业信息暂存.xlsx,152,无人机电力巡线作业方法及专利技术，提供从无人机数据采集到后期数据分析的一站式飞巡服务,已获A轮融资，拥有多项专利技术，是无人机电力巡线作业的开创者与标准制定者，技术成熟度较高。,,提供无人机电力巡线服务，可能包括项目服务、数据服务等模式。,提供一站式飞巡服务，在无人机电力巡线服务市场覆盖第一，具备较强的项目交付能力。,高新技术企业、科技型中小企业、瞪羚企业；拥有无人机电力巡线作业相关专利技术。,创始人为曹飞，管理团队包括韩旭、李霞、罗旭、宋春雨、杨荷蓉、俞丹等。短板信息暂无。,,,精确匹配,Enterprise
ENT_8CC380792518,Enterprise,小安（北京）科技有限公司,企业信息暂存.xlsx,153,信息安全服务与解决方案，专注于信息网络与应用的可用性、可控性和安全性，大数据安全、网络安全等,已获国家高新技术企业、专精特新中小企业等资质，产品已商业化应用，市场占有率较高（如智能中控产品市场占有率超过60%）。,暂无额外信息。,面向政府、企业等机构提供信息安全服务及解决方案，具体商务模式未明确说明。,暂无具体交付能力信息。,国家高新技术企业（2023）、专精特新中小企业、科技型中小企业（2023）、A级纳税人（2021）、瞪羚企业（2021）。,创始团队：创始人&董事长&CEO白亚菁（连续创业者，互联网行业15年经验）、联合创始人&总经理潘征（信息安全专家）、联合创始人周俊（负责市场业务）、技术总监周大召（十年以上网络安全行业管理经验）、首席研究员蒋山（前ADLAB实验室成员）。短板：暂无明确信息。,暂无具体数据。,相关竞品有30家（未列出具体名称），技术差异暂无具体信息。,精确匹配,Enterprise
ENT_43F2FEFC1435,Enterprise,浙江众凌科技有限公司,企业信息暂存.xlsx,154,AMOLED显示行业有机发光材料蒸镀专用精密金属掩模版FMM（Fine Metal Mask）的生产和研发，AMOLED用Divide Open Mask、Divide Fine Metal Mask、硅基OLED用Micro OLED Open Mask、显示终端用金属支撑片等高端超精细加工类产品,已实现量产，建成全球单体最大规模产线，年产3~5万条FMM。核心团队在特种原材料开发、OLED面板像素设计、化学蚀刻、金属微米级蚀刻、掩膜版量产测试等领域具备专业经验。,暂无（基于现有信息，应用场景聚焦于OLED面板制造）。,作为上游核心原材料（FMM）供应商，向OLED面板厂商销售产品。,已建成年产3~5万条FMM的产线。行业普遍交货周期最长3~5个月，公司具体交付周期暂无。,2023年世界制造业大会新型显示产业大会中国新型显示优秀企业奖。,核心创业团队成员均来自于一线面板厂、国际知名精细金属掩膜版量产公司及金属原材料开发企业，专业领域覆盖特种原材料开发、OLED面板像素设计、化学蚀刻特性研究、特种金属微米级蚀刻研究、精密金属掩膜版量产测试与市场拓展等。短板：原文未明确提及。,,FMM市场核心治具100%进口，呈寡头垄断局面。公司旨在打破超精细金属薄板加工在国内的量产空白，成为国产替代的第二供应商。具体技术差异暂无。,精确匹配,Enterprise
ENT_75DF04217CC1,Enterprise,无锡领声科技有限公司,企业信息暂存.xlsx,155,锂离子电池相关技术,产品已进入市场，拥有具体产品线（如超声电池成像系统），并获得国家高新技术企业、科技型中小企业、创新型中小企业认证，表明技术具备一定成熟度和创新性。,1. 储能电站电池健康状态监测。2. 电动汽车电池包出厂检测与售后诊断。3. 消费电子电池质量控制。4. 电池回收与梯次利用中的性能分选。,技术开发、技术转让、技术咨询、技术服务；产品销售（电子专用设备、测试系统）；货物进出口与代理。,具备软件开发、设备销售、技术服务的经营范围，具体交付能力（如项目周期、规模）暂无公开信息。,国家高新技术企业；科技型中小企业；创新型中小企业；存续状态；Pre-A轮融资阶段。具体专利等知识产权详情暂无。,核心成员包括董事长邓哲，董事许明康、周宇，监事沈越。团队具备技术与管理背景。短板：公司成立于2022年，相对年轻，市场积累和品牌知名度可能不足；公开信息中未披露大规模量产或头部客户案例。,暂无（公司成立于2022年，未满三年，且未披露具体财务数据）。,暂无直接竞对信息。技术差异可能体现在其专注于超声技术在电池无损检测与成像领域的应用，提供从测试设备到成像系统的解决方案，区别于传统的电化学测试方法。,精确匹配,Enterprise
ENT_ADCED87A1CAE,Enterprise,上海碳际实业集团有限公司,企业信息暂存.xlsx,156,燃料电池/制氢用炭纸和气体扩散层(GDL)材料技术,已实现全国产炭纸和GDL的全线贯通并量产合格下线，产品已导入国内核心客户群。液流储能电池碳毡产品已达到国内先进水平，正在推进量产建设。,其他需要高性能碳材料的能源电池领域。,硬科技企业，作为上游关键材料供应商，向中下游电池及电堆制造商销售炭纸、气体扩散层及碳毡产品。,已建成国内领先的卷对卷连续生产线并实现量产，具备规模化生产和交付能力。炭纸与气体扩散层累计订单量已达数千平米。,获评上海市专精特新中小企业，2023投资界VENTURE50“新芽”和“投资界碳中和”，嘉定区2023年度创新发展50强。核心技术均自主掌控。,创始人毕业于中科院大连化物所，深耕氢燃料电池膜电极与关键材料技术近十年；核心团队拥有丰富的材料产品设计、工艺开发验证、产线建设经验。短板信息未披露。,暂无具体数据。公司成立于2021年8月，2023年已实现产品量产并获多轮融资。,长期以来，国产碳纸处于“卡脖子”阶段，市场主要被国外厂商垄断。公司通过自主技术实现国产化突破，自主建设了国内领先的连续生产线，具备全链条技术能力，旨在打破国外垄断。具体竞争对手名称未披露。,精确匹配,Enterprise
ENT_EAAB08C16235,Enterprise,深圳东壁科技数据有限责任公司,企业信息暂存.xlsx,157,科技文献数据平台,平台已上线运行。ResearchTool学术成果分享平台已于2024年1月30日正式上线试运行。核心数据库已积累超过2000万篇高水平科研文献。,,市场化手段和商业化运营模式，包括数据库订阅服务、政府咨询服务、期刊咨询服务。,平台已上线并拥有付费客户，具备在线服务交付能力。,致力于打造中国首个独立自主、具有自主知识产权的科技文献数据库平台。具体资质证书信息暂无。,核心团队来自综合科学期刊《The Innovation》，系中科创星长期跟踪项目。项目创始人吴登生来自中科院战略咨询研究院，主攻信息管理专业，是情报科学、图书馆学、管理科学领域的行业领军人物。熊德长期在传媒领域工作，在新华社担任过终审发稿人和中科院科学传播研究中心的主任，对科技传播有深刻认知。短板：原文未明确提及。,,竞对：外文期刊评价和数据库主要有科睿唯安的期刊引证报告（JCR）和Web of Science数据库、爱思唯尔的引用分评价标准（citescore）和Scopus数据库、中信所的科技论文与引文数据库(cstpcd)；中文期刊评价和数据库主要有中科院文献情报中心的CSCD数据库和南京大学的CSSCI数据库。技术差异：东壁科技旨在打造中国首个具有自主知识产权的科技文献数据库平台，以打破国外产品在中文期刊评价和数据库建设方面的垄断，其核心是基于论文引用层次网络的期刊评价新模型、新方法。,精确匹配,Enterprise
ENT_2306BF57FD45,Enterprise,宁波元芯光电子科技有限公司,企业信息暂存.xlsx,158,InP和TFLN两条基础技术路线；核心技术大范围调谐激光器中美两地专利注册,2022年7月普通功率、TO封装DFB已批量交付（万只级），产品通过性能测试,,,2022年7月已实现万只级批量交付,,,,,精确匹配,Enterprise
ENT_A034BC0227BE,Enterprise,苏州微控智芯半导体科技有限公司,企业信息暂存.xlsx,159,垂直腔面发射激光器(VCSEL)芯片设计,,,,,,,,,未匹配,Enterprise
ENT_CD52BC1252F9,Enterprise,北京行云集成电路有限公司,企业信息暂存.xlsx,160,大模型时代AI芯片设计,研发阶段。公司处于A轮融资阶段，产品处于研发或早期阶段。,需要高性能AI计算能力的各类场景，如云计算中心、数据中心、科研机构、大型企业的AI模型部署与推理等。,芯片设计公司，预计通过销售AI芯片及配套解决方案盈利。,暂无。公司处于早期研发阶段，尚未提及芯片量产和交付能力。,暂无。PDF原文及网络信息未提及具体认证、资质或知识产权情况。核心团队有在Nature、ASPLOS、MICRO、NeurIPS等顶级会议期刊发表论文的记录。,创始团队：创始人季宇（清华大学博士，前华为海思编译专家、研究科学家）；首席科学家张悠慧（清华大学计算机系研究员、博导，长江学者）；芯片负责人余洪敏（博士，前中科院自动化研究所研究员，有超两亿颗芯片量产经验）。短板：公司为新创企业，产品尚未量产上市，面临英伟达等巨头的激烈竞争，市场验证和商业化能力待考。,暂无。公司成立于2023年8月（根据网络信息），处于早期研发投入阶段，无公开的营收及利润数据。,主要竞争对手：英伟达（NVIDIA，市占率超80%）。技术差异：公司旨在通过突破性创新打造大模型时代的新一代AI芯片，特别强调在芯片软硬件解耦、提高易用性方面有扎实积累。具体产品差异化瞄准两类市场：1. 替代用于小模型推理的消费级游戏卡（如RTX 4090）；2. 挑战用于大模型推理的高端计算卡（如A100/H100系列）。,精确匹配,Enterprise
ENT_EDDD15EB8DC2,Enterprise,广东卓劼激光科技有限公司,企业信息暂存.xlsx,161,紫外及深紫外固体激光器、半导体激光器、准分子激光器的研发、生产、销售,高新技术企业，已完成A轮及A+轮融资，产品处于研发、生产阶段,高端精密加工、半导体制造、科学研究、医疗设备、检测分析等需要紫外及深紫外激光光源的领域,研发、生产、销售激光器产品，并通过股权融资支持发展,,高新技术企业（根据企业介绍推断），具体知识产权数量及资质未披露,发起于广东粤港，具体团队背景未披露；公司成立于2023年10月，相对年轻，在品牌、市场、供应链等方面可能存在经验短板,暂无（公司成立于2023年10月，运营未满三年）,,精确匹配,Enterprise
ENT_E9ECBEC0FCFA,Enterprise,鲁欧智造（山东）数字科技有限公司,企业信息暂存.xlsx,162,暂无。根据网络信息，该公司由中科院半导体所、潍坊先进光电芯片研究院共同孵化，推测其技术领域与半导体、光电芯片、高端装备相关,暂无。作为由科研院所孵化、政府投资的高科技公司，并获评“高新企业”、“国家级科技型中小企业”，技术应处于研发或初步产业化阶段。,半导体制造、光电芯片研发与生产、高端装备的技术研究和试验发展等。,暂无。公司性质为有限责任公司、民营企业，具有一般纳税人资格。,,“高新企业”、“国家级科技型中小企业”、“省级技术先进型服务企业”、“省级专精特新”（根据网络搜索结果摘要）。统一社会信用代码：91370702MA3TRBWC8K。,创始人曾在国际顶尖半导体公司担任跨国（技术）管理职务多年，掌握国际领先技术。短板：暂无具体信息。公司规模较小（2023年员工20人），可能面临初创企业常见的市场拓展、规模化生产等挑战。,,,未匹配,Enterprise
ENT_083AA5009494,Enterprise,安徽新宸新材料有限公司,企业信息暂存.xlsx,163,高纯固态主盐LiFSI（双氟磺酰亚胺锂），以及NaFSI、ODFB（二氟草酸硼酸锂）及液态盐等新型电解质锂/钠盐及添加剂,已建成2000吨高纯晶体主盐LiFSI产能，并已开始批量出货，技术已实现产业化,钠离子电池电解质、其他需要高性能电解质的电化学储能或动力系统,研发、制造和销售,已建成2000吨/年LiFSI产能，具备批量出货能力,科技型中小企业(2024)、瞪羚企业(2024)、创新型中小企业,董事长王驰伟（捷威动力创始人、原总经理，20年电池及材料研发制造管理经验，985理学博士）；总经理秘军林（原赛纬电解液事业部总经理，近30年电解液、电池、化工行业经验）。团队在研发、制造和管理方面经验丰富。短板信息暂无。,,,精确匹配,Enterprise
ENT_DC8CA399E940,Enterprise,上海硫元科技有限公司,企业信息暂存.xlsx,164,2. 通过烧结条件控制材料硫含量的技术；3. 用于制备高载量、柔性厚电极的水系柔性粘结剂技术；4. 可实现安全、可控100%补锂的原位补锂技术,实验室阶段。SPAN材料已实现实验室单次10公斤级制备，工艺简单，易放大。正与某石化巨头进行百吨/年级规模SPAN材料放大的战略合作洽谈，预计2025年下半年完成试车。,SPAN储锂电池、SPAN储钠电池、SPAN动力电池。,以SPAN材料为抓手，联合产业链企业或委托电池企业代工形式生产各类电池，并进行技术授权、代工或合资。,目前处于研发和中试放大阶段，尚未形成规模化产品交付能力。预计2025年下半年完成百吨级试车。,暂无公开信息。核心技术基于上海交通大学全球原创性、颠覆性发明的硫化聚丙烯腈（SPAN）正极材料的制备及其电池应用技术。,创始团队：创始人、董事长及首席科学家王久林为上海交通大学教授、长江学者特聘教授、国家重点研发计划首席科学家，自1999年深耕锂硫电池领域，是SPAN材料的创制者。CEO李海先为清华大学硕士，拥有投资及汽车电子材料研发生产管理经验。短板：公司成立于2023年，非常早期，产品尚未规模化生产和商业化；团队信息中未明确提及生产、供应链及大规模市场销售方面的核心成员。,暂无。公司成立于2023年10月，处于研发和早期融资阶段。,暂无直接竞对信息。根据公司描述，其SPAN材料属于科学原理上的原创性突破，颠覆了原有硫单质的溶解沉积反应机制，创建了固固转化反应新机制，具有高比容量、高安全、低成本潜力。与传统锂硫电池技术路径存在根本差异。,精确匹配,Enterprise
ENT_5096A8307C8E,Enterprise,原粒（北京）半导体技术有限公司,企业信息暂存.xlsx,165,多模态AI处理器设计技术、Chiplet算力融合技术、AI Chiplet,产品研发阶段，尚未上市。,智能驾驶、智慧物流、智能家居、智能穿戴、智慧城市等。,,,科技型中小企业、创新型中小企业、高新技术企业；朝阳区itech大赛三等奖、第十三届中国创新创业大赛-新一代信息技术全国赛冠军。,创始人/CEO方绍峡博士（清华大学电子工程系，曾任AMD全球芯片研发总监、Xilinx人工智能处理器全球研发总监等）；COO原钢博士（清华大学电子工程系及中科院半导体所，超20年集成电路研发、市场、销售经历，曾任AMD、Xilinx市场业务负责人）。团队来自国际半导体巨头整建制，技术背景强；短板：公司成立于2023年，处于早期研发阶段，产品尚未上市，市场验证和商业化经验可能不足。,暂无（公司成立于2023年4月23日，产品尚未上市）。,,精确匹配,Enterprise
ENT_8DDC2755610B,Enterprise,北京领新博瑞生物科技有限公司,企业信息暂存.xlsx,166,创新化学偶联细胞技术、偶联技术平台,研发阶段，已启动首个管线的IND申报，数个管线在研发阶段。,通过其偶联技术平台，可能拓展至其他需要靶向治疗的疾病领域。,1. 主线产品（针对大癌种实体瘤）采用自主研发、商业化模式；2. 针对血液瘤、小癌种的产品，计划采用License-out（授权）模式快速变现。,暂无。公司处于研发早期，计划融资后搭建细胞扩增平台，并与CDMO和CRO合作进行临床前及后续研发。,科技型中小企业，创新型中小企业，拥有专利，拥有工艺创新能力。,由国内著名高校专家联合发起创立，研发团队经验丰富。短板信息暂无。,,暂无。文档未提及具体竞争对手，但指出细胞治疗行业存在“专利保护导致差异化开发难度大”的挑战。,精确匹配,Enterprise
ENT_A5EBC623DCAF,Enterprise,宁波时识科技有限公司,企业信息暂存.xlsx,167,2. 脑感存算一体动态视觉智能SoC,已实现初步商业化落地，拥有多款已发布芯片（如DYNAP-CNN）和产品，并获得多项行业奖项，技术处于产业化应用阶段。,具身智能、自动驾驶等未来场景。,提供超低功耗、超低延时的全栈式类脑智能解决方案与服务，具体模式未详述。,拥有近80%的研发团队（约80人），具备芯片、软件及一体化解决方案的研发与交付能力。,科技部首届全国颠覆性技术创新大赛决赛优胜奖（最高奖项）、上海国际消费电子技术（Tech-G）杰出科技创新奖、世界人工智能大会（WAIC）卓越人工智能引领者（SAIL）、亚洲国际消费电子展（CES Asia）最佳创新奖等；连续三年入选EET imses Silicon 100、毕马威中国“芯科技”芯锐企业50强及Venture 50。,创始团队：创始人兼CEO乔宁博士（超过10年高性能类脑架构及芯片设计研发经验）；联合创始人及首席科学家Giacomo Indiveri教授（苏黎世大学与苏黎世联邦理工学院终身教授，苏黎世神经信息研究所INI所长）。短板：原文未明确提及。,暂无（原文未提供具体财务数据）。,暂无（原文未明确列出竞争对手及具体技术差异，仅提及类脑智能能效比相较于GPU提升高达100-1000倍，其动态视觉解决方案成本为GPU方案1/10）。,精确匹配,Enterprise
ENT_1DBC4DD40EB7,Enterprise,西安知北信息技术有限公司,企业信息暂存.xlsx,168,口腔精准智慧诊疗云平台；口腔数字化美学影像采集、设计及加工领域的SaaS服务；智能硬件+SaaS应用+影像数据智能分析工具构成的产业智能物联网平台,产品已获医疗器械注册证1项、生产许可证1项，并已投入应用。,暂无（基于现有业务，可能场景已包含在应用场景中）。,销售软硬件产品及提供SaaS服务。,具备研发、生产、销售及服务能力，拥有医疗器械注册证及生产许可证。,国家级高新技术企业；国家双软认证企业；取得医疗器械注册证1项、生产许可证1项；核心团队成员拥有发明专利2项、外观专利2项、软件著作权10项；曾获陕西省科技工作者创新大赛金奖、全国双创大赛陕西赛区银奖、陕西省首版次软件产品奖、陕西省十佳创业项目奖、西安市人工智能应用场景示范项目等荣誉。,核心团队：杨眉（计算机工学博士，工信部大数据高级分析师，原火箭军工程大学计算机教研室副主任、副教授，现任公司总经理）；李伟（原第四军医大学口腔知名美学牙医、医疗信息系统专家）。短板：暂无明确信息。,暂无信息。,暂无明确信息。,精确匹配,Enterprise
ENT_896D836CA2CD,Enterprise,南京迈矽科微电子科技有限公司,企业信息暂存.xlsx,169,高性能无线射频技术及相关芯片产品，专注于无线射频芯片研发,在77GHz毫米波防撞雷达芯片、5G毫米波移动通信芯片等领域具有雄厚的技术储备，具备了直至300GHz的毫米波芯片研发与测试能力,,芯片研发和销售,,,核心团队：施雪松、冯跃军、卢灿光等；团队评价：暂无；短板：暂无,,国内竞争者、国外竞争者（具体名称及差异未在提供内容中详述）,精确匹配,Enterprise
ENT_4C1D8B55445F,Enterprise,南京隼眼电子科技有限公司,企业信息暂存.xlsx,170,毫米波雷达技术研究及产品应用；汽车电子产品及其配件、传感器的研发、制造与销售；软件产品研发,高新技术企业，拥有企业技术中心，技术已进入产品应用阶段,智能驾驶、自动驾驶辅助系统、汽车安全系统,研发、制造、销售汽车电子产品及配件；软件销售；自营和代理进出口业务,,高新技术企业、专精特新中小企业、科技型中小企业；拥有24项知识产权；统一社会信用代码：91320115302649008K,法定代表人：施雪松；具体创始团队信息及短板暂无,,,精确匹配,Enterprise
ENT_0A21F0DF2CC1,Enterprise,图迹科技有限公司,企业信息暂存.xlsx,171,大数据与人工智能在电力交易中的应用,成熟。产品已在全国31个省市区应用，为17家大型能源集团提供服务，日均访问人次达30万，居国内同类平台之首。在电力行业全产业链“发-输-配-售-用”每个环节都有成规模用户（除电网外每环节超100个）。,暂无（基于现有信息，应用场景已覆盖电力能源行业主要环节）。,软件和数据服务供应商，为能源企业提供产品服务和解决方案。,产品已部署至全国31个省市区，服务大型能源集团及众多中小型客户，具备大规模软件交付和运维能力。,陕西省瞪羚企业、西安市瞪羚企业、陕西省专精特新中小企业、高新技术企业、科技型中小企业、西安市独角兽种子企业、高新区独角兽培育企业、西安市科技小巨人、2021年首批陕西省上市后备企业；获得第五届创新创业大赛（陕西赛区）一等奖、第十一届中国创新创业大赛（陕西赛区）二等奖。,创始团队信息未在提供资料中明确列出。短板：暂无明确信息。,暂无具体数据。但资料显示其在陕西省太阳能光伏产业链下游的交易优化调度软件配套市场，占全年收入80%。,暂无直接竞对信息。技术差异：自称是全国唯一一个在电力行业全产业链“发—输—配—售—用”每个环节都有成规模用户的软件和数据服务供应商，市场份额和平台访问量居国内同类平台之首。,精确匹配,Enterprise
ENT_9F4B0F514EE2,Enterprise,镇江海姆霍兹传热传动系统有限公司,企业信息暂存.xlsx,172,薄膜技术、新能源汽车热管理系统,B+轮，产品已量产。拥有专利69项，是国内唯一车用薄膜加热产品供应商。当前产能40万台，储备产能60万台。,暂无（基于现有技术，应用领域已覆盖广泛，潜在场景可能已在列出的行业中）。,研发、制造和销售新能源汽车热管理系统及汽车电子系统产品。,具备量产能力，当前产能40万台/年，并有60万台/年的储备产能。,高新技术企业、科技型中小企业、规模以上工业、独角兽企业。拥有69项专利。,核心团队：董事长兼总经理蒋奕（微电子行业专家，曾任美国国家半导体高级技术经理等）；技术总监常涛博士（曾任伟世通、法雷奥主任/首席工程师等）；运营总监魏先玉（电子电路设计及工艺专家）。短板：暂无明确信息。,,暂无（PDF强调其是国内唯一车用薄膜加热产品，技术以薄膜技术为核心，提供平台级热管理解决方案）。,精确匹配,Enterprise
ENT_17D6DBD81EDE,Enterprise,北京哲源科技有限责任公司,企业信息暂存.xlsx,173,1. 大规模生物医学知识AI平台（TWIRLS）：构建生物医学知识超脑，处理文献，迁移知识，为药物发现新MOA和新适应症，为疾病发现新机制和新药物。2. 基因组霰弹枪损伤评估算法细胞功能定量评估AI平台（DAGG）：利用个体基因组变异信息，描绘个体化细胞功能与信号通路定量图谱(APSP)，关联基因型与表型，支持新适应症、优势人群筛选与疗效预测。3. 泛癌种功能数字化病人库MOA虚拟平台（DPverse）：实现泛癌种患者遗传和肿瘤基因组信息的信号通路活性图谱化，用于虚拟临床试验，测试药物MOA模型，预判适应症和患者画像,A轮融资阶段。已拥有新靶点、新适应症、药物伴随诊断等多项高价值IP。技术平台已构建并应用于药物研发流程。,覆盖30+泛实体肿瘤、上百种病理型、自身免疫疾病的药物研发与精准医疗。,平台型公司，以数字生命技术赋能医药创新，通过技术平台和服务为药企提供研发支持，可能涉及IP授权、合作研发、技术服务等模式。,暂无（PDF原文及网络搜索结果中未明确提及具体交付形式、周期或标准）。,高新技术企业、专精特新中小企业、科技型中小企业、中关村高新技术企业。拥有新靶点、新适应症、药物伴随诊断等多项高价值IP。,核心团队：1. 张春明（联合创始人）：中科院计算技术研究所副研究员，近十年信息科学和生命科学交叉工作经验，负责或参与国家重点研发计划、973和863项目。2. 牛钢（联合创始人）：中科院上海生命科学研究院生物化学与细胞生物学研究所博士，香港大学博士后，曾任思路迪基因组事业部负责人。短板：暂无（PDF原文及网络搜索结果中未明确提及公司短板）。,暂无（PDF原文及网络搜索结果中未披露财务数据）。,暂无（PDF原文及网络搜索结果中未明确提及竞争对手及具体技术差异）。,精确匹配,Enterprise
ENT_E60AE102D103,Enterprise,苏州储慧智能科技有限公司,企业信息暂存.xlsx,174,电池全生命周期一站式平台级BDA解决方案，核心产品为一站式数智创新平台dCore，以及实验室管理系统dLIMS、智能制造执行系统dMES、产品成本管理系统dCost等工业软件。基于电池大数据分析、多尺度仿真等核心技术能力,已形成“数据+平台+应用”三位一体的战略模式，产品已推向市场并获得头部客户应用。承担科技部国家工业软件研发专项课题（动力电池设计和仿真工业软件）。,,为电池上下游企业提供一站式综合数字化解决方案，包括软件产品销售、定制化项目解决方案及专业转型升级咨询服务。,提供从软件平台到定制化项目解决方案及咨询服务的综合交付能力。,国家高新技术企业、科技型中小企业、创新型中小企业。具体知识产权数量及详情暂无。,核心团队：董事长兼总经理曾伟国，华中科技大学人工智能学院研究生，近20年工业软件和产品研发经验，曾任SAP、西门子行业战略顾问，兼任多个国家级及省级专家委员。短板：网络公开信息中未明确提及公司短板。,,竞对信息未明确提及。技术差异：专注于新能源电池细分领域的全流程数字化解决方案，旨在解决该领域工业软件“卡脖子”难题，实现从基于经验到基于AI与机理的正向设计转型。,未匹配,Enterprise
ENT_339F58C88B62,Enterprise,聚时科技（上海）有限公司,企业信息暂存.xlsx,175,大规模深度学习、高精度机器视觉、微纳精密机构与光学技术；研发复杂机器视觉产品系统及工业机器人AI产品，为工业机器提供“视觉洞察力”和“任务执行力”。主要产品包括：聚芯系列半导体缺陷检测量测设备、半导体制程质量分析与良率管理系统、半导体光伏行业AI解决方案、机器人视觉AI控制与重型机器智能系统等，聚焦于工业AI与精密检测仪器设备领域,聚时科技（上海）有限公司已实现产品化，并完成数亿元A轮及A+轮融资，核心业务实现快速增长，具备大规模交付能力。公司已形成算法模型→工业软件→光学模组→机构运控平台→专用设备的完整技术闭环，技术成熟度较高，产品已实现系列化。,工业机器人感知和认知学习、复杂技术型工作与体力型工作的自动化执行。,聚时科技（上海）有限公司从事智能机器硬件设备产品的销售，并提供相应的AI解决方案。,具备产品大规模交付能力，正在强化并完善供应链体系。,国家级专精特新小巨人企业；高新技术企业(2022)；科技型中小企业(2024)；申请专利接近400项；承担国家级核心技术攻关项目。,创始团队：创始人郑军；责任董事林佳亮；项目负责人沈利平，项目成员陈思喆。核心团队来自Bell Labs、KLA、ASML、华为海思等全球一流研发机构或半导体设备公司，具备丰富的图形图像、光刻、检量测系统设备经验。研发工程师230+人。 短板：暂无。,- **近三年营收及利润**：暂无公开数据。,,精确匹配,Enterprise
ENT_8E1AC4D1FACF,Enterprise,中科合肥煤气化技术有限公司,企业信息暂存.xlsx,176,循环流化床煤气化技术（CGAS）研发与应用、装备制造、EPC工程建设及全生命周期跟踪服务。基于CGAS技术打造出气化、环保、工程设计三条业务线,,,煤气化业务盈利模式包括：1. 技术授权（专利、专有技术、软件著作权等知识产权授权）；2. 核心设备销售；3. 工程总承包（EPC）；4. 项目运营管理。环保业务盈利模式包括：1. 技术授权；2. 核心设备销售；3. 工程总承包（EPC）；4. 项目运营管理；5. 危废处理费。,,专利权（具体专利列表见文档第27-29页，包括循环流化床煤气化炉、高温气流熔融炉等）、商标权（具体商标列表见文档第29页）,核心人员基本情况见文档第23-26页，包括姓名、职位、年龄、学历、工作经历等具体信息。公司员工情况：截至2019年8月，公司共有员工32人，其中研发人员10人，生产人员8人，销售人员5人，管理人员9人。短板：1. 技术研发投入不足（财务分析指出）；2. 煤制气业务稳定性风险；3. 环保市场开拓风险。,公司财务数据见文档第74-76页（资产负债表、利润表、现金流量表），但具体近三年营收及利润数值未在提供内容中明确列出。,循环流化床煤气化的竞争格局：主要竞争对手包括中国科学院工程热物理研究所、山西阳煤化工机械（集团）有限公司、北京航天动力研究所等。公司产品核心竞争力：1. 技术优势（中科院工程热物理研究所技术背景，循环流化床技术成熟）；2. 成本优势（投资成本低，运行成本低）；3. 环保优势（污染物排放低）。环保领域的市场竞争格局：飞灰处理主要竞争对手包括上海康恒环境、北京京城环保等；污泥处理主要竞争对手包括北京京城环保、上海康恒环境等；危废处理主要竞争对手包括东江环保、威立雅等。公司该技术方案（循环流化床+高温气流熔融）的核心竞争力：1. 技术优势（处理效率高，二次污染少）；2. 成本优势（投资成本低，运行成本低）；3. 环保优势（污染物排放低，资源化利用程度高）。,精确匹配,Enterprise
ENT_E89EB17C4C0D,Enterprise,苏州博萃循环科技有限公司,企业信息暂存.xlsx,177,电池金属及稀贵金属循环利用全套解决方案,技术已实现工业化、规模化，拥有从拆解、分选、萃取到材料再生的全流程装备，并已销售落地的业务包括技术服务、工程设计、装备、运营、碳足迹。,其他含稀贵金属的电子废弃物回收、关键矿产资源的绿色提取与循环利用。,提供技术服务、工程设计、装备销售、运营服务及碳足迹核算等综合解决方案。,具备全流程装备工业化、规模化能力，可交付从拆解、分选、萃取到材料再生的全套解决方案及装备。,高新技术企业(2022)、科技型中小企业(2024)、瞪羚企业(2024)；授权专利30余项；首家加入国际能源署电动车关键资源工作组的中国企业。,创始人&总经理林晓博士，中科院博士，全国废弃化学品处置标准委员会委员，中国物资再生协会报废汽车国家级专家，承担多项国家及企业工程项目，获国家技术发明二等奖等荣誉。团队汇聚中国科学院、比利时鲁汶大学、日本早稻田大学等国际专家。短板信息未披露。,,暂无具体竞对名称。技术差异点在于其“极短湿法解决方案”和“电池材料短程闭环”技术，致力于将报废电池直接回收为电池级材料，实现高价值金属的高效再生。,精确匹配,Enterprise
ENT_2E560A94F757,Enterprise,北京清程极智科技有限公司,企业信息暂存.xlsx,178,IPT智慧能源系统底层物联网分布式测控技术,,,,,,核心团队科研能力突出、资源丰富、有国家重大项目支持、创业决心较足、客户资源丰富。团队不足：暂无具体描述。,,国内竞争者和国外竞争者（文档中提及但未展开具体信息）。,精确匹配,Enterprise
ENT_A50D24C4345F,Enterprise,长光卫星技术股份有限公司,企业信息暂存.xlsx,179,遥感卫星研制、高清光学载荷研制、卫星遥感信息服务、通信卫星平台研制；自主建设并运营管理全球最大的亚米级商业遥感卫星星座“吉林一号”；依托星座数据训练自有遥感AI大模型,国内商业航天绝对龙头企业，运营最大的亚米级宽幅遥感星座，已形成商业闭环；具备卫星批产经验；已发射2颗星网二代星；预计2025年可实现盈亏平衡,遥感+AI拓展；星网二代星订单；通信卫星整星销售,以提供卫星遥感数据和应用服务为主，以提供卫星、光电仪器和星载部组件产品为辅；2026年开始在通信卫星平台领域形成批量收入；数据及应用服务通过自组吉林一号星座获取遥感数据加工处理后提供；卫星销售通过联合研发、采购核心载荷生产通信卫星总体交付,具备单一系列卫星百颗以上批产经验，在成本管控、供应链管理、批产组织等方面具备长期实践经验；截止2025年年度，遥感卫星在轨数量近120颗,科创属性已在前次申报过程中获得交易所、国家部委（发改委）的一致认可,,2022年至2024年财务数据未提供具体数值；公司处于亏损状态（因重资产模式折旧金额较大），但主营业务收入和利润一直比较稳定；预计未来3年扣非利润会转正并持续增长；2025年收入和利润预测已基本实现,,精确匹配,Enterprise
ENT_39B967AC32BF,Enterprise,北京四象爱数科技有限公司,企业信息暂存.xlsx,180,以海量遥感卫星数据分析为核心技术，具备遥感影像0-7级的处理能力，擅长根据场景落地不同的遥感数据产品。行业内首家推出光学+SAR融合遥感数据产品的公司。自主研发并成功发射SAR、光学、红外卫星，具备同轨多手段遥感卫星星座,成熟。公司成立于2017年，核心团队在遥感领域有数十年技术积累，已成功发射自研卫星并形成数据处理、产品服务及星座运营能力。,基于其多源（SAR、光学、红外）遥感数据融合处理能力及卫星星座，可能扩展至环境监测、灾害预警、国土测绘、智慧城市、精准农业、国防安全等领域。,提供遥感数据处理及数据产品服务，面向B端/G端客户提供定制化监测、分析报告及数据产品。属于技术驱动型服务模式。,具备从卫星数据获取（自有三星）、0-7级数据处理、人工智能数据挖掘到最终应用产品（监测报告、量化统计数据）的全链条交付能力。,高新技术企业（2023）、科技型中小企业（2024）、专精特新中小企业、中关村高新技术企业（根据网络搜索结果）。具体知识产权数量暂无。,创始团队：创始人兼CEO郗晓菲，曾担任近30项卫星型号工程运营系统副总指挥，核心成员来自军内唯一遥感技术单位，在卫星系统规划、多源卫星数据处理方面有超过15年的经验和绝对专业优势。短板：网络信息未明确提及，但作为商业航天应用企业，可能面临市场拓展、持续融资、与体制内单位竞争或合作等挑战。,暂无。公开信息未披露具体财务数据。,竞对：国内其他商业遥感数据服务公司（如航天宏图、中科星图等）及传统体制内遥感应用单位。技术差异：1. 具备自研并发射SAR、光学、红外多源卫星的能力，形成“光学+SAR融合”特色产品。2. 核心团队具备深厚的军方及国家大型专项实战背景，在卫星系统规划和多源数据处理方面有独特优势。3. 专注于将遥感数据应用于金融、基建等民生经济领域，形成差异化应用场景。,精确匹配,Enterprise
ENT_F9582787515A,Enterprise,上海垣信卫星科技有限公司,企业信息暂存.xlsx,181,运营“千帆星座”低轨卫星星座，使用Ku、Q/V等频段载荷；提供卫星通信系统、卫星地面系统科技、光电科技、机电科技、物联网技术、宽带无线移动通信系统领域内的技术开发与服务；卫星导航多模增强应用服务系统集成、地理遥感信息服务、卫星技术综合应用系统集成、测绘服务、卫星遥感应用系统集成、卫星遥感数据处理,技术已进入在轨验证及初步组网阶段。2019年发射首批两颗试验星，2021年发射第二批试验星验证了链路指标、激光通讯、电推进等内容，2024年8月发射首批组网卫星。,全球宽带互联网接入（尤其偏远地区及海上、空中）、行业专网通信、应急通信、物联网数据回传、高精度导航增强、地理信息监测等。,建设并运营全球低轨宽带卫星星座，直接向全球用户提供卫星互联网服务；同时提供卫星系统技术服务、卫星应用集成服务等B端解决方案。,具备卫星设计、发射、在轨运营及地面服务系统建设与运营的全链条能力。已成功发射多批试验星及首批组网卫星。,拥有基础电信业务、第一类增值电信业务、第二类增值电信业务等经营许可（根据网络信息）。已向国际电信联盟（ITU）提交1296个近地轨位申请。具体专利数量及资质证书原文未提及。,创始团队优势：董事长秦健（历任上海市松江区区长、上海联和投资有限公司党委书记兼董事长）具有丰富的政企工作经验；总经理沈波拥有二十余年信息产业领域大型企业高管履历；首席技术官李国通曾任北斗导航重大专项卫星系统总指挥、中科院微小卫星创新研究院院长助理，技术背景深厚。短板：原文未明确提及技术或商业短板，但大规模星座（计划15000颗）的部署、运营成本及商业化进程面临巨大挑战。,暂无（原文及网络信息未披露具体财务数据）。,国际竞对包括SpaceX的Starlink、OneWeb等；国内竞对包括中国星网等。技术差异：计划采用Ku、Q/V等多频段，星座规模庞大（计划15000颗），致力于提供大带宽、低时延、高安全性、全球覆盖的服务。与苏州纳飞卫星动力科技（电推进器）、致微光学（光学元件）等公司可能为产业链上下游关系，而非直接竞对。,精确匹配,Enterprise
ENT_1E601C3C9E65,Enterprise,苏州纳飞卫星动力科技有限公司,企业信息暂存.xlsx,182,微小卫星姿态控制电推进器；自主研发多项卫星推进技术，高难度可变频射频电源技术、空心阴极技术、射频离子推进技术,技术具有革命性，填补国内卫星电推进领域空白；产品已搭载两颗试验卫星上天并完成测试工作；是全球仅有的三家掌握碘工质电推进技术的公司之一。,各类微纳卫星、立方星等空间飞行器的动力系统。,卫星推进系统的研发、设计、制造和销售；提供卫星数据服务和解决方案。,具备卫星推进系统的研发、设计、制造和销售能力；产品已完成在轨测试。,国家高新技术企业；科技型中小企业；创新型中小企业；已获得ISO9001:2015质量管理体系和ISO14001:2015环境管理体系认证证书；拥有自主知识产权。,创始团队：董事长蔡建（中国科学技术大学博士，中科院微电子所副主任研究员，中国宇航学会电推进委员会委员）；联合创始人蔡勇（中国科学技术大学博士，前中集安瑞科高级项目经理，负责企业运营和管理）。短板：暂无（公开信息未明确提及）。,暂无（公开信息未披露）。,竞对：国际上另两家有能力研制碘工质电推系统的公司（未具名）。技术差异：相对于传统基于氙气/氪气的电推进系统，其碘工质电推进系统结构更简单、系统更轻更小，且碘工质燃料价格低廉、供应充足。,精确匹配,Enterprise
ENT_DD4B0C1ED421,Enterprise,致微（苏州）光学技术有限公司,企业信息暂存.xlsx,183,高精度光学系统与镜片制造；高精度车削技术；高精度自由曲面加工和检测；高损伤阈值紫外镀膜技术；光学系统全流程设计能力；球面、非球面、自由面、平面棱镜及复杂光学结构元件制造,成熟。核心团队深耕高端光学领域10年以上，具备光学系统全流程设计、制造、装配、测试能力，拥有国际一流设备，已成功研制我国首套光刻机曝光及照明系统，并承担数百套高精度复杂结构光学元件研制。,,定制化研发与制造服务。为客户提供定制化的高精度光学系统和镜片制造服务。,具备从设计到制造的全流程交付能力。拥有2500平米净化实验室和2000平米普通车间，配备超高精度温振环境实验室及国际一流的光学加工、抛光、镀膜、装调、测试设备。,,核心团队均为国内光学领域专家，深耕高端光学领域10+年，参与国产光刻机光学系统设计，具备与尼康、佳能等国际公司合作研发经验，是国内首个掌握卫星激光通讯领域高精度离轴非球面全流程制造技术的团队。短板：公司成立于2023年11月，运营时间较短；高端光学是实体限制清单重点领域，面临外部技术封锁风险。,暂无。公司成立于2023年11月，无近三年完整财务数据。,竞对：国际巨头如蔡司（公司愿景为打造“中国蔡司”）、尼康、佳能等。技术差异：致微光学掌握高端光学底层核心技术，在特定领域（如高精度自由曲面、高损伤阈值紫外镀膜）具备自主能力，并成功研制国产光刻机核心光学系统，但在品牌影响力、产品线广度、规模化及历史积累上与国际巨头存在差距。国内可能竞对未提及。,精确匹配,Enterprise
ENT_FA0FA480D5D5,Enterprise,上海格思航天科技有限公司,企业信息暂存.xlsx,184,低成本高可靠高性能的卫星产品、创新卫星互联网解决方案、卫星整星与部组件的设计、研发、组装及生产、卫星全流程解决方案、卫星ODM服务、数字化设计和仿真工具,已建成国内首个实现端到端功能全覆盖的卫星工厂，实现设计制造一体化交付；承担“千帆星座”（G60星链）50%的卫星制造任务，计划于2025年完成648颗卫星的发射目标。,,卫星ODM（原始设计制造商）服务，提供从概念设计到最终交付的一体化解决方案。,具备卫星整星与部组件的设计、研发、组装及生产能力，提供从概念设计到最终交付的全流程解决方案；已建成国内首个端到端功能全覆盖的卫星工厂，实现设计制造一体化交付。,,核心成员来自中科院微小卫星工程中心，主要领军人物及专家平均具备近20年的微小卫星总体设计研发与AIT系统集成制造经验，平均航天领域工作经验超10年。短板：暂无明确信息。,,,精确匹配,Enterprise
ENT_E2D3B97ACDAB,Enterprise,吉林求是光谱数据科技有限公司,企业信息暂存.xlsx,185,成像光谱芯片技术（计算重建型光谱CIS）,硬件经过3次流片迭代，已通过手机厂商测评，具备量产条件。截至2024年11月底，光谱成像芯片方案已完成KK量级出货。,医疗设备（如皮肤检测等）、汽车电子（车内环境或驾驶员状态监测）、更广泛的消费品在线检测（如食品安全、日用品有害物质识别）。,销售芯片（供给手机厂商、家电、汽车电子）、模组（供给AIOT）、相机（供给农业、工业）。,芯片方案已完成KK量级出货，具备量产条件。,高新技术企业、专精特新企业。拥有自主知识产权（自研“调制/解调”技术体系）。,创始团队主要来自长春理工大学，在光谱技术和应用领域积累了20余年的经验。短板：暂无明确信息。,暂无明确信息。,暂无明确信息。,精确匹配,Enterprise
ENT_27D6F91D2927,Enterprise,上海锂凰科技有限公司,企业信息暂存.xlsx,186,硅碳负极材料、氧化铁负极材料、能酸埋负极材料及相应电芯；独创兼具高比容量和循环稳定性的硅碳复合负极材料及制备方法；产品“富硅”负极、硅碳负极、硅氧负极和纳米硅粉,产品规模化制备已经突破，工艺路线具备成本优势。高端硅基负极产品完成百公斤级出货，具备千吨级量产能力，关键性能指标超越空前；纳米硅粉实现稳定放量出货。,高能量密度需求的各类锂电池应用场景，如电动汽车、消费电子、航空航天等。,动力电池负极材料技术的研发、生产、销售；储能电池的研发。,高端硅基负极产品具备百公斤级出货能力与千吨级量产能力；纳米硅粉实现稳定放量出货。,暂无明确信息。核心团队主持参与国家863计划、国家发改委重大专项；首席科学家为国家杰出青年基金获得者、科技部重点领域创新团队负责人。,核心团队：董事长兼CEO骆宏钧博士（江苏省“333高层次人才培养工程”，曾任北京当升、北大先行等企业）；首席科学家黄富强教授（国家杰出青年基金获得者，发表Science等论文500余篇）；技术总监王瑞漠博士（北大博士，国家自然科学基金委青年基金项目成员）；运营总监袭锦勇（浙大学士、上海交大硕士，曾任掘新科技创始人及CEO，有丰富市场拓展和销售经验）。短板：公司成立于2021年底，相对年轻；公开信息中未提及大规模量产客户案例及具体财务数据。,暂无公开数据。,暂无具体竞对名称。技术差异点：其硅碳负极材料方案国际上极少数兼具高循环稳定性、高比容量且制备工艺简单；纳米硅粉采用“一步法”超低成本制备，平均粒径小于50nm。,精确匹配,Enterprise
ENT_B62BAE5ED7BA,Enterprise,武汉中科锐择光电科技有限公司,企业信息暂存.xlsx,187,光纤激光与光纤传感特种光电器件技术,技术成熟，已实现产品化及批量供货。拥有自研核心光电器件/模块能力，关键领域自主可控；拥有多年军工产品交付经验，产品质量稳定可靠；器件—模块/子系统—终端设备的产品体系已搭建完毕，平台协同性高。,基于其特种光器件技术，可能进一步拓展至量子通信、精密测量、医疗设备、自动驾驶激光雷达等需要高性能、高可靠性光电器件的领域。,一站式供应及解决方案提供商。产品直销，覆盖器件、模块、子系统及终端设备。,具备军工产品交付经验，拥有军工二级资质，产品质量稳定可靠。产品体系完整，可集体化作战，协同性高。,国家级高新技术企业、国家级“专精特新”小巨人企业、湖北省制造业单项冠军产品（特种光器件）、武汉市上市后备“金种子”企业、军工二级资质。,创始团队来自北大、北航、华为海思等知名高校及企业，拥有多年科研军工行业经验，市场敏锐。核心团队结构完备，技术、商务、管理分工明确。短板信息在提供资料中未明确提及。,暂无具体数据。公开信息显示“连年高基数增长的基本盘已然奠定”。,暂无直接竞对信息。技术差异点在于：专注于专网特种器件，在光频光梳等多个细分产品出货量国内第一，拥有多个国家级项目独家市场；具备从核心器件到模块/子系统的垂直整合与平台协同能力，产品广泛应用于高可靠性的军工及特种行业。,精确匹配,Enterprise
ENT_A219CCCFDCD9,Enterprise,青岛本原微电子有限公司,企业信息暂存.xlsx,188,数字信号处理器(DSP)芯片自主创新架构,已形成核心自主知识产权，产品已面向市场供应,,集成电路设计、销售电子产品及信息处理系统，提供技术开发、服务、咨询与推广,,高新技术企业、科技型中小企业、专精特新中小企业、专精特新企业,由青岛即墨区政府、中科院自动化所和科研团队联合控股，具体团队构成及短板暂无,,,精确匹配,Enterprise
ENT_4DA0D36E5DAC,Enterprise,上海迈铸半导体科技有限公司,企业信息暂存.xlsx,189,晶圆级微铸造成型技术（MEMS-Casting™），以硅片作为模具的压铸成型技术，用于制造几十到几百微米尺度的复杂金属结构,已完成Pre-A+轮融资，资金用于中试生产线建设，正加速实现规模化量产。,工业自动化（如伺服系统、变频器中的电流检测线圈）、机器人领域（如机器人关节模组的微驱动线圈）。,技术及解决方案提供商，产品包括技术授权、定制化制造服务及特定产品（如线圈）。,具备中试生产线，正推进规模化量产能力建设。,高新技术企业，国家级科技企业孵化器企业，省级创新型企业。拥有商标信息17条，专利信息27条，著作权信息2条。,孵化于中国科学院上海微系统与信息技术研究所，创始人/首席研究员顾杰斌具有英国帝国理工学院及中科院背景，团队科研能力强。短板可能在于从研发到大规模商业化生产的过渡阶段，市场拓展和规模化交付能力待进一步验证。,,暂无（原文未提及直接竞争对手。其技术差异在于采用独特的晶圆级微铸造技术，解决了微米尺度复杂金属结构的制造难题，与传统MEMS加工或封装技术路径不同）。,精确匹配,Enterprise
ENT_BE87377E34B9,Enterprise,东莞市中科原子精密制造科技有限公司,企业信息暂存.xlsx,190,光电探测器件设计与制造,已实现产品研发、生产与销售，完成B轮融资，为高新技术企业，技术处于产业化阶段。,环境监测（风、云）、自动驾驶（激光雷达）、高端制造（工业自动化检测）、科研仪器（光谱、成像）、国防与安全（夜视、探测）。,研发、生产与销售自主产品；提供光电探测技术、激光雷达技术的咨询、服务、转让；提供OEM解决方案及定制化服务。,具备研发、生产与销售完整链条，提供产品与技术服务，有OEM定制化流程和质量保障体系。,高新技术企业（天眼查、猎聘信息），形成核心自主知识产权（猎聘信息）。具体专利数量及资质证书暂无。,创始团队信息暂无。短板：网络公开信息未明确提及。,暂无具体数据。,竞对信息暂无。技术差异：专注于光子探测器件及激光雷达领域，产品线涵盖从核心器件（像增强器）到系统（激光雷达、光谱仪），提供高端科研仪器及军工应用产品。,精确匹配,Enterprise
ENT_AD9865F9BF03,Enterprise,北京金钢科技有限公司,企业信息暂存.xlsx,191,图案式磁编码器技术,,,,,高新技术企业(2024)，科技型中小企业(2022)，A级纳税人(2023),法定代表人/负责人为梁正，具体团队构成及短板暂无,,,精确匹配,Enterprise
ENT_31236014A240,Enterprise,上海松应科技有限公司,企业信息暂存.xlsx,192,物理AI仿真系统ORCA（国内首个）、物理AI仿真系统一体机、ORCA高保真引擎、软件协同技术,已推出核心产品ORCA系统及一体机，并已广泛应用于多个领域，完成种子轮和天使轮融资，技术处于应用推广阶段,暂无（基于现有信息，应用场景已较明确）,销售物理AI仿真系统一体机、ORCA系统及软件，提供技术平台与服务；通过合作伙伴构建开放共赢生态体系,可交付物理AI仿真系统一体机、ORCA软件系统及配套解决方案，具备构建高精度数字仿真平台和训练道场的能力,自主研发国内首个物理AI仿真系统ORCA，拥有相关知识产权（根据网络信息，有3项专利、6项行政许可）,创始人：聂凯旋（根据网络信息）。短板：暂无明确信息（公司成立于2021年，相对年轻，可能面临市场拓展和规模化挑战）,,暂无具体竞对名称。技术差异：强调其ORCA系统是“国内首个”物理AI仿真系统，在物理AI研发应用领域占据领先地位，具备高保真引擎和软件协同等前沿技术,未匹配,Enterprise
ENT_F3A35D81F440,Enterprise,西安必盛激光科技有限公司,企业信息暂存.xlsx,193,高功率智能化半导体激光表面处理设备、激光熔覆合金粉末、激光特种加工及再制造（零部件修复）技术,已产业化，公司成立于2013年，并于2018年完成A轮融资，表明技术已进入商业化应用阶段,高端装备制造、航空航天、能源、冶金等行业的设备维护与性能提升,销售激光表面处理成套设备及合金粉末，并提供激光加工及技术服务,,拥有相关知识产权及专利（PDF中提及），具体信息暂无,由中国科学院西安光学精密机械研究所（西科控股）、天使基金和创业团队共同创立。法人代表为王晓飚。具体团队构成及短板暂无,,,精确匹配,Enterprise
ENT_337B26DB83F2,Enterprise,九维光子科技（昆山）有限公司,企业信息暂存.xlsx,194,相变直写光刻设备（100nm/50nm超分辨纳米光刻）；光互连与半导体微纳加工,天使+轮融资阶段，已获政府股权投资，技术处于产业化发展初期,光子技术融合新赛道，区域产业升级，规模化、产业化发展,股权投资签约，政府注资推动产业化,,,核心团队信息不足，PDF中提及拟派董事李伍一、项目负责人李伍一、项目成员程呈、责任合伙人米磊，但具体背景不详；短板为初创期，规模与市场验证待完善,,,精确匹配,Enterprise
ENT_A0DD84A106C8,Enterprise,上海博动医疗科技股份有限公司,企业信息暂存.xlsx,195,无铁芯直驱柔性环形传输线技术及相关软硬件,,,,,,,,,未匹配,Enterprise
ENT_95319390125A,Enterprise,合肥曦合超导科技有限公司,企业信息暂存.xlsx,196,超导技术解决方案，实验室、工业应用及特殊场合应用的超导、低温设备的研发、制造和销售,已获A轮及A+轮融资，产品已进入研发制造和销售阶段,科研机构、高校实验室、高端制造业、电力设备领域、特殊工业环境,研发、制造和销售超导及低温设备，提供技术解决方案,,,创始人周超，责任合伙人郭鑫，项目负责人王柏凯，项目成员赵传奇；团队短板暂无,,,精确匹配,Enterprise
ENT_1D960FE5771A,Enterprise,深圳海旭新能源有限公司,企业信息暂存.xlsx,197,新兴能源技术（光伏/储能）,,海洋平台能源供应、沿海/离岛新能源项目、工业余热利用,,,,责任合伙人：郭鑫；项目负责人：王柏凯；项目成员：李锴琦。团队具体背景及短板暂无。,,,精确匹配,Enterprise
ENT_30433C851164,Enterprise,绍兴摄星智能科技有限公司,企业信息暂存.xlsx,198,以垂直领域内外网数据为“护城河”，为政警提供智能技术服务,,,,,科技型中小企业,法人代表是杨理想。投资建议书中提及责任董事张晓、项目负责人张晓飞、项目成员肖强。具体创始团队构成及短板暂无。,,,未匹配,Enterprise
ENT_E441C70C7069,Enterprise,深圳大道半导体有限公司,企业信息暂存.xlsx,199,专注于CSP-LEDs（芯片级封装LED）及其模组的设计与制造,高新技术企业，拥有核心自主知识产权与技术，技术已产业化,,创新型中外合资企业，由专业投资机构联合投资,,高新技术企业、国家级科技型中小企业、省级专精特新企业、拥有核心自主知识产权,拥有一支长期从事半导体照明市场、产品、研发的团队；具体短板暂无,,,精确匹配,Enterprise
ENT_3D9EE80D2CB2,Enterprise,科近泰基新技术有限公司,企业信息暂存.xlsx,200,科近泰基新技术（待查，无公开信息）,,,,,高新技术企业,法定代表人：李国宏；责任合伙人：郭鑫；项目负责人：赵传奇；项目成员：张湘伟、王德诚。团队具体背景及短板暂无。,,,精确匹配,Enterprise
ENT_6AC14C1A90FC,Enterprise,上海钧合原子科技有限公司,企业信息暂存.xlsx,201,小型模块化核反应堆（SMR）的研发设计及产业化,研发设计阶段，已完成首轮融资,小型和微型核动力装置商业化应用，为特定区域或设施提供电力,高科技企业，通过技术研发、设计及后续产业化推广实现价值,,,,,,精确匹配,Enterprise
ENT_887F7C94EA63,Enterprise,北京星空年代通信技术有限公司,企业信息暂存.xlsx,202,国内甚小口径终端地球站通信业务,,全国范围的卫星通信网络覆盖与服务,,,增值电信业务经营许可证（A2.B1-20200406，国内甚小口径终端地球站通信业务，覆盖全国）、高新技术企业、中关村高新技术企业,法定代表人/董事长：佘章树；项目负责人：张辉；项目成员：赵英杰。团队具体背景及短板暂无详细信息。,,,精确匹配,Enterprise
ENT_830807A60B75,Enterprise,北京鹏钛科技有限公司,企业信息暂存.xlsx,203,PCIe 5.0/6.0存储控制芯片技术,,,,,,,,,精确匹配,Enterprise
ENT_CE1CF4AB6470,Enterprise,明视脑机科技（苏州）有限公司,企业信息暂存.xlsx,204,侵入式脑机接口技术，提供整体解决方案,天使轮融资阶段，技术处于早期研发或初步产品化阶段,神经科学研究、神经系统疾病治疗与康复、人机交互,,,,,暂无（公司成立于2024年）,,精确匹配,Enterprise
ENT_F42F2A9CA0EB,Enterprise,意瑞半导体（上海）有限公司,企业信息暂存.xlsx,205,汽车电子IC芯片设计,研发团队有十二年多的汽车电子IC开发经验，芯片已被广泛应用,,半导体解决方案供应商,,高新技术企业，科技型中小企业，专精特新中小企业，质量管理体系认证(ISO9000/ISO9001)，A级纳税人,创始人：尹小平；项目负责人：张涛；项目成员：郭豪舜。研发团队有十二年多的汽车电子IC开发经验。短板信息暂无。,,,精确匹配,Enterprise
ENT_16EC79BF3B2E,Enterprise,赛蕴生物科技（成都）有限公司,企业信息暂存.xlsx,206,新型可编程蛋白递送载体（eCIS递送平台）,平台型技术，拥有完整自主知识产权，处于早期研发或技术验证阶段,基于可编程蛋白递送载体的药物研发、基因治疗、生物技术工具开发,,,拥有新型可编程蛋白递送载体完整自主知识产权,依托中国医学科学院&北京协和医学院病原生物学研究所专家团队；短板信息暂无,暂无（公司成立于2024年）,国内首家eCIS递送平台型公司，技术差异信息暂无,精确匹配,Enterprise
ENT_998AE34A2717,Enterprise,浙江澳威激光器件有限公司,企业信息暂存.xlsx,207,激光器、PLC、C/DWDM、无热/有热AWG等光学器件，提供光学产品设计的定制、样品、小批量生产和量产服务,正在运营，提供定制化产品及量产服务，技术已实现商业化应用,光模块、传感、半导体光电芯片等领域,研发生产商，提供定制设计、样品、小批量及量产服务,具备样品、小批量生产和量产服务能力,,团队信息不详；短板可能包括市场知名度、规模扩张能力等（原文未明确提及）,,,未匹配,Enterprise
ENT_045E46E6AD00,Enterprise,艾可萨科技（成都）有限公司,企业信息暂存.xlsx,208,存储芯片及存储系统设计研发,,,,,,投资小组组长：张涛；项目负责人：代华斌。具体团队构成及短板暂无,,,未匹配,Enterprise
ENT_39A2D68BC8D8,Enterprise,利德健康科技（广州）有限公司,企业信息暂存.xlsx,209,自主研发生命科学仪器与生物智造装备（包括生物制药装备），提供微流控、自动化、智能化、系统级解决方案。具体涵盖单细胞多组学底层技术（单细胞转录组、成像流式细胞仪、空间组学）、抗体自动化高通量开发系统、细胞基因治疗（CGT）自动化制备系统、自动化干细胞培养制备系统、生物安全装备，以及相关的配套生物芯片、试剂耗材和人工智能技术,技术处于研发及产品产业化初期，处于天使轮融资阶段，部分技术信息需要额外补齐。,生物医药研发、医疗诊断、生物制造、抗体药物开发、细胞基因治疗CGT制备、单细胞多组学研究（包括胚胎发育、组织器官3D重构、疾病机制解析等）、脓毒症等疾病诊断,硬科技企业，通过自主研发、生产并销售生命科学仪器与生物智造装备实现营收。,,,**创始团队**： - CEO张峰：连续科技创业者，前华为技术专家，专注于机器人自动化、微流控芯片及肿瘤癌症诊断（CT）医疗器械领域。 - 首席科学家徐涛：中国科学院院士。 - COO秦占阳：擅长科技成果产业化与政府关系。 - CTO曹小宝博士：国家重大人才计划（青年）入选者，微纳流控平台首席科学家。 - 技术顾问包括：Prof. Erwin Neher（1991年诺贝尔生理学/医学奖得主）、Prof. Andrew deMello（中组部国家“千人计划”入选者）。 - 其他相关成员：责任合伙人米磊；项目负责人卢小保、于翔；项目成员魏晨雪、王德诚。（注：此部分成员具体背景信息未详细提供） **短板**：现有资料未明确提及公司具体短板。,,**利德健康科技(广州)有限公司竞对及技术差异分析** **1. 单细胞转录组技术** * **对比公司：** T公司 * **利德健康优势：** * **细胞回收率：** 70%~80%，高于T公司的约60%。 * **拓展性与操作：** 集成分选操作，可适用于微量细胞；而T公司为单步操作，不适用于微量细胞。 * **试剂来源：** 全国产化。 * **成本：** 约4000元/kit，显著低于T公司的约15000元/kit。 **2. 成像流式细胞仪** * **对比公司：** B公司（传统流式） * **利德健康优势：** 除提供一维强度信息外，还能提供二维图像信息、细胞力学性能、蛋白空间定位等更丰富的数据维度。 * **对标产品：** Cytovale IntelliSep。 **3. 空间组学技术** * **对比公司：** T公司与H公司 * **利德健康优势：** * **空间分辨率：** 1~2μm，优于T公司的100μm和H公司的0.5μm（注：此处数值差异可能反映不同技术路径，利德健康在亚细胞至细胞级分辨率有优势）。 * **检测深度：** 每个细胞平均可检测2000~4000个基因，高于T公司的约500个和H公司的约1000个。 * **组织尺寸：** 无限制，而竞品存在限制。 * **拓展性：** 可整合转录组、表观组、免疫组学和多组学分析，应用更广泛；竞品功能较单一。 * **成本：** 约25000元/kit，低于T公司的约38000元和H公司的约50000元。 **4. 抗体开发系统** * **对比平台：** Beacon平台 * **利德健康优势：** * **通量：** 约100万细胞/芯片，远高于Beacon平台的1万细胞/芯片。 * **抗体分泌检测时间：** 1~3小时，快于Beacon平台的2~5小时。 * **设备售价：** 500~1000万元人民币，显著低于Beacon平台的约2000万元。 * **芯片成本：** 2000~5000元/片，远低于Beacon平台的约20000元/片。 **5. 细胞基因治疗（CGT）制备系统** * **对比对象：** 人工操作CGT制备系统 * **利德健康优势：** * **工艺性能：** 在制备的一致性、质量控制、安全性和生产效率方面显著更优（评级：★★★ vs ★）。 * **生产成本：** 约为人工操作成本（设为基准A）的30%（即~0.3A），更具成本优势。,模糊匹配,Enterprise
ENT_4B02F42CA823,Enterprise,原集微科技（上海）有限公司,企业信息暂存.xlsx,210,专注于超越摩尔的原子级芯片制造和异质集成技术,,,,,,,,,精确匹配,Enterprise
ENT_FF67534267DF,Enterprise,大乙半导体材料（深圳）有限公司,企业信息暂存.xlsx,211,基于香港大学在金属材料领域技术突破，针对高功率半导体的连接封装散热、失效等痛点问题，研发最新型烧结材料,,,,,,创始人为香港大学机械工程系主任黄明欣教授，公司由香港大学孵化。项目负责人为卢小保，项目成员包括魏晨雪、葛鸿飞。短板信息暂无。,,,精确匹配,Enterprise
ENT_748253C2DE21,Enterprise,深圳市初创二期人工智能科技发展中心（有限合伙）,企业信息暂存.xlsx,212,人工智能技术（投资机构，无核心技术）,,,本基金拟投资境内人工智能领域高成长、创新型企业的股权，通过在境内外上市、分红或股权转让等多种方式退出，实现基金投资人的权益增值。,,,基金管理人为初创（上海）投资管理有限公司。基金团队包括：王映初（初创投资董事长、创始合伙人）、王乐京（管理合伙人）、代晋（合伙人）、冯文杰（合伙人）、蒋伟民（合伙人）、吴俊平（投资顾问委员会顾问）。,,,精确匹配,Enterprise
ENT_5F8ECBC129AE,Enterprise,上海欧科汀能源科技发展有限公司,企业信息暂存.xlsx,213,新能源材料技术（专用化学品、金属材料、新型催化材料）,,,,,,,,,精确匹配,Enterprise
ENT_BC49AE579455,Enterprise,北京基点起源信息技术有限公司,企业信息暂存.xlsx,214,人工智能技术（未查到具体核心技术）,,,,,,,,,精确匹配,Enterprise
ENT_D24DF54EBC60,Enterprise,中科驭数（北京）科技有限公司,企业信息暂存.xlsx,215,DPU芯片、专用数据处理架构,B轮融资阶段，产品已进入市场应用阶段,金融科技、人工智能、边缘计算、5G通信、自动驾驶等对低延迟、高带宽数据处理有需求的领域,芯片设计、销售及解决方案提供商,,高新技术企业、科技型中小企业、国家级专精特新小巨人企业、中关村高新、省级企业技术中心,创始人鄢贵海，核心团队技术背景强。短板信息暂无。,,国内DPU芯片设计企业。技术差异信息暂无。,模糊匹配,Enterprise
ENT_E0CA7D44CB41,Enterprise,南京苗米科技有限公司,企业信息暂存.xlsx,216,无线智能感知产品，专注于智能路由器、安防监控、系统集成,,无线智能感知相关领域,特约经销、产品代理,,高新技术企业、科技型中小企业、A级纳税人、一般纳税人、小微企业,法定代表人：苏瀚；项目负责人：韩一；项目成员：赵英杰、张辉；参与合伙人：米磊。团队短板暂无具体信息。,,,精确匹配,Enterprise
ENT_B5A231AB65DD,Enterprise,宁波天擎航天科技有限公司,企业信息暂存.xlsx,217,固体运载火箭、火箭发动机、航天高端零部组件的研发与制造,已获C轮融资，产品处于研发与制造阶段，具体成熟度未披露,卫星发射、航天运输、国防军工,高科技产品研发、制造与销售,,高新企业、国家级科技型中小企业（历史）、省级科技型中小企业（历史）,创始人杨威，团队行业经验丰富、创新能力卓越；项目负责人张辉，项目成员韩一，参与合伙人米磊、段喆。具体短板未披露。,,,精确匹配,Enterprise
ENT_DD1E80BC70B3,Enterprise,中科物栖（南京）科技有限公司,企业信息暂存.xlsx,218,AI芯片、RISC-V AI芯片、物端超微计算技术,,万物互联、万物智能生态构建,技术服务、技术转让、系统集成,,,CEO/法定代表人为张磊；为中科院计算所孵化企业，技术背景强；具体团队构成及短板暂无,,,未匹配,Enterprise
ENT_99660FAC0CC4,Enterprise,北京佰为深科技发展有限公司,企业信息暂存.xlsx,219,北京佰为深科技 - 点式光纤传感技术,,,,,高新技术企业、专精特新中小企业、科技型中小企业、中关村高新技术企业、A级纳税人、一般纳税人,法定代表人/责任董事：张立喆（或段喆，信息冲突）；项目负责人：丁冠华；项目成员：钱俊。具体创始团队背景及短板暂无详细信息。,,,精确匹配,Enterprise
ENT_67211EE6E83D,Enterprise,中科视拓（北京）科技有限公司,企业信息暂存.xlsx,220,AI视觉感知计算技术、SeetaFace人脸识别,高新技术企业，拥有自主研发的人脸识别技术，技术已产品化并应用于多个行业,基于其AI视觉全栈能力，可拓展至安防、智慧城市、智能终端、工业质检等更多视觉相关领域,为企业及政府客户提供AI解决方案及服务,,高新技术企业、科技型中小企业、专精特新中小企业,创始人为中科院计算所研究员、博导山世光博士，为人脸识别领域知名专家。短板信息暂无。,,,未匹配,Enterprise
ENT_398D198D5172,Enterprise,北京茵诺医药科技有限公司,企业信息暂存.xlsx,221,北京茵诺医药 - 主动靶向纳米药物递送技术,YN001已完成临床前验证，获得美国FDA及中国CDE的IND审批，已在澳洲启动I期临床试验并入组受试者，国内临床试验即将于2023年10月中上旬启动；YN002、YN003处于临床前阶段，计划2024年递交IND,利用靶向递送技术携带肿瘤药物穿过血脑屏障治疗脑胶质瘤等肿瘤疾病,,,国家高新技术企业；北京专精特新中小企业；北京中关村高新技术企业及中关村金种子企业；申请专利27项，获批专利13个，美国、欧洲、加拿大、澳大利亚已经进入实审阶段；拥有独立知识产权的靶向递送系统；以全国第一的成绩获批十四五国家重点计划专项,创始人：马茜，医学博士，10余年心内科诊疗经验，国家自然基金评审专家。团队：研发团队硕博学历以上70%+；一流的临床团队，国内顶尖的合作医院；业内具有影响力的资深专家顾问团队；经验丰富的研发团队和部门负责人。短板：暂无相关信息,,临床诊疗手段（诊断、药物治疗、介入治疗、外科手术）存在局限，缺少特效药。YN001采用独立知识产权的靶向递送技术，旨在实现药物的靶向递送和局部富集，有望开发出国际第一个可逆转动脉粥样硬化的特效药。,精确匹配,Enterprise
ENT_A9D978C909EF,Enterprise,成都量子象云计算科技有限公司,企业信息暂存.xlsx,222,知识计算与科技情报引擎（AMINER），涵盖跨媒体科技知识图谱构建技术、情报网络的隐含关联挖掘、基于立体画像的多维科技情报快速匹配，并提供知识计算开放平台,,,,,,,,,未匹配,Enterprise
ENT_CB1FDA0EFB8A,Enterprise,北京牛视科技有限责任公司,企业信息暂存.xlsx,223,智能安防监控技术,,,,,,,,,未匹配,Enterprise
ENT_99311272B5E0,Enterprise,北京中科凡语科技有限公司,企业信息暂存.xlsx,224,机器翻译与多语言信息分析处理技术,成熟（系统已广泛应用于政府、公安、军队、航空等领域）,互联网信息服务、技术开发与推广,提供技术解决方案与服务,,高新技术企业、科技型中小企业、专精特新中小企业、A级纳税人,孵化于中国科学院自动化研究所；法定代表人韩延超；责任董事林佳亮；项目负责人成泊翰。短板信息暂无,,,精确匹配,Enterprise
ENT_1788F0714FE9,Enterprise,北京智机科技有限公司,企业信息暂存.xlsx,225,机器视觉解决方案、机器人智能技术,,机器视觉解决方案,技术开发、技术咨询、技术服务、技术转让、技术推广；软件开发；计算机系统服务,,科技型中小企业(2023)，高新技术企业(2024),团队汇聚了来自北大、中科院等知名科学家和产业精英，由魏源担任法定代表人。项目负责人为刘水，项目成员包括林佳亮。责任董事包括米磊、林佳亮。,,,精确匹配,Enterprise
ENT_297C2F7742A9,Enterprise,包头中科轩达新能源科技有限公司,企业信息暂存.xlsx,226,固态储氢技术,,先进储氢,,,高新技术企业,由中国科学院包头稀土研发中心与燕山大学技术研发团队于2017年携手创立,,,精确匹配,Enterprise
ENT_41C22B3A2858,Enterprise,北京天科合达半导体股份有限公司,企业信息暂存.xlsx,227,第三代半导体碳化硅单晶衬底及相关产品的研发、生产和销售,国内率先从事该领域，已实现规模化生产，为国家级高新技术企业,功率器件、射频器件等第三代半导体应用领域,研发、生产、销售碳化硅单晶衬底及相关产品,国内碳化硅单晶衬底领域生产规模较大，具备量产能力,国家级高新技术企业,,,,精确匹配,Enterprise
ENT_7A284844C969,Enterprise,江苏鲁汶仪器股份有限公司,企业信息暂存.xlsx,228,纳米孔径分析仪、蚀刻机、镀膜机等半导体设备,中外合资高科技企业，核心团队拥有国外大学博士学位，技术团队具备半导体行业经验，产品已商业化,,,,高新技术企业、专精特新“小巨人”企业、瞪羚企业、企业技术中心,核心团队有国外大学博士学位及半导体行业技术背景；短板信息暂无,,,未匹配,Enterprise
ENT_F631A814AE95,Enterprise,北京诺福熙基因科技有限公司,企业信息暂存.xlsx,229,基因技术（公司已注销）,,,,,,,,,精确匹配,Enterprise
ENT_82132A349E98,Enterprise,安徽绿舟科技有限公司,企业信息暂存.xlsx,230,人工智能产品及解决方案、换电业务技术,高新技术企业，拥有企业技术中心，技术研发人员占比80%以上,人工智能解决方案在更多垂直行业的应用,提供人工智能产品及解决方案，具体模式暂无,员工200+，80%以上为技术研发人员，具备产品及解决方案交付能力,高新技术企业、科技型中小企业、专精特新中小企业、企业技术中心,法定代表人吴如伟，具体创始团队信息及短板暂无,,,精确匹配,Enterprise
ENT_A73BAE7ECD19,Enterprise,中科酷原科技（武汉）有限公司,企业信息暂存.xlsx,231,量子传感器及其核心器件、中性原子量子计算、冷原子绝对重力仪等量子技术产品,高新技术企业，已完成多轮融资，产品处于研发、生产与应用阶段,量子计算、量子传感、国防科技、工业检测、科研仪器,研发、生产、销售量子技术产品并提供技术服务,,高新技术企业,技术团队源自中国科学院精密测量科学与技术创新研究院，从事冷原子物理研究；责任董事及项目负责人为李浩，项目成员包括刘华鹏。短板信息暂无,,国内首家同时具备多种量子精密测量技术能力的企业；技术差异暂无,精确匹配,Enterprise
ENT_B4594C9625AD,Enterprise,上海超维无际电子科技有限责任公司,企业信息暂存.xlsx,232,气体扩散层和高性能碳材料技术,,,,,,,,,精确匹配,Enterprise
ENT_C491425F3907,Enterprise,中科合成油技术股份有限公司,企业信息暂存.xlsx,233,煤制油技术研发、产业化技术转让、催化剂生产与销售、煤制油专有设备的研制与开发、能源化工和煤化工设计、工程总承包,成熟，已实现产业化技术转让、催化剂销售及工程总承包,国家能源战略项目、海外煤制油项目、煤化工园区建设与升级,技术转让、催化剂销售、工程设计、工程总承包（EPC）、技术咨询与服务,具备从技术研发、设计到工程总承包、催化剂生产与供应的全链条交付能力,高新技术企业，拥有多项煤制油相关技术知识产权,,,,精确匹配,Enterprise
ENT_11D607A89C01,Enterprise,合肥天港免疫药物有限公司,企业信息暂存.xlsx,234,专注于源头创新免疫药物开发，聚焦NK细胞免疫检验点抑制剂、多功能抗体、双特异性抗体、免疫缀合物、免疫调节剂等,研发阶段，处于Pre-A+轮融资阶段，产品处于研发和临床前阶段。,基于NK细胞免疫检验点的各类肿瘤治疗。,生物科技研发公司模式，通过研发创新药物，未来通过药品上市销售、技术授权等方式实现商业化。,,国家科技企业孵化器、省级专精特新企业、科技型中小企业；拥有多项知识产权（如试剂盒、表达载体等）。,创始团队由中国工程院、欧洲科学院双院士田志刚教授领衔，为全球NK细胞研究领域领先团队之一，有20年NK细胞受体研究历史。短板可能在于公司处于早期研发阶段，产品尚未上市，商业化经验和现金流可能不足。,,暂无具体竞对名称。技术差异在于其研发团队是全球NK细胞研究领域领跑者之一，国际上较早发现并验证多个NK细胞免疫检验点。,精确匹配,Enterprise
ENT_2F6321DDD527,Enterprise,合肥星眸生物科技有限公司,企业信息暂存.xlsx,235,聚焦眼科疾病的基因治疗药物开发和基因编辑技术研发、服务,研发阶段，为孵化企业，已完成多轮融资用于产品研发。,基于基因编辑技术的其他疾病治疗领域。,生物科技公司模式，通过研发创新药物实现商业化。,,科技型中小企业；拥有专利（具体信息需进一步核实）。,创始团队为中国科大背景；短板信息暂无。,,,精确匹配,Enterprise
ENT_0C651675F830,Enterprise,西安中科智晶光电技术有限公司,企业信息暂存.xlsx,236,激光熔覆技术（激光表面处理和再制造技术），用于机械零部件和设备的激光修复及表面激光改性,,,,,,,,,未匹配,Enterprise
ENT_3A3F19E6A95F,Enterprise,北京中科智加科技有限公司,企业信息暂存.xlsx,237,以语音智能处理技术为核心，以文本、视频、图像智能处理技术为配套的系列应用产品与解决方案,,,,,,团队成员多年从事语音合成、语音识别、机器翻译和自然语言处理技术研究与产品开发，拥有丰富的科研与工程经验。徐爽为自动化所研究员，为自动化所技术团队代持股份。,,,精确匹配,Enterprise
ENT_9D54D62B1176,Enterprise,深圳市辉宏激光科技有限公司,企业信息暂存.xlsx,238,高功率脉冲碟片激光器及其核心器件的研发、生产及制造,国际领先水平（关键技术由万辉博士在德国斯图加特大学及D+G公司掌握，已进行国产化）,工业加工、基础科研以及生物医疗等领域,,,相关技术已申请知识产权进行保护,核心团队包括万辉（创始人，德国斯图加特大学物理学博士，曾任德国D+G公司项目主管）、牛增强（联赢激光董事/副总经理，博士）、林子扬（深圳大学教师，博士）、Gregor Hehl（德国MW Elektrooptik GmbH创始人，博士）、田丰（上海灏克激光总经理）、靖君臣（柔宇科技高级软件工程师，硕士）。团队技术背景强，但未提及市场、运营等短板。,,竞对：德国通快（TRUMPF）。技术差异：本项目技术解决国内高功率脉冲激光器国产化难题，该技术长期被通快垄断。,精确匹配,Enterprise
ENT_FD4034745288,Enterprise,苏州睿芯集成电路科技有限公司,企业信息暂存.xlsx,239,基于开放指令集Risc-V高性能服务器处理器芯片、DF-GPU及加速芯片的设计、销售及服务,,,芯片设计、销售及服务，提供处理器及加速芯片产品与基础软硬件解决方案,,,由中科院计算所范东睿研究员领衔，团队近年主要承担了国家973项目、863项目、核高基重大专项、国家自然科学基金重点项目、中科院先导A类专项等多项国家级课题；公司全职71人，计算所员工10人，学生20人，外协40余人,,,精确匹配,Enterprise
ENT_F03F5ED89AD1,Enterprise,中科皓烨（东莞）材料科技有限责任公司,企业信息暂存.xlsx,240,高折射透明陶瓷材料,,,,,,,,,未匹配,Enterprise
ENT_E77DEAD63EC1,Enterprise,广州超视计生物科技有限公司,企业信息暂存.xlsx,241,智能超灵敏结构光超分辨显微镜,,研究细胞的动态调节机制，为创新药研发提供新的工具,,,,创始人：陈良怡；联合创始人：毛珩、李浩宇；核心团队成员共事多年，充分信任,,国外对标企业：Eikon Therapeutic；国内竞争企业：纳析光电、熵智科技,精确匹配,Enterprise
ENT_20C99DF97ACD,Enterprise,常州苏锂科技有限责任公司,企业信息暂存.xlsx,242,四种体系的三元正极材料：中低镍/高镍体系、NCMA体系、富锂体系、低成本工艺体系；具体技术纳米包覆超高镍正极技术、单晶正极技术、富锂锰基材料技术、低成本合成技术,,,,,,创业团队背靠中科院物理所新能源电池团队，有技术研发优势和顶级专家顾问资源。项目团队成员有成熟产业化经验。,,,未匹配,Enterprise
ENT_83F6FDB38955,Enterprise,北京钠谛科技有限公司,企业信息暂存.xlsx,243,先进钠离子电池技术（含P2相锰基正极、钠电碳基负极、电解液）,,储能系统,,形成“核心材料 - 电芯制造 - 储能系统 - 工程实施”端到端交付能力,,,,,精确匹配,Enterprise
ENT_55050412F534,Enterprise,北京绿色康成生物技术有限公司,企业信息暂存.xlsx,245,非天然途径生物合成技术,,,,,,"技术团队由多年氨基酸和二元醇生物制造经验的清华大学合成生物学专家组成，产业化团队曾成功实现合成生物学产品1,3-丙二醇从实验室到商业规模的落地。",,,精确匹配,Enterprise
ENT_1B4195EF9629,Enterprise,中科沃川（苏州）新材料科技有限公司,企业信息暂存.xlsx,246,纳滤膜孔径精准调控技术(SARIP)、高通量新型结构纳滤膜制备,已取得核心专利7项，申请中2项；2023年启动中试生产线建设，2024年4月中试线调试完成，并开始多个系列产品的试产。,,,拥有中试工厂（苏州纳米城中北区28幢1、2楼），量产工厂选址中。,已取得核心专利7项，申请中2项；已获苏州政府8000万资金支持（5年期）。,创始团队包括董事长/首席科学家靳健博士（国家杰青、领军人才）、CTO朱玉长、CPO李燚、CEO谭瀚茗、销售专家吴波等，涵盖技术、运营、销售。团队在膜材料研发和产业化方面经验丰富。短板信息未提及。,,竞品包括苏伊士DK系列纳滤膜、杜邦NF270/NF90/SW30/BW30系列膜、以色列Bio Pure Technology的AMS耐酸碱纳滤膜。技术差异：ART-Ultra-S系列具有超窄膜孔尺寸分布和超高离子选择性（离子选择性>4000，高出竞品1个数量级）；ART-Ultra-H系列水通量比竞品高70-190%；ART-Ultra-T系列耐强酸强碱，为国内独家；ART-Green系列以天然提取物为原料，具有更高脱盐率和更好抗污染性能。,精确匹配,Enterprise
ENT_478A7BA7D74E,Enterprise,安徽进化硅纳米材料科技有限公司,企业信息暂存.xlsx,247,全球首条碳中和方法制备二氧化硅产线，采用生物质（稻壳/秸秆）-二氧化碳法生产二氧化硅。技术为全球领先的负碳技术，利用稻壳灰和氢氧化钠反应生成硅酸钠，再与二氧化碳反应生成二氧化硅和副产品碳酸钠及活性炭,商业化进程顺利，已与多家国内外头部客户接触并进行产品测试、部分实现批量供应。中国石油和化学工业联合会组织行业专家鉴定认为该技术为全球领先的负碳技术。,轮胎标签法推动的绿色轮胎领域（提高二氧化硅含量以降低滚动阻力）、碳交易市场（碳汇交易）、生物高分子材料、填料、试剂、芯片、干扰素、传感器、纤维素生化产品等（基于《战略性新兴产业分类》）。,产品销售。产品售价因ESG概念加成，可达7500-8500元/吨（比传统工艺产品售价高50%）。副产品（活性炭、碳酸钠）可产生额外收入。,部分实现批量供应。具体产能规模暂无。,已申请发明专利近20余项，已获得产品核心发明专利授权10余项。体系认证情况：LCA碳足迹14064体系认证、ISCC国际可持续发展与碳认证体系。项目符合《产业结构调整指导目录》鼓励类（农林业秸秆综合利用、生物高分子材料/填料、二氧化碳的捕获与应用等）。,创始团队：首席科学家/股东为张立群院士（中国工程院院士，国际橡胶领域领军人才）；董事长/创始人为邵进（安徽省技术领军人才）；股东王益庆（北京化工大学博士，副教授，橡胶领域知名专家）。团队短板描述暂无。,暂无信息。,竞对：传统石英砂-硫酸共沉淀法工艺（高能耗、高污染、高碳排放，副产物硫酸钠无再利用价值，成本约4645元/吨）；传统稻壳焚烧-硫酸沉淀法（使用硫酸，产生硫酸根废水）。技术差异：进化硅采用生物质-二氧化碳法，原料为可再生资源（稻壳灰）和回收资源（二氧化碳），干燥采用生物质能，废水中的碳酸钠可回收利用，副产物为活性炭和碳酸钠，是负碳技术，成本更低（规模化稻壳方案成本约2507-3260元/吨）。,精确匹配,Enterprise
ENT_E54137E82704,Enterprise,苏州材科源图科技有限公司,企业信息暂存.xlsx,248,1. 全球首个百万级真实材料大数据平台（覆盖催化、电池、半导体、热电、超导等领域）；3. 全自动实验室（高通量实验验证与闭环反馈算法）,"核心技术已形成产品并应用：数据库已构建完成（2025年），已推出第一款AI产品（2025年），拥有自主开发的120+材料预测模型，部分模型已在国际顶尖期刊（如Nature Catalysis, JACS）发表并得到实验验证。",为材料研发企业、高等院校、科研院所、工业集团及上下游供应链提供AI驱动的材料设计、合成、测试全周期解决方案；具体可用于酸性/碱性燃料电池催化剂开发、固态电解质开发、储能材料开发、金属氧化物新用途挖掘等。,1. 直销团队、合作伙伴、项目合作模式；2. 服务模式：单次服务费（如材料合成工艺包）、长期提供数据库端口支持、AI模型优化和技术咨询。,拥有全自动实验室，可将材料开发周期从以年为单位缩短至以天/周为单位，效率最高可提升480倍。具备从AI设计、智能合成到实验验证的全周期开发平台交付能力。,暂无明确信息。,核心团队包括：1. 李昊教授（日本东北大学正教授，数字催化和电池实验室负责人，主导开发多项AI平台）；2. CEO（中国科学技术大学博士，浙江大学博士后，有管理及产业推广经验）；3. 其他成员包括华为高级算法工程师、日本东北大学副教授、苏州实验室及姑苏实验室的研发管理人员。短板：PDF中未明确提及团队短板。,暂无信息。,竞对：PDF中未提及具体竞争对手。技术差异：公司强调其全球首例、规模最大、精度最高、覆盖面最广的百万级真实材料数据库；拥有融合物理机制与机器学习、经过实验验证的120+个专业模型；具备全自动实验室与闭环反馈算法，与通用AI模型相比专业化程度高，完美适配材料领域。,未匹配,Enterprise
ENT_DC34DC0F7879,Enterprise,上海复安绿能科技有限公司,企业信息暂存.xlsx,249,安全水系电池（锌基水系电池），基于介孔材料技术，具备不燃烧、不爆炸、环保、超温宽、高功率等特点,,储能系统、应急电源、动力电池等应用解决方案。,核心材料的研发、技术服务、制造与销售；电芯及模组的研发、技术服务、制造与销售；应用解决方案的提供。,,,,,,精确匹配,Enterprise
ENT_36E6E1B39935,Enterprise,上海阿泰克生物科技有限公司,企业信息暂存.xlsx,250,ATTEC蛋白自噬降解技术（源自复旦大学Nature论文）,,,,,专利情况（具体内容未提供）,核心团队（具体信息未提供），团队评价（具体信息未提供）,,国外对标企业：Monte Rosa、Neomorph、TRIANA Biomedicines、PLEXIUM；国内竞争企业：格博生物、标新生物、SEED Therapeutics、康朴生物,未匹配,Enterprise
ENT_99F8DDBEAD89,Enterprise,凯米生物医药（成都）有限公司,企业信息暂存.xlsx,251,SynNeogen异源人工改造Fc嵌合分子疫苗平台,技术平台已建立，部分产品处于IND ready或I期临床阶段。SN2001（第一代HepaVaxx）已进入I期临床，SN3001C处于IND ready状态，其他产品处于在研阶段。CMC成熟，非个性化疗法。,基于其高扩展性通用技术平台，可能兼容更多病毒抗原、肿瘤相关抗原（TAA）、肿瘤特异性抗原（TSA）的治疗性或预防性疫苗开发。,,,拥有全球自主专利的SynNeogen®技术平台，全面的IP保护，全球权益。,"创始团队：由资深留美科学家史跃年博士创立并担任董事长&CEO。核心团队包括首席技术官俞波博士、研发副总裁陆汉新博士，以及临床专家Robert G. Gish, MD、Christopher F. Nicodemus, MD、黄孝悌, MD, PHD等。团队在肿瘤研究、免疫学、大分子药物研发、疫苗开发、临床医学等方面经验丰富。短板：PDF中未明确提及团队短板。",,,精确匹配,Enterprise
ENT_62D121314323,Enterprise,杭州芯影科技有限公司,企业信息暂存.xlsx,252,毫米波人体安检技术,,,销售模式、市场推广模式,,,核心团队技术实力强，合作密切，凝聚力强，学术影响力大,,国内竞争者：华讯方舟、同方威视、航天长峰、公安部第一研究所；国际竞争者：L3、Smiths Detection、Rapiscan、Adani。技术差异：公司采用被动毫米波成像技术，相比主动毫米波成像（国际主流）和X射线背散射技术（国际主流），具有无辐射、隐私保护、可识别人体表面及衣物内藏匿的金属/非金属违禁品等优势。,精确匹配,Enterprise
ENT_F8AB8AD663D3,Enterprise,北京分享时代科技股份有限公司,企业信息暂存.xlsx,253,成熟的三网包技术，成熟的本地化技术，游戏机型适配的技术；分享活动SDK社区平台为玩家提供游戏攻略、分享、交流、互动，获取用户大数据收集分析，做精细化运营,成熟的三网包技术、本地化技术、游戏机型适配技术。,通过SDK嵌入游戏，信息数据互通将分享时代发展为渠道平台，掌握游戏用户信息形成大数据。,发行：引入优质手游产品，结合自主研发SDK，与开发者合作，分发到各大软件商店，通过产品调优和渠道合作获得收入。联运：为渠道提供产品进行联合发行。广告：与广告主合作，通过发行产品提升附加价值。盈利模式包括内容提供商分成（发行商平均占总流水20%）、渠道商分成（作为运营商渠道合作伙伴获得40%分成）、广告收入（插屏、banner等）。,在线运营超过100款产品；提供专业的项目运营、产品调优；流畅的上线流程，让产品顺利上线所有渠道；渠道能力强，可获得最优推广效果。,已获得近百家国外知名文化艺术产品的IP授权；与超过100个名人艺人进行合作，可得到相应的IP授权。,团队核心人物与高层管理干部具有手游10年以上行业经验和熟练业务技能；中层干部均在同行业知名企业（掌趣科技、触控科技）从事过同类工作；基层人员均来自移动互联网及手机游戏企业；团队稳定，积极努力。短板：暂无明确信息。,暂无明确信息。,竞对：中国手游、掌趣科技、触控科技（同行业企业）。技术差异：专注发行轻手游，有系统化的单机发行模式；拥有大量明星艺人IP和动漫影视IP资源；成熟的SDK社区平台和大数据收集分析能力。,未匹配,Enterprise
ENT_D4682106EA0A,Enterprise,西安蓝极医疗电子科技有限公司,企业信息暂存.xlsx,254,医疗激光技术（未查到具体核心技术）,,,,,,,,国外：美国波士顿科学/AMS公司、美国科医人（Lumenis）、德国Lisa Laser、意大利Quanta System、德国Biolitec；国内：中国瑞尔通公司、武汉奇致激光。技术差异：暂无,精确匹配,Enterprise
ENT_EE315C29A96C,Enterprise,浙江帕尔科新材料有限公司,企业信息暂存.xlsx,255,酚酞基聚芳醚酮,已建成第一条产业化生产线，一期产能100吨/年，规划产能500吨/年；产品已在航空、航天、分离膜、特种涂料等行业实现商业应用；热塑性预浸料已成功制备，调试中；纺丝完成第一次拉丝测试,3D打印丝材；高压风洞叶片；新能源车漆包线/高压线、垫片、密封件；泵阀部件；橡胶模具涂层；超滤膜、水处理膜；无人机,产品销售（增韧剂、半成品、分离膜树脂、模压制品等）；产业组成包括军用航空、民用航空、半成品销售（含3D打印丝材）、分离膜+模压制品,一期产能100吨/年，规划产能500吨/年；生产基地占地25亩，位于浙江省衢州市国家级高新技术产业园区,国家高新技术企业、国家科技型中小企业；拥有自主知识产权；技术源于长春应化所（中科院系），拥有完善的知识产权体系；申请专利237件，授权103项,核心技术团队：中心主任周光远（中科院大连化物所研究员，科技部材料领域专家）；总经理朱颖（原浙江省天正设计工程有限公司副总经理，工程设计专家）；团队近百人，高级职称13人，博士24人；短板：暂无明确提及,,国际竞对：威格斯（PEEK）、索尔维（PEEK）、赢创（PEEK）；国内竞对：吉林中研股份（PEEK）、吉大特塑（PEEK、PEK、PEEKK）、浙江鹏孚隆（PEEK）；技术差异：帕尔科的酚酞基聚芳醚酮（PEKC）为无定形结构，Tg更高（228-340℃），可溶解于环氧/双马树脂体系（用于增韧），而PEEK无法溶解；PEKC加工性能优异，可溶液加工，耐化学性好，在分离膜等领域替代PVDF/PESU；相比PEEK，PEKC高温尺寸稳定性更好，韧性更佳,精确匹配,Enterprise
ENT_D15268E9B3BD,Enterprise,毅富能源科技（广东）有限公司,企业信息暂存.xlsx,256,全钒液流电池系统,工业化产品电流密度达400mA/cm2，为全球钒液流电池技术指标天花板；已完成50W有机液流电池小堆测试。,为储能运营或新能源光伏建设运营企业提供储能或配储产品；协同其他储能技术公司为地方政府或央国企提供成套解决方案；从电源侧、电网侧到用户侧提供综合能源方案。,早期以交付系统为主，后续延展电堆交付，并解决电极、双极板自产。,团队具备深厚的技术沉淀和丰富工程经验，拥有高性能全钒液流电堆/有机液流的研发、生产和工程化交付能力。,,核心团队为国内唯一液流电池院士团队（赵天寿院士），深耕行业近20年，极其稀缺且成建制。赵天寿院士位于香港科大、南方科大等各团队给予公司技术、研发以及资源支持。团队拥有多年液流电池研究与开发经验，对大型装置有深刻理解。短板信息未提及。,,技术指标远高于同行业竞品公司水平；对比行业内有一定技术、订单的项目（如天府储能），公司具备技术优势、团队建制优势以及院士亲历亲为的优势。,精确匹配,Enterprise
ENT_3BB51ECBAD6C,Enterprise,纽欧申医药（上海）有限公司,企业信息暂存.xlsx,257,CNS新药研发、小分子靶向药物设计,各产品管线处于不同研发阶段：NS-136（下一个里程碑为Topline 2024Q4）、NS-041（下一个里程碑为LPO 2024Q4）、NS-015（下一个里程碑为IND 2025Q3）、NS-031（下一个里程碑为IND 2025Q4）、NS-050（下一个里程碑为PCC 2024Q4）、NS-022（下一个里程碑为PCC 2025Q2）。,覆盖多种存在巨大临床未满足需求的CNS大病种。,自研为主结合外部引进模式，不断丰富产品管线。公司设有上海（研发中心、企业运营总部）和波士顿（全球商务合作和临床开发）两个办公地点。,,拥有全球知识产权布局（如NS-136）。,公司由资深科学家团队领导。PDF未提供具体创始团队成员信息及短板分析。,,竞对包括：Karuna Therapeutic的KarXT（Xanomeline+ trospium，M1/M4受体激动剂+外周胆碱能拮抗剂，已获批）、Cerevel Therapeutics的Emraclidine (CVL-231)（M4受体正向变构调节剂，临床二期）、Neurocrine Biosciences的HTL-0016878 (NBI-1117568)（M4受体正构位点激动剂，临床二期）。技术差异：NS-136为高选择性M4正向变构调节剂，在动物模型中，针对阳性症状、阴性症状以及认知功能改善的疗效优于CVL-231，安全性/安全窗优于CVL-231，未观察到相关胃肠道反应，且具有支持每日一次口服给药的药代动力学特征。解决了CVL-231基因毒代谢产物的问题。,未匹配,Enterprise
ENT_287643289158,Enterprise,江西九由航空装备股份有限公司,企业信息暂存.xlsx,258,航空复合材料零部件、航空机加零部件、航空模具夹具等产品的研发、制造及售后服务；掌握金属及复合材料处理与应用经验，完备的产品数字化加工制造技术；拥有用于脚蹬的碰锁组件、直升机伸缩脚踏、通风防雨机身蒙皮口盖装置等核心专利技术；具备复合材料液体成型（RTM）技术,已通过GJB-9001C体系认证和三级保密资格审查，2021年9月底前通过了武器装备承制资格现场审查；拥有专业研发及工艺人员70余人，质量管理人员30余人，其中中高级技术职称以上20人；与北航、南航、哈工大等高校建立战略合作；具备热压罐、固化炉、数控加工中心等多种生产设备。,,,具备完整的研发、制造、检测和售后服务体系；拥有哈尔滨（12000㎡）和景德镇（7000㎡）两地生产基地，总面积19000平米；人员规模300余人；配置质量管理人员20人，覆盖从来料到出货全流程质量管理；拥有七轴测量臂、超声波探伤仪等多种检测设备。,武器装备承制单位注册、武器装备质量管理体系认证（GJB-9001C）、三级保密资格单位、安全生产标准化三级企业、高新技术企业；拥有核心专利技术（如用于脚蹬的碰锁组件、直升机伸缩脚踏等）。,核心团队包括首席设计专家陈志平（国家特聘专家、复合材料专家）、设计专家沈真（研究员、SAMPE北京分会副主席）、技术部长杜芳芳（高级工程师）、高级技术专家欧阳焰、远驰常务副总经理夏吉升（研高工）等；管理团队包括董事会秘书杨鹏（高级注册会计师）、副总经理高宏斌（前华为、华三供应链管理经验）等。短板：暂无,2020年销售收入1.5亿元（含哈尔滨远驰）；2022年总产值5000万元，销售收入4477万元。利润暂无。,,未匹配,Enterprise
ENT_05BCEB033458,Enterprise,陕西先导光电集成科技投资合伙企业（有限合伙）,企业信息暂存.xlsx,259,CVD-ZnSe红外晶体材料的研发、生产、销售,,,,,,,,,未匹配,Enterprise
ENT_6EBF7A89D84B,Enterprise,深圳游视虚拟现实技术有限公司,企业信息暂存.xlsx,260,虚拟现实眼镜系统“UCglass”，将体感识别技术与虚拟现实技术相结合,产品样品已出,3D在线购物以及旅游等,研发与销售,,,团队主要创始人朱锐、秦占阳曾有过数次成功创业经历，其和王晓彪等团队联合创办的西安必盛激光科技有限公司也在2013年11月获西科天使和西安中科光机投资控股有限公司共计135万元的天使投资,,,精确匹配,Enterprise
ENT_08AE13990171,Enterprise,广东阿达半导体设备股份有限公司,企业信息暂存.xlsx,261,焊线机/固晶机等半导体封装装备、Mini/MicroLED巨量转移技术,已推出多款产品并获得市场认可。高密度焊线机与晶圆级倒装装备主要技术指标（如焊线速度≤40ms/线、焊接精度±2μm）赶超国际主流水平。核心模块自主研发，拥有多项专利。,,,,国家高新技术企业；广东省晶圆级倒装与高密度封装（阿达）工程技术研究中心；高密度焊线机、晶圆级倒装装备荣获2019年广东省高新技术产品认证、2020年广东省名优高新技术产品认证；已申请发明和实用新型专利60项，其中发明专利近30项；牵头起草LED焊线机国家标准。,创始人为国家高层次人才，曾任ASM新加坡技术经理、大族光电总经理，在半导体封装装备领域经验丰富。团队包括研发、软件、驱动控制、电机设计、封装工艺、金融财务、销售等多领域专家，多具有ASM、大族等企业及海外背景。短板信息未提及。,,与国际主流A公司、K公司相比，其ARROW IC焊线机在X/Y轴加速度（30g）、焊线速度（40ms）、售后服务响应（24小时）等方面具有优势，且系统复杂程度低、软件界面简洁、对操作员要求低。,未匹配,Enterprise
ENT_7AB5E223A54E,Enterprise,上海鲲游光电科技有限公司,企业信息暂存.xlsx,262,纳米压印技术、晶圆级光学WLO制造技术；主要产品有3D摄像头用的衍射光学元件DOE、增强现实眼镜的SRG光波导器件、以及阵列光通信器件等,,,为国内外用户提供设计、定制、生产等一站式的精密微光学产品及服务。,,,核心团队包括林涛、吴兴坤等。团队评价：暂无。短板：暂无。,,AR光显模组竞争者、DOE器件竞争者（PDF中提及但未展开具体信息）。,精确匹配,Enterprise
ENT_2B39F7A22505,Enterprise,江苏量点科技有限公司,企业信息暂存.xlsx,263,量子点免疫层析检测系统,,,,,,,,,精确匹配,Enterprise
ENT_B5845AE8810F,Enterprise,苏州原位芯片科技有限责任公司,企业信息暂存.xlsx,264,MEMS液体流量传感器技术,,,,,知识产权情况（具体内容未提供）,团队实践能力强，技术积累丰富；具备自主MEMS流片及工艺能力；快速获取销售的能力；具备特殊的产业资源,,竞争情况（具体内容未提供）,精确匹配,Enterprise
ENT_90E3FFDF7CA4,Enterprise,南京荣骏科技发展有限公司,企业信息暂存.xlsx,265,电动汽车及智能汽车的分布式驱动控制系统、车辆综合试验平台以及汽车零部件,已开发400Kw级和500Kw级的四轮分布式驱动系统及整车控制系统，拥有完整的分布式驱动系统的控制方法和集成策略,面向高校和科研机构的实验平台、军用全地形车和无人战车、乘用车辆,,,南京市321企业；已授权6项软件著作权，5项发明专利正在申请中,核心成员背景多样（美国俄亥俄州立大学、上海交通大学、中车、中航工业等），均在相关行业深耕10年以上，技术基础扎实，创新能力突出，互补性较强；技术顾问王俊敏教授（美国汽车工程学会会士、美国机械工程学会会士、吉林大学长江学者）影响力大；团队凝聚力强。短板信息暂无,,国内竞争者：暂无具体信息；国外竞争者：暂无具体信息；评价：国内外长期从事分布式驱动技术研究的只有少数几个科研机构，国内外少量推出的分布式驱动电动车基本都是整车企业和科研机构合作研制，电控算法设计和实现难度大。荣骏科技拥有完整的分布式驱动系统的控制方法和集成策略，属于行业内的领先技术水平,精确匹配,Enterprise
ENT_DFFCC8CCFA94,Enterprise,江苏一影医疗设备有限公司,企业信息暂存.xlsx,266,高端医疗影像技术、数字化手术设备,,,,,,,,,精确匹配,Enterprise
ENT_97B774767700,Enterprise,中科紫东太初（北京）科技有限公司,企业信息暂存.xlsx,267,紫东太初大模型,,,,,,,,,精确匹配,Enterprise
ENT_C852034356F9,Enterprise,珠海中科慧智科技有限公司,企业信息暂存.xlsx,268,调频连续波雷达、相控阵雷达、毫米波雷达技术,拥有从2021年至2025年的产品发展规划及技术迭代路线，已推出多款具体型号产品（如ZKHZ-DK-001型低空预警雷达等），核心团队拥有33年研发经验，技术具备领先性。,冲突对抗、基地防护、边境防护、伴随保障、智慧立体安防、平安城市。,以产品为中心的全周期项目管理；携手一流高校开展产学研合作；面向全行业提供产品研发、系统开发、算法攻研等合作赋能，打造共赢生态环境。,具备产品产业化能力，团队包含基础研究、前沿技术研发、产品产业化、市场营销相互融合与支撑的人才。,,核心团队拥有33年雷达系统研发经验，成员来自中国电科38所、新大陆、广电运通等著名企业，包括4名博士、14名硕士，正高1人、副高3人，年龄以80后为核心。团队在雷达探测系统技术、智能信息处理等领域经验丰富，参与过多项国家重大科研项目。短板信息未提及。,,,精确匹配,Enterprise
ENT_F70D373E668E,Enterprise,中研宏科（上海）智能科技股份有限公司,企业信息暂存.xlsx,269,无人机AI应用平台技术,,,通过提供技术开发、项目实施、数据采集、培训咨询及运维管理相结合的软件技术服务，满足政务部门信息化综合服务的业务需求，着重通过提供优质的技术服务过程来获取客户和市场的认可,,拥有自主研发的软件产品及软件著作权10余项，于2013年12月取得由上海市经济和信息化委员会颁发的《软件企业认定证书》,,2015年年报净利润529.40万,,未匹配,Enterprise
ENT_9BB13F5F0FFA,Enterprise,上海擎茂微电子科技有限公司,企业信息暂存.xlsx,270,IGBT芯片设计,,,,,,,,,精确匹配,Enterprise
ENT_B15CFCEFF1F3,Enterprise,上海珀利医用材料有限公司,企业信息暂存.xlsx,271,医用超高分子量聚乙烯(UHMWPE)材料平台,产品已经初步实现商业化,,,,,核心团队包括：总经理李春明（投资前全职）、副总经理李晓萌（下轮融资前全职）、顾问科学家杨华伟（兼职）、研发副总经理沈杰（全职）、研发总监吴晓（全职）、质量总监顾群（下轮融资前全职）。依托威高上海研究院和中国科学院长春应用化学研究所（应化所）。短板信息未提及。,,,精确匹配,Enterprise
ENT_7B6312675483,Enterprise,上海肆芃科技有限公司,企业信息暂存.xlsx,272,聚球菌一步法利用二氧化碳合成PLA、改性生物基材料（PLA等）、高温发酵平台（多元醇等）,,,,,,,,国内竞争企业包括安徽丰原生物、浙江海正生物、中粮科技、金丹科技、光华伟业、蓝晶微生物、华恒生物、凯赛生物等；评价：暂无,精确匹配,Enterprise
ENT_EE2E8C8FEA9E,Enterprise,中科九朗（北京）能源科技有限公司,企业信息暂存.xlsx,273,天然气压差发电制冷系统技术、向心透平设计技术,成熟。拥有自主知识产权设计程序，国内首套测试易燃易爆特殊工质的实流闭式循环试验台，国内竞品中唯一实现安全稳定运行2年以上系统。,压差发电+制冰、压差发电+IDC（互联网数据中心）、与大用气户联合生产、制氢、从天然气中提取烃类、制LNG、干冰、建设换电站、工业冷却水、集中供冷等。,研发、设计、生产、销售天然气压差发电制冷系统，并提供系统集成与技术服务（基于设备工程）。,具备全生命周期服务能力：研发、设计、制造、测试、系统集成、运行、维保。,拥有4项发明专利、5项实用新型专利；获“中国科学院科技成果转化”创业奖、“互联网+智慧能源”创新创业大赛三等奖、“2023年度山东省区域能源学会科学技术奖”二等奖、“2023年度山东省建设科技创新成果竞赛”三等奖、入选“2022年绿色化工园区适用技术目录”。,核心团队包括：总工程师张雪辉（能源行业30余年经验）、董事长兼总经理徐加生（中科院博士，高级工程师）、高级顾问陈秋雄（燃气领域30余年经验）、首席科学家徐玉杰（中科院研究员，储能领域专家）。短板信息暂无。,暂无（文档未提供财务数据）。,竞对技术类型包括螺杆膨胀机和转子膨胀机。技术差异：本公司采用透平膨胀机（速度式），承压能力≤10MPa、进排气压差无限制、等熵效率＞80%、单台输出功率≤20000kW、使用寿命约30年、经济效益显著；相比竞品（容积式，承压≤4-6MPa，压差≤2MPa，效率50%-80%，功率≤1000-2000kW，寿命约10年）具有明显优势。,精确匹配,Enterprise
ENT_9D2586A99D24,Enterprise,中科千乘（北京）科技有限公司,企业信息暂存.xlsx,274,高效相变液冷技术，冷板式相变液冷机柜、背板式液冷机柜、蒸发冷却变压器（电力变压器、配电变压器、塔筒变压器）等整体解决方案,技术基础源自中国科学院电工研究所，拥有数十年关键技术积累，已完成原理提出、小试样机、中试机组、工业应用、重要工程、大国重器等发展阶段，并有多个应用案例,,,提供相变液冷机柜整体解决方案，包括一次侧冷却塔及管路，二次侧换热器及管路、液冷机柜、冷板、冷却液等,国家科学技术进步特等奖；《10kV及以下电力设备蒸发冷却系统通用技术条件》标准；申请发明专利30余项,核心团队来自中国科学院；首席科学家顾国彪（中国工程院院士，常温相变冷却技术开创者）；技术总工（中国科学院电工研究所研究员/博导）；技术顾问张宇娇（合肥工业大学教授/博导）；总裁饶亚卿（中国人民大学硕士，曾任北京东方皓峰科技公司董事长等）；特聘专家夏申江（复旦大学博士/加拿大滑铁卢大学博士后）。短板信息暂无,,在数据中心散热领域，与风冷、水冷、单相浸没式液冷、相变浸没式液冷相比，其相变冷板式液冷技术在PUE值（低至1.05）、循环动力（自循环）、部署密度（最高）、维护难度（易）、噪音（低）、成本（适中）等方面具有综合优势。在变压器领域，与油浸变压器、干式变压器相比，其蒸发冷却变压器在过载能力（高）、可燃性（不可燃）、重量（较轻）、体积（最小）、运行温度（低）、寿命（最长）、是否可回收（容易）等方面具有优势,精确匹配,Enterprise
ENT_A3F65EEBD133,Enterprise,中科振声（苏州）电子科技有限公司,企业信息暂存.xlsx,275,热电半导体技术结合静音离心风机技术,,,,,,,,,未匹配,Enterprise
ENT_53252E2FEAAF,Enterprise,陕西因诺自动智能科技有限公司,企业信息暂存.xlsx,276,紫东太初多模态大模型（文本、图片、音频、视频、3D、信号跨模态），全栈国产化通用人工智能底座，全模态多任务统一生成式学习框架，多模态概念及关系（百万级）,,,,,,,,,未匹配,Enterprise
ENT_25562A6F8C53,Enterprise,同方中科超光科技有限公司,企业信息暂存.xlsx,277,高平均功率、大能量短脉冲激光和高平均功率窄线宽激光两大主要方向产品，涵括从红外到紫外波段、从毫秒到皮秒等多种脉宽,,,,,高新技术企业，拥有核心技术专利9项,,,,精确匹配,Enterprise
ENT_242D1C7CA663,Enterprise,义乌宾果智能科技有限公司,企业信息暂存.xlsx,278,智能家庭服务机器人技术、SLAM自主定位技术,样机研发阶段,,,,,团队整体技术基础实力比较好，从技术研发到产品设计再到销售渠道的团队建设比较完善，构成比较合理，没有明显短板。团队目前全职的10人，兼职7人。核心成员包括CEO闵海波（清华人工智能国家重点实验室博士）、CTO包鼎华（清华精仪系硕士）、产品总监张建忠（北航硕士）、运营总监侯博（清华博士在读）等。,,,精确匹配,Enterprise
ENT_2A531B2E3D52,Enterprise,九章（济南）量子科技有限公司,企业信息暂存.xlsx,279,光量子计算原型机技术,已实现量子计算优越性（针对特定问题比当时的超算快百万亿倍），处于从基础研究、研发到产业化的过渡阶段，致力于发展中等规模（100个量子比特以上）含噪声量子计算和量子模拟器，并探索大规模通用光学量子计算,量子化学（模拟分子振动谱、分子对接等）、图论（寻找稠密子图、最大团簇等）、机器学习（随机点过程、生成模型等）、生物固氮、新材料设计、量子人工智能、优化,销售量子科学科研仪器系统（成本约3万，售价20-30万/套），计划以“沿途下蛋”的方式进行分步产业化,,研发团队负责人为首批中组部青年千人计划、国家基金委优青等；团队成果多次入选中国十大科技进展新闻及国际物理学重大进展；依托团队在量子计算领域积累的丰富经验和先进技术,负责人为剑桥大学博士、中国科学技术大学教授，在顶级期刊（如Science、Nature、Physical Review Letters）有大量论文发表，获得多项国际国内重要奖项（如美国物理学会量子计算奖、国家自然科学一等奖等）。短板：文档未明确提及，但提及“团队管理技术 销售 政策 上游 地方 网络 招人进行中…”，暗示在管理、销售、供应链、地方资源、网络等方面可能正在组建或加强团队。,,竞对包括：谷歌“悬铃木”超导量子计算原型机（美国，2019）、中国“祖冲之”超导量子计算原型机（2021）、加拿大-美国“北极星”光量子计算原型机（2022）。技术差异：九章系列为光量子计算原型机，采用高斯玻色取样方案，实现了量子计算优越性。,未匹配,Enterprise
ENT_1B747AF1E499,Enterprise,先进核能装备系统（北京）有限公司,企业信息暂存.xlsx,280,金属基气冷反应堆（MBR）技术路线,,,,,,,,,精确匹配,Enterprise
ENT_B77E9AE6F05B,Enterprise,成都屿西半导体科技有限公司,企业信息暂存.xlsx,281,纳米级LED（Nano LED）技术，SAG（选择性晶体外延）技术实现单片三色集成（RGB）；高精度晶圆键合技术,,,,,,,,,未匹配,Enterprise
ENT_D4D76227F7FC,Enterprise,上海全澜科技有限公司,企业信息暂存.xlsx,282,脑电标志物的发现和临床应用，例如睡眠监测，以及通过神经刺激治疗失眠在内的精神疾病,,,,,,核心团队（投前签订劳动合同）信息在目录中提及，但具体内容未在提供页中展示。团队评价包括：科研基础扎实、外部资源优势明显、团队搭配。,,文档中提及了市场竞争格局分析（包括海外市场和国内市场），但具体竞对名单及技术差异的详细内容未在提供页中展示。,精确匹配,Enterprise
ENT_D6BAE1CCD79C,Enterprise,凯伏绿能（西安）光电有限公司,企业信息暂存.xlsx,283,钙钛矿光伏组件制造核心装备技术,已完成半米级装备设计制造，整米级装备产品设计中；已实现24.6cm²面积组件22.87%光电转换效率（国际认证）；已与协鑫光电（原厦门惟华）合作制造出面积450mm×650mm、光电效率15%的半米级大面积钙钛矿组件。,,销售钙钛矿制造核心装备（分台或成套提供），并提供钙钛矿优化解决方案。,,拥有多项授权发明专利，如专利201610073367.5等3项（结晶装备）、201710375600.X（退火装备）、201811419061.6（钝化装备）；创始人主持国家重点研发计划项目（钙钛矿光伏第一项共性关键技术项目）。,创始人杨冠军为国家万人计划、国家重点研发计划首席科学家、西交大教授；技术团队包括国家级人才或国家级项目负责人（如刘梅军博士、李广荣博士、陈林博士、陈波研发总监）；运营团队具有制造业公司经营管理经验（如周伟生产副总、刘建玲财务总监、王总经营副总）。短板信息暂无。,,市场竞品包括狭缝涂布机、现有气刀、隧道窑、蒸镀机等；本公司装备技术优势包括：产速快~60%、降低膜层漏孔率、膜层更少缺陷态、界面更可靠等。抽气结晶装备为国际原创工艺和专用装备，通过控制稠密形核避免漏孔缺陷。,精确匹配,Enterprise
ENT_5BA908C9042F,Enterprise,北京创能惠通科技有限公司,企业信息暂存.xlsx,284,富锂锰基正极材料的研发、生产和销售,已实现从实验室走向产业化，建成年产1000吨产线，实现稳定生产和销售,实现锂离子电池能量密度500Wh/kg以上的高能量密度电池,研发、生产和销售正极材料,拥有年产1000吨富锂锰基正极材料产线，具备稳定生产和销售能力,拥有富锂正极材料的组成、结构及应用系列核心专利；与北京工业大学成立“北工大-创能惠通”校企联合实验室,核心团队基于北京工业大学尉海军教授科研团队15年的技术积累；团队实力雄厚（见第七章综合评价）。具体短板信息暂无。,,与磷酸铁锂和三元正极材料相比，富锂锰基正极材料具有高比容量（~300mAh/g）、低成本和环境友好等特点，是实现高能量密度（500Wh/kg以上）的最佳选择，特别是在固态化电池中最具应用潜力。具体竞对公司名称暂无。,精确匹配,Enterprise
ENT_12C42DB50B2D,Enterprise,北京中星高科科技有限公司,企业信息暂存.xlsx,285,强度试验技术：静力与疲劳、动力学、静力-热、振动-热复合试验等；环境可靠性试验技术；加速贮存试验及寿命评估技术等,,,,在北京地区建立了三个试验室（京南、京西、京北），试验室面积总计达6000平方米，拥有各类试验设备50余台套。在洛阳地区拥有一个全资控股的子公司，试验室面积2400平方米。,,,,,精确匹配,Enterprise
ENT_3DD9E27AA1E3,Enterprise,中科菁萃（北京）生物科技有限公司,企业信息暂存.xlsx,286,RNAi生物技术育种平台；抗黄萎病RNAi棉花种质；MIGS技术（Microbe-induced gene silencing）；RNAi农药（针对科罗拉多甲虫、白粉病、灰霉病等）,,,,,,,,,未匹配,Enterprise
ENT_4EEF432C0D8C,Enterprise,广纳四维（广东）光电科技有限公司,企业信息暂存.xlsx,287,纳米光学相关器件技术、衍射光波导、增强平视显示(AR-HUD),已建成产能1万套8寸小试生产线和8寸自动化中试线；体全息波导中试线和全透明显示膜中试线已启动；已研制出第一代FOV40度镜片样品，并推出第二代、第三代镜片,下一代移动终端混合现实（Mixed Reality）关键显示器件、未来人、车与生活的显示终端,,建成产能1万套8寸小试生产线，占地1000平方米；2022年建成3000平米中试线,专利：一种纳米压印模版、其制备方法及纳米压印方法（201910721247.5）；一种近眼显示器衍射光栅波导的制备方法（201910707421.0，WO 2021/017077 A1）；脱模方法及脱模装置（202110141665.4）；脱膜装置及压印系统（202120296234.0）；全息光致聚合物材料、全息体光栅器件及其制备方法（202110625837.5）；一种纳米压印用自动脱膜装置（202121814910.5）,项目负责人李晓军博士（北京理工大学）；团队包括国家纳米科学中心研究员、中科院关键技术人才、新疆高层次引进人才、京东方第一条LCD产线建设者、多项国家863/973课题参与承担者；国际团队包括德国耶拿大学、东京大学、中科院&微软、东密歇根大学、原A股上市企业大族激光设备研发部长、英国剑桥大学博士后等专家。短板信息暂无,,,精确匹配,Enterprise
ENT_A3B2F029F502,Enterprise,深圳博芮健制药有限公司,企业信息暂存.xlsx,288,2. 针对Aβ和Tau的阿尔茨海默病诊断Simoa® IVD；3. First-in-Class小分子药物：TrkB激动剂（多适应症开发）、AEP抑制剂（神经退行性疾病）；4. 疾病修饰治疗（DMT）平台和诊断平台,Braegen-01已取得FDA/NMPA的IND，2023Q3一期临床启动中；Braegen-03已完成PCC validation，即将启动IND enabling；Braegen-05（PET tracer）已启动研究者临床（IIT）。诊断平台有IIT人体数据支持。,多种突触核蛋白病（如PD、DLB、MSA）的诊断与治疗；其他神经退行性疾病的治疗（通过TrkB激动剂、AEP抑制剂等多适应症布局）。,专注于早期研发和临床验证（PCC到PoC阶段），采用合作开发（co-develop with biotech）和对外授权（license-out to big pharma）模式。现有管线多个项目的多种合作模式洽谈中。,,申请发明专利24项，涵盖多个疾病领域的诊断和治疗技术；Braegen-01已取得FDA/NMPA的IND批件。,创始团队包括：Founder & CSO 叶克强（教授、系主任、前终身教授、国家重大人才工程特聘专家）；Co-Founder & CEO 张捷（教授、高级工程师，前微创医疗常务副总裁）；COO & R&D Director 章志宏（生物医学博士，10年创新药研发项目管理经验）。短板信息未提及。,,帕金森诊断（α-syn PET tracer）：国际领先，国内进展最快，可通过IIT+IND加速临床开发。阿尔茨海默病治疗：TrkB激动剂（文献数据最充分，适应症覆盖面最广）；AEP抑制剂（全球领先，已完成多种动物模型验证）。技术差异在于靶点新颖（全新机制靶点，First-in-Class）、双重作用（既延缓疾病进程又改善症状）及多通路干预策略。,精确匹配,Enterprise
ENT_A955F38AA3F4,Enterprise,江苏盛开新能科技有限公司,企业信息暂存.xlsx,289,硅-钙钛矿叠层太阳能电池技术,已建设300m²小试试验线并于2022年6月投入使用；2023年1月器件认证效率23.43%，2023年5月器件进展效率24.7%；器件在光照下连续工作2000小时效率衰减低于3%,BIPV（光伏建筑一体化）、VIPV（车用光伏）、现代建筑的窗户及幕墙、轻质屋顶、光伏瓦、智能窗户、百叶窗、地面电站、户用及工商业分布式光伏,,,已申请专利，包括：一种钙钛矿叠层电池及其制备方法（202110928707.9）、一种基于界面修饰的钙钛矿太阳能电池制备方法（202110945599.6）、一种钙钛矿太阳能电池的制备方法（202110978351.X）、一种钙钛矿太阳能电池及其制备方法（202110978255.5）、一种集成有钙钛矿太阳能电池的百叶窗系统（202222701808.5）、一种感光自调节太阳能百叶窗及其建筑系统（202222726280.7）、一种钙钛矿太阳能电池、制备方法及百叶窗（202310033692.9）、太阳能百叶窗（202330022737.3）,,,,精确匹配,Enterprise
ENT_7DA3C4BDDA63,Enterprise,启明光子（北京）科技有限公司,企业信息暂存.xlsx,290,集成高性能激光器技术（自注入锁定、外腔调控）,已完成第一轮流片（2024年3月），计划2024年6月发布第一代产品（集成快速可调激光器），2024年9月完成光模块、激光雷达厂商送样与系统验证，2025年6月发布第二代产品（集成窄线宽激光器样机）并量产,数据中心、光学原子钟、基于光量子技术的可编程计算机、苹果公司无创连续血糖监测（可穿戴设备）,,计划2025年6月产品量产；2024年12月完成封装平台建设,,团队核心：常林（北京大学研究员，科技部重点研发计划首席科学家，在集成光子平台低损耗、芯片化激光器线宽和快速调频方面创造世界纪录）；劳成昊（北京大学博雅博士后，集成高相干光源、集成光学频率梳研究方向）；技术顾问：刘海峰（前英特尔硅光部门研发工程师）、辛怡（法律、知识产权）；研发团队核心成员：杨若敖、王敏。短板信息未提及,,竞对：1. 商用窄线宽激光器（如NKT），本征线宽~20 Hz，频率调制速率<20 kHz，波长覆盖1 nm，尺寸桌面级，售价20万人民币；本项目集成窄线宽激光器线宽10 Hz，频率调制速率20 kHz，波长覆盖3 nm，尺寸芯片级，成本3000人民币。2. 商用机械式可调谐激光器（如Toptica），本征线宽~1 kHz，频率调制速率<10 kHz，波长覆盖100 nm，尺寸桌面级，售价25万人民币；本项目集成快速可调激光器线宽1 kHz，频率调制速率>100 kHz，波长覆盖70 nm，尺寸芯片级，成本5000人民币,精确匹配,Enterprise
ENT_F2478EBD87B8,Enterprise,源升智能机器人（深圳）有限公司,企业信息暂存.xlsx,291,高自由度触觉灵巧手技术、触觉感知系统,已完成第一代产品（灵巧手原型机）研发，技术积累深厚。,通用具身机器人各领域对操作的需求；家务及工厂装配等需要灵巧操作的场景。,硬件销售（灵巧手）、数据采集平台、提供操作模型与能力。计划开源部分数据以推动硬件销量。,创始团队具备灵巧手研发到批量生产的完整经验。具体交付能力细节暂无。,创始团队累积申请发明专利60余项，授权发明专利7项；发表机器人顶会与期刊文章10余篇，包括Science Robotics等顶刊。,创始团队：1. 创始人（清华大学硕士）：十余年灵巧手研发经验，腾讯Robotics X灵巧手项目总负责人，具备批量生产经验。2. 联合创始人（新加坡国立大学博士&博后）：十年触觉研发经验，腾讯Robotics X触觉感知系统总负责人。3. 联合创始人（清华大学博士）：外骨骼触觉反馈系统项目负责人，MEMS力传感器及触觉传感器开发经验。团队在灵巧手设计、触觉感知与模型算法三个核心方向均有顶刊顶会文章发表。短板信息暂无。,,竞对包括：Shadow Hand（英国）、NASA R2 Hand（美国）、Tesla Hand（美国）、Allegro Hand（韩国）、Schunk SVH Hand（德国）、DLR/HIT II Hand（中/德）、Aidin Hand（韩国）、Torobo Hand（日本）、因时灵巧手（中国）、星动纪元灵巧手（中国）、智元灵巧手（中国）。技术差异：其自有产品TRX-Hand5在灵巧性、实用性、鲁棒性方面与竞对进行比较（具体比较维度未详述）。,精确匹配,Enterprise
ENT_2691AA0A0777,Enterprise,长飞光坊（武汉）科技有限公司,企业信息暂存.xlsx,292,核心光纤与器件集成技术,,,,电学组装、光学组装、应用测试；产能：6000台/年 + 1000台/年（2023年），3D切割机1000台/月。,被纳入MSCI。,CEO：博士，专业背景；曾任YOFC特种光纤相关职务。CTO：物理学博士；曾任SpecTran、IPG Photonics、Nufern、Prima相关职务。工程副总：美国纽约州Syracuse大学背景；曾任Verrillon公司、Nufern、Prima相关职务。应用研发总监：材料/冶金学博士；曾任JK Lasers、Rugby、Laserdyne相关职务。团队：员工>350人，其中博士>15人，硕士>30人，工程师>100人（占28%）。,,竞争对手技术：常规光栅，最高功率3kW，平均功率300-500W，重量为15kg。长飞光坊技术：专有技术，12kW三包层光纤，3kW及以上功率，平均功率600-1000W，平均功率500W，重量仅为10kg。优势：垂直整合，高功率，轻量化，小型化，高效率。,未匹配,Enterprise
ENT_016EED285303,Enterprise,北京英飞智药科技有限公司,企业信息暂存.xlsx,293,AI+新药研发（智药大脑平台）,,,,,,,,,未匹配,Enterprise
ENT_B30A7E91837E,Enterprise,杭州曦智科技有限公司,企业信息暂存.xlsx,294,硅光计算芯片技术,,人工智能芯片的主要应用场景（根据目录3.2.2）,,,知识产权和专利（根据目录4.2.2）,核心团队（根据目录2.3）、团队评价（根据目录2.9）,过往财务分析（根据目录5.1.4）、财务预测（根据目录5.2）,竞争格局（根据目录3.3，包括芯片巨头公司、跨界巨头公司、创业公司、全球光计算相关公司）,未匹配,Enterprise
ENT_395D0A70BA4C,Enterprise,中科元象（常州）智能装备有限公司,企业信息暂存.xlsx,295,面结构光3D扫描、3D轮廓重建、深度学习视觉检测,已成功开发出板材尺寸测量设备、封边缺陷检测设备等产品，但文档未明确说明是否已实现批量生产或大规模商业化应用。,暂无。文档聚焦于定制家具行业的检测环节，未提及其他潜在应用场景。,暂无。文档未明确说明公司的具体商务模式（如设备销售、租赁、服务等）。,暂无。文档未提供关于产品交付周期、产能或已交付案例的信息。,暂无。文档提及创始人刘衍以知识产权作价出资24万元，但未说明具体知识产权内容。公司名称尚为拟定名，未提及其他资质认证。,核心团队为刘衍（创始人，持股53.6%）。文档提及“团队风险”作为投资风险之一，但未具体说明团队短板。组织规模为全职7人，兼职1人。,暂无。公司尚未成立，无历史财务数据。,国内暂无成熟竞品。国外主要竞争者为瑞士堡盟公司，其产品已实现全球销售，但价格昂贵。中科精致的技术基于面结构光3D扫描、3D轮廓重建及深度学习，旨在提供替代方案。,未匹配,Enterprise
ENT_5B404967264D,Enterprise,相干（北京）科技有限公司,企业信息暂存.xlsx,296,超导量子计算技术解决方案、量子计算服务；量子计算芯片及封装、极低温量子测控线路解决方案、室温测控电子学解决方案、测控软件等产品和服务；量子算力平台和应用软件生态支持,,金融、化工、生命科学等领域（根据市场规模描述推断）。,提供量子计算技术解决方案和量子计算服务。,,,核心团队信息在目录中提及，但具体内容未在提供的PDF片段中给出。,,,未匹配,Enterprise
ENT_D489F6BE61B9,Enterprise,西安全谱红外技术有限公司,企业信息暂存.xlsx,297,CVD-ZnSe 红外晶体材料的研发、生产、销售，主要产品为硒化锌晶体原材料（坯材）、光学加工、镀膜处理后的硒化锌光学器件，硒化锌光学模组，以及硒化锌光学系统设备等,,,,,,CEO闫兴隆（中科院西安光机所博士，美韩博士后，近30年光电行业经验），CTO金荣岩（德国图宾根大学博士，国际顶尖ZnSe晶体材料制造专家，曾领导建立CVD-ZnSe生产线），技术顾问石元。,,,未匹配,Enterprise
ENT_2457EB15C435,Enterprise,上海御风图南科技发展有限公司,企业信息暂存.xlsx,298,中大型液体火箭以及垂直回收火箭的研制,,,,,,创始人于泓淼，拥有载人航天系统总体科研及军工航天投资经历；技术团队整建制来自航天x院，在垂直回收领域处于国内绝对领先地位，涵盖火箭核心专业分系统负责人；技术顾问为我国新一代运载火箭总师及总指挥。短板信息暂无。,,技术团队行业影响力超越竞品；在垂直回收领域处于国内绝对领先地位；团队有绝对优势，同时又是市场亟需的中大型液体火箭及垂直回收技术路线。具体竞对公司名称及详细技术差异暂无。,精确匹配,Enterprise
ENT_B31F45A7E759,Enterprise,智元创新（上海）科技股份有限公司,企业信息暂存.xlsx,299,双足人形机器人、高精度桌面级机械臂、磁悬浮系统技术,,填补劳动力缺口，作为智能机器劳动力补充；通用机器人生态,,,,联合创始人（具体信息未提供）；历史产品和技术创新涉及运动控制、自动驾驶、视觉导航、智能避障、语言交互、动作交互、高精定位、多机协同、路径规划等领域,,,未匹配,Enterprise
ENT_47C1A87279BE,Enterprise,北京光邮星空科技有限公司,企业信息暂存.xlsx,300,相干FSO（自由空间光通信）通信技术，相干FSO自适应算法及技术（Space DSP）、相干FSO模式分集技术（MD-Space DSP）；相干FSO通信地面站设备（或相干FSO通信终端设备）,已实现基于FPGA的MD-SpaceDSP技术星地在轨验证（2024年）；已实现2.5Gbps~200Gbps自适应相干FSO通信模拟验证；已实现大气湍流下高速率无误码相干FSO通信实验,卫星宽带互联网（FTTx）；遥感星座海量数据下传；为不适合或无法铺设光纤网络的区域提供骨干传输,,,相关知识产权（PDF第15页提及，但未列明具体内容）,全球最早开展相干FSO通信研究和实验的科研团队之一（2009年起）。短板：暂无,,国际竞对：SpaceX（星间已规模应用100G相干FSO，星地尚无公开商用进展）、OneWeb、Amazon、Telesat等均在规划或应用星间光通信。国内竞对：中国星网（全面采用星间激光链路）。技术差异：公司专注于相干FSO通信，特别是星地链路，拥有自适应SpaceDSP、模式分集（MD）等核心技术，解决大气湍流、多普勒频移等问题，实现高速率、高灵敏度、自适应速率调整。相比Starlink使用加固的光纤通信DSP芯片，公司技术针对空间信道特点优化（如动态范围≥50dB、跟踪±10GHz多普勒频移）。相比国内采用分立器件+FPGA的低速率系统，公司技术速率更高、性能更优。,精确匹配,Enterprise
ENT_EBE6A5AFAD90,Enterprise,北京北微星生物科技有限公司,企业信息暂存.xlsx,301,全球首个CRBC+CRVC数据库驱动的农业生物技术；根际原位非模式微生物组资源库构建（菌种库+基因库）；植物-微生物互作精准适配研究体系；主效功能物质的挖掘与鉴定；Culturome高通量分离培养技术体系,Culturome高通量分离培养技术体系被Nature Protocols收录为标准操作方法（2021年），成为全球植物微生物组研究的黄金标准，被100+实验室采用；已建立全球最大的根际原位非模式微生物组菌种资源库,绿色农业、农业废弃物处理、生物农药、土壤生物多样性恢复、生态修复,,,,创始团队：创始人兼首席科学家白洋（北京大学生命科学学院研究员、国家“万人计划”领军人才、国家重点研发计划首席科学家、全球首个提出“根际微生物与植物匹配”新概念的科学家）；首席技术官张婧赢（北京大学生命科学学院副研究员、国家优青）；首席执行官王晗（智慧农业托管服务模式开创者、高级农艺师、农业领域自媒体大V）；市场总监张育；运营总监张莉爽；大客户总监庞晶鑫。短板：暂无,,竞对：国际农化巨头（如拜耳与Ginkgo Bioworks成立的Joyn Bio公司、先正达收购的瓦拉格罗）；美国农业科技公司（如Indigo、AgBiome）。技术差异：公司聚焦于根际原位非模式微生物研究，拥有全球最大的根际原位非模式微生物组菌种资源库和Culturome高通量分离培养技术体系，形成5-8年的行业技术代差；而行业普遍聚焦模式化菌种研究（如芽孢类），缺乏微生物-植物/环境互作机制研究，田间应用不稳定、菌种单一、创新能力差。,精确匹配,Enterprise
ENT_910D1D4FEBFB,Enterprise,北京国科星联科技有限公司,企业信息暂存.xlsx,302,以酵母为生物反应器生成高生物活性乳蛋白（糖蛋白），乳铁蛋白、免疫球蛋白、乳白蛋白等；拥有糖蛋白表达平台系统、底盘细胞技术（MK和PK酵母）及蛋白表达系统（糖基化修饰与途径改造）,部分产品处于实验室、小试阶段，部分产品（如唾液酸、活性酵母MK酵母）已获取资质；牛乳铁蛋白、常规乳清蛋白预计2025年量产拿证，其他蛋白预计2026-2027年。,婴儿配方食品、保健品、特医食品、零辅食、植物基复配食品；糖蛋白抗体药物支持。,2B原料产品销售与2C品牌合作相结合。,暂无具体产能信息；拥有生物合成生产放大工艺经验，曾转让技术到企业。,相关专利授权11项；唾液酸、活性酵母MK酵母已获取资质；承担国家重点研发计划项目“特殊酵母底盘细胞染色体工程”。,创始团队：CEO田愉（科技成果转化资深人士，曾创办纳米材料公司）；CTO金城（首席科学家，深耕真菌蛋白质糖基化30年）；科学顾问包括中科院、农科院、复旦大学教授。短板：暂无明确提及。,,竞对：PerfectDay（使用丝状真菌里氏木霉，技术路线为精密发酵，选品顺序为酪蛋白、普通乳清蛋白、活性乳清蛋白）；昌进生物（使用毕赤酵母和CJ系列，技术路线为筛选诱变+精密发酵，选品顺序为微生物蛋白、酪蛋白、普通乳清蛋白）。差异：国科星联使用MK和PK酵母，精密发酵，选品顺序优先活性乳清蛋白（如乳铁蛋白），侧重人造牛奶和人造母乳。,精确匹配,Enterprise
ENT_7A3F99E8FECC,Enterprise,北京开芯红科技有限公司,企业信息暂存.xlsx,303,高性能商业化IP、全方位设计服务,“香山”处理器核已迭代至第三代（昆明湖架构），第一代（雁栖湖）已完成28nm流片，第二代（南湖）已流片，第三代（昆明湖）V1版本RTL已完成交付物理设计；性能对标ARM N2，SPECint2006预估约17/GHz,服务器、数据中心、汽车、智能手机（根据北京市政府引导方向提及）,创新“产学研”协同模式：产业界出题、开芯院答题、市场阅卷；与行业头部公司联合，技术和市场双轮驱动,依托股东算能拥有丰富高性能芯片量产经验及先进工艺芯片定制优化能力，算能已交付全球首颗64核RISC-V高性能CPU芯片（SG2042）,,,,竞对包括：采用X86指令集（如Intel、AMD）和ARM指令集（如ARM、飞腾）的处理器厂商，以及采用RISC-V指令集的厂商（如阿里平头哥/玄铁910、SiFive/P650、Ventana/Veyron V1）。技术差异：开芯红基于开芯院研发的“香山”高性能CPU，采用RISC-V开源指令集，旨在突破X86和ARM的垄断壁垒，实现自主可控；其“香山”处理器在流水线宽度、缓存配置、工艺节点和性能指标（SPECint2006）上与国际同类产品（如ARM Cortex-A76、Neoverse N2）对标。,精确匹配,Enterprise
ENT_60F5F2B3FEA3,Enterprise,北京江河惠远科技有限公司,企业信息暂存.xlsx,304,遥感数据处理及加工、遥感监测分析业务应用、遥感数据平台服务；遥感影像智能识别算法、环境变化监测算法、地质灾害预警模型、三维建模及平台可视化,,,,业务覆盖24个省市；拥有项目实施团队（如副总张灿分管项目落地实施）,国家高新技术认证企业；国家级专精特新“小巨人”企业；中关村高新技术认证企业；北京市“专精特新”中小企业；AAA级资信企业；地理信息系统工程乙级；工程测量乙级；摄影测量与遥感乙级；CMA环境检验检测机构资质；9000三体系认证；水土保持监测单位五星资质；水土保持方案编制单位二星资质；施工劳务资质；安全生产许可资质；中关村瞪羚企业；民用无人驾驶航空器运营合格证；发明专利18项、实用新型专利3项、外观专利2项、软件著作权40余项、商标1项,团队核心人员来自清华紫光、中科院、北京林业大学；董事长&法人王海鹏（教授级高工，紫光软件集团副总裁）；CEO刘新（中科院博士博士后）；副董事长李兵（注册会计师，原紫光软件公司财务副总监）；副总张灿（北京林业大学硕士，国家电网特邀环水保专家）；副总余蔚青（北京林业大学博士）；副总、董事刘青（硕士，前紫光软件部门经理）；营销副总戚国辉（硕士，前紫光软件数字城市事业部总经理）；研发总监闫立财（硕士，前多家企业技术总监）；在职人员96人，博士7人，硕士29人，本科65人；短板信息暂无,2021年营收5080万元，利润1008万元；2022年营收7840万元，利润1030万元；2023年营收暂无，利润1300万元（注：PDF中2023年利润为1300万元，但营收未明确列出；2024年规划营收11000万元，利润1600万元）,,精确匹配,Enterprise
ENT_7EB338CC78F4,Enterprise,北京演绎科技有限公司,企业信息暂存.xlsx,305,AI应用技术（未查到具体核心技术）,,,,,,,,,精确匹配,Enterprise
ENT_59A8C192B196,Enterprise,北京煜鼎增材制造研究院股份有限公司,企业信息暂存.xlsx,306,重大装备高性能金属增材制造（3D打印）、重大装备关键机械运动零部件表面工程、重大装备高性能金属结构新材料,,,,,,由北京航空航天大学与王华明院士团队共同设立,,,精确匹配,Enterprise
ENT_2B3DBB4C2A28,Enterprise,北京理工智车科技有限公司,企业信息暂存.xlsx,307,陆地航母装备、功能型无人车国家检测业务、无人车平台系列产品、XXX装甲车关键零部件、系列8×8轮式突击平台关键零部件,,未来交通、智慧城市（功能型无人车执行运输、物流、接驳、巡逻、市政、警用、环卫、救援等任务）,产学研一体化，科技成果转化孵化。军：配套于系列型号的关键部件产品，构建科研-生产-产品-市场全链条体系。民：承建国家级检测中心，开展功能型无人车国家检测业务。,生产基地年产能1500台,2023年取得保密资质；承建国家级检测中心；牵头制定功能型无人车行业国家规划；成立功能型无人车专项工作组。,依托北京理工大学机械与车辆学院、坦克传动国防科技重点实验室、无人车技术工信部重点实验室。团队背景涵盖军（陆地航母装备研制）、民（功能型无人车国家检测）。短板信息暂无。,,,未匹配,Enterprise
ENT_44A35CFD374A,Enterprise,北京龙知远科技发展有限公司,企业信息暂存.xlsx,308,制冷型锑化铟探测器、红外相机技术,,,,,,,,,精确匹配,Enterprise
ENT_AF79C18BB686,Enterprise,上海华渔新材料科技有限公司,企业信息暂存.xlsx,309,以缠绕工艺为核心的复合碳纤维应用技术，自动化缠绕成型、独家树脂配方、非胶接连接技术、正向设计CAE分析数据库。核心产品为碳纤维复合材料传动轴（POWERSHAFT TM Carbon Fiber Driveshaft），以及碳纤维电驱电机转子护套和主轴,技术已成熟，拥有量产技术。碳纤维传动轴已获得上汽定点，与多个主机厂有同步项目；碳纤维转子护套在康明斯小型电机上已批量应用，军工电机验证成功并进入批量准备，与多家国内车企的基础测试通过并处于耐久实验中；电机主轴为全球首创，已申请专利。,汽车车身部件、刹车片、轮毂、隔音板、前端支架、座椅结构、车身底盘、仪表盘、缓冲梁、备胎仓、窗饰等零部件；风电、航空航天、体育休闲、医疗等领域。,暂无明确信息。,拥有金山制造基地，具备量产能力。与纳铁福建立密切合作模块化生产，可制造性提高，为大规模推广奠定基础。,碳纤维传动轴通过主机厂严苛测试（强度、疲劳、耐候、各种工况）及认证；树脂配方耐候性测试全面通过汽车行业认证；材料体系嵌入主机厂材料参数卡及碳纤维传动轴标准；电机主轴技术已申请专利（全球首创）。,暂无信息。,暂无信息。,国外竞品（碳纤维传动轴）：华渔技术连接强度更高、重量更轻、临界转速更高、成本更低。国内碳纤维产业结构中，下游应用零部件制造企业存在预浸料铺贴类（工艺成本高、自动化程度低、手工铺贴）和缠绕类（成本低、自动化程度高）等不同类型，华渔技术属于以缠绕工艺为核心、自动化程度高、设计门槛高的类型。在碳纤维转子护套领域，国内尚无可批量的竞争对手；特斯拉收购德国公司制造同类产品。电机主轴技术全球暂无竞争。,未匹配,Enterprise
ENT_98B98CB67DE4,Enterprise,南京昕瑞再生医药科技有限公司,企业信息暂存.xlsx,310,利用基于高分辨成像、微流控和高通量转录组小分子筛选技术，高通量、低成本、全面系统地筛选操作细胞命运的小分子药物，产生有成药前景的小分子化合物自主知识产权,,孵化出创新小分子药物，并推动细胞治疗产品的研发和转化。,短期：承接药厂合作研发课题、技术服务；中长期：专利转化、与制药企业合作进行临床申报和转化；长期：孵化创新药物和细胞治疗产品。,,公司和北京大学分子医学研究所细胞重编程与再生医疗研究室合作完成项目开发，共享专利成果。,公司层面以刘洋（即将博士后出站全职）和李红蕾（全职）2人负责研发和运营。技术方面以赵扬北京大学分子医学研究所细胞重编程与再生医疗研究室科研团队为主（共22人）。,,,精确匹配,Enterprise
ENT_BC221831ECE0,Enterprise,南通复源新材料科技有限公司,企业信息暂存.xlsx,311,碳纤维复合材料回收与再利用技术；再生碳纤维产品：短切再生碳纤维（改性塑料用）、再生碳纤维毡（针刺毡-纯碳纤、针刺毡-混纤、表面毡）,已实现量产；拥有200吨/年中试线（2016年中试成功）和1500吨/年处理量生产线（2019年量产开始）；第二工厂（3000吨处理量）在建,,废CFRP回收处理服务；再生CF产品生产制造与销售,现有产能：1500吨废料处理量/年，1000吨再生碳纤维产能/年；在建第二工厂产能：3000吨处理量/年，2000吨再生碳纤维产能/年,再生资源回收经营备案登记；ISO9001/14001/45001体系认证（2020.12.28，2021.10.18）；GRS（全球回收标准）认证（2022.12.22）；碳足迹核查证书（三款产品）；牵头制订3项团体标准；上海市科教兴市重大产业科技攻关项目（1.7亿，上海交通大学大型民机创新工程）,,,全球有≤10家商业化公司（中国、美国、日本、欧洲）；裂解是目前唯一可行的碳纤维复合材料回收工业化技术；上海交通大学（200吨中试）热解技术是国内第一项被汽车行业认可的技术,精确匹配,Enterprise
ENT_6C50D8CCF745,Enterprise,合肥星能玄光科技有限责任公司,企业信息暂存.xlsx,312,先进场反磁镜（FRC）技术，高密度场反磁镜（三重约束）、离子回旋波加热技术、高参数FRC对碰融合技术、旋转磁场控制技术、自研高功率射频源、自研高压脉冲电源、超级电容器供能模组等,工程可行性验证阶段。拥有现有场反磁镜KMAX-FRC实验装置，已完成离子温度50-100eV的加热实验、高参数FRC对碰融合实验，并实现了旋转磁场控制。目标是将约束时间提升至ITER量级，并计划建造聚变堆。,为社会提供商业化聚变清洁能源。,,,KMAX装置获中科院创新仪器项目、国家磁约束聚变项目、基金委面上和重点项目资助；团队发表直接相关论文70余篇；装置被国内聚变博物馆收录。,创始团队：董事长/总经理孙玄（中科大核学院教授，有美国LANL、Tri Alpha Energy公司研发经验）。技术团队包括多名中科大等离子体物理专业博士，负责装置运行、诊断、模拟等。短板：文档明确指出其技术路线（先进场反磁镜）在‘约束’上需要突破。,,竞对：国际（如美国Tri Alpha Energy、Helion Energy、CFS）；国内（如能量奇点、星环聚能、新奥能源）。技术差异：主流为托卡马克路线，存在电流破裂风险、密度极限、建造复杂周期长等问题。星能玄光采用先进场反磁镜路线，优势在于造价低、周期短、可快速迭代、高温高密（经济效益高），劣势是需要在约束上进行突破。与国际同类场反装置（如TAE）相比，星能玄光装置具有可增加高温超导线圈、势垒约束、强磁镜约束、已有射频加热基础等优点。,精确匹配,Enterprise
ENT_5CC17F5E0313,Enterprise,北京合鲸科技发展有限公司,企业信息暂存.xlsx,313,CBRNe特种威胁感知与处置技术,成功研制多型“全军列装”和国产“首台套”产品，产品已配套军方型号产品并会批量供货。,,,公司总部设在北京，在上海、西安、深圳等地设有分公司、子公司和研发中心，拥有总部生产制造中心。,高新技术企业、专精特新企业、军工相关资质。公司及团队成员拥有多项国家发明专利、实用新型专利，参与编写国军标。,创始人及核心管理层包括刘继凯（董事长兼总经理，防化装备研发制造经验）、李敬磊（联合创始人，核生化领域近20年经验）、李永（联合创始人，擅长渠道拓展）、袁汉华（总经理，仪器仪表领域25年经验）。技术团队带头人涵盖红外遥测、图像识别、核辐射侦检、质谱、生物技术、软件信息化等领域，经验丰富。短板信息暂无。,,,精确匹配,Enterprise
ENT_452548468ED5,Enterprise,四川沃飞长空科技发展有限公司,企业信息暂存.xlsx,314,eVTOL飞行器设计、无人机制造技术,,城市空中交通（UAM/AAM）、消费级无人机应用,,,,,,,精确匹配,Enterprise
ENT_BEAA6A6A97DF,Enterprise,北京四维纵横数据技术有限公司,企业信息暂存.xlsx,315,超融合实时数据仓库技术（MatrixDB）,,,,,,,,,未匹配,Enterprise
ENT_B412A9B57ECD,Enterprise,南京埃米仪器科技有限公司,企业信息暂存.xlsx,316,原子力显微镜（AFM），具备高精度的目标定位系统、多探头（原子力显微镜）并行扫描技术、多探针并行扫描技术,,,,,专利情况（具体内容未提供）,团队经验丰富且相互信任，技术领先且有成熟设备开发经验，团队年轻且配合默契，有市场资源；团队规模比较单薄,,,未匹配,Enterprise
ENT_DF566BB40E5D,Enterprise,宁波博雅聚力新材料科技有限公司,企业信息暂存.xlsx,317,聚酰亚胺材料技术（未查到具体核心技术）,,,,,,,,,精确匹配,Enterprise
ENT_6BA229AF2AF1,Enterprise,安徽曦融兆波科技有限公司,企业信息暂存.xlsx,318,毫米波技术（未查到具体核心技术）,,,,,,,,,精确匹配,Enterprise
ENT_335E7B3AC34F,Enterprise,安徽爱观视觉科技有限公司,企业信息暂存.xlsx,319,仿生眼（电子仿生眼）、3D摄像系统、产品检测系统、3D显微镜及3D内窥镜、泛用型仿生眼,,所有需要双目立体视觉图像的场合，如3D影视拍摄、无人驾驶汽车或机器人对周边环境的观察和建模,,,专利44项（授权26项），拥有完整的自主知识产权体系,核心团队：CEO张晓林（横滨国立大学工学博士，中组部千人计划专家，仿生视觉控制系统原理发明人），CTO甄梓宁（东京工业大学博士中退，核心技术发明者之一，发明'标准辐辏原理'）。团队短板：暂无,,,精确匹配,Enterprise
ENT_A11EB2F77316,Enterprise,安捷中科（北京）数据科技有限公司,企业信息暂存.xlsx,320,数据智能技术（未查到具体核心技术）,,,,,,,,,未匹配,Enterprise
ENT_51B62F5B29CF,Enterprise,宝晟（苏州）能源科技有限公司,企业信息暂存.xlsx,321,高端新能源材料、新型干法电极工艺和新型超级电容器,相关材料和工艺已经完成中试阶段,干法电极、新型预锂化技术、干法固态电池,,,已取得3项国家发明专利授权及多项实用新型专利,,,技术指标对标Tesla公司、Maxwell公司及日本可乐立公司最新产品性能,精确匹配,Enterprise
ENT_B457ACF26C74,Enterprise,常州中湾智能科技有限公司,企业信息暂存.xlsx,322,异构处理架构技术,技术水平国内顶尖，产品已实现小批量运用,,,满足全栈开发交付要求，满足行业交付需求,国家高新技术企业、江苏省民营科技企业、苏州市数字经济企业、江苏省科技型中小企业；已申请受理或获得授权的自主知识产权共40余项，包括发明专利23项、实用新型专利3项、软件著作权7项、注册商标18项,核心团队：由中科院苏州育成中心孵化，核心骨干均具有985院校硕士及以上学历，团队平均年龄约33岁，涵盖集成电路、电子信息、软件工程、雷达、自动控制、飞行器设计、系统工程等专业；短板：暂无,2022年营收1100万元，2023年营收3020万元，2024年预测营收8000万元；利润暂无,,精确匹配,Enterprise
ENT_55A77148FF0D,Enterprise,广州因明生物医药科技股份有限公司,企业信息暂存.xlsx,323,小核酸/mRNA技术（未查到具体核心技术）,,,,,,,,,未匹配,Enterprise
ENT_54CC313358B5,Enterprise,开源共识（上海）网络技术有限公司,企业信息暂存.xlsx,324,Moark AI平台、Gitee-DevSecOps,,,,,,,,,精确匹配,Enterprise
ENT_D7D8A362BCA9,Enterprise,微纳感知（合肥）技术有限公司,企业信息暂存.xlsx,325,MEMS气体传感器技术,,,,,自主知识产权,,,,精确匹配,Enterprise
ENT_37F94C443272,Enterprise,西安军融电子卫星基金投资有限公司,企业信息暂存.xlsx,326,股权投资（无核心技术）,,,,,,,,,未匹配,Enterprise
ENT_1718F80C1B86,Enterprise,慈溪锂燃炬薪科技有限公司,企业信息暂存.xlsx,327,多级级联有机萃取法同位素分离技术,,现有核电站运行过程（锂-7已广泛应用）、乏燃料后处理,研发、生产和销售锂同位素,,,核心团队信息未在提供内容中详述，仅提及张伟、郑卫琴、顾洪熙为创始股东，运营团队通过持股平台持股。短板信息暂无。,,,未匹配,Enterprise
ENT_F9C8622CE4D5,Enterprise,中科宇航技术股份有限公司,企业信息暂存.xlsx,328,太空科技探索和系列化空天飞行器的研发集成、技术成果转化、提供宇航发射服务,,,产学研相结合，重大科研项目牵引、市场化融资和地方政府产业政策支持三方联动的军民融合航天产业创新模式,,,,,,未匹配,Enterprise
ENT_E353C6E666EB,Enterprise,北京智天新航科技有限公司,企业信息暂存.xlsx,329,涡桨发动机减振安装系统、柔性橡胶封严板、聚硫密封剂、风电叶片防侵蚀材料、轨道车辆转向架减振系统、低空经济EVTOL动力/升力系统减振、惯导减振安装,,,,,,,,国内竞争者、国外竞争者（具体信息未提供）,未匹配,Enterprise
ENT_C6FEA093175B,Enterprise,北京未磁科技有限公司,企业信息暂存.xlsx,330,高性能碱金属气室制备技术、无磁电加热技术、高性能窄线宽激光器技术、原子磁力计温控技术、原子磁力计微型化技术、原子磁力计一致性标定技术、原子磁力计阵列化探测技术、原子磁力计多通道模块控制技术、高效能被动磁屏蔽和主动磁补偿技术、心脑磁整机系统集成技术、磁场数据分析处理技术,,弱磁场测量、极弱磁场测量,,,,,,原子磁力计、心磁图仪、脑磁图仪,未匹配,Enterprise
ENT_88727D5BEEFB,Enterprise,杭州芯正微电子有限公司,企业信息暂存.xlsx,331,ET技术（包络追踪技术）、手机ET产品、无人机ET产品、无人机APT PA芯片,拥有成熟的研发团队和产品线，已有140余款产品型号；在研及规划产品有明确量产时间表（如2025年）；具备完整的裸芯测试、筛选试验、质量一致性试验能力。,商业航天（子公司即将成立）；卫星互联网；国家重大战略需求相关领域。,为国家重大战略需求、特种领域及商业市场提供集成电路和SiP产品及解决方案。,测试场地3000平米，年产能40万片/年；配备了完善的建模工具及板级设计验证工具；建立了以公司为主体，国内多家可靠性试验机构为支撑的检测平台。,资质荣誉：高新技术企业证书、专精特新企业（杭州、北京）、软件企业认定证书、ISO14001环境认证、民参军领军企业、商业航天联盟证书、特种资质。知识产权：截至2024年7月31日，已取得发明专利50项，实用新型14项，软件著作权80件。,创始团队：张教授（总经理、联合创始人），厦门大学自动控制专业本科，中国空间技术研究院计算机硕士，曾参与载人航天、探月工程等国家重大工程项目；李雪（董事长、联合创始人），东南大学半导体专业硕士，研究员级高级工程师，国务院政府津贴专家，曾任中电科集团所长等职。管理及技术团队经验丰富。短板信息暂无。,,竞对：振华风光、臻镭科技、成都华微。技术差异：根据知识产权数据对比，芯正微在发明专利（50项）和软件著作权（80件）数量上具有优势，实用新型专利（14项）数量相对较少。,精确匹配,Enterprise
ENT_CB2521C23E75,Enterprise,深圳市薇光点亮科技有限公司,企业信息暂存.xlsx,332,Micro LED技术（未查到具体核心技术）,,,,,,,,,未匹配,Enterprise
ENT_53EE49BF72BC,Enterprise,上海中器无量量子科技有限公司,企业信息暂存.xlsx,333,量子计算机整机及核心部件等子系统的研发销售；量子传感器等产业核心部件的研发销售；量子软件、量子算法及混合计算解决方案的研发销售,,,,,,,,,未匹配,Enterprise
ENT_791A70D87F8A,Enterprise,北京摩尔芯光科技有限公司,企业信息暂存.xlsx,334,硅光子技术（未查到具体核心技术）,,,,,,,,,未匹配,Enterprise
ENT_636845FC2D33,Enterprise,本源量子计算科技（合肥）股份有限公司,企业信息暂存.xlsx,335,超导量子计算机（如“本源悟空”，198个量子比特，其中72个工作比特）,近期：量子霸权（已实现）；中期：量子模拟机；远期：通用量子计算机。本源量子已发布198量子比特超导量子计算机“本源悟空”并上线。,大数据处理、机器学习、材料研发、医药开发、人工智能、密码破译、气候模拟、药物研发、金融（组合优化、人工智能）、化工、物流、安全等领域。,,,,创始团队：郭光灿院士。短板：暂无,,竞对：IBM（超导，1121量子比特Condor处理器）、谷歌（超导，Willow量子芯片）、Intel（硅半导体，12位硅基自旋量子芯片Tunnel Falls）、中科院（硅自旋量子比特）、华翊量子（离子阱，37位原型机HYQ-A37）、Quantinuum（离子阱，H2-1系统）、幺正量子（离子阱）、中国科大（光量子，255光子“九章三号”）、玻色量子（光量子，100比特相干光量子伊辛机）、硅臻量子（光量子，量子安全芯片）、微尺度国家研究中心（中性原子）、Atom computing（中性原子，1180量子比特原型机）、中科酷原（中性原子，汉原1号）。技术差异：本源量子采用超导技术路线，典型成就为198量子比特超导量子计算机“本源悟空”；其他竞对分别采用超导、硅半导体、离子阱、光量子、中性原子等不同技术路线，在量子比特数量、技术特性（如保真度、相干时间、操控速度）上存在差异。,未匹配,Enterprise
ENT_BA18171ED7EE,Enterprise,杭州博辉合生科技有限公司,企业信息暂存.xlsx,336,合成生物学技术；生物基染料（靛蓝/红/棕等）；日化天然活性成分（愈创木薁磺酸钠、红没药醇、龙涎香等）；生物色素（灵菌红素、Indigoidine等）,部分产品已商业化（靛蓝、纳米红、棕黑色已稳定出货并盈利）；部分产品处于菌株构建、小试、中试阶段（见产品管线图）,,针对不同客户提供个性化解决方案：向日化客户提供核心原料+配方技术服务或全流程定制开发；向纺织客户提供生物色素+应用配色服务+生产工艺方案，或协同色卡定制开发+面料设计+量产等。收费模式包括原料费、服务费、产品分成等。,具备从研发、中试到商业化生产的能力；部分生物基染料已实现稳定出货；拥有染色工艺方案及配色服务能力；与日化代工厂、纺织印染厂合作交付。,Intertek权威功效认证（2022年）；依托中国药科大学、东华大学建立联合实验室及博士工作站；核心团队拥有多项专业背景及行业经验。,团队包括：具备投行及产业投资背景的成员；商业化部门成员来自华素愈创、Steve Madden、知名印染厂等；技术团队包括中国药科大学尚教授（皮肤学）、董廖斌教授（合成生物学）、东华大学赵教授（染整技术）等专家；生产研发成员拥有印染、化工、材料工程背景。短板信息暂无。,2021-2024年财务表现数据未提供具体营收及利润数值，仅提及综合毛利高达40-50%，2023年实现盈利。,,精确匹配,Enterprise
ENT_8C64160FA560,Enterprise,杭州质子科技有限公司,企业信息暂存.xlsx,337,涉及人工智能、信号处理、疾病预测算法、柔性传感器、柔性材料、高集成度电路设计、无线充电、生物信号处理、健康预测与评估模型等,已有多款产品获得NMPA二类认证并上市；拥有8年研发积累，累计投入过亿元；人工智能、信号处理、疾病预测算法等研发人员8名；核心研发队伍占团队总规模40%以上。,药房、养老机构、保险公司、医疗机构、体检公司等B端机构，以及通过B端影响C端用户认知的线上渠道；海外市场。,通过经销商体系布局，穿透各销售渠道（医疗机构、保险机构、康养机构、体检机构、企事业集团、个人家庭）；计划布局B端机构形成影响力，并通过B端影响C端。,产品已上市销售；拥有自研心电分析软件并获得医疗器械二类注册证；支持快速对接医院现有信息化平台，进行公有云或私有云部署。具体交付周期暂无。,国家高新技术企业；浙江省专精特新企业；申请/授权发明专利17项；实用新型专利6项；外观专利12项；软著24个；作品著作权1个；5款NMPA（国家药品监督管理局）二类认证产品上市。,核心团队汇集了来自浙江大学等名校的各领域专业人才，其中人工智能、信号处理、柔性材料、疾病预测、软硬件专业化等研发队伍占团队总规模40%以上。短板信息暂无。,,国外竞对包括iRhythm（核心产品Zio Patch可连续监测14天）、BioTelemetry（核心产品ePatch可进行14天心电图记录，2021年被飞利浦收购）、AliveCor（核心产品KardiaMobile 6L为6导联心电图仪）。质子科技的核心竞争力包括：国内首款连续监测7天柔性动态心电贴；自研的AI+ECG算法及医生分析专用软件；异常心律失常自动识别精度高达97.71%。,精确匹配,Enterprise
ENT_CB6C5C1639DB,Enterprise,杭州银湖激光科技有限公司,企业信息暂存.xlsx,338,激光技术（未查到具体核心技术）,,,,,,,,,精确匹配,Enterprise
ENT_D380E7D2931C,Enterprise,核欣（苏州）医药科技有限公司,企业信息暂存.xlsx,339,诊疗一体化RLT放射性配体治疗药物技术,68Ga-HX01已获得国内首个68Ga标记的创新核药临床批文（2022年6月）；177Lu-HX02分子筛选完成，进入IIT研究。,肿瘤间质靶点可用于多种肿瘤的诊断和治疗；肿瘤实质细胞靶点可用于满足临床对恶性肿瘤诊断和治疗的需求。,前期以独家授权方式引进专利，后期以自主研发为主；前期与国内核药企业及CRO合作开展非临床研究；计划在批产前获取自身核素药物生产、销售资质。,,拥有从匹兹堡大学引进的HX01知识产权；后期将形成自主知识产权；核欣（苏州）成为国内首个获得临床批文的68Ga标记的创新核药（2022.6）。,创始人左从林（研究员，毒理学专业，昭衍新药、舒泰神创始人之一，新药审评专家）；联合创始人兼首席科学家曾德兴（匹兹堡大学引进，HX01发明人）。团队拥有核药研发经验（如参与18F-RGD研究、指导原则起草）。短板信息未提及。,,竞对包括诺华（已上市68Ga-Dotatate/177Lu-Dotatate和68Ga-PSMA-11/177Lu-PSMA-617）；国内专注创新核药研发企业（如获融资的同类公司）。技术差异：核欣采用双靶点技术路线，针对αvβ3、CD13及肿瘤间质靶点等，旨在研发First-in-Class国际创新核药。,精确匹配,Enterprise
ENT_2E2F8428758B,Enterprise,此芯科技集团有限公司,企业信息暂存.xlsx,340,高性能通用ARM CPU芯片设计,,平板电脑、个人PC&Notebook、服务器、元宇宙XR、智能汽车,,,,核心团队为全球顶尖的高性能ARM架构和CPU全建制研发设计团队，技术能力突出、积累深厚，领军人物能力突出、成长快速，团队磨合到位、搭配合理，整合资源能力很强，商业思路清晰、心态较好。团队不足：暂无具体描述。,,国内外ARM CPU芯片厂商情况、国内CPU芯片厂商情况（文档中提及但未展开具体差异）,未匹配,Enterprise
ENT_1302843885F2,Enterprise,武汉新耐视智能科技有限责任公司,企业信息暂存.xlsx,341,激光焊接质量监测与控制核心单元器件及系统（AIWS智能激光焊接监控系统）,,,通过OEM系统集成商向各个行业提供全套解决方案,,,经营研发团队主要来自于华中科技大学和华工科技，核心成员李斌为研究员级高级工程师，长期担任华工科技副总经理、华工法利莱总经理，其和王春明教授参与完成的“汽车制造中的高质高效激光焊接与切割工艺装备”项目，获2015年度国家科技进步一等奖，团队成员还多次获省部级科技进步特等奖和一等奖。项目团队结合了产、学、研、用优势，掌握了激光焊接切割工艺与装备关键技术。,,,精确匹配,Enterprise
ENT_420BC8C02F8F,Enterprise,比科奇微电子（杭州）有限公司,企业信息暂存.xlsx,342,5G小基站芯片设计、NB-IoT技术,,,为全球通信及物联网领域各产业链企业提供芯片组和整体解决方案,,,核心团队：CEO宋相宇（曾任中兴微电子副总裁）、CTO蒋颖波（曾任中兴微电子技术总监）、英国研发中心负责人Peter Claydon（曾任Picochip研发副总裁）。团队评价：团队技术背景深厚，但缺乏市场、销售和融资经验，且英国团队成本较高。,,竞争格局：公网小基站芯片主要被Intel、高通、赛灵思等国外厂商垄断；国内竞争对手包括中兴通讯、华为海思、佰才邦、新岸线等。技术差异：比科奇采用ASIC方案，相比FPGA方案在成本、功耗和性能上有优势；相比其他ASIC厂商，其产品支持更高的灵活性和开放性。,精确匹配,Enterprise
ENT_3CF04CBC3414,Enterprise,江苏方霖动力科技有限公司,企业信息暂存.xlsx,343,重油转子发动机技术,2002年由国防科工委投资1400万元进行研发，2009年已经过相关部门测试认定，需要进一步投资完善机型、性能，实现产品批量化生产，逐步达到规模化,配套我国军备及部分民用产品,,,,项目系由中国内燃机特种发动机分会副主任、原陕西红岭机械厂工程师王锡茂教授领军,,国外竞对：美国RPI公司（国际旋转动力公司）、德国Wankel Rotary Gmbh（汪克尔转子发动机公司）、英国UEL无人机发动机公司。国内竞对：浙江金华汽车总厂和交通部公路科学研究所研制的JZ211B型转子机、广州华南理工大学和广州建设机器厂研制的GZ2—900型转子机、桂林机械厂和长春汽车研究所研制的GL21 10型转子机、陕西红岭机械厂开发的Z160F型全风冷汽油转子发动机。技术差异：本项目为重油转子发动机，旨在填补我国特种发动机空白。,精确匹配,Enterprise
ENT_8FC40A4A19A3,Enterprise,江苏芯长征微电子集团股份有限公司,企业信息暂存.xlsx,344,功率半导体技术（未查到具体核心技术）,,,,,,,,,精确匹配,Enterprise
ENT_D0247A466565,Enterprise,巩义市泛锐熠辉复合材料股份有限公司,企业信息暂存.xlsx,345,气凝胶复合材料技术,,,采购模式：主要向关联方采购气凝胶粉体、硅源等原材料。生产模式：自主生产。销售模式：直销为主，客户主要为新能源电池头部企业,,公司资质：高新技术企业、河南省“专精特新”中小企业、郑州市科技型企业、郑州市企业技术中心、郑州市工程技术研究中心。公司荣誉：河南省科技进步二等奖、中国创新创业大赛全国总决赛优秀企业。制定的行业标准：参与制定《纳米孔气凝胶复合绝热制品》国家标准。专利权：拥有多项专利权（具体专利号见文档5.2.4节）,核心团队具有很强的技术背景，产业化能力突出。具体团队情况见文档2.3.2节，但PDF未提供具体成员姓名、背景及短板信息,近三年一期主要报表科目包含营业收入、营业成本、利润总额、净利润等数据（具体数值见文档5.1.1节表格，但PDF未提供具体年份和数值）,市场竞争对手情况：国内主要竞争对手包括广东埃力生、纳诺科技、山西阳中新材、贵州航天乌江等（见文档3.5.2节）。PDF未提供具体技术差异对比,未匹配,Enterprise
ENT_0140F94CDB60,Enterprise,苏州泽辉生物科技有限公司,企业信息暂存.xlsx,346,生物医药技术（未查到具体核心技术）,,,,,,,,,精确匹配,Enterprise
ENT_9B73B754F768,Enterprise,洛赛达科技（南京）有限责任公司,企业信息暂存.xlsx,347,ET包络追踪技术及射频前端系统方案，专注于高性能模拟射频集成器件和系统设计,首款产品前端设计已近半，领先国内至少5代；核心团队拥有10年以上直接经验，所设计芯片累计出货量数十亿颗,卫星通信、可穿戴设备、AI处理器供电、数据中心能效提升等需要解决续航、散热、能耗问题的领域,提供芯片及系统解决方案，高毛利模式（约80%毛利率），通过定义和复用核心IP、3D Chiplet/SiP封装实现低成本高性能量产,暂无（PDF未明确提及具体交付能力）,核心团队专利20余项，包括获批的美国专利；团队研发成果申请专利11项（CD）和14项（JL）,核心团队为高通（ET技术全球最强）原始设计团队，多位留美博士，10年以上直接经验，覆盖全部关键环节；短板：PDF未提及公司短板,暂无（PDF未提及历史财务数据）,全球高端ET主要供应商为高通、MediaTek；国内APT电源管理有艾为、韦尔，ET电源管理有奥拉半导体、亚成微（均研发中），国内ET射频前端及ET电源-射频前端系统暂无竞争对手；公司技术领先国内至少5代，属于电源与射频交叉领域，人才稀缺，技术壁垒极高,精确匹配,Enterprise
ENT_E14B02EC795E,Enterprise,浙江华熔科技股份有限公司,企业信息暂存.xlsx,348,碳纤维/新材料技术（未查到具体核心技术）,,,,,,,,,未匹配,Enterprise
ENT_0564B3493F9A,Enterprise,苏州浦合医药科技有限公司,企业信息暂存.xlsx,349,精准小分子抗肿瘤新药研发,PH-001处于III期临床阶段（患者入组过半），PH-002处于国际多中心临床II期（入组完成），PH-009已递交IND，PH-005已获临床批件，PH-020与MNC签署MTA协议，多个早期自研项目进入lead和PCC阶段。,通过联用进一步扩展适应症（如PH001联用对应百亿市场空间）。,结合引进（高性价比引进早期产品）和自研两种模式，以两面齐头并进的方式丰富产品管线；寻求MNC合作（如PH020与MNC签署MTA协议，技术尽调后拿到TS）。,公司布局：北京（运营管理中心、项目管理中心、部分商务拓展、临床）、上海（创新平台）、苏州（研发中心、创新制剂生产中心）、河南（外用制剂生产基地、原料药生产基地）、美东/加州（海外临床注册、商务拓展、创新平台）。苏州实验室、河南生产基地已启用。,PH001获得CDE突破性疗法认证；总计递交65个自主研发项目专利，已获得11个专利授权。,团队：员工59人（北京24人，苏州35人），研发人员占90%，硕博比例46%。核心成员包括：战略与发展负责人高宇、研发负责人高峰博士、临床负责人杨怡轩、科委会主席王小凡院士、临床委会主席王洁教授、科委会委员李治中博士、运营负责人董乐、苏州实验室负责人吴勇勇博士、药化负责人刘彬博士。股东包括乐普医疗（蒲忠杰为董事）和拾玉投资。短板：暂无明确提及。,,PH001竞对：武田的TAK-788、迪哲的DZD9008、艾力斯的伏美替尼、鞍石的PLB1004。PH001针对EGFR exon20ins一线治疗，临床疗效（ORR 73.1%，DCR 92.3%，研究者评估mPFS 11.1个月）显著优于含铂化疗（ORR 41%，DCR 73.1%，PFS 6.4个月）。PH009（四代EGFR TKI）目标：克服包含cis-C797S三突的全部经典和耐药突变，作用模式不同于三代药，可联用增效。,未匹配,Enterprise
ENT_2CB737DD7AFE,Enterprise,深圳深信生物科技有限公司,企业信息暂存.xlsx,350,深圳深信生物科技 - mRNA疫苗与药物递送技术,,,,,,,,,未匹配,Enterprise
ENT_4C894BDDD66A,Enterprise,深圳市迪威码半导体有限公司,企业信息暂存.xlsx,351,视频编解码、视频传输芯片设计,,,设计、研发、技术转让、技术咨询、技术支持和技术服务，并销售自主研发的产品,,法定代表人周彩章博士在美国成功授权3项专利；公司为小微企业,核心团队包括：法定代表人/总经理/技术带头人周彩章（博士，视频编解码、视频传输半导体集成电路芯片行业顶级专家，曾领导多个重要芯片研发项目）；市场营销负责人李锐（二十年美国和亚太地区半导体行业营销经验）。团队配合度高、稳定性好。短板信息暂无。,,,未匹配,Enterprise
ENT_B0523E7EDFC4,Enterprise,清融新材料科技（嘉兴）有限公司,企业信息暂存.xlsx,352,自主研发的连续化制备技术及装备，实现功能复合薄膜（≤5μm）的连续化制备；多尺度调控技术，突破电介质性能极限；高性能PTFE基覆铜板；压电复合薄膜（PVDF基复合材料）、导热复合薄膜、耐高温绝缘复合薄膜,技术验证与产品验证阶段。薄膜复合材料储能密度达到31J/cm³，处于国际领先水平；高温电容器薄膜（PEI复合改性）已完成性能验证，进入应用验证阶段；高频覆铜板（如WF6103）已完成送样验证。,重大能源工程、光伏风电、智能电网、其他车企（比亚迪、特斯拉）、水听器和声纳器、医学监测、航海航空。,研发、生产和销售功能复合薄膜材料及器件（如薄膜电容器），为国内外客户提供高效可行的解决方案。,目前处于验证和产线建设阶段。规划：2025年完成20吨级高温电容器薄膜和2000平高频基膜产线建设；2026年完成100吨级高温电容器薄膜和1万平高频基膜产线建设。,拥有30余项专利保护；核心团队拥有国家发明专利9项、申请发明专利23项；产品阻燃性达UL-94 V0级。,创始团队：首席科学家南策文（中国科学院院士）、首席技术顾问沈洋（清华大学教授、国家杰青）、董事长江建勇（清华大学博士）、总经理胡澎浩（清华大学副研究员）、研发总监潘家雨（清华大学博士）、投资总监关玉函（清华大学硕士）。团队兼具学术和产业经验。短板：文档未明确提及。,暂无。公司处于筹备和验证阶段，规划2026年营收超过5000万元。,高端电容器薄膜市场：竞对包括住友（SPS）、北欧化工（PP-COC）、Sabic（PEI）。清融科技（PEI复合改性）在耐温能力（150℃）、耐电压（450 MV/m）、介电常数（>4可调）、储能密度（5 J/cm³）上综合领先，采用复合技术路线。高频覆铜板市场：国外企业垄断，如Rogers（型号3003）。清融科技产品（如WF6103）性能参数与之相当或部分更优（如导热系数0.8 vs 0.5 W/m/K），旨在打破垄断。,精确匹配,Enterprise
ENT_67BEC03832BE,Enterprise,湖南汇思光电科技有限公司,企业信息暂存.xlsx,353,硅基光电子技术,,,,,,,,,精确匹配,Enterprise
ENT_8374BA899A4D,Enterprise,眉山博雅新材料股份有限公司,企业信息暂存.xlsx,354,闪烁晶体与高精密光学元件制造,,,,,国家级高新技术企业,,,,未匹配,Enterprise
ENT_4E4E395AFCD7,Enterprise,苏州科韵激光科技有限公司,企业信息暂存.xlsx,355,激光技术（未查到具体核心技术）,,,,,,,,,未匹配,Enterprise
ENT_91C69F4006CA,Enterprise,芯体素（杭州）科技发展有限公司,企业信息暂存.xlsx,356,芯片设计技术（未查到具体核心技术）,,,,,,,,,精确匹配,Enterprise
ENT_58A5244197BF,Enterprise,芯瑞微（上海）电子科技有限公司,企业信息暂存.xlsx,357,专注于EDA物理仿真领域，产品覆盖电磁、电热、流体和应力等多物理场仿真软件；融合集成电磁、电热、直流、磁损耗、应力、流体各个功能模块于一体的多物理场系统仿真平台,业界唯一非开源方案并拥有完全知识产权基础算法、自主可控的国产EDA公司；EDA核心算法架构国产化，完全自主的（非开源方案）标准、数据格式、基础算法、架构、前后处理和流程,自动驾驶、航天航空、车辆设计、电子半导体、电池电机等多项领域（参考Ansys业务范围）,EDA+服务，以系统仿真EDA为核心，外延拓展为客户提供一站式解决方案，包括：晶圆级封装服务、IC测试版设计服务，先进封装服务、板级硬件服务,,软著：11项；专利：18项,创始人兼CEO郭茹：EDA及IT行业近20年经验，曾任Cadence中国区/日本区系统销售部总监、Oracle Java事业部中国区总经理、Synopsys大客户部经理、HP China软件事业部总经理；创始人兼CTO An-Yu Kuo博士：多物理仿真领域40年+经验，曾任Cadence研发副总裁、Sigrity产品线研发总体负责人，其开发的仿真产品已三次在美国创业成功；VP徐刚：EDA/芯片设计行业15年经验，曾任Cadence Sales manager、Mentor Application Engineer、STMicroelectronics Design Engineer；研发团队汇聚了行业巨头Cadence、Synopsys、Mentor、Dassault的顶级技术和管理精英，其中海外7位架构师/科学家均为从业30年+领军人才；短板信息暂无,,竞对：Ansys（EDA物理仿真领域的巨头）、Cadence、Synopsys（行业巨头也进军多物理分析市场）；技术差异：芯瑞微是国内目前唯一自主知识产权基础算法的国产EDA公司，专注于物理仿真领域，致力于成为中国的Ansys，填补了国内系统仿真领域的空白,精确匹配,Enterprise
ENT_AC7E519566FB,Enterprise,芯翼信息科技（上海）有限公司,企业信息暂存.xlsx,358,设计和开发NB-IOT芯片,,,,,核心团队拥有专利（如肖建宏拥有5项专利，3项待批；张京华拥有两项专利；罗喜良拥有过70项专利）,核心团队：CEO肖建宏（北京大学本科，Texas A&M RFIC博士，前Broadcom资深首席科学家）；设计总监张京华（北京大学微电子本硕，新加坡国立大学博士，前Broadcom芯片设计项目负责人）；算法总监罗喜良（北京大学本科，明尼苏达大学博士，前Qualcomm高级主管工程师，上海科技大学副教授）；核心工程师曹驰（清华大学本科，哥伦比亚大学硕士，前Broadcom工程师）；架构师Ray Gomez（UCLA博士，前Broadcom资深总监及院士）。短板：暂无,,国内竞争者：暂无具体信息；国外竞争者：暂无具体信息,精确匹配,Enterprise
ENT_8A318E588779,Enterprise,英伟芯（西安）科技有限公司,企业信息暂存.xlsx,359,高度集成的光通信接口模块（Optical I/O module），包含高速激光器（Tx）、光子集成电路（PIC）、电子控制单元（EIC）和光互连接器（FAU）；晶圆级异构集成技术（激光器晶圆、硅光晶圆、电控制晶圆的晶圆级键合）；兼容8/12英寸CMOS工艺的光接口解决方案；SWIR短波红外相机技术（InP异质集成及衬底回收）,"技术开发阶段（2025年H1前完成关键技术演示）；计划2025年量产8""硅光异质集成平台；产品开发与客户导入阶段规划在2026-2027年；预计2028年量产。",人工智能GPU集群的高速低能耗光互联；下一代CPO（共封装光学）和Optical I/O方案；短波红外相机在消费电子、安防、自动驾驶领域的应用。,Fabless模式（设计公司），与代工厂合作生产；规划建立硅光后段生态联盟；融资进行技术开发和产能建设。,目前处于研发和关键技术演示阶段；计划2028年实现量产；具备晶圆级集成和规模化量产的基础（兼容CMOS代工线）。,暂无（PDF中未提及具体认证或资质）。,团队优势：CEO拥有30年光电器件经验（朗讯贝尔实验室、Intel等），有31项国际专利；团队成员具备25年以上国内外大厂光子器件研发与生产经验，在高速VCSEL/APD设计、大规模硅光子设计、12英寸CMOS/CIS工艺集成、晶圆级键合、商务生态等方面经验丰富。短板：PDF中未明确提及团队短板。,暂无（公司处于初创研发阶段，未开始量产销售；预测从2028年开始产生营收）。,竞对：国际光模块厂商（如博通、英伟达）；光互联方案（可插拔光模块、CPO）。技术差异：公司专注于晶圆级异构集成（III/V集成到硅），采用CMOS兼容工艺，追求高带宽密度、低能耗（~1 pJ/b @ 3.2Tb）、低时延（<5ns）、高可靠性及低成本，区别于传统可插拔模块和过渡性CPO方案，目标是Optical I/O终极方案。,精确匹配,Enterprise
ENT_DF4DA4556CAA,Enterprise,深圳菁童生命科学有限公司,企业信息暂存.xlsx,360,IPR细胞年轻化技术平台、FlexFate细胞原位转分化技术平台、In vivo FlexCar衰老细胞清除技术平台、环状RNA技术平台、靶向LNP技术平台、工程化EV技术平台,临床前阶段（Pre-clinical）。已有管线（如JTL-1201a青光眼管线）将进入IND Enabling阶段。,皮肤年轻化、脱发治疗、T细胞耗竭恢复、自免疾病（如SLE）、心衰、慢性肾炎、骨关节炎、肌肉衰弱、神经退行性疾病（如阿兹海默症）、肿瘤、系统性Rejuvenation。,药物研发与管线推进，计划进行消费医疗方向（皮肤年轻化与脱发）的市场化尝试。,,IPR技术平台、FlexFate技术平台、环状RNA技术平台和工程化EV技术已申请专利；已于2024年2季度提交皮肤、眼科、肺脏、肝脏四个方向的药物专利；环状RNA技术和IPR技术FTO分析在中美两国均无明显侵权风险。,创始团队：创始人、董事长周向军博士（恒瑞源正、深圳源兴基因、派格生物医药联合创始人，曾任源兴生物副总经理和首席科学家、上海交通大学药学院教授）；药物研发副总裁朱德途博士（清华大学珠三角研究院CGT中心副主任，广州医科大学教授）；资深商务顾问蔡学钧博士（前BMS全球研发副总裁、中国研发负责人，曾任阿斯利康、默沙东、辉瑞高管）。核心技术团队包括各技术平台与管线博士5名、生物信息学硕士3名、各方向研发与管理硕士6名。短板：信息未明确提及。,,对标公司：Altos Labs（表观重编程，融资额$5B）、Calico（Alphabet全资子公司，关注肿瘤、系统性Rejuvenation）、NewLimit（皮肤年轻化、T细胞恢复，融资额>$50M）、Life Biosciences（视网膜疾病，融资额~$200M）、Retro Bio（未披露领域，融资额$180M）、Shift Bioscience（Immunosenescence、Fibrosis，融资额$150M）。技术差异：菁童生命拥有自有专利的IPR技术、FlexFate技术、环状RNA技术等平台，专注于利用重编程逆转衰老，并布局原位细胞年轻化、转分化和衰老细胞清除等多种治疗手段。,未匹配,Enterprise
ENT_D119C9F3AE66,Enterprise,蓝廷新能源科技（浙江）有限公司,企业信息暂存.xlsx,361,锂电池复合隔膜技术（固态电解质复合膜、涂覆隔膜）；MOF功能材料复合膜技术；固态电解质技术,是目前国内唯二能开发固态电解质复合隔膜企业，具有稀缺性；预计23年可量产；深度参与了卫蓝、海钠、天目湖储能研究院等各类电池新项目的开发工作，可快速完成前期开发验证工作，为量产导入做准备。,传统锂电池（固态电解质复合隔膜向下兼容，在传统锂电池上应用同样可以提升性能）。,集研发、制造、销售于一身的创新型科技企业。,项目计划在柯桥建设年产4亿平米固态电解质复合膜产线和2000吨/年固态电解质生产线。项目建成后预计可实现销售收入15亿元。,,公司董事长、技术带头人吴大勇，现任中科院理化所功能高分子材料研究中心主任、工程塑料国家工程研究中心副主任，在隔膜领域技术积累深厚；副总聂文波为原中材涂覆事业部负责人，完整主导了中材基膜产线搭建并稳定运营。团队目前搭配合理，具有较强的战斗力。短板信息暂无。,,卫蓝与恩捷已成立合资公司（三合科技）全力推动量产，蓝廷是目前国内唯二能开发固态电解质复合隔膜企业。,精确匹配,Enterprise
ENT_51178E019F81,Enterprise,上海虹剑光电科技有限公司,企业信息暂存.xlsx,362,高性能光纤激光器技术,,,光纤激光器销售模式、生产模式,,清华大学深圳国际研究生院以技术入股,,,,未匹配,Enterprise
ENT_CFE6E720A3BD,Enterprise,西安奥若特材料技术有限公司,企业信息暂存.xlsx,363,西安奥若特材料技术（待查，无公开信息）,,,,,,,,,精确匹配,Enterprise
ENT_A55026E6427B,Enterprise,西安智同航空科技有限公司,企业信息暂存.xlsx,364,航空航天用标准件、发动机零部件、异型零部件、仪器仪表等紧固件，螺栓、螺钉类、螺母类、铆钉类、挡圈、垫圈类、快卸锁、快卸销类,技术成熟，已掌握多项核心技术并应用于批产。产品满足国标、国军标、航空标准、航天标准系列生产需求，并参与多个国家航空、航天重大工程和重点型号配套产品的研制生产任务，产品成功列装各型号飞行器和发动机。,,作为各大军工主机厂的一级配套单位，通常由主机厂采购处直采。,"年产能5,000万件，应急状态下年产能8,000万件。",资质：军工四证齐全（包括三级保密资质、装备承制单位资格证书等）、国家高新技术企业、陕西省“专精特新”中小企业、陕西省瞪羚企业、陕西省科技型中小企业、陕西省AAA级信誉单位、陕西省质量诚信双满意单位、西安市第一批军民融合企业。体系认证：国军标质量管理体系认证（两证合一）、职业健康安全管理体系认证、环境管理体系认证、知识产权管理体系认证、安全生产标准化三级。知识产权：已获专利授权26项（发明专利1项、实用新型专利25项）。,核心管理团队：董事长付平（行业资深专家，原央企核心高管，30多年航空航天紧固件企业管理经验）；总经理瞿廷超（研究员级高级工程师，行业一级技术专家，参与多个国家航空型号研发）；副总经理郑强（近20年航空航天紧固件生产管理和销售经验）；副总经理张晓静（多年从事航空航天紧固件的生产管理和销售工作）。短板：暂无。,"2021年：营业收入7,221.45万元，净利润1,912.73万元；2022年：营业收入10,623.43万元，净利润4,723.11万元；2023年1-6月：营业收入5,317.98万元，净利润2,154.79万元。",,精确匹配,Enterprise
ENT_C57B977E2943,Enterprise,西安欧中材料科技股份有限公司,企业信息暂存.xlsx,365,金属球形粉末制备技术、高温粉末盘制备技术、叶片脱芯技术,国家级高新技术企业，拥有完整技术及生产设备，技术来源于乌克兰及俄罗斯引进,,,,国家级专精特新“小巨人”企业；通过国际质量管理体系（ISO9001）、国际宇航质量管理体系（AS9100）、国际医疗器械质量管理体系（ISO13485）、国军标质量体系、环境管理体系（ISO14001）、职业健康安全管理体系（ISO45001）、企业知识产权管理体系（GB/T29490）等多项管理体系认证；获陕西省技术发明奖二等奖、中国发明协会创新创业一等奖、陕西省科技工作者创新创业大赛一等奖、国家知识产权优势企业、陕西省重点产业链“增材制造产业链链主”企业等荣誉,,,国内第三家拥有完整技术及生产设备的粉末涡轮盘生产企业；国内唯一一家拥有铝基叶片脱芯工艺的企业,精确匹配,Enterprise
ENT_87536292F29D,Enterprise,西安赛特新材料科技股份有限公司,企业信息暂存.xlsx,366,生物医用高端钛材、军民两用紧固件金属丝棒材,拥有专业化全流程生产线（如国内领先多品种多规格民用丝材生产线、完整的高品质镍钛记忆合金加工材生产线、年产25万件全流程钛合金精密锻件生产线），产品实现进口替代，技术已产业化应用,,,拥有渭北新城（166亩）、泾渭新城（40亩）、凤城三路（10亩）三个生产基地，具备规模化生产能力,国家级高新技术企业、国家“专精特新”小巨人企业、国家重点“专精特新”小巨人企业、国家火炬计划产业化示范项目、西安市第一批军民融合企业、西安市创新发展示范企业、陕西省企业技术中心、生物医用钛合金国家地方联合工程研究中心；GJB9001C武器装备质量管理体系、ISO13485医疗器械质量管理体系、ISO9001质量管理体系、ISO14001环境管理体系、ISO45001职业健康安全管理体系、AS9100D航空航天及国防质量管理体系、武器装备承制单位资格证书、武器装备科研生产单位二级保密资格；授权生物医用钛及钛合金材料相关发明专利7项、实用新型专利7项；授权稀有金属丝棒材相关发明专利6项、实用新型专利11项；主持制订国家标准2项，参与修订国家标准2项，制修订行业及企业标准10余项,核心团队包括：总经理杨晓康（博士、教授，陕西省科技创新创业人才，地方级领军人才，主持国防重大项目，解决“卡脖子”难题）；副总经理乔军伟（硕士、工程师，十余年钛材行业经验）；副总经理罗斌莉（硕士、高级工程师，建立GJB9100C和AS9100D体系）；副总经理陈曦（博士、高级工程师，主持国家自然科学基金等项目）；财务总监兼董事会秘书孙嘉楠（博士、ACCA注册会计师，负责资本运作）。短板信息暂无,,,精确匹配,Enterprise
ENT_E2E29ECE9B4A,Enterprise,西湖制药（杭州）有限公司,企业信息暂存.xlsx,367,AI制药技术（未查到具体核心技术）,,,,,,,,,未匹配,Enterprise
ENT_2723AFA67316,Enterprise,象生新材（深圳）有限公司,企业信息暂存.xlsx,368,"生物基新材料智能微工厂平台；呋喃基FDCA（2,5-呋喃二甲酸）、PEF（聚呋喃二甲酸乙二醇酯）、PBAF（聚呋喃二甲酸-己二酸-丁二醇酯）等生物基材料；合成生物酶催化平台、微流控纳米催化平台、智能微反应合成平台三大技术平台；纤维素一步法连续催化微反应技术",全球率先实现生物基材料高效集约清洁的工业化生产，实现无人微工厂智能制造；可实现多相的千吨微反应连续生产；FDCA纯度达99.99%，可合成浅色、透明、高粘的PEF；具备纳米催化剂产品体系。,对标替代PET，面向衣食住行全球化大市场；定位碳中和新兴市场及高价值材料；攻克复杂原料药及医用高分子合成难点；助推高难度原料药/中间体、化学品实现绿色低成本产业化；赋能非粮生物质高效催化转化，助力绿色生物制造（如甲醇、丁二醇、琥珀酸、乙二醇、燃料乙醇、丙烯酸、维生素C、长链二元酸等）。,横向：原料药/中间体、医用高分子材料CRDMO解决方案；纵向：FDCA、PEF呋喃基材料全链条贯通；大宗生物基塑料+高端原料药/中间体CRDMO；以CRO模式输出高效生物质催化转化能力。,柔性模块化产线，标准厂房3个月投放即插即用；可实现多相的千吨微反应连续生产；AI系统智能控制无人工厂。,依托国家重点实验室；国内少数具备生物质催化转化——自研微反应器量产综合实力。,科研+工业界综合性团队；依托国家重点实验室，聚集生物、化工、高分子材料等多学科顶级人才；海外前沿技术和国际先进化工材料管理经验。短板信息暂无。,,竞对：中科国生、合肥利夫、浙江糖能、Avantium、Corbion、Dupont（杜邦）。技术差异：象生科技采用纤维素一步法连续催化微反应技术，相比传统工艺（果糖原料、均相催化+釜式反应、HMF两步法）及部分竞品，在售价（400元/公斤）、纯度（99.99%）、生产效率（90%）、能耗（1.5千焦/升）、占地面积（25㎡）、三废排放（<0.5g/升）等方面具有显著优势，生产总成本可降至1-2万元/吨（传统工艺5-6万元/吨）。,精确匹配,Enterprise
ENT_3D311BB25A91,Enterprise,赛岚（杭州）生物医药科技有限公司,企业信息暂存.xlsx,369,新一代表观遗传治疗技术；EpigenPLUS™平台（创新的治疗技术及药物开发和表观基因组学平台）,多个管线已在临床阶段（CTS2190和CTS2016已获中美3项IND，正在进行临床1期研究）；CLX001和CLX006等6项已达到或接近PCC；拥有全链条高效、快速的表观遗传药物研发平台,衰老、自身免疫疾病、联合用药,自主研发创新药，与大型药企合作（例如：与罗氏（中国）研发达成科研合作，是罗氏中国加速器成员）,,拥有多项发明专利；徐国良院士的科研成果曾被诺华引进,创始团队在表观遗传领域拥有超过20+年的研发经验。科学总顾问徐国良院士是中国表观遗传学领域奠基者，在基础研究方面造诣深厚。联合创始人吴海平博士及米沅博士在表观遗传药物开发方面有多个BIC及FIC项目成功经验。核心团队与创始团队合作多年，经验互补。短板信息未提及。,,暂无具体竞对名称。技术差异体现在：致力于成为新一代表观遗传药物研发的全球领导者；拥有国际领先的表观遗传领域学术积累和药物开发实力；研发方向聚焦新靶点、新机制及联合用药，从血液瘤向实体瘤等更广泛疾病领域拓展。,精确匹配,Enterprise
ENT_70704E7B2292,Enterprise,西安迈斯拓扑科技有限公司,企业信息暂存.xlsx,370,电子加速器光核反应法生产医用同位素技术,技术积累深厚，技术成熟度高,,,,获得国际授权专利1项，国内授权发明专利7项，实审阶段专利15项,核心团队来自西北核技术研究所，长期从事核技术、放化分析和核化学诊断，工程经验丰富。与国内加速器方面技术龙头九院十所合作。团队具备加速器、制靶、辐照、放化分离等同位素加工各环节的技术及能力。短板信息暂无。,,国内竞争者、国外竞争者信息在文档中提及但未具体列出。技术差异：采用光核反应路线，与散裂反应路线相比，加速器制造成本低，产线建设投入小，且产额高，核素成本低，纯度高，能够得到无载体Ac-225。,未匹配,Enterprise
ENT_FDB2A254B752,Enterprise,上海加速纪元科技有限公司,企业信息暂存.xlsx,371,加速器技术（未查到具体核心技术）,,,,,,,,,精确匹配,Enterprise
ENT_14ECE64D2DC1,Enterprise,北京星源智机器人科技有限公司,企业信息暂存.xlsx,372,具身智能控制架构，分层架构（大脑、小脑）和端到端架构,,具身智能,,,,核心团队信息在文档目录中提及（2.7 核心团队），但具体内容未在提供的PDF片段中给出；团队评价在目录中提及（2.8 团队评价），但具体内容未在提供的PDF片段中给出,,竞争格局在文档目录中提及（3.6 竞争格局，包括国外竞争和国内竞争，以及3.7 竞争格局和竞争力分析），但具体内容未在提供的PDF片段中给出,模糊匹配,Enterprise
ENT_5E65E598BB32,Enterprise,境相（上海）科技有限公司,企业信息暂存.xlsx,373,触觉传感器（具体原理涉及传感器结构、三轴力测量机理）,,,,,知识产权部分在文档目录中有提及（4.5 知识产权），但具体内容未提供。,核心团队部分在文档目录中有提及（2.7 核心团队），但具体成员信息及评价未提供。,财务状况部分在文档目录中有提及（7.1 财务状况），但具体数据未提供。,竞争格局和竞争力分析部分在文档目录中有提及（3.6 竞争格局， 3.7 竞争格局和竞争力分析），但具体内容未提供。,精确匹配,Enterprise
ENT_9D92299037DB,Enterprise,陕西云谷众惠生物医药有限公司,企业信息暂存.xlsx,374,细胞与基因治疗、微针载药为核心技术平台,部分技术处于研发或验证阶段（如ZH001脱发治疗产品处于先导药物/候选药物阶段，LW系列微针产品处于小试工艺/功效验证阶段），部分技术已获得专利授权（如基因修饰型干细胞药物治疗脱发专利），部分历史技术曾进入医保目录或商业化（如细胞治疗产品曾进入陕西省医保目录，干细胞和肿瘤新抗原疗法曾商业化）,,自主研发生产销售药品、医美器械、化妆品；提供细胞存储服务（私人库、科研库）；为其他企业提供CRO/CDMO服务、科研试剂和原料；技术对外授权或合作开发,拥有生物组织样本库、细胞药物中试基地、外泌体药物中试基地、自动化3D打印中试基地、MEMS可溶性微针中试基地、检测中心、基础实验室等设施；具备智能化自动化存储、自动化3D微纳打印、3D微载体悬浮培养、全自动外泌体提取等技术能力；计划建设CNAS/CMA认证检测中心,拥有基因修饰型干细胞药物治疗脱发等专利授权；脐带、胎盘、细胞存储样本库获批；具体认证/资质信息未详细列出,团队拥有细胞与基因治疗专业背景和医学背景，来自中国科学院北京基因组研究所、空军军医大学西京医院、中国人民解放军军事医学科学院等机构；核心成员包括李丁教授（俄罗斯自然科学院院士）、吕贯廷教授（中国科学院大学硕士生导师）、邓武先生（董事长，市场与经营管理）、杨浩博士（微针技术）、张菊教授（基因诊断）；短板信息未提及,,微针技术对比：1. 皮内注射空心微针对比以色列Nanopass MicronJet 600®，自称具有更高硬度、不易断针、采用生物可降解材料；2. 眼科注射空心微针对比美国Clearside的XIPERE，自称具有更高生物相容性和可降解性；脱发治疗产品ZH001自称是全球首创治疗脱发的基因修饰干细胞产品，将填补全球空白,精确匹配,Enterprise
ENT_D9A309CCA722,Enterprise,陕西碳垣纳米工程有限公司,企业信息暂存.xlsx,375,宏观尺度碳纳米管材料（薄膜、纤维、气凝胶、绕包带）的规模化生产技术，特别是基于浮动催化CVD法、使用甲烷气态碳源工业化制备碳纳米管薄膜与纤维的技术,已实现碳纳米管薄膜大规模低成本量产，薄膜年产能有具体数据（PDF中未给出具体数值），可生产宽幅达2米、长度达50米的全球最大尺寸碳纳米管薄膜，以及连续长度超过5000米的碳纳米管纤维。气凝胶和绕包带处于产品研发阶段。,碳纳米管纤维作为电力传输、信号传输的潜在升级换代材料；碳纳米管气凝胶在污水处理、超级电容器、电催化、锂电池、燃料电池、土壤净化、催化剂载体、环境吸附、生物医疗等方面的应用。,,具备规模化量产能力，拥有现代化工厂和开放式实验室。,1. 公司及子公司（北京、河北、山东碳垣）均为国家高新技术企业。2. 通过ISO9001、ISO45001、ISO14001体系认证。3. 已申请专利36项（发明专利8项、实用新型14项、外观专利3项），软件著作权10项，集成电路1项。在碳纳米管薄膜领域进行了设备、工艺、产品应用全产业链的专利布局。,创始团队：创始人兼董事长侯红亮为工学博士、博士生导师、研究员，深耕碳纳米管领域，主持过多项国家重点科研项目。核心团队包括多位博士，分别在运营、应用开发、研发等领域有深厚背景。短板：PDF中未明确提及公司短板。,,市场现状以粉体材料为主，大部分用作添加剂。碳垣科技是国内唯一拥有宏观尺度碳纳米管材料规模化生产核心技术的企业。其技术差异在于：1. 基于气态碳源（甲烷）的工业化制备技术，生产效率高、成本低。2. 可生产全球最大尺寸、均匀性稳定性领先的碳纳米管薄膜。3. 突破了单壁碳纳米管纤维制备与干法加捻技术，性能指标领先。,精确匹配,Enterprise
ENT_E3086B0BF306,Enterprise,北京齐禾生物科技有限公司,企业信息暂存.xlsx,376,新型基因编辑工具酶及递送技术；植物基因编辑技术；原生质体再生平台和递送平台,已实现植物基因编辑技术的连续跨越（CRISPR-Cas9、碱基编辑、引导编辑等），并有多项世界首次应用成果；已建立高效的植物递送平台；累计申报或取得专利权属93项,创新药设计、细胞设计、微生物设计,提供高端技术服务；产品开发与销售（基于基因编辑技术的植物产品）,拥有苏州、北京、天津（吉诺沃）的研发运营中心；稳定运营八年的子公司吉诺沃团队积累了丰富的研发、生产和应用经验；搭建了跨物种作物的原生质体再生平台和递送平台,累计申报或取得专利权属93项；完成“齐禾生科”等商标专利申请32个,主要创始人为著名基因编辑科学家高彩霞；首席技术官Kevin Zhao博士；CEO行业领军人才即将到位；副总裁张丽、人力资源行政总监李伟明等运营团队；团队短板信息暂无,,国外基因编辑公司：Inari（美国，聚焦大豆、玉米）、Pairwise（美国，聚焦蔬菜水果、主粮）、Tropic Biosciences（英国，聚焦香蕉、咖啡）；齐禾生科拥有国际顶尖的科学家团队和多项世界首次的植物基因编辑技术成果,未匹配,Enterprise
ENT_A91188E11023,Enterprise,常州龙藏生物科技有限公司,企业信息暂存.xlsx,377,CMC生物合成技术（用于合成植物来源天然产物、植物外泌体、中药有效成分）；植物干细胞技术；植物种质优化和保存技术,已经实现了一定的技术积累（如CMC合成喜树碱、紫杉醇、QS-21佐剂、植物外泌体、中药有效成分等均有现有数据），但公司尚在筹建阶段，技术处于研发和早期应用阶段,促进中药产业发展（通过CMC生物合成解决中药材质量不稳定问题）；依托亚洲最大的野生生物种质资源库进行研发,,,拥有专利列表（具体专利未列出），但文档中提及“专利列表”章节,核心团队包括：于翔（拟派出董事、项目负责人）、谭一敏（项目成员）。团队评价章节存在但内容未在提供片段中。短板信息未提供。,,文档提及“现有解决方案及缺陷”，并强调CMC生物合成在效率、成本、纯度、可持续性等方面具有优势，但未具体列出竞争对手名称。技术差异主要体现在利用CMC（可能指特定细胞或培养系统）进行生物合成，对比传统植物提取、化学合成、微生物发酵等方法。,未匹配,Enterprise
