id:ID,label,name,normalized_name,source_file,:LABEL
PROD_CE3ECAD16438,Product,精密传感器制造,精密传感器制造,company-info_with_url.xlsx,Product
PROD_E0A702D6A9C0,Product,半导体封装,半导体封装,company-info_with_url.xlsx,Product
PROD_03B425528D80,Product,生物芯片加工领域激光设备,生物芯片加工领域激光设备,company-info_with_url.xlsx,Product
CAP_42EFAAE43C01,Capability,超快激光精密焊接技术（异质材料焊接,超快激光精密焊接技术（异质材料焊接,company-info_with_url.xlsx,Capability
CAP_6D7813CF73A8,Capability,特种材料超精密3D成形,特种材料超精密3d成形,company-info_with_url.xlsx,Capability
IND_D2965EF04FFB,Industry,航空航天,航空航天,company-info_with_url.xlsx,Industry
IND_A6099754177C,Industry,生物医疗,生物医疗,company-info_with_url.xlsx,Industry
IND_D2F457C3B2D8,Industry,半导体,半导体,company-info_with_url.xlsx,Industry
IND_EC13D4A81311,Industry,精密电子,精密电子,company-info_with_url.xlsx,Industry
SCN_F13160C5186C,Scenario,玻璃,玻璃,company-info_with_url.xlsx,Scenario
SCN_FDAEA484C3D6,Scenario,蓝宝石,蓝宝石,company-info_with_url.xlsx,Scenario
SCN_DD1BFFC266D7,Scenario,石英等透明材料间以及上述透明材料和金,石英等透明材料间以及上述透明材料和金,company-info_with_url.xlsx,Scenario
SCN_85E0BCCA5AED,Scenario,铜,铜,company-info_with_url.xlsx,Scenario
SCN_A0C1CF775450,Scenario,不锈钢,不锈钢,company-info_with_url.xlsx,Scenario
SCN_DDDAB6882CF8,Scenario,高温合金之间的直接焊接,高温合金之间的直接焊接,company-info_with_url.xlsx,Scenario
CUS_60E0FA8C0A85,Customer,中国电子科技集团第38研究所,中国电子科技集团第38研究所,company-info_with_url.xlsx,Customer
CUS_21C6421E88E5,Customer,中国航空工业集团西安飞行自动控制研究所,中国航空工业集团西安飞行自动控制研究所,company-info_with_url.xlsx,Customer
CUS_0ED7240F3EF2,Customer,浙江大学杭州国际科创中心,浙江大学杭州国际科创中心,company-info_with_url.xlsx,Customer
CUS_D57B0A834F37,Customer,中科院物理研究院绵阳某院,中科院物理研究院绵阳某院,company-info_with_url.xlsx,Customer
SUP_1B5E9BB14515,Supplier,激光器,激光器,company-info_with_url.xlsx,Supplier
SUP_0C215D688B8A,Supplier,光学元件供应商,光学元件供应商,company-info_with_url.xlsx,Supplier
PROD_23901B9B2A5A,Product,MEMS光学传感器（压力,mems光学传感器（压力,company-info_with_url.xlsx,Product
PROD_83CC7601E7B6,Product,应变,应变,company-info_with_url.xlsx,Product
PROD_A46468E0A0B8,Product,位移,位移,company-info_with_url.xlsx,Product
PROD_BDF27CF3973E,Product,温度,温度,company-info_with_url.xlsx,Product
PROD_12DE3230DD3B,Product,声音）,声音）,company-info_with_url.xlsx,Product
PROD_91DF206214C4,Product,全光谱光纤传感分析仪,全光谱光纤传感分析仪,company-info_with_url.xlsx,Product
PROD_B8A9DAD79583,Product,传感分析软件平台,传感分析软件平台,company-info_with_url.xlsx,Product
CAP_6620660BDA31,Capability,MEMS光学传感核心技术（光谱干涉仪MEMS芯片化制造,mems光学传感核心技术（光谱干涉仪mems芯片化制造,company-info_with_url.xlsx,Capability
CAP_CDE5FDC75D87,Capability,异质巨集成体硅工艺）,异质巨集成体硅工艺）,company-info_with_url.xlsx,Capability
IND_197DE478259A,Industry,风电,风电,company-info_with_url.xlsx,Industry
IND_243D56AAA437,Industry,轨道交通,轨道交通,company-info_with_url.xlsx,Industry
IND_1619BDA02F7C,Industry,核电,核电,company-info_with_url.xlsx,Industry
IND_08127954F811,Industry,船舶,船舶,company-info_with_url.xlsx,Industry
IND_EC2F2934D0EC,Industry,智慧城市,智慧城市,company-info_with_url.xlsx,Industry
IND_8E8ADC1F9EF9,Industry,智能电网,智能电网,company-info_with_url.xlsx,Industry
IND_32D5250A30F4,Industry,工业测温。,工业测温。,company-info_with_url.xlsx,Industry
SCN_9BC0094E4889,Scenario,1. 风电：存量风机技改（提供传感器,1. 风电：存量风机技改（提供传感器,company-info_with_url.xlsx,Scenario
SCN_5149E04E8396,Scenario,解调仪硬件和软件算法的整套解决方案）及新增风机前装。2. 轨道交通：地铁线路弓网压力监测。3. 航空航天,解调仪硬件和软件算法的整套解决方案）及新增风机前装。2. 轨道交通：地铁线路弓网压力监测。3. 航空航天,company-info_with_url.xlsx,Scenario
SCN_6EFAE4F8872C,Scenario,核电：高精度传感器进口替代。,核电：高精度传感器进口替代。,company-info_with_url.xlsx,Scenario
CUS_E859289A8631,Customer,华能西安热工研究院,华能西安热工研究院,company-info_with_url.xlsx,Customer
CUS_1DAE76B88A91,Customer,中国商飞（战略合作）,中国商飞（战略合作）,company-info_with_url.xlsx,Customer
CUS_265686C4E237,Customer,中核集团,中核集团,company-info_with_url.xlsx,Customer
CUS_7044CA252D3F,Customer,中国中车,中国中车,company-info_with_url.xlsx,Customer
CUS_EE716CE08EEA,Customer,中国石油,中国石油,company-info_with_url.xlsx,Customer
CUS_15049FB46742,Customer,国家电网,国家电网,company-info_with_url.xlsx,Customer
CUS_FE96C8F230DC,Customer,中航工业,中航工业,company-info_with_url.xlsx,Customer
CUS_97B401170ADD,Customer,中船重工,中船重工,company-info_with_url.xlsx,Customer
CUS_D452F7D604CE,Customer,清华大学,清华大学,company-info_with_url.xlsx,Customer
CUS_6B13AFE457C3,Customer,上海交通大学,上海交通大学,company-info_with_url.xlsx,Customer
CUS_CA679F7C54C3,Customer,同济大学,同济大学,company-info_with_url.xlsx,Customer
CUS_DE960164E66D,Customer,拜耳,拜耳,company-info_with_url.xlsx,Customer
CUS_B8BC70B6C5D3,Customer,霍尼韦尔,霍尼韦尔,company-info_with_url.xlsx,Customer
SUP_8244598DD732,Supplier,核心传感元件供应商,核心传感元件供应商,company-info_with_url.xlsx,Supplier
DEM_DE1CE6ED423B,DemandTag,暂无明确信息。,暂无明确信息。,company-info_with_url.xlsx,DemandTag
PROD_074452A9DF9B,Product,单曝光高速视频,单曝光高速视频,company-info_with_url.xlsx,Product
PROD_25126CDF9973,Product,单曝光高光谱成像,单曝光高光谱成像,company-info_with_url.xlsx,Product
PROD_50EFC559669D,Product,单曝光3D检测,单曝光3d检测,company-info_with_url.xlsx,Product
CAP_0C87AB04E79B,Capability,单曝光压缩成像技术（AI+计算成像,单曝光压缩成像技术（ai+计算成像,company-info_with_url.xlsx,Capability
CAP_59713B98F245,Capability,光学编码+AI算法,光学编码+ai算法,company-info_with_url.xlsx,Capability
CAP_8B4BE451B994,Capability,压缩采集重建）,压缩采集重建）,company-info_with_url.xlsx,Capability
IND_6DF57817B4CF,Industry,工业检测,工业检测,company-info_with_url.xlsx,Industry
IND_3EA2EAF298BF,Industry,光谱检测。,光谱检测。,company-info_with_url.xlsx,Industry
SCN_ABAC0B532F02,Scenario,1. 沥青路面老化程度,1. 沥青路面老化程度,company-info_with_url.xlsx,Scenario
SCN_08D585043D0C,Scenario,病害类型识别,病害类型识别,company-info_with_url.xlsx,Scenario
SCN_5228FCFBB44D,Scenario,2. 桥梁梁体,2. 桥梁梁体,company-info_with_url.xlsx,Scenario
SCN_F9BA5EC9AFC4,Scenario,桥面,桥面,company-info_with_url.xlsx,Scenario
SCN_A90BE34D63A5,Scenario,桥墩等所有暴露表面进行大规模,桥墩等所有暴露表面进行大规模,company-info_with_url.xlsx,Scenario
SCN_BE5C5BF8FBA0,Scenario,无接触的扫描,无接触的扫描,company-info_with_url.xlsx,Scenario
SCN_E4C400967F41,Scenario,识别混凝土表面露筋病害,识别混凝土表面露筋病害,company-info_with_url.xlsx,Scenario
SCN_BEC5DAFB0C60,Scenario,3. 原料检测（如高粱样品）,3. 原料检测（如高粱样品）,company-info_with_url.xlsx,Scenario
SCN_E61C6045149E,Scenario,4. 水域监测（如河道水域巡检,4. 水域监测（如河道水域巡检,company-info_with_url.xlsx,Scenario
SCN_7291444053EB,Scenario,总氮和总磷检测）,总氮和总磷检测）,company-info_with_url.xlsx,Scenario
SCN_854CFD19C6EF,Scenario,5. 深基坑施工现场渗水预警。,5. 深基坑施工现场渗水预警。,company-info_with_url.xlsx,Scenario
CUS_12B300C25985,Customer,中国林业科学研究院亚热带林业研究所（已中标189万元科研设备）,中国林业科学研究院亚热带林业研究所（已中标189万元科研设备）,company-info_with_url.xlsx,Customer
CUS_BACF3F98AA2F,Customer,西湖大学（成果转化合作）,西湖大学（成果转化合作）,company-info_with_url.xlsx,Customer
SUP_51F6933720BD,Supplier,摄像头,摄像头,company-info_with_url.xlsx,Supplier
DEM_943A35E60483,DemandTag,资金（用于持续提升核心技术,资金（用于持续提升核心技术,company-info_with_url.xlsx,DemandTag
DEM_D15BF79C9C84,DemandTag,加速产品开发）,加速产品开发）,company-info_with_url.xlsx,DemandTag
DEM_D8353B7C707A,DemandTag,产业合作伙伴（用于应用场景落地与市场拓展）,产业合作伙伴（用于应用场景落地与市场拓展）,company-info_with_url.xlsx,DemandTag
DEM_46E73602ADD1,DemandTag,供应链与生产资源（用于实现产品芯片化与大规模量产）。,供应链与生产资源（用于实现产品芯片化与大规模量产）。,company-info_with_url.xlsx,DemandTag
PROD_01EEED57CCD0,Product,Mantis系列超高分辨率监控相机,mantis系列超高分辨率监控相机,company-info_with_url.xlsx,Product
PROD_45E5AD2D7607,Product,Pathfinder系列通道式监控相机,pathfinder系列通道式监控相机,company-info_with_url.xlsx,Product
CAP_799D3B66E7B1,Capability,阵列式多尺度超高清计算相机技术（仿生复眼架构）,阵列式多尺度超高清计算相机技术（仿生复眼架构）,company-info_with_url.xlsx,Capability
CAP_B015B32452B7,Capability,空间数据采集,空间数据采集,company-info_with_url.xlsx,Capability
CAP_7D8F9C918AE0,Capability,空间大脑计算平台,空间大脑计算平台,company-info_with_url.xlsx,Capability
IND_0D12389EC411,Industry,安防监控,安防监控,company-info_with_url.xlsx,Industry
IND_E8D3BD920DCB,Industry,国防军工,国防军工,company-info_with_url.xlsx,Industry
IND_E07B28F3FA8B,Industry,交通管理（高速公路,交通管理（高速公路,company-info_with_url.xlsx,Industry
IND_59367DE742D0,Industry,城市道路）,城市道路）,company-info_with_url.xlsx,Industry
IND_6DE90305B7F6,Industry,港口机场,港口机场,company-info_with_url.xlsx,Industry
IND_4B5CAF5A3BBD,Industry,大型场馆,大型场馆,company-info_with_url.xlsx,Industry
IND_4D4DEF2039C7,Industry,水利枢纽,水利枢纽,company-info_with_url.xlsx,Industry
IND_240187F522E5,Industry,工业检测等。,工业检测等。,company-info_with_url.xlsx,Industry
SCN_53A3F32527DC,Scenario,广场集散地,广场集散地,company-info_with_url.xlsx,Scenario
SCN_C8B121689F5B,Scenario,港口机场,港口机场,company-info_with_url.xlsx,Scenario
SCN_8266CD6CE487,Scenario,大型企业等高价值设施区域监控,大型企业等高价值设施区域监控,company-info_with_url.xlsx,Scenario
SCN_7329E10A4655,Scenario,高速公路,高速公路,company-info_with_url.xlsx,Scenario
SCN_CD8393929AA9,Scenario,城市重要道路,城市重要道路,company-info_with_url.xlsx,Scenario
SCN_4626E5AAA4D9,Scenario,周界等长距离纵深矩形区域监控,周界等长距离纵深矩形区域监控,company-info_with_url.xlsx,Scenario
SCN_DE9EDC979115,Scenario,赛事场馆智能个性化视角直播,赛事场馆智能个性化视角直播,company-info_with_url.xlsx,Scenario
SCN_C861BDDB7CA0,Scenario,转播,转播,company-info_with_url.xlsx,Scenario
SCN_441B4C8D3AF1,Scenario,智慧工地,智慧工地,company-info_with_url.xlsx,Scenario
SCN_2C83BD54000D,Scenario,高点超高清全时空智能感知布控。,高点超高清全时空智能感知布控。,company-info_with_url.xlsx,Scenario
CUS_3D6FAE60EF63,Customer,公安部,公安部,company-info_with_url.xlsx,Customer
CUS_681F1AF821E5,Customer,国家重点国防项目,国家重点国防项目,company-info_with_url.xlsx,Customer
CUS_A81FE7341CE6,Customer,北京两会,北京两会,company-info_with_url.xlsx,Customer
CUS_E0331F020D5D,Customer,冬奥会,冬奥会,company-info_with_url.xlsx,Customer
CUS_8B1F931168DC,Customer,上海建党百年大庆等重大活动安全保障单位,上海建党百年大庆等重大活动安全保障单位,company-info_with_url.xlsx,Customer
CUS_C78DE65BED13,Customer,机场,机场,company-info_with_url.xlsx,Customer
CUS_EE55660CC2EA,Customer,港口,港口,company-info_with_url.xlsx,Customer
CUS_DFA872CCE788,Customer,场馆,场馆,company-info_with_url.xlsx,Customer
CUS_C5781663AF90,Customer,部队,部队,company-info_with_url.xlsx,Customer
CUS_5512C3542B85,Customer,智慧城市等项目方,智慧城市等项目方,company-info_with_url.xlsx,Customer
SUP_27E7EA8A1459,Supplier,工业相机,工业相机,company-info_with_url.xlsx,Supplier
SUP_7204AA5F0E6D,Supplier,AI芯片供应商,ai芯片供应商,company-info_with_url.xlsx,Supplier
PROD_3E553A435EA0,Product,逐光IsCMOS像增强相机,逐光iscmos像增强相机,company-info_with_url.xlsx,Product
PROD_C6EA20EAAEDF,Product,逐光2DSPC单光子相机,逐光2dspc单光子相机,company-info_with_url.xlsx,Product
PROD_AAF9DA15FD2C,Product,手持式,手持式,company-info_with_url.xlsx,Product
PROD_DB119CFD8A0F,Product,固定式穿透成像仪,固定式穿透成像仪,company-info_with_url.xlsx,Product
CAP_6D1F01947C46,Capability,时间门控成像,时间门控成像,company-info_with_url.xlsx,Capability
CAP_3B9CB9716396,Capability,单光子探测,单光子探测,company-info_with_url.xlsx,Capability
CAP_8B9A8F9F1CC3,Capability,皮秒级时间分辨,皮秒级时间分辨,company-info_with_url.xlsx,Capability
CAP_5572D2D87618,Capability,激光穿透成像,激光穿透成像,company-info_with_url.xlsx,Capability
IND_CDD0E77494E1,Industry,科研领域（量子计算,科研领域（量子计算,company-info_with_url.xlsx,Industry
IND_75D30ADF5F7A,Industry,可控核聚变,可控核聚变,company-info_with_url.xlsx,Industry
IND_3C539194A26B,Industry,发动机燃烧诊断,发动机燃烧诊断,company-info_with_url.xlsx,Industry
IND_8D55994FD8B9,Industry,光电材料性能分析,光电材料性能分析,company-info_with_url.xlsx,Industry
IND_F7E0AC1FB0FE,Industry,等离子体诊断）,等离子体诊断）,company-info_with_url.xlsx,Industry
IND_C4F64657A19F,Industry,行业领域（消防救援,行业领域（消防救援,company-info_with_url.xlsx,Industry
IND_401FCA1A829D,Industry,刑侦取证,刑侦取证,company-info_with_url.xlsx,Industry
IND_4A0AFA087E3E,Industry,车载辅助安全驾驶,车载辅助安全驾驶,company-info_with_url.xlsx,Industry
IND_C8C92DDA3E3F,Industry,焊接在线监测,焊接在线监测,company-info_with_url.xlsx,Industry
IND_EFC0AC33B948,Industry,交通监控,交通监控,company-info_with_url.xlsx,Industry
IND_3FB7B58C7510,Industry,地铁障碍物检测,地铁障碍物检测,company-info_with_url.xlsx,Industry
IND_FC56DC295892,Industry,机动车车窗抓拍,机动车车窗抓拍,company-info_with_url.xlsx,Industry
IND_E5A0F852F7D0,Industry,透雾成像）。,透雾成像）。,company-info_with_url.xlsx,Industry
SCN_264071B0A29D,Scenario,科研实验中的超快时间探测与极限灵敏度成像,科研实验中的超快时间探测与极限灵敏度成像,company-info_with_url.xlsx,Scenario
SCN_10BDC7263005,Scenario,工业在线监测（焊接,工业在线监测（焊接,company-info_with_url.xlsx,Scenario
SCN_85F9BC331C33,Scenario,发动机诊断）,发动机诊断）,company-info_with_url.xlsx,Scenario
SCN_94EF726B368A,Scenario,安防监控（交通,安防监控（交通,company-info_with_url.xlsx,Scenario
SCN_D1DDC82C5D3E,Scenario,地铁障碍物检测,地铁障碍物检测,company-info_with_url.xlsx,Scenario
SCN_244076AF6A89,Scenario,车窗抓拍）,车窗抓拍）,company-info_with_url.xlsx,Scenario
SCN_AA14B40A49AA,Scenario,特殊环境成像（消防救援,特殊环境成像（消防救援,company-info_with_url.xlsx,Scenario
SCN_BFF6C387AB43,Scenario,刑侦取证,刑侦取证,company-info_with_url.xlsx,Scenario
SCN_677ACE9F46CC,Scenario,透雾,透雾,company-info_with_url.xlsx,Scenario
SCN_6E73D22CC4B1,Scenario,透雨雪烟等恶劣天气）。,透雨雪烟等恶劣天气）。,company-info_with_url.xlsx,Scenario
CUS_0DEB240A3DE2,Customer,服务100+高等学府及科研机构（物理科学,服务100+高等学府及科研机构（物理科学,company-info_with_url.xlsx,Customer
CUS_6717F1F3A2D0,Customer,能源科学,能源科学,company-info_with_url.xlsx,Customer
CUS_F2170A17420A,Customer,生命科学,生命科学,company-info_with_url.xlsx,Customer
CUS_198FC6693187,Customer,材料科学,材料科学,company-info_with_url.xlsx,Customer
CUS_6DA20B6064F0,Customer,量子光学等领域）,量子光学等领域）,company-info_with_url.xlsx,Customer
CUS_A75A20CA759A,Customer,国家重大仪器专项支持（6000余万元）,国家重大仪器专项支持（6000余万元）,company-info_with_url.xlsx,Customer
SUP_C19893C925D3,Supplier,超快激光器,超快激光器,company-info_with_url.xlsx,Supplier
SUP_3DEE6DFF9420,Supplier,单光子探测器供应商,单光子探测器供应商,company-info_with_url.xlsx,Supplier
DEM_5FDE69C8B671,DemandTag,资金（用于产品研发,资金（用于产品研发,company-info_with_url.xlsx,DemandTag
DEM_73310F38CBCA,DemandTag,市场拓展,市场拓展,company-info_with_url.xlsx,DemandTag
DEM_E4AD22726BDC,DemandTag,优化生产流程及科研产品库存备货,优化生产流程及科研产品库存备货,company-info_with_url.xlsx,DemandTag
DEM_A2D2B3FF0EF1,DemandTag,根据其A轮融资信息推断）,根据其a轮融资信息推断）,company-info_with_url.xlsx,DemandTag
DEM_AA778343CDE1,DemandTag,市场渠道资源,市场渠道资源,company-info_with_url.xlsx,DemandTag
DEM_3B0A57DA9349,DemandTag,高端研发人才,高端研发人才,company-info_with_url.xlsx,DemandTag
DEM_CD288F911333,DemandTag,产业链合作伙伴。,产业链合作伙伴。,company-info_with_url.xlsx,DemandTag
PROD_0D85673058EF,Product,微型光谱分析芯片,微型光谱分析芯片,company-info_with_url.xlsx,Product
PROD_6594ED5A73F3,Product,可穿戴光谱健康监测设备,可穿戴光谱健康监测设备,company-info_with_url.xlsx,Product
CAP_38A7F1216D7F,Capability,片上光电集成芯片技术（片上计量级光谱仪,片上光电集成芯片技术（片上计量级光谱仪,company-info_with_url.xlsx,Capability
CAP_817AFD09475F,Capability,光谱分析探测芯片,光谱分析探测芯片,company-info_with_url.xlsx,Capability
CAP_53989F81C252,Capability,通信光交换芯片,通信光交换芯片,company-info_with_url.xlsx,Capability
CAP_87DA4DB1C4D0,Capability,硬件芯片化设计）,硬件芯片化设计）,company-info_with_url.xlsx,Capability
IND_497DBEC023FD,Industry,消费市场,消费市场,company-info_with_url.xlsx,Industry
IND_6C1EE4ABC97A,Industry,医疗诊断,医疗诊断,company-info_with_url.xlsx,Industry
IND_FCF9D5C797C6,Industry,食品检测,食品检测,company-info_with_url.xlsx,Industry
SCN_3680737CE8C2,Scenario,无创健康监测,无创健康监测,company-info_with_url.xlsx,Scenario
SCN_8A9803976DA0,Scenario,覆盖短红外波段,覆盖短红外波段,company-info_with_url.xlsx,Scenario
CUS_A8FCDC8D5194,Customer,小米（智能手表芯片级光谱仪健康监测合作）,小米（智能手表芯片级光谱仪健康监测合作）,company-info_with_url.xlsx,Customer
CUS_180D95A68450,Customer,酒水生产线质检厂商,酒水生产线质检厂商,company-info_with_url.xlsx,Customer
SUP_AF8C1742B561,Supplier,光谱仪核心芯片,光谱仪核心芯片,company-info_with_url.xlsx,Supplier
SUP_F21F1C063749,Supplier,探测器供应商,探测器供应商,company-info_with_url.xlsx,Supplier
PROD_9793D7D00CF4,Product,深海浮力材料,深海浮力材料,company-info_with_url.xlsx,Product
PROD_72DBD0466B30,Product,深海浮球,深海浮球,company-info_with_url.xlsx,Product
PROD_962564D18451,Product,低温复合绝热层,低温复合绝热层,company-info_with_url.xlsx,Product
PROD_AD9DB27DAC25,Product,空天,空天,company-info_with_url.xlsx,Product
PROD_F43DF376304B,Product,海洋,海洋,company-info_with_url.xlsx,Product
PROD_9EB40E9BC58A,Product,建筑工程新材料,建筑工程新材料,company-info_with_url.xlsx,Product
CAP_0A8C3082015C,Capability,空心玻璃微球软化学法制备技术,空心玻璃微球软化学法制备技术,company-info_with_url.xlsx,Capability
IND_33F7D3771380,Industry,化学原料,化学原料,company-info_with_url.xlsx,Industry
IND_5E55513BAFF9,Industry,化学制品,化学制品,company-info_with_url.xlsx,Industry
IND_9A2ABECB2877,Industry,原材料和加工,原材料和加工,company-info_with_url.xlsx,Industry
IND_6097B91873E2,Industry,学术,学术,company-info_with_url.xlsx,Industry
IND_0E81FFC0E42E,Industry,科研,科研,company-info_with_url.xlsx,Industry
CUS_6CB44B0C88BD,Customer,西安交通大学,西安交通大学,company-info_with_url.xlsx,Customer
CUS_07BCEEE91B74,Customer,中科院工程热物理研究所,中科院工程热物理研究所,company-info_with_url.xlsx,Customer
CUS_8237BEB8CD64,Customer,航空发动机研究院,航空发动机研究院,company-info_with_url.xlsx,Customer
CUS_29787DC4DE76,Customer,宁德时代,宁德时代,company-info_with_url.xlsx,Customer
CUS_98EFE3FBBB2A,Customer,华大基因等60+科研机构,华大基因等60+科研机构,company-info_with_url.xlsx,Customer
SUP_99A5FB5616C3,Supplier,空心玻璃微球原材料供应商,空心玻璃微球原材料供应商,company-info_with_url.xlsx,Supplier
PROD_30D39D5738EB,Product,压力变送器系列（高频响,压力变送器系列（高频响,company-info_with_url.xlsx,Product
PROD_DFDA909EA212,Product,高精度,高精度,company-info_with_url.xlsx,Product
PROD_8E51DF96600B,Product,高温,高温,company-info_with_url.xlsx,Product
PROD_E0A3CAB6BF4C,Product,小型,小型,company-info_with_url.xlsx,Product
PROD_FA06BBDC3404,Product,微压）,微压）,company-info_with_url.xlsx,Product
PROD_6F221305F40E,Product,温压一体化变送器,温压一体化变送器,company-info_with_url.xlsx,Product
PROD_CA3B26A6AAD8,Product,液位变送器,液位变送器,company-info_with_url.xlsx,Product
PROD_8928AA20D57C,Product,流量计,流量计,company-info_with_url.xlsx,Product
CAP_DCF3E2181798,Capability,硅基压力传感器技术,硅基压力传感器技术,company-info_with_url.xlsx,Capability
CAP_ABB8AAB79E25,Capability,金属电容真空计及变送器技术,金属电容真空计及变送器技术,company-info_with_url.xlsx,Capability
CAP_F193ECAA9FFE,Capability,陶瓷电容压力传感器技术,陶瓷电容压力传感器技术,company-info_with_url.xlsx,Capability
CAP_B12F34C02076,Capability,应变计压力传感器技术,应变计压力传感器技术,company-info_with_url.xlsx,Capability
CAP_5170AF08EB8B,Capability,温度及流量传感器技术,温度及流量传感器技术,company-info_with_url.xlsx,Capability
CAP_F9203CBBCBB5,Capability,具备从芯片设计,具备从芯片设计,company-info_with_url.xlsx,Capability
CAP_8280ADB2B478,Capability,制作,制作,company-info_with_url.xlsx,Capability
CAP_58CE03F03315,Capability,封装到传感器装调,封装到传感器装调,company-info_with_url.xlsx,Capability
CAP_DE4914F1A665,Capability,测试的全流程能力,测试的全流程能力,company-info_with_url.xlsx,Capability
CAP_EAC3E28DDCD1,Capability,依托6英寸高水平MEMS流片线实现芯片自主可控,依托6英寸高水平mems流片线实现芯片自主可控,company-info_with_url.xlsx,Capability
IND_220D9B605E00,Industry,电力行业（发电站,电力行业（发电站,company-info_with_url.xlsx,Industry
IND_4BA4FD1D8806,Industry,变压器,变压器,company-info_with_url.xlsx,Industry
IND_E6309709B8A2,Industry,开关柜）,开关柜）,company-info_with_url.xlsx,Industry
IND_197CF2D04B2E,Industry,新能源（储能电池,新能源（储能电池,company-info_with_url.xlsx,Industry
IND_87F70266F6E0,Industry,动力电池,动力电池,company-info_with_url.xlsx,Industry
IND_5029E3FB40E8,Industry,氢燃料电池）,氢燃料电池）,company-info_with_url.xlsx,Industry
IND_910619F503DA,Industry,大健康（养老院,大健康（养老院,company-info_with_url.xlsx,Industry
IND_573D0A88872D,Industry,民用床垫,民用床垫,company-info_with_url.xlsx,Industry
IND_0D6AF8581A32,Industry,宠物）,宠物）,company-info_with_url.xlsx,Industry
IND_4005DFF1B936,Industry,安防（机场,安防（机场,company-info_with_url.xlsx,Industry
IND_81D9C7D9F24F,Industry,地铁,地铁,company-info_with_url.xlsx,Industry
IND_0A30C75CBDF6,Industry,基础设施围栏）,基础设施围栏）,company-info_with_url.xlsx,Industry
IND_9956C3935F06,Industry,智慧城市（管道泄漏,智慧城市（管道泄漏,company-info_with_url.xlsx,Industry
IND_F331093D2F52,Industry,大型建筑物,大型建筑物,company-info_with_url.xlsx,Industry
IND_05BE557BF9F3,Industry,植物园监测）,植物园监测）,company-info_with_url.xlsx,Industry
IND_ED92C7DD5C3B,Industry,军方,军方,company-info_with_url.xlsx,Industry
SCN_DEE18E211FF7,Scenario,①电力光纤局放传感器系统（新加坡变压器,①电力光纤局放传感器系统（新加坡变压器,company-info_with_url.xlsx,Scenario
SCN_D45A703D091C,Scenario,葛洲坝发电站）,葛洲坝发电站）,company-info_with_url.xlsx,Scenario
SCN_A67DEEC31E5F,Scenario,②生命体征监测仪（养老院,②生命体征监测仪（养老院,company-info_with_url.xlsx,Scenario
SCN_22C87F816F59,Scenario,民用床垫,民用床垫,company-info_with_url.xlsx,Scenario
SCN_9EEB60781C9E,Scenario,宠物）,宠物）,company-info_with_url.xlsx,Scenario
SCN_A4B8994B3128,Scenario,③光纤围栏检测系统（新加坡机场,③光纤围栏检测系统（新加坡机场,company-info_with_url.xlsx,Scenario
SCN_11BC8CD87662,Scenario,地铁,地铁,company-info_with_url.xlsx,Scenario
SCN_3C2F8E5E5DB6,Scenario,马来西亚基础设施）,马来西亚基础设施）,company-info_with_url.xlsx,Scenario
SCN_1292A45E2EFB,Scenario,④分布式光纤温度检测系统（长沙电力,④分布式光纤温度检测系统（长沙电力,company-info_with_url.xlsx,Scenario
SCN_0AD3F28E5FC8,Scenario,山东电力）,山东电力）,company-info_with_url.xlsx,Scenario
SCN_D9F19B6AED87,Scenario,⑤分布式光纤应变监测系统,⑤分布式光纤应变监测系统,company-info_with_url.xlsx,Scenario
SCN_815606A6C774,Scenario,激光热释粒子探测器（长沙电力,激光热释粒子探测器（长沙电力,company-info_with_url.xlsx,Scenario
SCN_0223D035C9F0,Scenario,山东电力,山东电力,company-info_with_url.xlsx,Scenario
SCN_C9EB04232A47,Scenario,基站储能柜）,基站储能柜）,company-info_with_url.xlsx,Scenario
SCN_048E349B774E,Scenario,⑥FBG储能,⑥fbg储能,company-info_with_url.xlsx,Scenario
SCN_B564A30AABC6,Scenario,动力电池监测系统（宁德时代,动力电池监测系统（宁德时代,company-info_with_url.xlsx,Scenario
SCN_C76E846DD443,Scenario,山东国网综合能源,山东国网综合能源,company-info_with_url.xlsx,Scenario
SCN_901761DA0012,Scenario,圣阳储能）,圣阳储能）,company-info_with_url.xlsx,Scenario
SCN_6FAA2D07D778,Scenario,⑦飞秒光栅850度高温监测系统（氢能燃料电池）,⑦飞秒光栅850度高温监测系统（氢能燃料电池）,company-info_with_url.xlsx,Scenario
SCN_EE9E719163F7,Scenario,⑧FBG一体化光纤温度,⑧fbg一体化光纤温度,company-info_with_url.xlsx,Scenario
SCN_95F12CD90D78,Scenario,湿度和PH值传感监测系统（西安植物园）,湿度和ph值传感监测系统（西安植物园）,company-info_with_url.xlsx,Scenario
SUP_2C0417395341,Supplier,光纤传感器,光纤传感器,company-info_with_url.xlsx,Supplier
DEM_7FE54D0A30A9,DemandTag,本轮拟融资人民币2000~4000万元,本轮拟融资人民币2000~4000万元,company-info_with_url.xlsx,DemandTag
DEM_79D44D7067C4,DemandTag,主要用于团队建设,主要用于团队建设,company-info_with_url.xlsx,DemandTag
DEM_3927D471EB4C,DemandTag,研发,研发,company-info_with_url.xlsx,DemandTag
DEM_F5A60110F870,DemandTag,市场推广,市场推广,company-info_with_url.xlsx,DemandTag
DEM_816B8A65AB32,DemandTag,和品牌塑造等,和品牌塑造等,company-info_with_url.xlsx,DemandTag
PROD_4D20A98BBDD5,Product,电化学储能系统火灾防控系统,电化学储能系统火灾防控系统,company-info_with_url.xlsx,Product
CAP_2889F0483354,Capability,纳米阻燃薄膜成膜降温技术,纳米阻燃薄膜成膜降温技术,company-info_with_url.xlsx,Capability
CAP_FA079016061F,Capability,金属螯合剂捕捉技术,金属螯合剂捕捉技术,company-info_with_url.xlsx,Capability
CAP_C8CAC224619D,Capability,自由基终止剂分散技术,自由基终止剂分散技术,company-info_with_url.xlsx,Capability
CAP_E3A1AA474A99,Capability,储压式,储压式,company-info_with_url.xlsx,Capability
CAP_91D2E48CABC6,Capability,非储压式灭火装置,非储压式灭火装置,company-info_with_url.xlsx,Capability
IND_2E5BC4E4BBE8,Industry,电池生产与配套集成,电池生产与配套集成,company-info_with_url.xlsx,Industry
IND_E3FD7582963C,Industry,新能源汽车及其充换电设施与场站,新能源汽车及其充换电设施与场站,company-info_with_url.xlsx,Industry
IND_FAAD325C499D,Industry,储能设施与场站（含电站,储能设施与场站（含电站,company-info_with_url.xlsx,Industry
IND_9B42B8813274,Industry,通信基站,通信基站,company-info_with_url.xlsx,Industry
IND_845602D1E2BC,Industry,工商及户用储能等）,工商及户用储能等）,company-info_with_url.xlsx,Industry
IND_0B9AEE237AF3,Industry,电动小型车及其充换电网点。,电动小型车及其充换电网点。,company-info_with_url.xlsx,Industry
SCN_419CC7FC8817,Scenario,电池安全监测,电池安全监测,company-info_with_url.xlsx,Scenario
SCN_4F226FC5AB5F,Scenario,预警,预警,company-info_with_url.xlsx,Scenario
SCN_C02613615B19,Scenario,防护,防护,company-info_with_url.xlsx,Scenario
SCN_01193E191184,Scenario,储能电站,储能电站,company-info_with_url.xlsx,Scenario
SCN_76AA778DAE10,Scenario,通信基站,通信基站,company-info_with_url.xlsx,Scenario
SCN_AC958283A4AF,Scenario,工商业及户用储能等设施的火灾防控,工商业及户用储能等设施的火灾防控,company-info_with_url.xlsx,Scenario
SCN_244A9DF8A5F5,Scenario,新能源汽车及电动小型车充换电场所的消防安全。,新能源汽车及电动小型车充换电场所的消防安全。,company-info_with_url.xlsx,Scenario
CUS_2907F267C66A,Customer,储能电站,储能电站,company-info_with_url.xlsx,Customer
CUS_0F9C414E4314,Customer,电化学储能项目客户,电化学储能项目客户,company-info_with_url.xlsx,Customer
CUS_54E059C9EDF4,Customer,新能源电池热管理需求方,新能源电池热管理需求方,company-info_with_url.xlsx,Customer
SUP_DBBDE8ED97C1,Supplier,灭火剂原材料,灭火剂原材料,company-info_with_url.xlsx,Supplier
SUP_F33813B9E6F5,Supplier,储能系统组件供应商,储能系统组件供应商,company-info_with_url.xlsx,Supplier
DEM_B5F1F6152661,DemandTag,资金（用于产业化推进和核心技术研发）,资金（用于产业化推进和核心技术研发）,company-info_with_url.xlsx,DemandTag
DEM_228366B7AF16,DemandTag,市场渠道资源（进入电池生产商,市场渠道资源（进入电池生产商,company-info_with_url.xlsx,DemandTag
DEM_5A9628A93BB2,DemandTag,新能源汽车厂,新能源汽车厂,company-info_with_url.xlsx,DemandTag
DEM_18C14DC9E239,DemandTag,储能系统集成商的供应链）,储能系统集成商的供应链）,company-info_with_url.xlsx,DemandTag
DEM_6DA331126324,DemandTag,生产制造合作伙伴,生产制造合作伙伴,company-info_with_url.xlsx,DemandTag
DEM_5C8ED6DB1B96,DemandTag,项目落地应用场景。,项目落地应用场景。,company-info_with_url.xlsx,DemandTag
PROD_3852DF264873,Product,分子标记辅助选择,分子标记辅助选择,company-info_with_url.xlsx,Product
PROD_E6ACF40B7294,Product,棉花等农作物种子,棉花等农作物种子,company-info_with_url.xlsx,Product
PROD_AA6D426F223D,Product,生物农药,生物农药,company-info_with_url.xlsx,Product
CAP_C2908240BF69,Capability,大丽轮枝菌等植物生防菌技术,大丽轮枝菌等植物生防菌技术,company-info_with_url.xlsx,Capability
CAP_4151F26D3B66,Capability,基因编辑育种,基因编辑育种,company-info_with_url.xlsx,Capability
CAP_72EEAB3CC554,Capability,分子标记辅助选择,分子标记辅助选择,company-info_with_url.xlsx,Capability
IND_080E8A8E3384,Industry,农业（农药,农业（农药,company-info_with_url.xlsx,Industry
IND_427C8040203B,Industry,棉花种植）,棉花种植）,company-info_with_url.xlsx,Industry
SCN_7696270CB38A,Scenario,农药生产与销售,农药生产与销售,company-info_with_url.xlsx,Scenario
SCN_E058335DA0C1,Scenario,棉花种质资源合作开发,棉花种质资源合作开发,company-info_with_url.xlsx,Scenario
CUS_56EE536E9ED1,Customer,暂无（主营业务为农业生物技术,暂无（主营业务为农业生物技术,company-info_with_url.xlsx,Customer
CUS_36B8DADE9F19,Customer,农作物育种,农作物育种,company-info_with_url.xlsx,Customer
CUS_E336F1A9A4F1,Customer,无公开客户信息）,无公开客户信息）,company-info_with_url.xlsx,Customer
SUP_BED2BEE23726,Supplier,生物育种原材料供应商,生物育种原材料供应商,company-info_with_url.xlsx,Supplier
DEM_1C6CFE2C7F9F,DemandTag,融资（已完成天使轮和Pre-A轮融资,融资（已完成天使轮和pre-a轮融资,company-info_with_url.xlsx,DemandTag
DEM_2214265A80F2,DemandTag,投资方包括中科创星,投资方包括中科创星,company-info_with_url.xlsx,DemandTag
DEM_706739000834,DemandTag,达晨财智）,达晨财智）,company-info_with_url.xlsx,DemandTag
PROD_3AD67B2AEDA8,Product,DNA分析检测相关软件,dna分析检测相关软件,company-info_with_url.xlsx,Product
CAP_D5C8F90343BD,Capability,肿瘤个体化医疗基因检测数据分析,肿瘤个体化医疗基因检测数据分析,company-info_with_url.xlsx,Capability
CAP_4BDCC14126EA,Capability,分子生物学软件研发,分子生物学软件研发,company-info_with_url.xlsx,Capability
CUS_345060F65E0E,Customer,基因测序与数据分析服务需求方（医院,基因测序与数据分析服务需求方（医院,company-info_with_url.xlsx,Customer
CUS_70EDC53C823A,Customer,科研机构,科研机构,company-info_with_url.xlsx,Customer
CUS_A8BA3A85CAF2,Customer,药企）,药企）,company-info_with_url.xlsx,Customer
SUP_F5496F2B3210,Supplier,基因测序设备,基因测序设备,company-info_with_url.xlsx,Supplier
SUP_BB8CEDDD60B3,Supplier,试剂供应商（Illumina,试剂供应商（illumina,company-info_with_url.xlsx,Supplier
SUP_6E4825DBB864,Supplier,华大基因等）,华大基因等）,company-info_with_url.xlsx,Supplier
SUP_86174202CAD4,Supplier,基因数据分析服务器供应商,基因数据分析服务器供应商,company-info_with_url.xlsx,Supplier
PROD_D5682674A5D6,Product,BMS AFE系列电池管理芯片,bms afe系列电池管理芯片,company-info_with_url.xlsx,Product
PROD_AC61D586C656,Product,智能直流优化器芯片,智能直流优化器芯片,company-info_with_url.xlsx,Product
PROD_2048E3B882D2,Product,MoLi321XS芯片,moli321xs芯片,company-info_with_url.xlsx,Product
CAP_B52CAA2E1735,Capability,高端数模混合芯片设计,高端数模混合芯片设计,company-info_with_url.xlsx,Capability
CAP_8773251C0C8D,Capability,高速高精度ADDA,高速高精度adda,company-info_with_url.xlsx,Capability
CAP_050F95149C36,Capability,100V高压电源管理,100v高压电源管理,company-info_with_url.xlsx,Capability
CAP_76A50D5B6C03,Capability,大规模数模混合开发芯片量产,大规模数模混合开发芯片量产,company-info_with_url.xlsx,Capability
IND_323DDC276DD4,Industry,新能源车,新能源车,company-info_with_url.xlsx,Industry
IND_FC73825FAB9D,Industry,储能产品,储能产品,company-info_with_url.xlsx,Industry
IND_1EE4DE84B8AA,Industry,电动工具,电动工具,company-info_with_url.xlsx,Industry
IND_808267E0233A,Industry,消费类产品,消费类产品,company-info_with_url.xlsx,Industry
IND_29CF35680C78,Industry,光伏电站。,光伏电站。,company-info_with_url.xlsx,Industry
SCN_904BE6DB36C0,Scenario,1. 光伏电站智能化升级：集成BMS AFE芯片至直流优化器,1. 光伏电站智能化升级：集成bms afe芯片至直流优化器,company-info_with_url.xlsx,Scenario
SCN_54CCEC625846,Scenario,实现组件级MPPT与故障诊断。2. 储能系统性能优化：用于户用储能（如Power Bank系列）的高精度电芯管理,实现组件级mppt与故障诊断。2. 储能系统性能优化：用于户用储能（如power bank系列）的高精度电芯管理,company-info_with_url.xlsx,Scenario
SCN_29A844B75162,Scenario,实现主动均衡,实现主动均衡,company-info_with_url.xlsx,Scenario
SCN_BF4EE6EE3BC0,Scenario,延长电池寿命。,延长电池寿命。,company-info_with_url.xlsx,Scenario
CUS_B02C08104856,Customer,蓝思科技,蓝思科技,company-info_with_url.xlsx,Customer
CUS_78332102F581,Customer,伯恩光学,伯恩光学,company-info_with_url.xlsx,Customer
CUS_2D138BDF5F55,Customer,京东方,京东方,company-info_with_url.xlsx,Customer
CUS_DE180516B0CC,Customer,富士康,富士康,company-info_with_url.xlsx,Customer
CUS_C9CA737F046D,Customer,AMKOR,amkor,company-info_with_url.xlsx,Customer
CUS_06158C5041C7,Customer,深圳精智达,深圳精智达,company-info_with_url.xlsx,Customer
CUS_A310007873B1,Customer,武汉精测电子,武汉精测电子,company-info_with_url.xlsx,Customer
CUS_213926707DD4,Customer,凌云光,凌云光,company-info_with_url.xlsx,Customer
CUS_7A8D4BE439CF,Customer,重庆京东方,重庆京东方,company-info_with_url.xlsx,Customer
CUS_38A3305EED3E,Customer,绵阳京东方,绵阳京东方,company-info_with_url.xlsx,Customer
SUP_85CF7EF22202,Supplier,晶圆代工厂（芯联集成等）,晶圆代工厂（芯联集成等）,company-info_with_url.xlsx,Supplier
SUP_185F20AB5588,Supplier,封装测试厂商,封装测试厂商,company-info_with_url.xlsx,Supplier
SUP_D5807C2E949F,Supplier,EDA工具供应商（Cadence,eda工具供应商（cadence,company-info_with_url.xlsx,Supplier
SUP_1216BABFB0F1,Supplier,Synopsys）,synopsys）,company-info_with_url.xlsx,Supplier
DEM_4ECA07ABA155,DemandTag,暂无公开信息。,暂无公开信息。,company-info_with_url.xlsx,DemandTag
PROD_3C6554A9832D,Product,工业外观视觉检测装备,工业外观视觉检测装备,company-info_with_url.xlsx,Product
CAP_69F6886D8BB6,Capability,工业外观精密检测技术,工业外观精密检测技术,company-info_with_url.xlsx,Capability
CAP_80001ABB49CF,Capability,仿人光学成像,仿人光学成像,company-info_with_url.xlsx,Capability
CAP_C6E7902095E9,Capability,AI算法平台,ai算法平台,company-info_with_url.xlsx,Capability
CAP_0F3B55159090,Capability,机器视觉,机器视觉,company-info_with_url.xlsx,Capability
IND_8A9BB080F736,Industry,工业制造（如玻璃盖板,工业制造（如玻璃盖板,company-info_with_url.xlsx,Industry
IND_081903A7017E,Industry,显示面板等外观检测）,显示面板等外观检测）,company-info_with_url.xlsx,Industry
IND_5FB9E25B0D95,Industry,消费电子,消费电子,company-info_with_url.xlsx,Industry
IND_5168F5E1B8B8,Industry,光学显示,光学显示,company-info_with_url.xlsx,Industry
IND_F4E9752C3FBA,Industry,半导体封装。,半导体封装。,company-info_with_url.xlsx,Industry
SCN_AC32DAEF4425,Scenario,工业产品外观缺陷的自动化精密检测,工业产品外观缺陷的自动化精密检测,company-info_with_url.xlsx,Scenario
SCN_B5D6E871D154,Scenario,主要针对外观缺陷微弱,主要针对外观缺陷微弱,company-info_with_url.xlsx,Scenario
SCN_879B4276EF0D,Scenario,精度要求高的场景,精度要求高的场景,company-info_with_url.xlsx,Scenario
SCN_EF6CD9D60EB4,Scenario,如玻璃盖板,如玻璃盖板,company-info_with_url.xlsx,Scenario
SCN_FE70BD322372,Scenario,显示面板等的外观检测。,显示面板等的外观检测。,company-info_with_url.xlsx,Scenario
SUP_40AC1DD58893,Supplier,光学镜头供应商,光学镜头供应商,company-info_with_url.xlsx,Supplier
DEM_8F8E5D33C38C,DemandTag,市场拓展资源（尤其是海外市场）,市场拓展资源（尤其是海外市场）,company-info_with_url.xlsx,DemandTag
DEM_CBEF8A08559D,DemandTag,资金支持,资金支持,company-info_with_url.xlsx,DemandTag
PROD_55A292A2ED75,Product,双电层电容器（EDLC）单体（3.0V,双电层电容器（edlc）单体（3.0v,company-info_with_url.xlsx,Product
PROD_F322A4296A0D,Product,3.2V,3.2v,company-info_with_url.xlsx,Product
PROD_250A1AE0502D,Product,1F~3700F）,1f~3700f）,company-info_with_url.xlsx,Product
PROD_8525D20977B0,Product,混合储能系统,混合储能系统,company-info_with_url.xlsx,Product
CAP_F7B4100B5F08,Capability,碳基石墨烯复合材料（高比表面积电极材料）,碳基石墨烯复合材料（高比表面积电极材料）,company-info_with_url.xlsx,Capability
CAP_3B4C4E222A2D,Capability,高耐压电解质技术（电化学窗口3.5V）,高耐压电解质技术（电化学窗口3.5v）,company-info_with_url.xlsx,Capability
IND_8585EEA0858E,Industry,消费电子（空调,消费电子（空调,company-info_with_url.xlsx,Industry
IND_AF5AC964F3AE,Industry,电视,电视,company-info_with_url.xlsx,Industry
IND_C2A5E086FFB1,Industry,洗碗机,洗碗机,company-info_with_url.xlsx,Industry
IND_B721C212D5EE,Industry,热水器,热水器,company-info_with_url.xlsx,Industry
IND_3C52EE91D5AF,Industry,燃气灶等）,燃气灶等）,company-info_with_url.xlsx,Industry
IND_5969C1556B28,Industry,电力储能,电力储能,company-info_with_url.xlsx,Industry
IND_F7F567593852,Industry,工业控制,工业控制,company-info_with_url.xlsx,Industry
IND_E9FD8DFD7FC9,Industry,智能仪表,智能仪表,company-info_with_url.xlsx,Industry
IND_C9FA5376F52B,Industry,新能源汽车,新能源汽车,company-info_with_url.xlsx,Industry
IND_91A2917B0C6F,Industry,军工,军工,company-info_with_url.xlsx,Industry
IND_9D865ECC6053,Industry,信息终端,信息终端,company-info_with_url.xlsx,Industry
IND_D1E5A5456EC6,Industry,通讯站,通讯站,company-info_with_url.xlsx,Industry
IND_913E1CD9F849,Industry,电力数据传输等。,电力数据传输等。,company-info_with_url.xlsx,Industry
SCN_A9F999491145,Scenario,消费电子产品中需要瞬间较大电流放电,消费电子产品中需要瞬间较大电流放电,company-info_with_url.xlsx,Scenario
SCN_C2B7A473216B,Scenario,免维护,免维护,company-info_with_url.xlsx,Scenario
SCN_62DB7F10B2EB,Scenario,安全环保的储能部件,安全环保的储能部件,company-info_with_url.xlsx,Scenario
SCN_77EDB48432A5,Scenario,电力储能领域,电力储能领域,company-info_with_url.xlsx,Scenario
SCN_31E371EBAFA0,Scenario,以及其他需要高效能量收集,以及其他需要高效能量收集,company-info_with_url.xlsx,Scenario
SCN_708124954A96,Scenario,存储,存储,company-info_with_url.xlsx,Scenario
SCN_A4D13E4232B8,Scenario,转化的场景。,转化的场景。,company-info_with_url.xlsx,Scenario
CUS_270EABDF5634,Customer,轨道交通,轨道交通,company-info_with_url.xlsx,Customer
CUS_6422EDD82AA2,Customer,新能源汽车厂商,新能源汽车厂商,company-info_with_url.xlsx,Customer
CUS_AF2BB556DAE8,Customer,产品出口欧美国家,产品出口欧美国家,company-info_with_url.xlsx,Customer
SUP_574BF73AD26D,Supplier,宁波中车新能源科技有限公司（超级电容器复合电极材料合作）,宁波中车新能源科技有限公司（超级电容器复合电极材料合作）,company-info_with_url.xlsx,Supplier
PROD_F6D310B7B90F,Product,NexRL大模型强化学习训练框架,nexrl大模型强化学习训练框架,company-info_with_url.xlsx,Product
PROD_C7AA76B5E885,Product,NexAU智能体开发框架,nexau智能体开发框架,company-info_with_url.xlsx,Product
PROD_49FD20AF3821,Product,NexWeave大模型训练服务平台,nexweave大模型训练服务平台,company-info_with_url.xlsx,Product
PROD_49E286753ECB,Product,MM-Doc-R1多智能体长文档分析系统（AI软件,mm-doc-r1多智能体长文档分析系统（ai软件,company-info_with_url.xlsx,Product
PROD_598F5BF0FC11,Product,平台,平台,company-info_with_url.xlsx,Product
PROD_5D4EAE061115,Product,未商业化命名）,未商业化命名）,company-info_with_url.xlsx,Product
CAP_F1C3E413158E,Capability,集成电路芯片设计,集成电路芯片设计,company-info_with_url.xlsx,Capability
CAP_13F52CC85FEA,Capability,计算机软件开发,计算机软件开发,company-info_with_url.xlsx,Capability
CAP_A0043B88C442,Capability,图像处理,图像处理,company-info_with_url.xlsx,Capability
CAP_1FEE7623259D,Capability,双目立体匹配,双目立体匹配,company-info_with_url.xlsx,Capability
CAP_B759516662F7,Capability,人脸识别,人脸识别,company-info_with_url.xlsx,Capability
CAP_891C90681545,Capability,智能锁专利,智能锁专利,company-info_with_url.xlsx,Capability
CUS_8EB8F351AE2C,Customer,暂无公开客户信息,暂无公开客户信息,company-info_with_url.xlsx,Customer
CUS_7E83A9FF2428,Customer,AI Agent研发服务商,ai agent研发服务商,company-info_with_url.xlsx,Customer
CUS_F74776511BD0,Customer,尚未商业化,尚未商业化,company-info_with_url.xlsx,Customer
SUP_9BBD78E566D0,Supplier,GPU芯片供应商（NVIDIA等）,gpu芯片供应商（nvidia等）,company-info_with_url.xlsx,Supplier
SUP_69F887CDE453,Supplier,云计算服务商,云计算服务商,company-info_with_url.xlsx,Supplier
DEM_BFA852588AED,DemandTag,融资。本轮为第一轮融资,融资。本轮为第一轮融资,company-info_with_url.xlsx,DemandTag
DEM_D22341D5E333,DemandTag,计划融资不超过7亿人民币。,计划融资不超过7亿人民币。,company-info_with_url.xlsx,DemandTag
PROD_DF687FB62403,Product,LJTR-11防热涂层,ljtr-11防热涂层,company-info_with_url.xlsx,Product
PROD_7F879A4A01C8,Product,LJTP-31防热涂料,ljtp-31防热涂料,company-info_with_url.xlsx,Product
PROD_4DD820976939,Product,环氧防热涂料,环氧防热涂料,company-info_with_url.xlsx,Product
PROD_C08F974DC9EB,Product,硅橡胶防热涂料,硅橡胶防热涂料,company-info_with_url.xlsx,Product
PROD_B5463C1C5D52,Product,三防,三防,company-info_with_url.xlsx,Product
PROD_F2F0674B7BD1,Product,四防漆,四防漆,company-info_with_url.xlsx,Product
CAP_D5C443E4D7F9,Capability,防热隔热涂料技术（环氧树脂增韧防热,防热隔热涂料技术（环氧树脂增韧防热,company-info_with_url.xlsx,Capability
CAP_3217B7F7DF6B,Capability,硅橡胶+碳纤维+纳米陶瓷相填料）,硅橡胶+碳纤维+纳米陶瓷相填料）,company-info_with_url.xlsx,Capability
IND_BDE524E8DA8C,Industry,军工（导弹,军工（导弹,company-info_with_url.xlsx,Industry
IND_3F920653B061,Industry,火箭弹,火箭弹,company-info_with_url.xlsx,Industry
IND_370708395BB8,Industry,无人机,无人机,company-info_with_url.xlsx,Industry
IND_089B025AFF18,Industry,武器装备）,武器装备）,company-info_with_url.xlsx,Industry
IND_09B426593F9B,Industry,电子设备防护。,电子设备防护。,company-info_with_url.xlsx,Industry
SCN_7E713706D21B,Scenario,导弹战斗部,导弹战斗部,company-info_with_url.xlsx,Scenario
SCN_D780E724DA7F,Scenario,发动机,发动机,company-info_with_url.xlsx,Scenario
SCN_391F26A86D69,Scenario,舵基舱,舵基舱,company-info_with_url.xlsx,Scenario
SCN_3A36D93A1A5B,Scenario,电缆罩,电缆罩,company-info_with_url.xlsx,Scenario
SCN_DC0187E829CE,Scenario,火箭弹战斗部,火箭弹战斗部,company-info_with_url.xlsx,Scenario
SCN_30634D8B0DA0,Scenario,控制舱,控制舱,company-info_with_url.xlsx,Scenario
SCN_8F4767B6BB73,Scenario,伺服舱,伺服舱,company-info_with_url.xlsx,Scenario
SCN_580D24F80FBE,Scenario,尾段,尾段,company-info_with_url.xlsx,Scenario
SCN_CB930F884BEC,Scenario,军用及民用无人机,军用及民用无人机,company-info_with_url.xlsx,Scenario
SCN_2F5C4BFE43F7,Scenario,电子产品,电子产品,company-info_with_url.xlsx,Scenario
SCN_5B86F8379606,Scenario,武器装备,武器装备,company-info_with_url.xlsx,Scenario
SCN_5EA36AD63BE0,Scenario,舰艇装备的表面防护（防腐,舰艇装备的表面防护（防腐,company-info_with_url.xlsx,Scenario
SCN_6DFD08DBA1B2,Scenario,防湿热,防湿热,company-info_with_url.xlsx,Scenario
SCN_A0982F042F39,Scenario,防霉菌,防霉菌,company-info_with_url.xlsx,Scenario
SCN_34FAD1816059,Scenario,防盐雾,防盐雾,company-info_with_url.xlsx,Scenario
SCN_823094AAE4FC,Scenario,防静电）。,防静电）。,company-info_with_url.xlsx,Scenario
CUS_DA8ECA23BC19,Customer,暂无（为蓝箭航天空间科技提供配套材料）,暂无（为蓝箭航天空间科技提供配套材料）,company-info_with_url.xlsx,Customer
SUP_6BA86E876D04,Supplier,原材料供应商,原材料供应商,company-info_with_url.xlsx,Supplier
DEM_39F55831A8FF,DemandTag,基于其新建项目和融资信息,基于其新建项目和融资信息,company-info_with_url.xlsx,DemandTag
DEM_45A57C4E622D,DemandTag,可能最需要资金资源（用于产能建设,可能最需要资金资源（用于产能建设,company-info_with_url.xlsx,DemandTag
DEM_B3B7C69B0BDF,DemandTag,研发投入）和市场资源（进入军工供应链体系）。,研发投入）和市场资源（进入军工供应链体系）。,company-info_with_url.xlsx,DemandTag
PROD_D699F9C141A3,Product,含氟化学品系列（三氟甲磺酸,含氟化学品系列（三氟甲磺酸,company-info_with_url.xlsx,Product
PROD_1649B6457782,Product,三氟甲磺酸酐,三氟甲磺酸酐,company-info_with_url.xlsx,Product
PROD_94F163F1E766,Product,三氟甲磺酸锂,三氟甲磺酸锂,company-info_with_url.xlsx,Product
PROD_1630451DAAE4,Product,双三氟甲基磺酰亚胺）,双三氟甲基磺酰亚胺）,company-info_with_url.xlsx,Product
PROD_1A713343C606,Product,数据中心冷却液系列,数据中心冷却液系列,company-info_with_url.xlsx,Product
CAP_0D6E09942BFB,Capability,电解氟化技术,电解氟化技术,company-info_with_url.xlsx,Capability
IND_A5D62E617153,Industry,医药,医药,company-info_with_url.xlsx,Industry
IND_BCFB3A15966B,Industry,农药,农药,company-info_with_url.xlsx,Industry
IND_672FF666A194,Industry,塑胶,塑胶,company-info_with_url.xlsx,Industry
IND_9A93E21BE1AC,Industry,化纤,化纤,company-info_with_url.xlsx,Industry
IND_59B3958FB478,Industry,电池,电池,company-info_with_url.xlsx,Industry
IND_75FE41CFBC5D,Industry,新型材料,新型材料,company-info_with_url.xlsx,Industry
IND_DB1DC9001F10,Industry,数据中心（服务器冷却）。,数据中心（服务器冷却）。,company-info_with_url.xlsx,Industry
SCN_6517D81463B0,Scenario,1. 化学反应中的合成工具（三氟甲磺酸）。2. 数据中心服务器的浸没式液冷。,1. 化学反应中的合成工具（三氟甲磺酸）。2. 数据中心服务器的浸没式液冷。,company-info_with_url.xlsx,Scenario
CUS_1BD051E575F2,Customer,制冷剂,制冷剂,company-info_with_url.xlsx,Customer
CUS_6A4660B3188F,Customer,数据中心冷却液需求方,数据中心冷却液需求方,company-info_with_url.xlsx,Customer
CUS_36D314676374,Customer,300+含氟化学品品种客户,300+含氟化学品品种客户,company-info_with_url.xlsx,Customer
SUP_6D4ECB0F6544,Supplier,萤石,萤石,company-info_with_url.xlsx,Supplier
SUP_045C0C5F611A,Supplier,氟化工原材料供应商,氟化工原材料供应商,company-info_with_url.xlsx,Supplier
DEM_F314731F8BBF,DemandTag,暂无（原文及搜索结果未明确提及）。,暂无（原文及搜索结果未明确提及）。,company-info_with_url.xlsx,DemandTag
PROD_5787F17E44FF,Product,复合液冷散热器,复合液冷散热器,company-info_with_url.xlsx,Product
PROD_4D9A106ECA6F,Product,超薄型均温板元件（Vapor Chamber）,超薄型均温板元件（vapor chamber）,company-info_with_url.xlsx,Product
PROD_35C724605FC6,Product,三维蒸气腔元件等散热模组（用于集成电路,三维蒸气腔元件等散热模组（用于集成电路,company-info_with_url.xlsx,Product
PROD_6C44C8AC915B,Product,功率电子封装散热）,功率电子封装散热）,company-info_with_url.xlsx,Product
CAP_E5D86AAAAD69,Capability,电子工程设计服务,电子工程设计服务,company-info_with_url.xlsx,Capability
CAP_022E556BEB39,Capability,电子产品检测,电子产品检测,company-info_with_url.xlsx,Capability
CAP_D69DD7543BE6,Capability,电子产品设计服务,电子产品设计服务,company-info_with_url.xlsx,Capability
CAP_B84F90C1F106,Capability,信息电子技术服务,信息电子技术服务,company-info_with_url.xlsx,Capability
CAP_8062A1E7B4FC,Capability,新材料技术推广服务,新材料技术推广服务,company-info_with_url.xlsx,Capability
IND_B6308F2EA843,Industry,专业技术服务业,专业技术服务业,company-info_with_url.xlsx,Industry
SUP_A0B7D31B45D5,Supplier,热管理材料供应商,热管理材料供应商,company-info_with_url.xlsx,Supplier
PROD_56011B1CD674,Product,辐射制冷膜材,辐射制冷膜材,company-info_with_url.xlsx,Product
PROD_F8D82016DFB1,Product,辐射制冷涂料,辐射制冷涂料,company-info_with_url.xlsx,Product
PROD_437A145B8058,Product,辐射制冷织物,辐射制冷织物,company-info_with_url.xlsx,Product
CAP_538C9A41A498,Capability,零能耗被动式辐射制冷技术（微纳结构材料,零能耗被动式辐射制冷技术（微纳结构材料,company-info_with_url.xlsx,Capability
CAP_C3E2DA84559C,Capability,8-13μm大气窗口高红外发射,8-13μm大气窗口高红外发射,company-info_with_url.xlsx,Capability
CAP_3CB0C286C30E,Capability,超材料）,超材料）,company-info_with_url.xlsx,Capability
IND_521D1DABC204,Industry,新能源汽车。,新能源汽车。,company-info_with_url.xlsx,Industry
SCN_AB1F2B4C31E7,Scenario,手机散热（辐射制冷膜）。,手机散热（辐射制冷膜）。,company-info_with_url.xlsx,Scenario
CUS_8D9368B3C68D,Customer,科顺股份（联合品牌合作）,科顺股份（联合品牌合作）,company-info_with_url.xlsx,Customer
CUS_533B51059079,Customer,大型储罐,大型储罐,company-info_with_url.xlsx,Customer
CUS_9F468C0FDE4B,Customer,建筑降温需求方,建筑降温需求方,company-info_with_url.xlsx,Customer
CUS_452035FD169C,Customer,南京大学团队产业化合作,南京大学团队产业化合作,company-info_with_url.xlsx,Customer
SUP_C8B821B59901,Supplier,辐射制冷原材料供应商,辐射制冷原材料供应商,company-info_with_url.xlsx,Supplier
DEM_BE5B166081EC,DemandTag,资本（已完成Pre-A轮近亿人民币融资）,资本（已完成pre-a轮近亿人民币融资）,company-info_with_url.xlsx,DemandTag
DEM_DCEECDEDD345,DemandTag,市场拓展资源。,市场拓展资源。,company-info_with_url.xlsx,DemandTag
PROD_496184B7E4B4,Product,卫星智能操控与故障诊断,卫星智能操控与故障诊断,company-info_with_url.xlsx,Product
PROD_E2D4BF4E8C74,Product,激光通信终端,激光通信终端,company-info_with_url.xlsx,Product
CAP_2E577B8258C7,Capability,卫星测运控软件,卫星测运控软件,company-info_with_url.xlsx,Capability
CAP_12FC0F0BF745,Capability,航天云立方平台,航天云立方平台,company-info_with_url.xlsx,Capability
CAP_BA4213BDCC1A,Capability,华山航天大模型,华山航天大模型,company-info_with_url.xlsx,Capability
IND_9C6F4FDDB2A0,Industry,商业航天,商业航天,company-info_with_url.xlsx,Industry
IND_77E0DE718D32,Industry,碳中和监测与治理,碳中和监测与治理,company-info_with_url.xlsx,Industry
IND_6B2DBF4602DD,Industry,政府环境监管,政府环境监管,company-info_with_url.xlsx,Industry
IND_FAA427174CB6,Industry,工程建设管理,工程建设管理,company-info_with_url.xlsx,Industry
IND_C79BC0CD3551,Industry,森林碳汇检测,森林碳汇检测,company-info_with_url.xlsx,Industry
IND_E298F17B3BEC,Industry,碳交易数据服务。,碳交易数据服务。,company-info_with_url.xlsx,Industry
SCN_ED3C85605016,Scenario,卫星测运控服务,卫星测运控服务,company-info_with_url.xlsx,Scenario
SCN_2143628C24D4,Scenario,区域及行业CO2排放监测,区域及行业co2排放监测,company-info_with_url.xlsx,Scenario
SCN_CD781143E643,Scenario,预测与溯源,预测与溯源,company-info_with_url.xlsx,Scenario
SCN_1F136F095BF9,Scenario,裸土扬尘源卫星遥感监测,裸土扬尘源卫星遥感监测,company-info_with_url.xlsx,Scenario
SCN_B60627E58536,Scenario,大型工程项目进度高空遥感监测,大型工程项目进度高空遥感监测,company-info_with_url.xlsx,Scenario
SCN_1C7EA28933E2,Scenario,企业和政府层面的碳达峰碳中和信息化平台。,企业和政府层面的碳达峰碳中和信息化平台。,company-info_with_url.xlsx,Scenario
CUS_9460D97472DB,Customer,长光卫星技术股份有限公司（吉林一号星座100+颗卫星管理）,长光卫星技术股份有限公司（吉林一号星座100+颗卫星管理）,company-info_with_url.xlsx,Customer
CUS_C0430A7E0A44,Customer,上海航天技术研究院,上海航天技术研究院,company-info_with_url.xlsx,Customer
CUS_71A031A89270,Customer,中国科学院微小卫星创新研究院,中国科学院微小卫星创新研究院,company-info_with_url.xlsx,Customer
CUS_768329CE1D31,Customer,银河航天,银河航天,company-info_with_url.xlsx,Customer
CUS_FAF86D531B16,Customer,星际荣耀等商业卫星客户,星际荣耀等商业卫星客户,company-info_with_url.xlsx,Customer
SUP_9DECAE776003,Supplier,卫星硬件供应商（测控站设备,卫星硬件供应商（测控站设备,company-info_with_url.xlsx,Supplier
SUP_5F63E66EFC4C,Supplier,星载计算机）,星载计算机）,company-info_with_url.xlsx,Supplier
DEM_055BE5AF11E1,DemandTag,资金（处于A轮融资阶段）,资金（处于a轮融资阶段）,company-info_with_url.xlsx,DemandTag
DEM_9CAAC4E7F1F5,DemandTag,市场拓展资源（将技术应用于更广泛的政府和商业场景）。,市场拓展资源（将技术应用于更广泛的政府和商业场景）。,company-info_with_url.xlsx,DemandTag
PROD_6A8A88BD5522,Product,AR,ar,company-info_with_url.xlsx,Product
PROD_A77B12BD7F1C,Product,VR微型显示芯片（Sub-Micro Micro LED,vr微型显示芯片（sub-micro micro led,company-info_with_url.xlsx,Product
PROD_369898007947,Product,>30000PPI）,>30000ppi）,company-info_with_url.xlsx,Product
CAP_79C82F79C209,Capability,晶体外延技术,晶体外延技术,company-info_with_url.xlsx,Capability
CAP_2ACFF5B981AA,Capability,Nano LED半导体纳米级工艺,nano led半导体纳米级工艺,company-info_with_url.xlsx,Capability
CAP_9FFC7780572E,Capability,高精度晶圆键合,高精度晶圆键合,company-info_with_url.xlsx,Capability
CAP_1DA23620E929,Capability,RGB单片整体集成,rgb单片整体集成,company-info_with_url.xlsx,Capability
IND_B983B0DEECF6,Industry,显示,显示,company-info_with_url.xlsx,Industry
IND_4EA97FBF4940,Industry,汽车电子,汽车电子,company-info_with_url.xlsx,Industry
IND_269838691FF7,Industry,光通信,光通信,company-info_with_url.xlsx,Industry
IND_08BBA7CFDF58,Industry,工业,工业,company-info_with_url.xlsx,Industry
IND_9765835D1F30,Industry,医疗,医疗,company-info_with_url.xlsx,Industry
IND_F0B58D474D8F,Industry,仪器仪表。,仪器仪表。,company-info_with_url.xlsx,Industry
SCN_544572EA47A6,Scenario,智能穿戴,智能穿戴,company-info_with_url.xlsx,Scenario
SCN_90F7446DA084,Scenario,高端手机,高端手机,company-info_with_url.xlsx,Scenario
SCN_DF0203CD8E39,Scenario,显示器,显示器,company-info_with_url.xlsx,Scenario
SCN_B3A4D2021BF8,Scenario,汽车智能座舱,汽车智能座舱,company-info_with_url.xlsx,Scenario
SCN_FEBEEAE579AC,Scenario,高清电视,高清电视,company-info_with_url.xlsx,Scenario
SCN_6E3DBADA9DE0,Scenario,光通信光源。,光通信光源。,company-info_with_url.xlsx,Scenario
CUS_E382073E37D2,Customer,AR,ar,company-info_with_url.xlsx,Customer
CUS_0D63ACFA13BB,Customer,VR智能眼镜厂商（Micro LED微显示芯片）,vr智能眼镜厂商（micro led微显示芯片）,company-info_with_url.xlsx,Customer
CUS_A1ECBC5F396E,Customer,JBD等Micro LED模组厂商（合作开发SAG技术）,jbd等micro led模组厂商（合作开发sag技术）,company-info_with_url.xlsx,Customer
CUS_92BA2DA7607D,Customer,投资方：红杉中国,投资方：红杉中国,company-info_with_url.xlsx,Customer
CUS_31891BC94CD7,Customer,线性资本,线性资本,company-info_with_url.xlsx,Customer
CUS_24ED26AC84F0,Customer,华睿投资,华睿投资,company-info_with_url.xlsx,Customer
SUP_A174F1731020,Supplier,GaN外延片,gan外延片,company-info_with_url.xlsx,Supplier
SUP_7F164B4818C0,Supplier,硅基衬底供应商,硅基衬底供应商,company-info_with_url.xlsx,Supplier
DEM_A150E9CAF198,DemandTag,暂无（PDF原文及网络搜索结果均未明确提及）,暂无（pdf原文及网络搜索结果均未明确提及）,company-info_with_url.xlsx,DemandTag
DEM_469CEC66E168,DemandTag,需要额外补齐。,需要额外补齐。,company-info_with_url.xlsx,DemandTag
PROD_0F530C3CD124,Product,量子点扩散板,量子点扩散板,company-info_with_url.xlsx,Product
PROD_E1BF8F136343,Product,无阻隔膜PET量子点膜,无阻隔膜pet量子点膜,company-info_with_url.xlsx,Product
PROD_0F75FB4BE8E1,Product,量子点墨水,量子点墨水,company-info_with_url.xlsx,Product
PROD_B2F4C8ADBA1C,Product,量子点光刻胶,量子点光刻胶,company-info_with_url.xlsx,Product
PROD_4DF9A5B2AA51,Product,量子点Micro-LED显示解决方案,量子点micro-led显示解决方案,company-info_with_url.xlsx,Product
CAP_09C55B99ECFC,Capability,半导体量子点发光材料,半导体量子点发光材料,company-info_with_url.xlsx,Capability
CAP_6DB89488FFDE,Capability,新型量子点显示工艺,新型量子点显示工艺,company-info_with_url.xlsx,Capability
CAP_5016665DC91A,Capability,半导体薄膜工艺设备,半导体薄膜工艺设备,company-info_with_url.xlsx,Capability
IND_73BF0559A371,Industry,光电子,光电子,company-info_with_url.xlsx,Industry
IND_DD9F5DD0F632,Industry,微电子,微电子,company-info_with_url.xlsx,Industry
IND_07A8E2DF719A,Industry,新型显示,新型显示,company-info_with_url.xlsx,Industry
IND_D4C2F8A015E6,Industry,传感器,传感器,company-info_with_url.xlsx,Industry
IND_B928050E1901,Industry,材料科学,材料科学,company-info_with_url.xlsx,Industry
SCN_97C681C69114,Scenario,量子点显示,量子点显示,company-info_with_url.xlsx,Scenario
SCN_9BB7D89C21E6,Scenario,半导体薄膜工艺,半导体薄膜工艺,company-info_with_url.xlsx,Scenario
CUS_52A948336924,Customer,暂无公开客户信息（Micro LED,暂无公开客户信息（micro led,company-info_with_url.xlsx,Customer
CUS_2D4F58AEA03A,Customer,量子点材料研发方向）,量子点材料研发方向）,company-info_with_url.xlsx,Customer
SUP_A86FEAF61EC3,Supplier,量子点材料供应商,量子点材料供应商,company-info_with_url.xlsx,Supplier
SUP_672617D8B671,Supplier,半导体设备供应商,半导体设备供应商,company-info_with_url.xlsx,Supplier
PROD_F28819D43356,Product,5G 无胶覆铜板,5g 无胶覆铜板,company-info_with_url.xlsx,Product
PROD_5535A6ACE118,Product,柔性显示基板,柔性显示基板,company-info_with_url.xlsx,Product
PROD_3FD7EE61293D,Product,低介电薄膜,低介电薄膜,company-info_with_url.xlsx,Product
PROD_AFDB97C23C62,Product,耐高温复合材料,耐高温复合材料,company-info_with_url.xlsx,Product
CAP_2C5AFAC825B0,Capability,高性能聚酰亚胺（PI）树脂合成技术,高性能聚酰亚胺（pi）树脂合成技术,company-info_with_url.xlsx,Capability
CAP_A82165F32AFD,Capability,无胶挠性覆铜板（FCCL）制备技术,无胶挠性覆铜板（fccl）制备技术,company-info_with_url.xlsx,Capability
CAP_5D9AA2C1A320,Capability,功能型 PI 薄膜与复合材料技术,功能型 pi 薄膜与复合材料技术,company-info_with_url.xlsx,Capability
IND_C152C699D569,Industry,科技行业（具体行业暂无）,科技行业（具体行业暂无）,company-info_with_url.xlsx,Industry
SCN_9F84CD98FD83,Scenario,科技成果从实验室迈向生产线的中试环节,科技成果从实验室迈向生产线的中试环节,company-info_with_url.xlsx,Scenario
CUS_FF8F7C8881D3,Customer,暂无公开信息,暂无公开信息,company-info_with_url.xlsx,Customer
SUP_351B46FF58F9,Supplier,暂无公开供应商信息,暂无公开供应商信息,company-info_with_url.xlsx,Supplier
DEM_2E73C7C08ECF,DemandTag,金融资源（已获得500万元‘中试贷’用于成果转化）,金融资源（已获得500万元‘中试贷’用于成果转化）,company-info_with_url.xlsx,DemandTag
PROD_E2A73B42DB3A,Product,智能光电设备,智能光电设备,company-info_with_url.xlsx,Product
CAP_D8E5AC640CB0,Capability,红外热像技术,红外热像技术,company-info_with_url.xlsx,Capability
IND_E69F84E071D8,Industry,红外成像与测量,红外成像与测量,company-info_with_url.xlsx,Industry
IND_E3FE573607B1,Industry,医疗红外,医疗红外,company-info_with_url.xlsx,Industry
SCN_95A0D0DD180A,Scenario,红外成像与测量设备供应,红外成像与测量设备供应,company-info_with_url.xlsx,Scenario
SCN_7D73A1DB8C06,Scenario,医疗红外行业应用,医疗红外行业应用,company-info_with_url.xlsx,Scenario
CUS_154B9755E1EB,Customer,中国科学院长春光学精密机械与物理研究所（仪器设备采购中标）,中国科学院长春光学精密机械与物理研究所（仪器设备采购中标）,company-info_with_url.xlsx,Customer
CUS_082ACAEFA016,Customer,军队,军队,company-info_with_url.xlsx,Customer
CUS_F90CED63ED43,Customer,军工科研院所（夜视系统,军工科研院所（夜视系统,company-info_with_url.xlsx,Customer
CUS_17199E9EBBF9,Customer,武器鉴定光测装备中标）,武器鉴定光测装备中标）,company-info_with_url.xlsx,Customer
CUS_02368B345199,Customer,低空经济（反无人机光学雷达需求方）,低空经济（反无人机光学雷达需求方）,company-info_with_url.xlsx,Customer
CUS_14FA1331F426,Customer,商业航天客户（卫星激光通信载荷）,商业航天客户（卫星激光通信载荷）,company-info_with_url.xlsx,Customer
SUP_E0DAF8533F6D,Supplier,红外探测器,红外探测器,company-info_with_url.xlsx,Supplier
SUP_1EE3AD53C393,Supplier,光学镜头,光学镜头,company-info_with_url.xlsx,Supplier
SUP_855AA8C1EEB7,Supplier,高速运算放大器供应商,高速运算放大器供应商,company-info_with_url.xlsx,Supplier
PROD_75BE83DAD9A4,Product,掺硼金刚石(BDD)电极,掺硼金刚石(bdd)电极,company-info_with_url.xlsx,Product
PROD_D6F79C7A290E,Product,电化学氧化处理系统,电化学氧化处理系统,company-info_with_url.xlsx,Product
PROD_96F29AD342D7,Product,水处理装置,水处理装置,company-info_with_url.xlsx,Product
CAP_76D9EA486CC6,Capability,掺硼金刚石（BDD）电极材料及制备工艺,掺硼金刚石（bdd）电极材料及制备工艺,company-info_with_url.xlsx,Capability
CAP_5367F52E05B6,Capability,大尺寸,大尺寸,company-info_with_url.xlsx,Capability
CAP_5571AB322D56,Capability,大面积金刚石电极制造技术,大面积金刚石电极制造技术,company-info_with_url.xlsx,Capability
CAP_6C1581D83A60,Capability,基于气相沉积技术的半导体,基于气相沉积技术的半导体,company-info_with_url.xlsx,Capability
CAP_D7BDC41E869C,Capability,生态健康,生态健康,company-info_with_url.xlsx,Capability
CAP_BAED8020A8FA,Capability,光电声热力功能材料研发与生产,光电声热力功能材料研发与生产,company-info_with_url.xlsx,Capability
IND_2BBD1BE4F8A8,Industry,工业废水处理（钢铁,工业废水处理（钢铁,company-info_with_url.xlsx,Industry
IND_870D64BA383A,Industry,石化,石化,company-info_with_url.xlsx,Industry
IND_96EBC2C947C0,Industry,煤化工,煤化工,company-info_with_url.xlsx,Industry
IND_B9D2B97D3822,Industry,核工业,核工业,company-info_with_url.xlsx,Industry
IND_EA31CCE506EB,Industry,农药化工等）,农药化工等）,company-info_with_url.xlsx,Industry
IND_C38C2367E1A0,Industry,电化学,电化学,company-info_with_url.xlsx,Industry
IND_BB4A9E39E25E,Industry,热学,热学,company-info_with_url.xlsx,Industry
IND_443FC5B092F7,Industry,光学等领域。,光学等领域。,company-info_with_url.xlsx,Industry
SCN_6FE0E2602BE6,Scenario,高浓度,高浓度,company-info_with_url.xlsx,Scenario
SCN_9AA35CEBD0FF,Scenario,难降解的复杂化工酸性废水处理（控制CODcr,难降解的复杂化工酸性废水处理（控制codcr,company-info_with_url.xlsx,Scenario
SCN_CBB95491434A,Scenario,氨氮等指标）,氨氮等指标）,company-info_with_url.xlsx,Scenario
SCN_05B5A2C16839,Scenario,焦化废水处理（处理焦化生化出水膜浓缩液,焦化废水处理（处理焦化生化出水膜浓缩液,company-info_with_url.xlsx,Scenario
SCN_A1AEBBAC10AB,Scenario,MVR蒸发母液等,mvr蒸发母液等,company-info_with_url.xlsx,Scenario
SCN_90B6671297B3,Scenario,控制CODcr,控制codcr,company-info_with_url.xlsx,Scenario
SCN_05DFD4196F5D,Scenario,TOC,toc,company-info_with_url.xlsx,Scenario
SCN_9D921F7161C9,Scenario,氨氮及pH等指标）。,氨氮及ph等指标）。,company-info_with_url.xlsx,Scenario
CUS_7481EC843E8B,Customer,氢燃料电池下游客户（钢铁,氢燃料电池下游客户（钢铁,company-info_with_url.xlsx,Customer
CUS_97A9432C2345,Customer,化工等工业副产氢提纯需求方）,化工等工业副产氢提纯需求方）,company-info_with_url.xlsx,Customer
SUP_A3BA24EFC05C,Supplier,质子交换膜,质子交换膜,company-info_with_url.xlsx,Supplier
SUP_16E39E1F3E82,Supplier,催化剂供应商,催化剂供应商,company-info_with_url.xlsx,Supplier
DEM_F3B04340F552,DemandTag,资金（用于新产品线开发,资金（用于新产品线开发,company-info_with_url.xlsx,DemandTag
DEM_939076462485,DemandTag,智能产业基地建设,智能产业基地建设,company-info_with_url.xlsx,DemandTag
DEM_177058699C03,DemandTag,2023年完成A轮融资,2023年完成a轮融资,company-info_with_url.xlsx,DemandTag
DEM_682EBEB12C8A,DemandTag,2024年完成数千万元战略融资）。,2024年完成数千万元战略融资）。,company-info_with_url.xlsx,DemandTag
PROD_AF9686E9C9D4,Product,高清拾音器,高清拾音器,company-info_with_url.xlsx,Product
PROD_330D334C1781,Product,远程拾音器,远程拾音器,company-info_with_url.xlsx,Product
PROD_041F6D74FAD1,Product,拾音器阵列模组等声学前后端系列产品,拾音器阵列模组等声学前后端系列产品,company-info_with_url.xlsx,Product
CAP_9782F1BB1D8C,Capability,人工智能语音技术算法开发与产品研发,人工智能语音技术算法开发与产品研发,company-info_with_url.xlsx,Capability
CAP_4A8699A97841,Capability,语音降噪算法,语音降噪算法,company-info_with_url.xlsx,Capability
CAP_D15A484284C2,Capability,麦克风阵列设计,麦克风阵列设计,company-info_with_url.xlsx,Capability
CAP_580151956526,Capability,MIMO信号处理,mimo信号处理,company-info_with_url.xlsx,Capability
IND_7DDD2E1B03D9,Industry,金融,金融,company-info_with_url.xlsx,Industry
IND_EC4BD73A3253,Industry,教育,教育,company-info_with_url.xlsx,Industry
IND_7B824D138488,Industry,司法,司法,company-info_with_url.xlsx,Industry
IND_13B04E5D3E3A,Industry,能源,能源,company-info_with_url.xlsx,Industry
IND_AD0ABEBA1C9A,Industry,交通。,交通。,company-info_with_url.xlsx,Industry
SCN_5A02E3CCEC58,Scenario,医院音频安防,医院音频安防,company-info_with_url.xlsx,Scenario
SCN_F1794EBC7ABB,Scenario,园区音频安防,园区音频安防,company-info_with_url.xlsx,Scenario
SCN_A883685107CD,Scenario,公安司法监管场所音频安防,公安司法监管场所音频安防,company-info_with_url.xlsx,Scenario
SCN_5AD14099E311,Scenario,校园音频安防,校园音频安防,company-info_with_url.xlsx,Scenario
SCN_ACA3D75B1FF2,Scenario,教学智慧语音解决方案,教学智慧语音解决方案,company-info_with_url.xlsx,Scenario
SCN_66AB9BE958C4,Scenario,企业智能音频应用定制解决方案。,企业智能音频应用定制解决方案。,company-info_with_url.xlsx,Scenario
CUS_4FECC9E87237,Customer,陕鼓集团,陕鼓集团,company-info_with_url.xlsx,Customer
CUS_FD740FFC4976,Customer,商汤科技,商汤科技,company-info_with_url.xlsx,Customer
CUS_BD50E26FE285,Customer,奕斯伟计算,奕斯伟计算,company-info_with_url.xlsx,Customer
CUS_100C5F63FC46,Customer,中石油,中石油,company-info_with_url.xlsx,Customer
CUS_DD7F6C2678C2,Customer,延长壳牌,延长壳牌,company-info_with_url.xlsx,Customer
CUS_D217C3B19404,Customer,唐都医院,唐都医院,company-info_with_url.xlsx,Customer
CUS_E532931CE83B,Customer,中国铁建,中国铁建,company-info_with_url.xlsx,Customer
CUS_26638E643A17,Customer,中国电建等头部客户,中国电建等头部客户,company-info_with_url.xlsx,Customer
CUS_4BE9ED8C7E0F,Customer,业务覆盖工业,业务覆盖工业,company-info_with_url.xlsx,Customer
CUS_0F3532757325,Customer,能源,能源,company-info_with_url.xlsx,Customer
CUS_243BC1CBC087,Customer,教育,教育,company-info_with_url.xlsx,Customer
CUS_688C951BD105,Customer,医疗,医疗,company-info_with_url.xlsx,Customer
CUS_55814BF759A3,Customer,金融,金融,company-info_with_url.xlsx,Customer
CUS_F085D9993247,Customer,交通等智慧城市领域,交通等智慧城市领域,company-info_with_url.xlsx,Customer
CUS_AF2F6D276715,Customer,中标吴起县教育体育局校园智能音频系统建设项目,中标吴起县教育体育局校园智能音频系统建设项目,company-info_with_url.xlsx,Customer
SUP_216ADB8020E1,Supplier,麦克风,麦克风,company-info_with_url.xlsx,Supplier
SUP_2170D63CF0D8,Supplier,声学传感器,声学传感器,company-info_with_url.xlsx,Supplier
SUP_8D5F0A5ADA50,Supplier,信号处理芯片供应商,信号处理芯片供应商,company-info_with_url.xlsx,Supplier
PROD_07F72639D422,Product,TG30系列燃气轮机发电机组（30MW）,tg30系列燃气轮机发电机组（30mw）,company-info_with_url.xlsx,Product
PROD_3FABEF01BC0F,Product,20-50MW级轻型燃气轮机,20-50mw级轻型燃气轮机,company-info_with_url.xlsx,Product
CAP_9662B47378A0,Capability,轻型燃气轮机（用于分布式能源发电,轻型燃气轮机（用于分布式能源发电,company-info_with_url.xlsx,Capability
CAP_86FACA1ED47A,Capability,舰船驱动,舰船驱动,company-info_with_url.xlsx,Capability
CAP_25E578697DD5,Capability,大型压缩机,大型压缩机,company-info_with_url.xlsx,Capability
CAP_AE4B5E78FDFF,Capability,泵,泵,company-info_with_url.xlsx,Capability
CAP_974089F73F30,Capability,海上油气平台等）的研发,海上油气平台等）的研发,company-info_with_url.xlsx,Capability
CAP_879041ECC571,Capability,部件试验,部件试验,company-info_with_url.xlsx,Capability
CAP_592FD0AFEE84,Capability,整机装配生产,整机装配生产,company-info_with_url.xlsx,Capability
CAP_498CA308FE6A,Capability,整机试车调试,整机试车调试,company-info_with_url.xlsx,Capability
CAP_8413299A6683,Capability,整机销售及维护服务,整机销售及维护服务,company-info_with_url.xlsx,Capability
IND_EC9D67D57C54,Industry,能源动力,能源动力,company-info_with_url.xlsx,Industry
IND_C0D96EA6BE73,Industry,高端装备制造,高端装备制造,company-info_with_url.xlsx,Industry
IND_93544A70D806,Industry,军民两用领域,军民两用领域,company-info_with_url.xlsx,Industry
SCN_3D412D3C87F2,Scenario,分布式能源发电,分布式能源发电,company-info_with_url.xlsx,Scenario
SCN_AB9527EB5704,Scenario,舰船驱动,舰船驱动,company-info_with_url.xlsx,Scenario
SCN_7DD46C8CDA93,Scenario,大型压缩机（泵）,大型压缩机（泵）,company-info_with_url.xlsx,Scenario
SCN_8A72216C5824,Scenario,海上油气平台,海上油气平台,company-info_with_url.xlsx,Scenario
CUS_7404F8AC0294,Customer,暂无公开客户信息（商业化早期阶段）,暂无公开客户信息（商业化早期阶段）,company-info_with_url.xlsx,Customer
SUP_BB4518EA74A9,Supplier,高温合金材料供应商,高温合金材料供应商,company-info_with_url.xlsx,Supplier
SUP_0FEDA6D37030,Supplier,航空发动机零部件供应商,航空发动机零部件供应商,company-info_with_url.xlsx,Supplier
DEM_590F8B908B7C,DemandTag,资金（近期拟募集资金8000万元用于增资）,资金（近期拟募集资金8000万元用于增资）,company-info_with_url.xlsx,DemandTag
PROD_5EF596F4A701,Product,无线充电芯片,无线充电芯片,company-info_with_url.xlsx,Product
PROD_CDFF3EBCCFCE,Product,有线快充方案设计,有线快充方案设计,company-info_with_url.xlsx,Product
PROD_7CC83D07E87E,Product,MCU。具体产品无线充电发射端芯片（如CV90362A,mcu。具体产品无线充电发射端芯片（如cv90362a,company-info_with_url.xlsx,Product
PROD_3EA38CC6D79A,Product,CV90355）,cv90355）,company-info_with_url.xlsx,Product
PROD_4A747F263834,Product,无线充电接收端芯片（如CV90331）,无线充电接收端芯片（如cv90331）,company-info_with_url.xlsx,Product
PROD_97B4CAA5DC09,Product,支持Qi V1.2,支持qi v1.2,company-info_with_url.xlsx,Product
PROD_A291FE69A4CD,Product,V1.3,v1.3,company-info_with_url.xlsx,Product
PROD_84F5800C257A,Product,Qi2,qi2,company-info_with_url.xlsx,Product
PROD_777F695E05F1,Product,PD快充等协议的芯片,pd快充等协议的芯片,company-info_with_url.xlsx,Product
PROD_8EE829B9A21B,Product,以及全球首款一芯双充芯片系统,以及全球首款一芯双充芯片系统,company-info_with_url.xlsx,Product
CAP_9E1B18F85BDC,Capability,无线充电芯片设计（Qi标准）,无线充电芯片设计（qi标准）,company-info_with_url.xlsx,Capability
CAP_C162F6722D17,Capability,高集成SoC架构,高集成soc架构,company-info_with_url.xlsx,Capability
CAP_13C9E23F44F7,Capability,多相位电荷泵驱动电路,多相位电荷泵驱动电路,company-info_with_url.xlsx,Capability
CAP_8F1D2DA5F688,Capability,PD快充协议集成技术,pd快充协议集成技术,company-info_with_url.xlsx,Capability
IND_BE1283D53C3B,Industry,智能硬件,智能硬件,company-info_with_url.xlsx,Industry
IND_DEB2B4E9D4FD,Industry,汽车电子。具体应用于无线充电底座,汽车电子。具体应用于无线充电底座,company-info_with_url.xlsx,Industry
IND_383AD4DAE295,Industry,磁吸方案无线充电底座,磁吸方案无线充电底座,company-info_with_url.xlsx,Industry
IND_0EF7CDCDA975,Industry,车载无线充电设备,车载无线充电设备,company-info_with_url.xlsx,Industry
IND_0E1F94018F92,Industry,移动电源无线充电设备等。,移动电源无线充电设备等。,company-info_with_url.xlsx,Industry
SCN_D8777F55EEE4,Scenario,智能手机,智能手机,company-info_with_url.xlsx,Scenario
SCN_B4D19A01FC70,Scenario,可穿戴设备等消费电子产品的无线充电与有线快充,可穿戴设备等消费电子产品的无线充电与有线快充,company-info_with_url.xlsx,Scenario
SCN_99C8FDE841E7,Scenario,车载无线充电,车载无线充电,company-info_with_url.xlsx,Scenario
SCN_0F5D2CA1986D,Scenario,移动电源集成无线充电功能。,移动电源集成无线充电功能。,company-info_with_url.xlsx,Scenario
CUS_C5F6B8E6BE71,Customer,华为,华为,company-info_with_url.xlsx,Customer
CUS_F6A8E8D35EE5,Customer,小米,小米,company-info_with_url.xlsx,Customer
CUS_C41A59B3DEA8,Customer,OPPO,oppo,company-info_with_url.xlsx,Customer
CUS_32881A5414E3,Customer,vivo等手机厂商（Qi无线充电芯片）,vivo等手机厂商（qi无线充电芯片）,company-info_with_url.xlsx,Customer
CUS_082DFA6DB2F1,Customer,无线充电设备厂商（ANKER,无线充电设备厂商（anker,company-info_with_url.xlsx,Customer
CUS_A6AE85644ACC,Customer,AoHey,aohey,company-info_with_url.xlsx,Customer
CUS_BE794A0EA35D,Customer,麦多多等）,麦多多等）,company-info_with_url.xlsx,Customer
SUP_B963B4776293,Supplier,MOS管,mos管,company-info_with_url.xlsx,Supplier
SUP_45429EFCDBCC,Supplier,谐振电容,谐振电容,company-info_with_url.xlsx,Supplier
SUP_0DCC912DB2B4,Supplier,利兹线供应商,利兹线供应商,company-info_with_url.xlsx,Supplier
DEM_C322F086A7A4,DemandTag,基于其Fabless模式及发展阶段,基于其fabless模式及发展阶段,company-info_with_url.xlsx,DemandTag
DEM_3A2B0D56EFFD,DemandTag,可能需要的资源包括：高端芯片设计人才,可能需要的资源包括：高端芯片设计人才,company-info_with_url.xlsx,DemandTag
DEM_261342515021,DemandTag,先进制程流片资源,先进制程流片资源,company-info_with_url.xlsx,DemandTag
DEM_363F690B77C4,DemandTag,下游品牌客户深度合作,下游品牌客户深度合作,company-info_with_url.xlsx,DemandTag
DEM_E3F86008FAFA,DemandTag,市场扩张资金以及供应链稳定性保障。,市场扩张资金以及供应链稳定性保障。,company-info_with_url.xlsx,DemandTag
PROD_A766591556FC,Product,S2000兆瓦级浮空风力发电系统（2000米高空并网测试）,s2000兆瓦级浮空风力发电系统（2000米高空并网测试）,company-info_with_url.xlsx,Product
CAP_E49ABD86B5DF,Capability,高空风力发电技术,高空风力发电技术,company-info_with_url.xlsx,Capability
CAP_2856B6ED8DE1,Capability,专注于涵道式浮空发电技术路线。已成功试飞全球首台兆瓦级S2000浮空风力发电系统,专注于涵道式浮空发电技术路线。已成功试飞全球首台兆瓦级s2000浮空风力发电系统,company-info_with_url.xlsx,Capability
CAP_A6EB7CC51E5D,Capability,并在2000米高空完成并网测试,并在2000米高空完成并网测试,company-info_with_url.xlsx,Capability
IND_DA2A45828AE0,Industry,绿色能源,绿色能源,company-info_with_url.xlsx,Industry
IND_5BB213D3FD0E,Industry,风力发电,风力发电,company-info_with_url.xlsx,Industry
IND_0A5422C2FEBD,Industry,高空风力发电技术服务。,高空风力发电技术服务。,company-info_with_url.xlsx,Industry
SCN_FE2D7C4B9058,Scenario,高空风力发电场,高空风力发电场,company-info_with_url.xlsx,Scenario
SCN_677943B26424,Scenario,为电网提供清洁电力。,为电网提供清洁电力。,company-info_with_url.xlsx,Scenario
SUP_FE9A1ABD7CF0,Supplier,高空风能发电设备供应商,高空风能发电设备供应商,company-info_with_url.xlsx,Supplier
SUP_868CFD9BCA1B,Supplier,发电机零部件供应商,发电机零部件供应商,company-info_with_url.xlsx,Supplier
DEM_D033CAF5A966,DemandTag,资金（用于研发能力提升和产能建设）,资金（用于研发能力提升和产能建设）,company-info_with_url.xlsx,DemandTag
DEM_C8ECBE67CBB7,DemandTag,产业链合作资源（如高性能材料供应）,产业链合作资源（如高性能材料供应）,company-info_with_url.xlsx,DemandTag
DEM_29F471039D8F,DemandTag,市场拓展渠道以及可能的技术合作伙伴。,市场拓展渠道以及可能的技术合作伙伴。,company-info_with_url.xlsx,DemandTag
PROD_DD93ABC8DF42,Product,风电,风电,company-info_with_url.xlsx,Product
PROD_5410A62CD4F9,Product,光伏,光伏,company-info_with_url.xlsx,Product
PROD_06FBC2CF6ADC,Product,储能项目开发,储能项目开发,company-info_with_url.xlsx,Product
PROD_5475D333CE63,Product,智慧化资产管理平台,智慧化资产管理平台,company-info_with_url.xlsx,Product
CAP_FAF173E7F96F,Capability,新能源项目全生命周期管理技术,新能源项目全生命周期管理技术,company-info_with_url.xlsx,Capability
CAP_9F716080179E,Capability,智慧化资产管理平台,智慧化资产管理平台,company-info_with_url.xlsx,Capability
CAP_CC2EEED2A6C6,Capability,风电,风电,company-info_with_url.xlsx,Capability
CAP_2D44A1FC48B2,Capability,光伏,光伏,company-info_with_url.xlsx,Capability
CAP_DC47C3D0D275,Capability,储能项目开发与“交钥匙”服务能力,储能项目开发与“交钥匙”服务能力,company-info_with_url.xlsx,Capability
CAP_9D3D029BAACC,Capability,国际化项目开发及管理能力,国际化项目开发及管理能力,company-info_with_url.xlsx,Capability
IND_63FE79EF20E1,Industry,电力,电力,company-info_with_url.xlsx,Industry
IND_7D3D8F25E771,Industry,热力生产和供应业,热力生产和供应业,company-info_with_url.xlsx,Industry
IND_5DD6D838DD3B,Industry,新能源行业（风电,新能源行业（风电,company-info_with_url.xlsx,Industry
IND_FDB472153457,Industry,光伏,光伏,company-info_with_url.xlsx,Industry
IND_493825A20CEB,Industry,储能）。,储能）。,company-info_with_url.xlsx,Industry
SCN_96F5B0528AAC,Scenario,集中式风电,集中式风电,company-info_with_url.xlsx,Scenario
SCN_4132433C82BF,Scenario,光伏电站,光伏电站,company-info_with_url.xlsx,Scenario
SCN_C7E0204B6241,Scenario,分布式光伏电站,分布式光伏电站,company-info_with_url.xlsx,Scenario
SCN_CC52A29817C1,Scenario,储能电站的投资,储能电站的投资,company-info_with_url.xlsx,Scenario
SCN_C81493439153,Scenario,开发,开发,company-info_with_url.xlsx,Scenario
SCN_923B1A6E5241,Scenario,设计,设计,company-info_with_url.xlsx,Scenario
SCN_46F0125DA96C,Scenario,建设,建设,company-info_with_url.xlsx,Scenario
SCN_1BDEE73E8DB6,Scenario,运营维护及全生命周期资产管理。,运营维护及全生命周期资产管理。,company-info_with_url.xlsx,Scenario
CUS_C3E51C8D3398,Customer,通威（光伏组件中标供应商）,通威（光伏组件中标供应商）,company-info_with_url.xlsx,Customer
CUS_A7E478D6D196,Customer,CIP哥本哈根基础建设基金（成立合资公司）,cip哥本哈根基础建设基金（成立合资公司）,company-info_with_url.xlsx,Customer
CUS_F36667765232,Customer,风能太阳能开发商（规划设计服务客户）,风能太阳能开发商（规划设计服务客户）,company-info_with_url.xlsx,Customer
SUP_330DBC1E58EC,Supplier,风电,风电,company-info_with_url.xlsx,Supplier
SUP_B8B45B244672,Supplier,光伏设备供应商,光伏设备供应商,company-info_with_url.xlsx,Supplier
DEM_EC1A178F6691,DemandTag,根据其发展规划,根据其发展规划,company-info_with_url.xlsx,DemandTag
DEM_4FD1F44BCCBD,DemandTag,可能需求包括：产业资源,可能需求包括：产业资源,company-info_with_url.xlsx,DemandTag
DEM_579B88784466,DemandTag,战略合作机会,战略合作机会,company-info_with_url.xlsx,DemandTag
DEM_2E9414519A0B,DemandTag,资金（但已获多家知名机构投资）,资金（但已获多家知名机构投资）,company-info_with_url.xlsx,DemandTag
DEM_AB739BD39198,DemandTag,市场拓展渠道。具体需求未明确披露。,市场拓展渠道。具体需求未明确披露。,company-info_with_url.xlsx,DemandTag
PROD_80B60E4E4840,Product,储能,储能,company-info_with_url.xlsx,Product
PROD_B8E2E64B8AEC,Product,动力,动力,company-info_with_url.xlsx,Product
PROD_6B0FA1110073,Product,启动电池全场景覆盖,启动电池全场景覆盖,company-info_with_url.xlsx,Product
CAP_4C38EA8A20C5,Capability,钠离子电池核心材料（正极,钠离子电池核心材料（正极,company-info_with_url.xlsx,Capability
CAP_F7DD9ABB628C,Capability,负极,负极,company-info_with_url.xlsx,Capability
CAP_8F4DED4DBFA4,Capability,电解液）,电解液）,company-info_with_url.xlsx,Capability
CAP_8FC03440ABF2,Capability,电芯,电芯,company-info_with_url.xlsx,Capability
CAP_92F243F81BAF,Capability,模组,模组,company-info_with_url.xlsx,Capability
CAP_F6A6DCE88F4E,Capability,BMS,bms,company-info_with_url.xlsx,Capability
IND_CA4C5BB24CD8,Industry,电化学储能,电化学储能,company-info_with_url.xlsx,Industry
IND_EA384BE2695D,Industry,低速电动车（二轮车,低速电动车（二轮车,company-info_with_url.xlsx,Industry
IND_972C318CFE9E,Industry,三轮车,三轮车,company-info_with_url.xlsx,Industry
IND_3992DF174FF8,Industry,低速四轮车）。,低速四轮车）。,company-info_with_url.xlsx,Industry
SCN_12CD7899404D,Scenario,1. 电化学储能领域,1. 电化学储能领域,company-info_with_url.xlsx,Scenario
SCN_C611AFE4CA8A,Scenario,替代储能用磷酸铁锂电池,替代储能用磷酸铁锂电池,company-info_with_url.xlsx,Scenario
SCN_21CF1B8A88E5,Scenario,2. 低速电动车领域,2. 低速电动车领域,company-info_with_url.xlsx,Scenario
SCN_04C5320426D4,Scenario,替代铅酸电池。,替代铅酸电池。,company-info_with_url.xlsx,Scenario
CUS_BBBEB9C3C1EB,Customer,已进入量产销售阶段（四款钠离子电池产品量产）,已进入量产销售阶段（四款钠离子电池产品量产）,company-info_with_url.xlsx,Customer
CUS_8FA335C2E823,Customer,战略投资方含蓝驰创投,战略投资方含蓝驰创投,company-info_with_url.xlsx,Customer
CUS_6A9C228EB939,Customer,北京协同创新研究院等,北京协同创新研究院等,company-info_with_url.xlsx,Customer
SUP_4E29BD036694,Supplier,锂,锂,company-info_with_url.xlsx,Supplier
SUP_9129976257F8,Supplier,钠原材料供应商,钠原材料供应商,company-info_with_url.xlsx,Supplier
DEM_53A37FEF47E4,DemandTag,暂无（资料中未明确提及,暂无（资料中未明确提及,company-info_with_url.xlsx,DemandTag
DEM_8CF03E6CA1F4,DemandTag,但根据其A轮融资历史,但根据其a轮融资历史,company-info_with_url.xlsx,DemandTag
DEM_F26E67A01F5B,DemandTag,可能仍需资本支持以扩大规模）。,可能仍需资本支持以扩大规模）。,company-info_with_url.xlsx,DemandTag
PROD_F4DDFA920813,Product,PEM质子交换膜电解水制氢系统,pem质子交换膜电解水制氢系统,company-info_with_url.xlsx,Product
PROD_C850DED18E5C,Product,高效长寿命催化剂,高效长寿命催化剂,company-info_with_url.xlsx,Product
PROD_85AFDBE557DD,Product,高电密膜电极,高电密膜电极,company-info_with_url.xlsx,Product
PROD_7F5D38F1D3CA,Product,单槽功率1-2MW的电解槽及配套辅助系统,单槽功率1-2mw的电解槽及配套辅助系统,company-info_with_url.xlsx,Product
CAP_4F39308378BC,Capability,同时具备阴离子交换膜（AEM）电解水制氢技术,同时具备阴离子交换膜（aem）电解水制氢技术,company-info_with_url.xlsx,Capability
CAP_93E189E5DBB4,Capability,高压PEM电解水制氢（20MPa）技术及PEM电解水联产化学品技术的开发能力,高压pem电解水制氢（20mpa）技术及pem电解水联产化学品技术的开发能力,company-info_with_url.xlsx,Capability
IND_85E73832F98D,Industry,石油化工,石油化工,company-info_with_url.xlsx,Industry
IND_70C32CFB7132,Industry,汽车船舶等行业。,汽车船舶等行业。,company-info_with_url.xlsx,Industry
SCN_B8163BAB485D,Scenario,大型工业制氢,大型工业制氢,company-info_with_url.xlsx,Scenario
SCN_AD9358C4D52B,Scenario,风光氢储一体化项目,风光氢储一体化项目,company-info_with_url.xlsx,Scenario
SCN_618C2443AD43,Scenario,利用光伏等波动性电力进行绿氢生产。,利用光伏等波动性电力进行绿氢生产。,company-info_with_url.xlsx,Scenario
CUS_B8FF450B4FAC,Customer,PEM电解水制氢设备下游客户,pem电解水制氢设备下游客户,company-info_with_url.xlsx,Customer
CUS_6BB43D8753CC,Customer,战略合作方：陕西双能研究院,战略合作方：陕西双能研究院,company-info_with_url.xlsx,Customer
SUP_0C973B61E899,Supplier,催化剂,催化剂,company-info_with_url.xlsx,Supplier
SUP_1FF74A2220E7,Supplier,双极板供应商,双极板供应商,company-info_with_url.xlsx,Supplier
DEM_B6764ACD473D,DemandTag,根据其天使轮融资用途及业务拓展情况,根据其天使轮融资用途及业务拓展情况,company-info_with_url.xlsx,DemandTag
DEM_D6F91EA685FA,DemandTag,推测需要资金用于技术研发深化,推测需要资金用于技术研发深化,company-info_with_url.xlsx,DemandTag
DEM_621A9C21C0A4,DemandTag,产能扩建,产能扩建,company-info_with_url.xlsx,DemandTag
DEM_5AD606061106,DemandTag,市场拓展及国际业务开拓。,市场拓展及国际业务开拓。,company-info_with_url.xlsx,DemandTag
PROD_90AC676B4B4B,Product,碳纳米管宏观体（纤维,碳纳米管宏观体（纤维,company-info_with_url.xlsx,Product
PROD_F28D79048270,Product,薄膜,薄膜,company-info_with_url.xlsx,Product
PROD_27187EA2D376,Product,气凝胶）,气凝胶）,company-info_with_url.xlsx,Product
PROD_33205A8CCC7C,Product,石墨烯,石墨烯,company-info_with_url.xlsx,Product
PROD_0D948311135D,Product,铜复合粉末,铜复合粉末,company-info_with_url.xlsx,Product
PROD_D2CB8CFA0387,Product,屏蔽绕包带,屏蔽绕包带,company-info_with_url.xlsx,Product
CAP_5EB854E2A8F2,Capability,碳纳米管宏观体材料（纤维,碳纳米管宏观体材料（纤维,company-info_with_url.xlsx,Capability
CAP_D6F9E7BF0B82,Capability,薄膜,薄膜,company-info_with_url.xlsx,Capability
CAP_F2DABDA8FD1E,Capability,气凝胶）的批量化制备,气凝胶）的批量化制备,company-info_with_url.xlsx,Capability
CAP_84F248CBF0E9,Capability,石墨烯,石墨烯,company-info_with_url.xlsx,Capability
CAP_4E5532C4C6D9,Capability,铜复合粉末（基于原位生长包覆技术）,铜复合粉末（基于原位生长包覆技术）,company-info_with_url.xlsx,Capability
CAP_9714C1C3CCEE,Capability,屏蔽绕包带,屏蔽绕包带,company-info_with_url.xlsx,Capability
IND_CB14C65DC3D4,Industry,橡胶行业,橡胶行业,company-info_with_url.xlsx,Industry
IND_EA1C4EB4847D,Industry,早期主要应用于乘用车,早期主要应用于乘用车,company-info_with_url.xlsx,Industry
IND_C28BA5B133D6,Industry,商用车空气悬架及空气弹簧领域,商用车空气悬架及空气弹簧领域,company-info_with_url.xlsx,Industry
SCN_0F13F5FD7064,Scenario,乘用车,乘用车,company-info_with_url.xlsx,Scenario
SCN_EDA6BF08AF33,Scenario,商用车空气弹簧总成,商用车空气弹簧总成,company-info_with_url.xlsx,Scenario
CUS_731079A95555,Customer,知名央国企,知名央国企,company-info_with_url.xlsx,Customer
CUS_11E9FB45AB92,Customer,外资基金（如CIP）,外资基金（如cip）,company-info_with_url.xlsx,Customer
CUS_FB79CAB44347,Customer,战略投资方：中广核基金,战略投资方：中广核基金,company-info_with_url.xlsx,Customer
CUS_19E0C4D8C0C2,Customer,洪泰基金,洪泰基金,company-info_with_url.xlsx,Customer
CUS_4542B71E25ED,Customer,合力投资,合力投资,company-info_with_url.xlsx,Customer
CUS_94FD805D76E3,Customer,中科创星,中科创星,company-info_with_url.xlsx,Customer
SUP_C5D2A260F388,Supplier,高端化工原材料供应商,高端化工原材料供应商,company-info_with_url.xlsx,Supplier
PROD_496F326BFEB9,Product,系统级电子对抗装备及方案平台,系统级电子对抗装备及方案平台,company-info_with_url.xlsx,Product
PROD_EF8FC9677BCB,Product,雷达通信信号模拟器,雷达通信信号模拟器,company-info_with_url.xlsx,Product
PROD_6E472628B2D8,Product,小型干扰机,小型干扰机,company-info_with_url.xlsx,Product
PROD_05C6AF06FEF0,Product,信号监测设备,信号监测设备,company-info_with_url.xlsx,Product
PROD_574A6741551D,Product,反辐射导引头等电子战设备及相关软件,反辐射导引头等电子战设备及相关软件,company-info_with_url.xlsx,Product
CAP_C11EC579BC43,Capability,雷达通信信号模拟技术,雷达通信信号模拟技术,company-info_with_url.xlsx,Capability
CAP_D3D4E03F2AFD,Capability,电子战干扰技术,电子战干扰技术,company-info_with_url.xlsx,Capability
CAP_273BE3551E0C,Capability,信号监测与反辐射导引技术,信号监测与反辐射导引技术,company-info_with_url.xlsx,Capability
IND_13A093794856,Industry,军工（电子对抗,军工（电子对抗,company-info_with_url.xlsx,Industry
IND_B2F901E40CB2,Industry,侦查,侦查,company-info_with_url.xlsx,Industry
IND_0F923F87D041,Industry,干扰）,干扰）,company-info_with_url.xlsx,Industry
IND_2148433E3AC9,Industry,警用。,警用。,company-info_with_url.xlsx,Industry
SCN_0E9768F24C17,Scenario,军队及军工科研院所电磁试验训练,军队及军工科研院所电磁试验训练,company-info_with_url.xlsx,Scenario
SCN_E04344B534F5,Scenario,军队的武器装备集成。,军队的武器装备集成。,company-info_with_url.xlsx,Scenario
CUS_44CAAD38DFBE,Customer,军工单位（电子对抗装备需求方）,军工单位（电子对抗装备需求方）,company-info_with_url.xlsx,Customer
CUS_B85CB9CD3D97,Customer,民用气体检测需求方,民用气体检测需求方,company-info_with_url.xlsx,Customer
SUP_2A9AE6440BDA,Supplier,气体传感器,气体传感器,company-info_with_url.xlsx,Supplier
SUP_BD189B8FA147,Supplier,检测仪供应商,检测仪供应商,company-info_with_url.xlsx,Supplier
PROD_4C3D4E3EAB69,Product,复合材料轻质构件制造技术和装备研发,复合材料轻质构件制造技术和装备研发,company-info_with_url.xlsx,Product
PROD_F15CDFF0DEE9,Product,发动机机匣,发动机机匣,company-info_with_url.xlsx,Product
PROD_626F5B814841,Product,风扇叶片,风扇叶片,company-info_with_url.xlsx,Product
PROD_253912852D4A,Product,风扇帽罩,风扇帽罩,company-info_with_url.xlsx,Product
PROD_9F8690211B1F,Product,发动机短舱制造技术,发动机短舱制造技术,company-info_with_url.xlsx,Product
PROD_772414884D62,Product,以及高性能预浸料研发。拥有复合材料数控布带缠绕工艺与装备,以及高性能预浸料研发。拥有复合材料数控布带缠绕工艺与装备,company-info_with_url.xlsx,Product
PROD_5B44878ABA12,Product,航空发动机整体精密加工技术等核心成果,航空发动机整体精密加工技术等核心成果,company-info_with_url.xlsx,Product
CAP_E387FE70D8D1,Capability,复合材料轻质构件制造,复合材料轻质构件制造,company-info_with_url.xlsx,Capability
CAP_898FF5CFF84D,Capability,复合材料数控布带缠绕工艺,复合材料数控布带缠绕工艺,company-info_with_url.xlsx,Capability
CAP_BB97B411F91D,Capability,航空发动机复合材料铺丝技术,航空发动机复合材料铺丝技术,company-info_with_url.xlsx,Capability
IND_69260B4A1CCE,Industry,具体为航空发动机领域。,具体为航空发动机领域。,company-info_with_url.xlsx,Industry
SCN_9885CB542D20,Scenario,航空发动机核心复合材料构件（如机匣,航空发动机核心复合材料构件（如机匣,company-info_with_url.xlsx,Scenario
SCN_8DB985E28F01,Scenario,风扇叶片,风扇叶片,company-info_with_url.xlsx,Scenario
SCN_04567DBAFFEE,Scenario,风扇帽罩,风扇帽罩,company-info_with_url.xlsx,Scenario
SCN_7994687252B1,Scenario,短舱）的制造与供应。,短舱）的制造与供应。,company-info_with_url.xlsx,Scenario
CUS_DF4AFA1B645A,Customer,中海油,中海油,company-info_with_url.xlsx,Customer
CUS_CA368FCC91AB,Customer,国电投,国电投,company-info_with_url.xlsx,Customer
CUS_37029FFEF60F,Customer,中核,中核,company-info_with_url.xlsx,Customer
CUS_ABAB0DB52742,Customer,协合等新能源集团（碳化硅陶瓷部件供货）,协合等新能源集团（碳化硅陶瓷部件供货）,company-info_with_url.xlsx,Customer
CUS_4A206E477928,Customer,吉林,吉林,company-info_with_url.xlsx,Customer
CUS_AC7116FD5B4A,Customer,内蒙古等地风电项目（复合材料供货）,内蒙古等地风电项目（复合材料供货）,company-info_with_url.xlsx,Customer
SUP_E4AEF3E83801,Supplier,碳化硅原材料,碳化硅原材料,company-info_with_url.xlsx,Supplier
SUP_C90D116636AC,Supplier,高温烧结设备供应商,高温烧结设备供应商,company-info_with_url.xlsx,Supplier
DEM_D1EA17454A56,DemandTag,产业化资源,产业化资源,company-info_with_url.xlsx,DemandTag
DEM_F7B211B1A6B2,DemandTag,以及可能的生产规模扩张所需资金。,以及可能的生产规模扩张所需资金。,company-info_with_url.xlsx,DemandTag
PROD_8EC642B825D7,Product,专注于压电新材料,专注于压电新材料,company-info_with_url.xlsx,Product
PROD_DDA456A72160,Product,压电技术及精密驱动技术解决方案。核心产品激光通信用精指向机构及其控制器,压电技术及精密驱动技术解决方案。核心产品激光通信用精指向机构及其控制器,company-info_with_url.xlsx,Product
PROD_3B1311D16E08,Product,大位移大推重比作动器及其驱动控制器,大位移大推重比作动器及其驱动控制器,company-info_with_url.xlsx,Product
PROD_345ECC6DD1A2,Product,空间微振动控制系统,空间微振动控制系统,company-info_with_url.xlsx,Product
PROD_D61ADEC6DEDE,Product,压电快反镜,压电快反镜,company-info_with_url.xlsx,Product
PROD_C3BABBF32189,Product,电磁快反镜,电磁快反镜,company-info_with_url.xlsx,Product
PROD_D7537FB5E4BE,Product,压电旋转电机等宇航级产品,压电旋转电机等宇航级产品,company-info_with_url.xlsx,Product
CAP_91905FAA5103,Capability,压电新材料技术,压电新材料技术,company-info_with_url.xlsx,Capability
CAP_922213104E53,Capability,精密驱动技术,精密驱动技术,company-info_with_url.xlsx,Capability
CAP_2E9ECD7C223D,Capability,空间微振动控制技术,空间微振动控制技术,company-info_with_url.xlsx,Capability
IND_FBAFA41E0021,Industry,主要应用于航空航天（特别是星间激光通信）,主要应用于航空航天（特别是星间激光通信）,company-info_with_url.xlsx,Industry
IND_E7A6D5E2A6C5,Industry,军工领域。同时可应用于精密定位,军工领域。同时可应用于精密定位,company-info_with_url.xlsx,Industry
IND_660B2216590E,Industry,超精密加工,超精密加工,company-info_with_url.xlsx,Industry
IND_3803B5C2E433,Industry,MEMS,mems,company-info_with_url.xlsx,Industry
IND_04D2CBE9B1E3,Industry,精密光学,精密光学,company-info_with_url.xlsx,Industry
IND_7342E30833DC,Industry,机器人,机器人,company-info_with_url.xlsx,Industry
IND_1CFA894F33FF,Industry,生物医学,生物医学,company-info_with_url.xlsx,Industry
IND_0F7CDFAF7EE4,Industry,手机汽车等智能终端。,手机汽车等智能终端。,company-info_with_url.xlsx,Industry
SCN_B61DF3452DF1,Scenario,1. 星间激光通信：用于卫星高速运动下的激光束高精度跟踪瞄准。2. 航空航天,1. 星间激光通信：用于卫星高速运动下的激光束高精度跟踪瞄准。2. 航空航天,company-info_with_url.xlsx,Scenario
SCN_BEEAEA519954,Scenario,军工领域的精密驱动与控制。,军工领域的精密驱动与控制。,company-info_with_url.xlsx,Scenario
CUS_083AE31B899A,Customer,一汽商用汽车（座椅加热研究合作）,一汽商用汽车（座椅加热研究合作）,company-info_with_url.xlsx,Customer
CUS_79EAEA701D2F,Customer,国内重点高校研究所（批量试验合作）,国内重点高校研究所（批量试验合作）,company-info_with_url.xlsx,Customer
CUS_FF811D76EEEE,Customer,国网公司（结构件性能验证合作）,国网公司（结构件性能验证合作）,company-info_with_url.xlsx,Customer
SUP_03D9EBBE887E,Supplier,加热元件,加热元件,company-info_with_url.xlsx,Supplier
SUP_E1A6BD505C87,Supplier,传感器供应商,传感器供应商,company-info_with_url.xlsx,Supplier
DEM_D64A3704AC82,DemandTag,根据其完成A+轮融资的情况,根据其完成a+轮融资的情况,company-info_with_url.xlsx,DemandTag
DEM_1EBD1D6F313F,DemandTag,当前最需要的资源类型可能是进一步的市场拓展资金,当前最需要的资源类型可能是进一步的市场拓展资金,company-info_with_url.xlsx,DemandTag
DEM_65A5F3644E87,DemandTag,规模化生产所需的资本以及高端人才,规模化生产所需的资本以及高端人才,company-info_with_url.xlsx,DemandTag
DEM_2F4624E4F769,DemandTag,以巩固技术优势并拓展更广泛的民用应用市场。,以巩固技术优势并拓展更广泛的民用应用市场。,company-info_with_url.xlsx,DemandTag
PROD_041ED3FB7FB7,Product,光芯片后道精密设备（芯片级,光芯片后道精密设备（芯片级,company-info_with_url.xlsx,Product
PROD_CB906DA3976A,Product,器件级测试,器件级测试,company-info_with_url.xlsx,Product
PROD_42F2D18BDB3D,Product,老化,老化,company-info_with_url.xlsx,Product
PROD_1C6A8B8A6316,Product,贴片,贴片,company-info_with_url.xlsx,Product
PROD_4EE96914FACF,Product,光路组装等）,光路组装等）,company-info_with_url.xlsx,Product
PROD_731CD1E9BFCB,Product,电芯片后道设备（精密贴片机及高速全自动超声波粗铝线键合机）,电芯片后道设备（精密贴片机及高速全自动超声波粗铝线键合机）,company-info_with_url.xlsx,Product
CAP_B8A08F359365,Capability,具体产品光路耦合机,具体产品光路耦合机,company-info_with_url.xlsx,Capability
CAP_EF3E49F92822,Capability,COS测试机,cos测试机,company-info_with_url.xlsx,Capability
CAP_7810A3F4D87C,Capability,COC老化机,coc老化机,company-info_with_url.xlsx,Capability
CAP_30020510ED69,Capability,贴片机等,贴片机等,company-info_with_url.xlsx,Capability
IND_48071F5C5FAF,Industry,工业激光,工业激光,company-info_with_url.xlsx,Industry
IND_D42C60C205A4,Industry,芯片制造,芯片制造,company-info_with_url.xlsx,Industry
IND_C253E0A33F5A,Industry,传感光纤,传感光纤,company-info_with_url.xlsx,Industry
IND_22AEEBF9E8DE,Industry,激光器,激光器,company-info_with_url.xlsx,Industry
IND_D2EF55B4333D,Industry,汽车雷达,汽车雷达,company-info_with_url.xlsx,Industry
IND_553BCEEBF385,Industry,功率器件,功率器件,company-info_with_url.xlsx,Industry
IND_26F9A89153F2,Industry,IC,ic,company-info_with_url.xlsx,Industry
IND_1FF898FB454A,Industry,医疗领域。,医疗领域。,company-info_with_url.xlsx,Industry
SCN_4421AEC03191,Scenario,光芯片和电芯片的后道制造环节,光芯片和电芯片的后道制造环节,company-info_with_url.xlsx,Scenario
SCN_27324E2691E8,Scenario,包括测试,包括测试,company-info_with_url.xlsx,Scenario
SCN_B082631A548A,Scenario,老化,老化,company-info_with_url.xlsx,Scenario
SCN_7D05F4EBCA8B,Scenario,贴片,贴片,company-info_with_url.xlsx,Scenario
SCN_09A787DE4519,Scenario,光路耦合,光路耦合,company-info_with_url.xlsx,Scenario
SCN_544AFAA8E8E0,Scenario,组装等。,组装等。,company-info_with_url.xlsx,Scenario
CUS_D30FE6960CBF,Customer,中国电子,中国电子,company-info_with_url.xlsx,Customer
CUS_CE4F58B3227E,Customer,基地靶场,基地靶场,company-info_with_url.xlsx,Customer
CUS_2AA396723F0E,Customer,中国电科,中国电科,company-info_with_url.xlsx,Customer
CUS_5403A0224C9A,Customer,军事院校等国内知名军工科研院所及企业,军事院校等国内知名军工科研院所及企业,company-info_with_url.xlsx,Customer
DEM_D99ACEBE230A,DemandTag,资金（用于团队扩建和产品线开发,资金（用于团队扩建和产品线开发,company-info_with_url.xlsx,DemandTag
DEM_E643897D146E,DemandTag,近期完成B轮,近期完成b轮,company-info_with_url.xlsx,DemandTag
DEM_A83957FA1FBB,DemandTag,C轮融资）,c轮融资）,company-info_with_url.xlsx,DemandTag
DEM_3CCB6014D907,DemandTag,市场渠道资源（进一步拓展客户）,市场渠道资源（进一步拓展客户）,company-info_with_url.xlsx,DemandTag
DEM_559F743DC5A4,DemandTag,高端研发人才。,高端研发人才。,company-info_with_url.xlsx,DemandTag
PROD_35F5BA50B20E,Product,有源相控阵天线（空域球形全数字多波束抗干扰）,有源相控阵天线（空域球形全数字多波束抗干扰）,company-info_with_url.xlsx,Product
PROD_85334E0D86DE,Product,相控阵核心板卡,相控阵核心板卡,company-info_with_url.xlsx,Product
CAP_D158CE7EF241,Capability,有源相控阵核心技术,有源相控阵核心技术,company-info_with_url.xlsx,Capability
CAP_CF652E11CC25,Capability,核心板卡及系统级产品设计,核心板卡及系统级产品设计,company-info_with_url.xlsx,Capability
CAP_B78EB8CCDB05,Capability,生产,生产,company-info_with_url.xlsx,Capability
CAP_CA89B94D62BF,Capability,全空域球形全数字多波束抗干扰相控阵天线,全空域球形全数字多波束抗干扰相控阵天线,company-info_with_url.xlsx,Capability
CAP_D1E0E3810E0C,Capability,全数字多波束相控阵天线,全数字多波束相控阵天线,company-info_with_url.xlsx,Capability
CAP_A6A7D1EC6FBB,Capability,双极化收发一体多通道数据采集处理板,双极化收发一体多通道数据采集处理板,company-info_with_url.xlsx,Capability
IND_16485AAE7D1F,Industry,通信,通信,company-info_with_url.xlsx,Industry
IND_540C1E0EBAAF,Industry,探测,探测,company-info_with_url.xlsx,Industry
IND_2A88F2102224,Industry,遥控,遥控,company-info_with_url.xlsx,Industry
SCN_A0ED403E05F5,Scenario,高速宽带自组网通信,高速宽带自组网通信,company-info_with_url.xlsx,Scenario
SCN_C92D56704C69,Scenario,多目标跟踪与侦查,多目标跟踪与侦查,company-info_with_url.xlsx,Scenario
SCN_C8B6C41C66ED,Scenario,雷达与通信一体化,雷达与通信一体化,company-info_with_url.xlsx,Scenario
SCN_9AFFE0FE9915,Scenario,卫星多波束通信,卫星多波束通信,company-info_with_url.xlsx,Scenario
SCN_3C983A41AD14,Scenario,遥控遥测,遥控遥测,company-info_with_url.xlsx,Scenario
SCN_14254065290B,Scenario,星网建设（卫星互联网）,星网建设（卫星互联网）,company-info_with_url.xlsx,Scenario
SCN_FD55E5D98764,Scenario,机载相控阵（军工通信天线,机载相控阵（军工通信天线,company-info_with_url.xlsx,Scenario
SCN_F350BC073093,Scenario,雷达）,雷达）,company-info_with_url.xlsx,Scenario
SCN_AB5E47E574B1,Scenario,弹间数据链,弹间数据链,company-info_with_url.xlsx,Scenario
SCN_BDF6EA34C90F,Scenario,车载相控阵,车载相控阵,company-info_with_url.xlsx,Scenario
CUS_301E24ED0A7B,Customer,航空发动机国家重大型号相关军工单位,航空发动机国家重大型号相关军工单位,company-info_with_url.xlsx,Customer
SUP_753AEF40286F,Supplier,特种材料,特种材料,company-info_with_url.xlsx,Supplier
SUP_2314E5274B6D,Supplier,精密加工供应商,精密加工供应商,company-info_with_url.xlsx,Supplier
PROD_2667B9BBC7DE,Product,高性能数据转换器,高性能数据转换器,company-info_with_url.xlsx,Product
PROD_2D7FDDAE8FC3,Product,模拟前端等芯片产品,模拟前端等芯片产品,company-info_with_url.xlsx,Product
PROD_AE354E47EB24,Product,高精度ADC,高精度adc,company-info_with_url.xlsx,Product
PROD_E1B775C570E2,Product,医疗级AFE和高速高精度ADC产品线,医疗级afe和高速高精度adc产品线,company-info_with_url.xlsx,Product
CAP_EEEA8671AA79,Capability,高性能模数转换器(ADC)芯片设计,高性能模数转换器(adc)芯片设计,company-info_with_url.xlsx,Capability
CAP_288A5636BC65,Capability,模拟前端(AFE)芯片设计,模拟前端(afe)芯片设计,company-info_with_url.xlsx,Capability
IND_96A22A2509DF,Industry,新能源。,新能源。,company-info_with_url.xlsx,Industry
SCN_0CB27C4875D5,Scenario,高性能信号链集成电路在医疗设备,高性能信号链集成电路在医疗设备,company-info_with_url.xlsx,Scenario
SCN_F9CD39C81D0C,Scenario,通信设备,通信设备,company-info_with_url.xlsx,Scenario
SCN_99528E01058F,Scenario,工业控制,工业控制,company-info_with_url.xlsx,Scenario
SCN_8B98BDE9E66B,Scenario,新能源系统等领域的信号采集,新能源系统等领域的信号采集,company-info_with_url.xlsx,Scenario
SCN_E44D2A93A021,Scenario,转换与处理。,转换与处理。,company-info_with_url.xlsx,Scenario
CUS_6F97698F3151,Customer,中国航天科技集团五院西安分院,中国航天科技集团五院西安分院,company-info_with_url.xlsx,Customer
CUS_EE7364E84322,Customer,九院704所,九院704所,company-info_with_url.xlsx,Customer
CUS_0545D448B9FD,Customer,北京极光星通科技,北京极光星通科技,company-info_with_url.xlsx,Customer
SUP_E80432C211D6,Supplier,精密驱动组件供应商,精密驱动组件供应商,company-info_with_url.xlsx,Supplier
DEM_BCFAB2016E69,DemandTag,资金（已完成多轮融资,资金（已完成多轮融资,company-info_with_url.xlsx,DemandTag
DEM_3696E331D40B,DemandTag,包括天使轮,包括天使轮,company-info_with_url.xlsx,DemandTag
DEM_4C1061B1A184,DemandTag,Pre-A轮,pre-a轮,company-info_with_url.xlsx,DemandTag
DEM_C62A3128A818,DemandTag,Pre-A+轮）,pre-a+轮）,company-info_with_url.xlsx,DemandTag
DEM_B5ACF8331BE9,DemandTag,市场订单（PDF提及明确的订单目标）,市场订单（pdf提及明确的订单目标）,company-info_with_url.xlsx,DemandTag
DEM_7EA9FE5FEDC2,DemandTag,可能的生产与供应链资源。,可能的生产与供应链资源。,company-info_with_url.xlsx,DemandTag
PROD_47B973F4D423,Product,碳化硅衬底CMP后清洗液（WK300）,碳化硅衬底cmp后清洗液（wk300）,company-info_with_url.xlsx,Product
PROD_949430B12CED,Product,衬底研磨液,衬底研磨液,company-info_with_url.xlsx,Product
PROD_669838DAEE58,Product,氧化铈抛光液,氧化铈抛光液,company-info_with_url.xlsx,Product
PROD_0DC4CD96DF90,Product,硅衬底粗抛液及精抛液,硅衬底粗抛液及精抛液,company-info_with_url.xlsx,Product
PROD_8C7DFFF09B6B,Product,铜钼蚀刻清洗液,铜钼蚀刻清洗液,company-info_with_url.xlsx,Product
PROD_5CAB7BA9CD64,Product,去蜡液等,去蜡液等,company-info_with_url.xlsx,Product
CAP_31198873F036,Capability,半导体清洗液,半导体清洗液,company-info_with_url.xlsx,Capability
CAP_3A4A689771B4,Capability,研磨液,研磨液,company-info_with_url.xlsx,Capability
CAP_C605FDCE10B9,Capability,蚀刻液,蚀刻液,company-info_with_url.xlsx,Capability
CAP_D2386393F9B1,Capability,剥离液等配方类电子材料,剥离液等配方类电子材料,company-info_with_url.xlsx,Capability
CAP_40B4EC4E8281,Capability,电子特气吸附材料,电子特气吸附材料,company-info_with_url.xlsx,Capability
CAP_91D57593BB55,Capability,多孔材料,多孔材料,company-info_with_url.xlsx,Capability
IND_D741B702CFB3,Industry,集成电路（半导体）制造,集成电路（半导体）制造,company-info_with_url.xlsx,Industry
IND_C8986F5E5FAF,Industry,第三代半导体（碳化硅）制造,第三代半导体（碳化硅）制造,company-info_with_url.xlsx,Industry
IND_9452F2F1018C,Industry,晶圆制造与封装。,晶圆制造与封装。,company-info_with_url.xlsx,Industry
SCN_777E9A322F5C,Scenario,晶圆制造及封装厂中的清洗,晶圆制造及封装厂中的清洗,company-info_with_url.xlsx,Scenario
SCN_1217D8C5691C,Scenario,刻蚀,刻蚀,company-info_with_url.xlsx,Scenario
SCN_197807E909F2,Scenario,抛光（CMP）工艺环节,抛光（cmp）工艺环节,company-info_with_url.xlsx,Scenario
SCN_FC6361589072,Scenario,碳化硅衬底制造中的研磨与清洗,碳化硅衬底制造中的研磨与清洗,company-info_with_url.xlsx,Scenario
SCN_A1DE2D3EDAAA,Scenario,集成电路制造中特定材料的表面处理。,集成电路制造中特定材料的表面处理。,company-info_with_url.xlsx,Scenario
CUS_0AD7A9838497,Customer,光迅科技,光迅科技,company-info_with_url.xlsx,Customer
CUS_AEF3A036FC45,Customer,华为海思,华为海思,company-info_with_url.xlsx,Customer
CUS_A9BB41935C1F,Customer,华工科技,华工科技,company-info_with_url.xlsx,Customer
CUS_E9D889CC1858,Customer,纵惠,纵惠,company-info_with_url.xlsx,Customer
CUS_01DD88CAE72A,Customer,禾赛,禾赛,company-info_with_url.xlsx,Customer
CUS_4293F935EE07,Customer,东飞凌,东飞凌,company-info_with_url.xlsx,Customer
CUS_BDFF19EC030A,Customer,联特,联特,company-info_with_url.xlsx,Customer
CUS_01B4F4A6C97F,Customer,度亘,度亘,company-info_with_url.xlsx,Customer
CUS_B93C4FD72C64,Customer,海信等（芯片镀膜,海信等（芯片镀膜,company-info_with_url.xlsx,Customer
CUS_AA4AFBEEB2DF,Customer,封装服务需求方）,封装服务需求方）,company-info_with_url.xlsx,Customer
SUP_2C01F4EC5430,Supplier,芯片级镀膜设备,芯片级镀膜设备,company-info_with_url.xlsx,Supplier
SUP_3F04712ACC3F,Supplier,电子束蒸发材料供应商,电子束蒸发材料供应商,company-info_with_url.xlsx,Supplier
DEM_7BA913C46C37,DemandTag,资金（已完成A轮融资,资金（已完成a轮融资,company-info_with_url.xlsx,DemandTag
DEM_6B6B04EA6DF5,DemandTag,但持续研发和客户拓展需资金）,但持续研发和客户拓展需资金）,company-info_with_url.xlsx,DemandTag
DEM_C3B5FA01BDBD,DemandTag,以加速更多客户的产品导入和测试,以加速更多客户的产品导入和测试,company-info_with_url.xlsx,DemandTag
DEM_1D441F32AE19,DemandTag,可能的高端研发人才及规模化生产管理经验。,可能的高端研发人才及规模化生产管理经验。,company-info_with_url.xlsx,DemandTag
PROD_F80D2A1E6991,Product,专注于车载以太网芯片全套解决方案,专注于车载以太网芯片全套解决方案,company-info_with_url.xlsx,Product
PROD_3EC096F799EE,Product,产品线涵盖车载以太网交换芯片以及PHY（物理层）芯片,产品线涵盖车载以太网交换芯片以及phy（物理层）芯片,company-info_with_url.xlsx,Product
CAP_17345AD9B121,Capability,车载以太网交换芯片设计,车载以太网交换芯片设计,company-info_with_url.xlsx,Capability
CAP_61B92BA691D1,Capability,PHY物理层芯片设计,phy物理层芯片设计,company-info_with_url.xlsx,Capability
IND_5C41EFF27B43,Industry,电子技术,电子技术,company-info_with_url.xlsx,Industry
IND_91BA50719FD1,Industry,集成电路,集成电路,company-info_with_url.xlsx,Industry
IND_0460E9918878,Industry,具体为汽车电子行业。,具体为汽车电子行业。,company-info_with_url.xlsx,Industry
SCN_39AB6B231F58,Scenario,现代汽车电子系统,现代汽车电子系统,company-info_with_url.xlsx,Scenario
SCN_5A0617CB4E2A,Scenario,为车载市场提供高性能,为车载市场提供高性能,company-info_with_url.xlsx,Scenario
SCN_2F1010E51AF1,Scenario,高可靠性,高可靠性,company-info_with_url.xlsx,Scenario
SCN_4C96E72EF16F,Scenario,低功耗的车载以太网通信芯片及解决方案,低功耗的车载以太网通信芯片及解决方案,company-info_with_url.xlsx,Scenario
SCN_1B2090C5FD5A,Scenario,用于构建先进的车载通信网络。,用于构建先进的车载通信网络。,company-info_with_url.xlsx,Scenario
CUS_7C4DA87627A7,Customer,中电科XX研究所,中电科xx研究所,company-info_with_url.xlsx,Customer
CUS_F77A156E4538,Customer,航天XX研究所,航天xx研究所,company-info_with_url.xlsx,Customer
CUS_C415117E155A,Customer,航天科工XX院（具体项目含机载,航天科工xx院（具体项目含机载,company-info_with_url.xlsx,Customer
CUS_05441C962FD7,Customer,舰载相控阵采集处理子系统）,舰载相控阵采集处理子系统）,company-info_with_url.xlsx,Customer
SUP_B6C22A82D822,Supplier,射频,射频,company-info_with_url.xlsx,Supplier
SUP_F258DF9A431A,Supplier,微波元器件供应商,微波元器件供应商,company-info_with_url.xlsx,Supplier
DEM_D43104AAFE61,DemandTag,根据其处于融资阶段（Pre-A++轮）及业务性质,根据其处于融资阶段（pre-a++轮）及业务性质,company-info_with_url.xlsx,DemandTag
DEM_53D2090B4E68,DemandTag,最需要的资源 likely 包括：1. 资金资源,最需要的资源 likely 包括：1. 资金资源,company-info_with_url.xlsx,DemandTag
DEM_26327FBDFFE1,DemandTag,用于持续研发,用于持续研发,company-info_with_url.xlsx,DemandTag
DEM_4F0225D2D89F,DemandTag,流片及市场拓展,流片及市场拓展,company-info_with_url.xlsx,DemandTag
DEM_4AE120DF4A77,DemandTag,2. 产业资源,2. 产业资源,company-info_with_url.xlsx,DemandTag
DEM_18F38428E5E3,DemandTag,如与大型汽车制造商或一级供应商（Tier1）的合作机会,如与大型汽车制造商或一级供应商（tier1）的合作机会,company-info_with_url.xlsx,DemandTag
DEM_F6F27CB15256,DemandTag,3. 人才资源,3. 人才资源,company-info_with_url.xlsx,DemandTag
DEM_1137D4015505,DemandTag,尤其是具有车规级芯片研发和量产经验的资深工程师。,尤其是具有车规级芯片研发和量产经验的资深工程师。,company-info_with_url.xlsx,DemandTag
PROD_FD4806D773B3,Product,荧光光纤温度传感技术,荧光光纤温度传感技术,company-info_with_url.xlsx,Product
PROD_61AB44D412BA,Product,红外光学测温技术。具体产品荧光光纤温度变送器,红外光学测温技术。具体产品荧光光纤温度变送器,company-info_with_url.xlsx,Product
PROD_8406FDA49717,Product,系列红外光学温度计,系列红外光学温度计,company-info_with_url.xlsx,Product
PROD_A6015C8CE817,Product,IC Wafer系列晶圆测温系统,ic wafer系列晶圆测温系统,company-info_with_url.xlsx,Product
PROD_6A4A138E6564,Product,变压器绕组荧光光纤温控系统,变压器绕组荧光光纤温控系统,company-info_with_url.xlsx,Product
PROD_C37CFBA5432B,Product,荧光光纤测温系统,荧光光纤测温系统,company-info_with_url.xlsx,Product
PROD_2444F4BA8E0F,Product,干式变压器荧光光纤温控系统,干式变压器荧光光纤温控系统,company-info_with_url.xlsx,Product
CAP_80254E5A4071,Capability,荧光光纤温度传感技术,荧光光纤温度传感技术,company-info_with_url.xlsx,Capability
CAP_E793067F1CD4,Capability,红外光学测温技术,红外光学测温技术,company-info_with_url.xlsx,Capability
IND_389CEF47D2A1,Industry,电力（变压器绕组等设备测温）,电力（变压器绕组等设备测温）,company-info_with_url.xlsx,Industry
IND_1B1B570D3AD7,Industry,微波医疗,微波医疗,company-info_with_url.xlsx,Industry
IND_C09E5B449EF2,Industry,半导体（MOCVD,半导体（mocvd,company-info_with_url.xlsx,Industry
IND_93CF435030EA,Industry,氧化扩散炉,氧化扩散炉,company-info_with_url.xlsx,Industry
IND_7480AC4B7D09,Industry,PVD,pvd,company-info_with_url.xlsx,Industry
IND_C69B7FE9EECF,Industry,CVD,cvd,company-info_with_url.xlsx,Industry
IND_50870533895A,Industry,ALD等设备）。,ald等设备）。,company-info_with_url.xlsx,Industry
SCN_EAD473B8692C,Scenario,1. 电力设备（如变压器绕组）的在线温度监测与安全预警。2. 半导体制造设备（如MOCVD,1. 电力设备（如变压器绕组）的在线温度监测与安全预警。2. 半导体制造设备（如mocvd,company-info_with_url.xlsx,Scenario
SCN_9A8AFE4F866C,Scenario,氧化扩散炉）的工艺过程温度精确测量。,氧化扩散炉）的工艺过程温度精确测量。,company-info_with_url.xlsx,Scenario
CUS_1864C9AE7BAA,Customer,中国铁建电气化局等（高铁电气化,中国铁建电气化局等（高铁电气化,company-info_with_url.xlsx,Customer
CUS_FCD3EF7712CE,Customer,电力在线监测系统中标）,电力在线监测系统中标）,company-info_with_url.xlsx,Customer
CUS_FB32C71978CB,Customer,电力电网,电力电网,company-info_with_url.xlsx,Customer
CUS_508604105E64,Customer,油气储运等行业客户（荧光光纤测温,油气储运等行业客户（荧光光纤测温,company-info_with_url.xlsx,Customer
CUS_6302C168130E,Customer,红外测温设备供货）,红外测温设备供货）,company-info_with_url.xlsx,Customer
CUS_DBE5F234F384,Customer,中科英智,中科英智,company-info_with_url.xlsx,Customer
CUS_EF6788EF9FD7,Customer,中车基金,中车基金,company-info_with_url.xlsx,Customer
CUS_5CE1DB0C4C31,Customer,华舆高新等战略投资方,华舆高新等战略投资方,company-info_with_url.xlsx,Customer
SUP_99B22F3F7BCD,Supplier,荧光光纤探头,荧光光纤探头,company-info_with_url.xlsx,Supplier
SUP_3809B2656865,Supplier,红外测温元件,红外测温元件,company-info_with_url.xlsx,Supplier
SUP_E52252571040,Supplier,光谱仪核心器件供应商,光谱仪核心器件供应商,company-info_with_url.xlsx,Supplier
DEM_658E217F3349,DemandTag,资金与研发投入。根据市场分析,资金与研发投入。根据市场分析,company-info_with_url.xlsx,DemandTag
DEM_B96914045856,DemandTag,为提升半导体设备温度量测产品的稳定性,为提升半导体设备温度量测产品的稳定性,company-info_with_url.xlsx,DemandTag
DEM_F5F31413BD2E,DemandTag,可靠性及核心竞争力,可靠性及核心竞争力,company-info_with_url.xlsx,DemandTag
DEM_3ACA849D34EA,DemandTag,需要不断加大资金投入和研发力度。,需要不断加大资金投入和研发力度。,company-info_with_url.xlsx,DemandTag
PROD_E36968C79228,Product,新能源高性价比动力系统及多样自研电控产品,新能源高性价比动力系统及多样自研电控产品,company-info_with_url.xlsx,Product
PROD_F1F0CF1D1DF1,Product,45KW电机控制器(GCU),45kw电机控制器(gcu),company-info_with_url.xlsx,Product
PROD_0C42392AC9C1,Product,60KW-PSHED,60kw-pshed,company-info_with_url.xlsx,Product
PROD_937D58EFBF81,Product,30KW,30kw,company-info_with_url.xlsx,Product
PROD_BBCE3F92479D,Product,60KW柴油增程系统平台,60kw柴油增程系统平台,company-info_with_url.xlsx,Product
PROD_D3643B2CB1DF,Product,自适应控制算法,自适应控制算法,company-info_with_url.xlsx,Product
PROD_05CAF475A25F,Product,一体化应用开发环境,一体化应用开发环境,company-info_with_url.xlsx,Product
PROD_E5CE1312FCFE,Product,汽车电控系统软硬平台,汽车电控系统软硬平台,company-info_with_url.xlsx,Product
CAP_E7660E364496,Capability,新能源动力系统集成技术,新能源动力系统集成技术,company-info_with_url.xlsx,Capability
CAP_4CDC957C5C81,Capability,电控系统自适应控制算法,电控系统自适应控制算法,company-info_with_url.xlsx,Capability
IND_5B5FABDD54AA,Industry,工程机械（特种应急消防机械）,工程机械（特种应急消防机械）,company-info_with_url.xlsx,Industry
IND_9752B33F5377,Industry,空港机械（船舶,空港机械（船舶,company-info_with_url.xlsx,Industry
IND_E5410B240326,Industry,航空领域特种车型）,航空领域特种车型）,company-info_with_url.xlsx,Industry
IND_6CEAA8BC2E87,Industry,特种车辆行业,特种车辆行业,company-info_with_url.xlsx,Industry
IND_0A90470C509A,Industry,电力专用设备（传统液压设备电控化改造）。,电力专用设备（传统液压设备电控化改造）。,company-info_with_url.xlsx,Industry
SCN_2918F49BE6B0,Scenario,1. 工程机械领域特种应急消防机械的动力系统及电控。2. 船舶,1. 工程机械领域特种应急消防机械的动力系统及电控。2. 船舶,company-info_with_url.xlsx,Scenario
SCN_247D142F06EF,Scenario,航空领域特种车型的新能源化改造。3. 特种车辆（如基于柴油增程系统平台）的动力系统。4. 传统液压设备的电控化改造系统总成。,航空领域特种车型的新能源化改造。3. 特种车辆（如基于柴油增程系统平台）的动力系统。4. 传统液压设备的电控化改造系统总成。,company-info_with_url.xlsx,Scenario
CUS_88A3A33D1015,Customer,山东天岳,山东天岳,company-info_with_url.xlsx,Customer
CUS_0809985A8B25,Customer,天科合达,天科合达,company-info_with_url.xlsx,Customer
CUS_442264471A33,Customer,烁科晶体,烁科晶体,company-info_with_url.xlsx,Customer
CUS_A3ED7B04EF4A,Customer,同光晶体,同光晶体,company-info_with_url.xlsx,Customer
CUS_C0CDFB002FD1,Customer,中环,中环,company-info_with_url.xlsx,Customer
CUS_9D6C19B7CA3F,Customer,奕斯伟,奕斯伟,company-info_with_url.xlsx,Customer
CUS_9454DBE8207A,Customer,金瑞红,金瑞红,company-info_with_url.xlsx,Customer
CUS_95DBE8D1A39F,Customer,中芯国际,中芯国际,company-info_with_url.xlsx,Customer
CUS_D5C97694F735,Customer,华虹,华虹,company-info_with_url.xlsx,Customer
CUS_F39ABE5657A4,Customer,台积电,台积电,company-info_with_url.xlsx,Customer
CUS_9623420A6851,Customer,长江存储,长江存储,company-info_with_url.xlsx,Customer
CUS_A2CFA46E8026,Customer,长鑫,长鑫,company-info_with_url.xlsx,Customer
CUS_E9BC3918A934,Customer,英特尔等,英特尔等,company-info_with_url.xlsx,Customer
SUP_4E4BF95BC182,Supplier,碳化硅,碳化硅,company-info_with_url.xlsx,Supplier
SUP_2714FB81146D,Supplier,氮化镓外延片供应商,氮化镓外延片供应商,company-info_with_url.xlsx,Supplier
DEM_7FC48C93D096,DemandTag,市场推广资源（从江铃平台搭载向业外工程机械,市场推广资源（从江铃平台搭载向业外工程机械,company-info_with_url.xlsx,DemandTag
DEM_8C378F9457BE,DemandTag,船舶等领域配套转变）,船舶等领域配套转变）,company-info_with_url.xlsx,DemandTag
DEM_2C42B964F1A3,DemandTag,国际业务拓展资源（开拓中东市场）,国际业务拓展资源（开拓中东市场）,company-info_with_url.xlsx,DemandTag
DEM_0D91DD25ECD2,DemandTag,资金（已完成天使轮融资,资金（已完成天使轮融资,company-info_with_url.xlsx,DemandTag
DEM_284EB33F1403,DemandTag,投后估值2.2亿元）。,投后估值2.2亿元）。,company-info_with_url.xlsx,DemandTag
PROD_A4B74BB8F980,Product,耐高温压电陶瓷材料,耐高温压电陶瓷材料,company-info_with_url.xlsx,Product
PROD_6A3A0E50828D,Product,高性能织构陶瓷材料及器件,高性能织构陶瓷材料及器件,company-info_with_url.xlsx,Product
PROD_2E4E5A54B80F,Product,深井探测传感器,深井探测传感器,company-info_with_url.xlsx,Product
PROD_397F89278F8E,Product,无损检测传感器,无损检测传感器,company-info_with_url.xlsx,Product
PROD_CF19EBC37302,Product,声呐雷达传感器,声呐雷达传感器,company-info_with_url.xlsx,Product
CAP_128F77D015A6,Capability,高端压电材料,高端压电材料,company-info_with_url.xlsx,Capability
IND_5F21389FA696,Industry,专用设备制造业,专用设备制造业,company-info_with_url.xlsx,Industry
CUS_A3A2DA5C792A,Customer,MLCC下游客户（电子元器件厂商）,mlcc下游客户（电子元器件厂商）,company-info_with_url.xlsx,Customer
CUS_7E06916D81F7,Customer,投资方：沂景资本,投资方：沂景资本,company-info_with_url.xlsx,Customer
CUS_676F3AEDD2E7,Customer,乾融控股,乾融控股,company-info_with_url.xlsx,Customer
CUS_11EC3B68D304,Customer,苏创投国发创服,苏创投国发创服,company-info_with_url.xlsx,Customer
CUS_29A977661D69,Customer,苏高新金谷资本,苏高新金谷资本,company-info_with_url.xlsx,Customer
SUP_46676329E587,Supplier,陶瓷材料,陶瓷材料,company-info_with_url.xlsx,Supplier
SUP_F3044CCA0EF9,Supplier,电极浆料供应商,电极浆料供应商,company-info_with_url.xlsx,Supplier
DEM_ED4984C58E10,DemandTag,资金用于扩产及商业化推进,资金用于扩产及商业化推进,company-info_with_url.xlsx,DemandTag
PROD_C54D39F4189C,Product,三维产品数据（CAD）转换,三维产品数据（cad）转换,company-info_with_url.xlsx,Product
PROD_F9F624CCC379,Product,处理和可视化软件,处理和可视化软件,company-info_with_url.xlsx,Product
CAP_5AD7255A21FA,Capability,云原生产品数据能力中心（PDCC）。专注于多源异构三维数据转换关键技术,云原生产品数据能力中心（pdcc）。专注于多源异构三维数据转换关键技术,company-info_with_url.xlsx,Capability
CAP_C5519E710518,Capability,在几何精确性,在几何精确性,company-info_with_url.xlsx,Capability
CAP_C1B5C37949D7,Capability,数据压缩率,数据压缩率,company-info_with_url.xlsx,Capability
CAP_CC79A51952B6,Capability,转换效率,转换效率,company-info_with_url.xlsx,Capability
CAP_CFA294F29D14,Capability,PMI,pmi,company-info_with_url.xlsx,Capability
CAP_04BD8CDC9D81,Capability,MBD支持等关键指标上取得突破,mbd支持等关键指标上取得突破,company-info_with_url.xlsx,Capability
CAP_F67B62F006F8,Capability,效果优于国际平均水平,效果优于国际平均水平,company-info_with_url.xlsx,Capability
IND_B6AEA8292543,Industry,船舶海工,船舶海工,company-info_with_url.xlsx,Industry
IND_DD9F063696EF,Industry,核能电力,核能电力,company-info_with_url.xlsx,Industry
IND_867CCC7E7DF0,Industry,钢铁冶金等高端装备制造行业。,钢铁冶金等高端装备制造行业。,company-info_with_url.xlsx,Industry
SCN_A2BC373D4741,Scenario,整机数字样机,整机数字样机,company-info_with_url.xlsx,Scenario
SCN_83BE43896996,Scenario,数字化仿真试验,数字化仿真试验,company-info_with_url.xlsx,Scenario
SCN_78393AD8D9ED,Scenario,工艺流程管理,工艺流程管理,company-info_with_url.xlsx,Scenario
SCN_99130199E066,Scenario,质量管理与追溯,质量管理与追溯,company-info_with_url.xlsx,Scenario
SCN_5BC45193BFC3,Scenario,装配作业指导,装配作业指导,company-info_with_url.xlsx,Scenario
SCN_D7DB4CB55173,Scenario,数字化交付,数字化交付,company-info_with_url.xlsx,Scenario
SCN_EFCCD737A7A4,Scenario,远程运维和故障诊断,远程运维和故障诊断,company-info_with_url.xlsx,Scenario
SCN_93E15AE844A5,Scenario,预测性健康维护,预测性健康维护,company-info_with_url.xlsx,Scenario
SCN_02C37166AF21,Scenario,装备综保大修。,装备综保大修。,company-info_with_url.xlsx,Scenario
CUS_72088EBE53D7,Customer,北方华创（半导体设备配套）,北方华创（半导体设备配套）,company-info_with_url.xlsx,Customer
CUS_ACE4B0C18D9D,Customer,上海中微（刻蚀设备配套）,上海中微（刻蚀设备配套）,company-info_with_url.xlsx,Customer
CUS_6862BCA838B4,Customer,盛吉盛（半导体设备配套）,盛吉盛（半导体设备配套）,company-info_with_url.xlsx,Customer
CUS_0081AC6193BD,Customer,半导体头部厂商,半导体头部厂商,company-info_with_url.xlsx,Customer
SUP_9D8BA1001C3B,Supplier,精密机械零部件供应商,精密机械零部件供应商,company-info_with_url.xlsx,Supplier
DEM_302BF6E5A955,DemandTag,资金。公司已于2023年12月完成Pre-A轮融资,资金。公司已于2023年12月完成pre-a轮融资,company-info_with_url.xlsx,DemandTag
DEM_1AB9E4ADF338,DemandTag,A轮融资已于2024年1月启动,a轮融资已于2024年1月启动,company-info_with_url.xlsx,DemandTag
DEM_992FE71AE3D5,DemandTag,计划融资5000万。,计划融资5000万。,company-info_with_url.xlsx,DemandTag
PROD_7FFF61783C1D,Product,卫星信号监测平台,卫星信号监测平台,company-info_with_url.xlsx,Product
PROD_F35AF87553B3,Product,超短波,超短波,company-info_with_url.xlsx,Product
PROD_F98611C6233E,Product,短波频谱监测平台,短波频谱监测平台,company-info_with_url.xlsx,Product
PROD_EB8DFA357918,Product,特种通信设备,特种通信设备,company-info_with_url.xlsx,Product
CAP_D8A52F30DDB0,Capability,无线电信信号监测,无线电信信号监测,company-info_with_url.xlsx,Capability
CAP_A146B7E39194,Capability,接收,接收,company-info_with_url.xlsx,Capability
CAP_D689D91BF78A,Capability,解调,解调,company-info_with_url.xlsx,Capability
CAP_443B791D2ABE,Capability,译码,译码,company-info_with_url.xlsx,Capability
CAP_A6CEF90908EB,Capability,发送等技术,发送等技术,company-info_with_url.xlsx,Capability
CAP_4C11D50FD722,Capability,卫星信号监测平台,卫星信号监测平台,company-info_with_url.xlsx,Capability
CAP_0A9E67CF6F84,Capability,超短波,超短波,company-info_with_url.xlsx,Capability
CAP_0C564CF6F468,Capability,短波信号频谱监测平台,短波信号频谱监测平台,company-info_with_url.xlsx,Capability
CAP_F2C886ADD8B8,Capability,“白头翁”信号分析工具软件,“白头翁”信号分析工具软件,company-info_with_url.xlsx,Capability
CAP_EAECFD5870A6,Capability,电子侦控平台,电子侦控平台,company-info_with_url.xlsx,Capability
CAP_E3BA5F19C036,Capability,手机信号处理平台,手机信号处理平台,company-info_with_url.xlsx,Capability
CAP_3A76269EE01E,Capability,特种电子训练平台等,特种电子训练平台等,company-info_with_url.xlsx,Capability
IND_7BE7A1C3591F,Industry,军工领域（通信电子战,军工领域（通信电子战,company-info_with_url.xlsx,Industry
IND_F423E7948E43,Industry,电子对抗,电子对抗,company-info_with_url.xlsx,Industry
IND_F8422BCEFE30,Industry,军事训练）。,军事训练）。,company-info_with_url.xlsx,Industry
SCN_DD32F3F3B08B,Scenario,通信电子战领域,通信电子战领域,company-info_with_url.xlsx,Scenario
SCN_76AE31423DD7,Scenario,实现对无线电信号的监测,实现对无线电信号的监测,company-info_with_url.xlsx,Scenario
SCN_C4A5207E6AD5,Scenario,分析,分析,company-info_with_url.xlsx,Scenario
SCN_881691FECED4,Scenario,干扰和欺骗,干扰和欺骗,company-info_with_url.xlsx,Scenario
SCN_44ADC4C4E050,Scenario,用于判断敌方实时动态。,用于判断敌方实时动态。,company-info_with_url.xlsx,Scenario
CUS_A96CECD705F3,Customer,与某工程机械公司签订特种应急消防机械车型的量产供货协议,与某工程机械公司签订特种应急消防机械车型的量产供货协议,company-info_with_url.xlsx,Customer
CUS_32C2687D8BFD,Customer,与湖北,与湖北,company-info_with_url.xlsx,Customer
CUS_9D8876BC97A9,Customer,山东某空港机械行业公司签署战略合作协议,山东某空港机械行业公司签署战略合作协议,company-info_with_url.xlsx,Customer
CUS_B1FF65FB243B,Customer,已拓展六家特种车辆行业客户,已拓展六家特种车辆行业客户,company-info_with_url.xlsx,Customer
CUS_97917C271647,Customer,与湖南某电力专用设备公司深入合作,与湖南某电力专用设备公司深入合作,company-info_with_url.xlsx,Customer
CUS_A9F95A991D55,Customer,行业客户,行业客户,company-info_with_url.xlsx,Customer
SUP_61697BC8AA65,Supplier,传感器,传感器,company-info_with_url.xlsx,Supplier
SUP_B3354AC381AC,Supplier,控制器供应商,控制器供应商,company-info_with_url.xlsx,Supplier
DEM_D10DADC2A335,DemandTag,市场拓展资源（计划2024年进入陆,市场拓展资源（计划2024年进入陆,company-info_with_url.xlsx,DemandTag
DEM_16652BBE3F28,DemandTag,海,海,company-info_with_url.xlsx,DemandTag
DEM_DC990987D19A,DemandTag,空市场,空市场,company-info_with_url.xlsx,DemandTag
DEM_FC5919299EF8,DemandTag,2025年实现市场全面覆盖）。,2025年实现市场全面覆盖）。,company-info_with_url.xlsx,DemandTag
PROD_11D07A15B5B2,Product,量子级联激光器（QCL）,量子级联激光器（qcl）,company-info_with_url.xlsx,Product
PROD_CDDB61AC6545,Product,高功率FP腔量子级联激光器,高功率fp腔量子级联激光器,company-info_with_url.xlsx,Product
PROD_A1FDDD5C4073,Product,低功耗高单模稳定的DFB量子级联激光器。专注于中远红外半导体激光器产品,低功耗高单模稳定的dfb量子级联激光器。专注于中远红外半导体激光器产品,company-info_with_url.xlsx,Product
CAP_725123FE2560,Capability,量子级联激光器(QCL)芯片设计,量子级联激光器(qcl)芯片设计,company-info_with_url.xlsx,Capability
CAP_BB1E6ACCD58B,Capability,中远红外半导体激光技术,中远红外半导体激光技术,company-info_with_url.xlsx,Capability
IND_2B75CD7FE107,Industry,军工（红外光电对抗）,军工（红外光电对抗）,company-info_with_url.xlsx,Industry
IND_2220012D07CA,Industry,民用（气体检测）。,民用（气体检测）。,company-info_with_url.xlsx,Industry
SCN_04FC32F2515F,Scenario,1. 军工领域：红外光电对抗,1. 军工领域：红外光电对抗,company-info_with_url.xlsx,Scenario
SCN_2C1269F3B680,Scenario,为机动平台提供核心激光光源。2. 民用领域：气体检测,为机动平台提供核心激光光源。2. 民用领域：气体检测,company-info_with_url.xlsx,Scenario
SCN_6B87718C2373,Scenario,为气体检测设备提供核心元器件。,为气体检测设备提供核心元器件。,company-info_with_url.xlsx,Scenario
CUS_D06D5C139C94,Customer,暂无公开客户信息（量子级联激光器方向）,暂无公开客户信息（量子级联激光器方向）,company-info_with_url.xlsx,Customer
DEM_320F686C5B82,DemandTag,资金（用于完成产品工艺线建设）,资金（用于完成产品工艺线建设）,company-info_with_url.xlsx,DemandTag
DEM_7234C9538878,DemandTag,客户资源对接,客户资源对接,company-info_with_url.xlsx,DemandTag
DEM_7A3903BED494,DemandTag,供应链资源,供应链资源,company-info_with_url.xlsx,DemandTag
DEM_2AAF9957B5F0,DemandTag,政府政策及项目支持。,政府政策及项目支持。,company-info_with_url.xlsx,DemandTag
PROD_F46D467551A5,Product,NPQD®纳米孔量子点Micro-LED,npqd®纳米孔量子点micro-led,company-info_with_url.xlsx,Product
PROD_534F74FAADAF,Product,量子点mLED显示模组,量子点mled显示模组,company-info_with_url.xlsx,Product
CAP_1D6E41454F5F,Capability,半极性氮化镓（Semi-polar GaN）材料,半极性氮化镓（semi-polar gan）材料,company-info_with_url.xlsx,Capability
CAP_E2320473905C,Capability,纳米孔量子点（NPQD®）Micro-LED技术,纳米孔量子点（npqd®）micro-led技术,company-info_with_url.xlsx,Capability
CAP_36680081A259,Capability,量子点Micro-LED（mLED）显示解决方案,量子点micro-led（mled）显示解决方案,company-info_with_url.xlsx,Capability
IND_B0095A218C13,Industry,显示行业,显示行业,company-info_with_url.xlsx,Industry
IND_2F9F8B7098B0,Industry,具体包括商业显示,具体包括商业显示,company-info_with_url.xlsx,Industry
IND_AE9EA5B3F820,Industry,家庭影院,家庭影院,company-info_with_url.xlsx,Industry
IND_F5108657EC05,Industry,AR,ar,company-info_with_url.xlsx,Industry
IND_D2788C15CEB4,Industry,MR头戴显示设备,mr头戴显示设备,company-info_with_url.xlsx,Industry
IND_952C8D6948CC,Industry,手机,手机,company-info_with_url.xlsx,Industry
IND_60463DA2CF0D,Industry,投影等。,投影等。,company-info_with_url.xlsx,Industry
SCN_B42EB55E839B,Scenario,1）R系列量子点直显大屏解决方案,1）r系列量子点直显大屏解决方案,company-info_with_url.xlsx,Scenario
SCN_22CB9AEFD02A,Scenario,应用于商显及家庭影院,应用于商显及家庭影院,company-info_with_url.xlsx,Scenario
SCN_64C9C62C0DB3,Scenario,2）T系列AR用mLED微显示屏,2）t系列ar用mled微显示屏,company-info_with_url.xlsx,Scenario
SCN_BDAF11D30C69,Scenario,应用于AR头显。,应用于ar头显。,company-info_with_url.xlsx,Scenario
CUS_92E5B376A077,Customer,索尼,索尼,company-info_with_url.xlsx,Customer
CUS_6C6A9129A4DD,Customer,三星,三星,company-info_with_url.xlsx,Customer
CUS_87860CA2D695,Customer,微软（AR微显示合作）,微软（ar微显示合作）,company-info_with_url.xlsx,Customer
CUS_CCEF27535A97,Customer,利亚德（QD-COB联合开发+第二大股东持股12.13%）,利亚德（qd-cob联合开发+第二大股东持股12.13%）,company-info_with_url.xlsx,Customer
CUS_51D0FD476F2D,Customer,诺瓦星云（联合制定量子点Micro LED行业标准）,诺瓦星云（联合制定量子点micro led行业标准）,company-info_with_url.xlsx,Customer
DEM_C5CEA1F5419A,DemandTag,暂无（根据公开信息,暂无（根据公开信息,company-info_with_url.xlsx,DemandTag
DEM_7FBDFD9F77CF,DemandTag,公司已完成多轮融资,公司已完成多轮融资,company-info_with_url.xlsx,DemandTag
DEM_9F1C746706BA,DemandTag,资金充裕,资金充裕,company-info_with_url.xlsx,DemandTag
DEM_4E76E9E7CD45,DemandTag,具体资源需求未明确提及）。,具体资源需求未明确提及）。,company-info_with_url.xlsx,DemandTag
PROD_B880993F3CCC,Product,半导体激光器外延片（VCSEL,半导体激光器外延片（vcsel,company-info_with_url.xlsx,Product
PROD_CCC4FEEDB8B3,Product,边发射激光器）,边发射激光器）,company-info_with_url.xlsx,Product
CAP_4AB915BFF132,Capability,半导体激光器外延片,半导体激光器外延片,company-info_with_url.xlsx,Capability
CAP_5C3729C178D6,Capability,半导体材料,半导体材料,company-info_with_url.xlsx,Capability
CAP_FE0D3AD33C1A,Capability,光电子材料,光电子材料,company-info_with_url.xlsx,Capability
CAP_9AB8D59558DC,Capability,量子通信技术开发,量子通信技术开发,company-info_with_url.xlsx,Capability
IND_A3823DFC6B02,Industry,计算机,计算机,company-info_with_url.xlsx,Industry
IND_5CF25F9392D4,Industry,通信和其他电子设备制造业,通信和其他电子设备制造业,company-info_with_url.xlsx,Industry
IND_B417F44FF04E,Industry,芯片半导体,芯片半导体,company-info_with_url.xlsx,Industry
SCN_4A018C832F95,Scenario,半导体激光器制造,半导体激光器制造,company-info_with_url.xlsx,Scenario
SCN_0A276098F165,Scenario,光电子材料研发,光电子材料研发,company-info_with_url.xlsx,Scenario
SCN_5696F2ED90EC,Scenario,量子通信技术开发,量子通信技术开发,company-info_with_url.xlsx,Scenario
CUS_6C71AA3F00FA,Customer,VCSEL外延片需求客户（A客户为主）,vcsel外延片需求客户（a客户为主）,company-info_with_url.xlsx,Customer
CUS_59DDF087CBD4,Customer,化合物半导体外延材料下游芯片厂,化合物半导体外延材料下游芯片厂,company-info_with_url.xlsx,Customer
SUP_19FEC2405ED9,Supplier,GaAs,gaas,company-info_with_url.xlsx,Supplier
SUP_C7AE5C11481B,Supplier,InP衬底供应商,inp衬底供应商,company-info_with_url.xlsx,Supplier
DEM_4FA969C7C8E3,DemandTag,融资（根据其融资历史及“在融项目”等信息推断）,融资（根据其融资历史及“在融项目”等信息推断）,company-info_with_url.xlsx,DemandTag
PROD_45117966AFF4,Product,（信息极度有限,（信息极度有限,company-info_with_url.xlsx,Product
PROD_A92A26D9C924,Product,公开渠道未查到与公司名称直接相关的具体产品,公开渠道未查到与公司名称直接相关的具体产品,company-info_with_url.xlsx,Product
PROD_18C67CC9EF1A,Product,可能是环保膜材料相关产品）,可能是环保膜材料相关产品）,company-info_with_url.xlsx,Product
CAP_1E67E10B0194,Capability,根据网络搜索结果,根据网络搜索结果,company-info_with_url.xlsx,Capability
CAP_1379846C3985,Capability,公司名称含“膜环保科技”,公司名称含“膜环保科技”,company-info_with_url.xlsx,Capability
CAP_39FBF07633F8,Capability,但具体核心技术,但具体核心技术,company-info_with_url.xlsx,Capability
CAP_0E9CAA90FD80,Capability,产品信息不足。搜索结果中提及的“金创重组胶原蛋白液体敷料”和“黄金软膜粉”等产品,产品信息不足。搜索结果中提及的“金创重组胶原蛋白液体敷料”和“黄金软膜粉”等产品,company-info_with_url.xlsx,Capability
CAP_4E4A63B267C5,Capability,与“金藏膜”公司名称关联性不明确,与“金藏膜”公司名称关联性不明确,company-info_with_url.xlsx,Capability
CAP_7D7D5CEF8AE0,Capability,可能并非该公司产品,可能并非该公司产品,company-info_with_url.xlsx,Capability
IND_5B94F39A5D2D,Industry,环保（根据公司名称推断）,环保（根据公司名称推断）,company-info_with_url.xlsx,Industry
IND_E46F3D812566,Industry,但具体应用行业信息不足。,但具体应用行业信息不足。,company-info_with_url.xlsx,Industry
CUS_70467E56A949,Customer,军工领域光电对抗装备研制单位（光学薄膜供货）,军工领域光电对抗装备研制单位（光学薄膜供货）,company-info_with_url.xlsx,Customer
CUS_872A44B31E5C,Customer,民用光电设备厂商,民用光电设备厂商,company-info_with_url.xlsx,Customer
SUP_A5729DC15720,Supplier,光学薄膜材料供应商,光学薄膜材料供应商,company-info_with_url.xlsx,Supplier
PROD_621F5EEA4089,Product,动中通卫星天线,动中通卫星天线,company-info_with_url.xlsx,Product
PROD_4DE2D33CFF56,Product,战场电磁环境仿真软件,战场电磁环境仿真软件,company-info_with_url.xlsx,Product
PROD_91519F320BE9,Product,复杂电磁环境监测解决方案,复杂电磁环境监测解决方案,company-info_with_url.xlsx,Product
CAP_C936004EE543,Capability,动中通卫星天线生产,动中通卫星天线生产,company-info_with_url.xlsx,Capability
CAP_84035444196D,Capability,战场电磁环境仿真软件,战场电磁环境仿真软件,company-info_with_url.xlsx,Capability
CAP_DA8297C6FBE0,Capability,动中通极化电机控制单元软件,动中通极化电机控制单元软件,company-info_with_url.xlsx,Capability
CAP_2FFB2EEB3E8A,Capability,复杂电磁环境监测解决方案,复杂电磁环境监测解决方案,company-info_with_url.xlsx,Capability
CAP_38C6F67F6CB1,Capability,非完整信息条件下认知对抗建模方法,非完整信息条件下认知对抗建模方法,company-info_with_url.xlsx,Capability
CAP_C3EB9748822F,Capability,基于自适应滤波的海杂波背景下多目标检测方法等,基于自适应滤波的海杂波背景下多目标检测方法等,company-info_with_url.xlsx,Capability
IND_3D638F965469,Industry,通信设备制造,通信设备制造,company-info_with_url.xlsx,Industry
IND_B05C7E28A331,Industry,卫星移动通信终端制造,卫星移动通信终端制造,company-info_with_url.xlsx,Industry
IND_9BC4270BC774,Industry,软件开发,软件开发,company-info_with_url.xlsx,Industry
SCN_44F4D41F86C3,Scenario,军事通信,军事通信,company-info_with_url.xlsx,Scenario
SCN_BD9ECA7DDAA6,Scenario,战场电磁环境仿真与监测,战场电磁环境仿真与监测,company-info_with_url.xlsx,Scenario
SCN_060530EFD5C7,Scenario,卫星移动通信终端,卫星移动通信终端,company-info_with_url.xlsx,Scenario
SCN_1CCB6E689E15,Scenario,动中通卫星通信,动中通卫星通信,company-info_with_url.xlsx,Scenario
CUS_4555FA41B338,Customer,苹果（电子产品E-Waste回收体系合作）,苹果（电子产品e-waste回收体系合作）,company-info_with_url.xlsx,Customer
CUS_EB0323DBD800,Customer,三星（显示材料合作）,三星（显示材料合作）,company-info_with_url.xlsx,Customer
CUS_FF0615224B3C,Customer,利亚德集团（LED显示控制配套）,利亚德集团（led显示控制配套）,company-info_with_url.xlsx,Customer
CUS_F82ED7F7286B,Customer,京东方（显示材料合作）,京东方（显示材料合作）,company-info_with_url.xlsx,Customer
SUP_5CEC6EBF6BF2,Supplier,稀土,稀土,company-info_with_url.xlsx,Supplier
SUP_F4C642D54622,Supplier,有色金属材料供应商,有色金属材料供应商,company-info_with_url.xlsx,Supplier
DEM_EDE19274C2DC,DemandTag,市场渠道资源（尤其在民用和商业领域）,市场渠道资源（尤其在民用和商业领域）,company-info_with_url.xlsx,DemandTag
DEM_0A8F9F795D7C,DemandTag,规模化生产与供应链管理资源,规模化生产与供应链管理资源,company-info_with_url.xlsx,DemandTag
DEM_000AB59F0897,DemandTag,后续轮次融资,后续轮次融资,company-info_with_url.xlsx,DemandTag
DEM_270CC520EBE3,DemandTag,高端市场（如军品）的准入资质与订单。,高端市场（如军品）的准入资质与订单。,company-info_with_url.xlsx,DemandTag
PROD_506C154571BD,Product,雷电防护,雷电防护,company-info_with_url.xlsx,Product
PROD_4AEEBBD5FC4D,Product,航空电磁环境效应研究及机载设备开发,航空电磁环境效应研究及机载设备开发,company-info_with_url.xlsx,Product
PROD_A6A783E6F590,Product,提供强电磁环境效应防护整体解决方案,提供强电磁环境效应防护整体解决方案,company-info_with_url.xlsx,Product
PROD_CA912796F37B,Product,雷电等强电磁环境效应的技术研究,雷电等强电磁环境效应的技术研究,company-info_with_url.xlsx,Product
PROD_62853EC75B30,Product,产品设计,产品设计,company-info_with_url.xlsx,Product
PROD_24CBDA57E01D,Product,试验鉴定,试验鉴定,company-info_with_url.xlsx,Product
PROD_B5FF9451FAB5,Product,仿真和设计服务,仿真和设计服务,company-info_with_url.xlsx,Product
CAP_9F2986DD9603,Capability,雷电防护技术,雷电防护技术,company-info_with_url.xlsx,Capability
CAP_E8357A000C5F,Capability,强电磁环境效应研究,强电磁环境效应研究,company-info_with_url.xlsx,Capability
CAP_F2FBF2DF23B7,Capability,航空电磁兼容技术,航空电磁兼容技术,company-info_with_url.xlsx,Capability
IND_D4AC1E65AEC1,Industry,军工领域：航空,军工领域：航空,company-info_with_url.xlsx,Industry
IND_ACF282574B68,Industry,航天,航天,company-info_with_url.xlsx,Industry
IND_F2C29A7EA228,Industry,舰船,舰船,company-info_with_url.xlsx,Industry
IND_2177833E8A6C,Industry,电子,电子,company-info_with_url.xlsx,Industry
IND_419E78D807AC,Industry,兵器等,兵器等,company-info_with_url.xlsx,Industry
IND_D4ED62768975,Industry,民用领域：风电,民用领域：风电,company-info_with_url.xlsx,Industry
IND_03929C2B673E,Industry,航海。,航海。,company-info_with_url.xlsx,Industry
SCN_04E19D12AF8A,Scenario,为航空,为航空,company-info_with_url.xlsx,Scenario
SCN_E16812ADB40C,Scenario,航天,航天,company-info_with_url.xlsx,Scenario
SCN_5FEF5FB78F75,Scenario,舰船,舰船,company-info_with_url.xlsx,Scenario
SCN_AADEB246A635,Scenario,电子,电子,company-info_with_url.xlsx,Scenario
SCN_E63544F715DB,Scenario,兵器,兵器,company-info_with_url.xlsx,Scenario
SCN_1AF084E6FF4D,Scenario,风电,风电,company-info_with_url.xlsx,Scenario
SCN_B5CFC09F2164,Scenario,轨道交通等领域的武器装备及设备,轨道交通等领域的武器装备及设备,company-info_with_url.xlsx,Scenario
SCN_DA974E885273,Scenario,提供强电磁环境（尤其是雷电）效应防护的试验,提供强电磁环境（尤其是雷电）效应防护的试验,company-info_with_url.xlsx,Scenario
SCN_30CB67074E37,Scenario,仿真,仿真,company-info_with_url.xlsx,Scenario
SCN_BBF7B8CCA8E4,Scenario,设计和整体解决方案,设计和整体解决方案,company-info_with_url.xlsx,Scenario
SCN_DDB1485A2D7C,Scenario,以提升复杂电磁环境下武器装备的全天候作战性能。,以提升复杂电磁环境下武器装备的全天候作战性能。,company-info_with_url.xlsx,Scenario
CUS_987F747B1FA5,Customer,暂无公开客户信息（雷电防护,暂无公开客户信息（雷电防护,company-info_with_url.xlsx,Customer
CUS_A6813EF81E10,Customer,电磁兼容方向）,电磁兼容方向）,company-info_with_url.xlsx,Customer
SUP_18D190F43123,Supplier,电涌保护器,电涌保护器,company-info_with_url.xlsx,Supplier
SUP_006875271068,Supplier,电磁屏蔽材料供应商,电磁屏蔽材料供应商,company-info_with_url.xlsx,Supplier
PROD_058B0BB8DBE6,Product,智能相机与机器视觉产品,智能相机与机器视觉产品,company-info_with_url.xlsx,Product
PROD_4C1805794445,Product,CMV系列,cmv系列,company-info_with_url.xlsx,Product
PROD_06BFEB8974A2,Product,SCMOS系列,scmos系列,company-info_with_url.xlsx,Product
PROD_A2162FED0621,Product,OV系列,ov系列,company-info_with_url.xlsx,Product
PROD_60E2995EE566,Product,镁光系列,镁光系列,company-info_with_url.xlsx,Product
PROD_BF6C8E62D087,Product,AFOCUS系列,afocus系列,company-info_with_url.xlsx,Product
PROD_1F1FEAAF8D6A,Product,E2V系列及图形处理,e2v系列及图形处理,company-info_with_url.xlsx,Product
PROD_4BE71296EDA3,Product,光学设计,光学设计,company-info_with_url.xlsx,Product
PROD_4500696EE794,Product,卫星CCD相机,卫星ccd相机,company-info_with_url.xlsx,Product
PROD_D754328CF3BE,Product,电子云台变倍高清相机,电子云台变倍高清相机,company-info_with_url.xlsx,Product
PROD_E2843820F0D7,Product,岛礁防护系统,岛礁防护系统,company-info_with_url.xlsx,Product
PROD_02788B2F00DD,Product,机载标清相机,机载标清相机,company-info_with_url.xlsx,Product
PROD_159D932D2767,Product,小型电视组件,小型电视组件,company-info_with_url.xlsx,Product
PROD_1FC33076C407,Product,光电导引组件,光电导引组件,company-info_with_url.xlsx,Product
PROD_6109141CD0C5,Product,高帧频电视等,高帧频电视等,company-info_with_url.xlsx,Product
CAP_444BF1422794,Capability,智能相机与机器视觉技术,智能相机与机器视觉技术,company-info_with_url.xlsx,Capability
CAP_E5F9EA9C78C9,Capability,IC Wafer晶圆测温技术,ic wafer晶圆测温技术,company-info_with_url.xlsx,Capability
IND_178B3EBDBC4C,Industry,军工及军工配套单位。,军工及军工配套单位。,company-info_with_url.xlsx,Industry
SCN_84BEA9984164,Scenario,航空航天智能相机,航空航天智能相机,company-info_with_url.xlsx,Scenario
SCN_63DF5558F17A,Scenario,政府装备研制项目,政府装备研制项目,company-info_with_url.xlsx,Scenario
SCN_19DB935261DC,Scenario,岛礁防护系统等。,岛礁防护系统等。,company-info_with_url.xlsx,Scenario
CUS_517BFAF8049F,Customer,暂无公开客户信息（高功率激光器方向）,暂无公开客户信息（高功率激光器方向）,company-info_with_url.xlsx,Customer
PROD_5192692B4B41,Product,仿人眼镜头,仿人眼镜头,company-info_with_url.xlsx,Product
PROD_2AB4EA8C6270,Product,光学变焦镜头,光学变焦镜头,company-info_with_url.xlsx,Product
PROD_D6FBF701C640,Product,光模拟辅助验证系统（卫星,光模拟辅助验证系统（卫星,company-info_with_url.xlsx,Product
PROD_C4B1C68B295F,Product,半导体检测）,半导体检测）,company-info_with_url.xlsx,Product
CAP_994F1C83A6FC,Capability,光学精密测量与成像技术（短波红外,光学精密测量与成像技术（短波红外,company-info_with_url.xlsx,Capability
CAP_CE703C3DFE85,Capability,紫外,紫外,company-info_with_url.xlsx,Capability
CAP_C4EA00807ECF,Capability,可见光光学系统）,可见光光学系统）,company-info_with_url.xlsx,Capability
IND_488151C515BB,Industry,精密光机电设备相关行业,精密光机电设备相关行业,company-info_with_url.xlsx,Industry
CUS_F4820E9725F5,Customer,暂无公开客户信息（光电成像方向）,暂无公开客户信息（光电成像方向）,company-info_with_url.xlsx,Customer
PROD_E44894FBE62D,Product,专注于通信声学核心技术,专注于通信声学核心技术,company-info_with_url.xlsx,Product
PROD_F6715AE498C4,Product,提供复杂场景下的近场,提供复杂场景下的近场,company-info_with_url.xlsx,Product
PROD_E52AE0F4C03D,Product,中场,中场,company-info_with_url.xlsx,Product
PROD_678A7BD4A737,Product,远场语音交互技术方案,远场语音交互技术方案,company-info_with_url.xlsx,Product
PROD_F57D466A3419,Product,以及从芯片,以及从芯片,company-info_with_url.xlsx,Product
PROD_404239C7850E,Product,模组,模组,company-info_with_url.xlsx,Product
PROD_3BCE2507475B,Product,PCBA到工业设计的一站式产品方案。核心技术语音增强（SVE）和主动增强（SAE）两大体系,pcba到工业设计的一站式产品方案。核心技术语音增强（sve）和主动增强（sae）两大体系,company-info_with_url.xlsx,Product
PROD_FCE0B6FB6BDB,Product,具体涵盖回声抵消,具体涵盖回声抵消,company-info_with_url.xlsx,Product
PROD_B43545E77837,Product,噪声抑制,噪声抑制,company-info_with_url.xlsx,Product
PROD_EB9A17A8E0AB,Product,声源定位,声源定位,company-info_with_url.xlsx,Product
PROD_3DEB2A068532,Product,混响消除,混响消除,company-info_with_url.xlsx,Product
PROD_60CA89D6F6FD,Product,波束形成,波束形成,company-info_with_url.xlsx,Product
PROD_8E1EA52B3AF6,Product,语音唤醒等,语音唤醒等,company-info_with_url.xlsx,Product
CAP_6EC83CFE187B,Capability,通信声学核心技术,通信声学核心技术,company-info_with_url.xlsx,Capability
CAP_A3B579D101C9,Capability,语音增强(SVE)技术,语音增强(sve)技术,company-info_with_url.xlsx,Capability
CAP_5E673AA548FD,Capability,复杂场景语音交互技术,复杂场景语音交互技术,company-info_with_url.xlsx,Capability
IND_2FE4AFF6E451,Industry,智能语音行业,智能语音行业,company-info_with_url.xlsx,Industry
IND_F709CEE724CC,Industry,具体应用于真无线立体声（TWS）耳机,具体应用于真无线立体声（tws）耳机,company-info_with_url.xlsx,Industry
IND_4E1936DF2463,Industry,智能音箱,智能音箱,company-info_with_url.xlsx,Industry
IND_A68241A628CE,Industry,车载语音交互系统等智能语音领域。,车载语音交互系统等智能语音领域。,company-info_with_url.xlsx,Industry
SCN_E1BB58517E7E,Scenario,TWS耳机,tws耳机,company-info_with_url.xlsx,Scenario
SCN_0F4BD75C97A1,Scenario,智能音箱,智能音箱,company-info_with_url.xlsx,Scenario
SCN_D2A3D53DE352,Scenario,车载语音交互系统等智能语音设备的语音交互与通信。,车载语音交互系统等智能语音设备的语音交互与通信。,company-info_with_url.xlsx,Scenario
CUS_4011087527E1,Customer,耳机,耳机,company-info_with_url.xlsx,Customer
CUS_60351728A2E9,Customer,智能音箱,智能音箱,company-info_with_url.xlsx,Customer
CUS_0D40750341FD,Customer,手机厂商（麦克风阵列,手机厂商（麦克风阵列,company-info_with_url.xlsx,Customer
CUS_298188E65073,Customer,语音增强算法授权需求方）,语音增强算法授权需求方）,company-info_with_url.xlsx,Customer
SUP_96CBA41A9AC8,Supplier,MEMS麦克风,mems麦克风,company-info_with_url.xlsx,Supplier
SUP_25AC1A0E367E,Supplier,音频DSP芯片供应商,音频dsp芯片供应商,company-info_with_url.xlsx,Supplier
PROD_D33CB91E0B83,Product,人因智能数据服务产品,人因智能数据服务产品,company-info_with_url.xlsx,Product
CAP_B3B8E08291BD,Capability,以人因智能科技驱动的数据服务,以人因智能科技驱动的数据服务,company-info_with_url.xlsx,Capability
IND_5A5879AEC1C5,Industry,科技推广和应用服务业,科技推广和应用服务业,company-info_with_url.xlsx,Industry
IND_B60E8AEBF693,Industry,IT服务,it服务,company-info_with_url.xlsx,Industry
IND_2FF82C6A30DF,Industry,大健康,大健康,company-info_with_url.xlsx,Industry
CUS_0B13463DFF44,Customer,重庆大学（数字人因工程智能感知系统中标60.8万元）,重庆大学（数字人因工程智能感知系统中标60.8万元）,company-info_with_url.xlsx,Customer
CUS_168BB2961C9B,Customer,"北京市卫生健康委员会（心理健康筛查""四进""项目中标160万元）","北京市卫生健康委员会（心理健康筛查""四进""项目中标160万元）",company-info_with_url.xlsx,Customer
CUS_C3B32D72FC09,Customer,中国民航大学（驾驶舱安全与人因工程采购）,中国民航大学（驾驶舱安全与人因工程采购）,company-info_with_url.xlsx,Customer
CUS_2EC0FEC28F8B,Customer,深圳某单位（心理测查系统采购）,深圳某单位（心理测查系统采购）,company-info_with_url.xlsx,Customer
CUS_F6A2274646F8,Customer,太原理工大学（心理测查设备采购170.3万元）,太原理工大学（心理测查设备采购170.3万元）,company-info_with_url.xlsx,Customer
SUP_C8D26D684607,Supplier,皮电传感器,皮电传感器,company-info_with_url.xlsx,Supplier
SUP_63C2CA21F029,Supplier,生理数据采集设备,生理数据采集设备,company-info_with_url.xlsx,Supplier
SUP_43BA5E0CD799,Supplier,智能可穿戴硬件供应商,智能可穿戴硬件供应商,company-info_with_url.xlsx,Supplier
PROD_CC2BD216BBE5,Product,高端模拟,高端模拟,company-info_with_url.xlsx,Product
PROD_C76FF106D5AC,Product,混合信号芯片设计,混合信号芯片设计,company-info_with_url.xlsx,Product
PROD_3398A9D7E56E,Product,专注于高精度温度,专注于高精度温度,company-info_with_url.xlsx,Product
PROD_C385F857B3C5,Product,湿度,湿度,company-info_with_url.xlsx,Product
PROD_BB8AB252CC17,Product,水分,水分,company-info_with_url.xlsx,Product
PROD_47D456C4379C,Product,压力,压力,company-info_with_url.xlsx,Product
PROD_C3CE01EC5D48,Product,加密认证等环境传感器芯片,加密认证等环境传感器芯片,company-info_with_url.xlsx,Product
PROD_2CF87A24262B,Product,单总线温度传感器芯片系列,单总线温度传感器芯片系列,company-info_with_url.xlsx,Product
PROD_4264141D829B,Product,2,2,company-info_with_url.xlsx,Product
PROD_E60E636E4B6A,Product,3线温度传感器芯片系列,3线温度传感器芯片系列,company-info_with_url.xlsx,Product
PROD_195784BE94CB,Product,温湿度传感器芯片,温湿度传感器芯片,company-info_with_url.xlsx,Product
PROD_A22A0BB63EE3,Product,水分传感器芯片,水分传感器芯片,company-info_with_url.xlsx,Product
PROD_E61A8C7E447D,Product,原子钟芯片技术,原子钟芯片技术,company-info_with_url.xlsx,Product
PROD_D987AB874CCE,Product,多通道压力传感器信号调理芯片,多通道压力传感器信号调理芯片,company-info_with_url.xlsx,Product
PROD_1C9E3F9EF202,Product,实时时钟芯片等,实时时钟芯片等,company-info_with_url.xlsx,Product
CAP_DC8B14CA9556,Capability,高端模拟,高端模拟,company-info_with_url.xlsx,Capability
CAP_08E6613C23D9,Capability,混合信号芯片设计,混合信号芯片设计,company-info_with_url.xlsx,Capability
CAP_46BB2CD236CB,Capability,高精度环境传感器芯片设计,高精度环境传感器芯片设计,company-info_with_url.xlsx,Capability
IND_9DF048C6FB70,Industry,智能粮储,智能粮储,company-info_with_url.xlsx,Industry
IND_8250603BB050,Industry,工业测温,工业测温,company-info_with_url.xlsx,Industry
IND_5128F879F444,Industry,烤烟行业,烤烟行业,company-info_with_url.xlsx,Industry
IND_736AEA38AC22,Industry,智慧农业,智慧农业,company-info_with_url.xlsx,Industry
IND_99B62AB51E93,Industry,药品储存,药品储存,company-info_with_url.xlsx,Industry
IND_97616091BDBB,Industry,电网等高温应用,电网等高温应用,company-info_with_url.xlsx,Industry
IND_3B3895C4DEE7,Industry,汽车,汽车,company-info_with_url.xlsx,Industry
IND_D2AE7C5C1CA0,Industry,工控,工控,company-info_with_url.xlsx,Industry
IND_CB3D3896E4C3,Industry,白色家电,白色家电,company-info_with_url.xlsx,Industry
IND_12C98E34CE3D,Industry,智能仓储,智能仓储,company-info_with_url.xlsx,Industry
IND_5297C6451C56,Industry,人体测温,人体测温,company-info_with_url.xlsx,Industry
IND_B32B3D3CB82E,Industry,物联网,物联网,company-info_with_url.xlsx,Industry
IND_7AB714A4CA81,Industry,智能硬件。,智能硬件。,company-info_with_url.xlsx,Industry
SCN_FE444B3BD308,Scenario,1. 高温环境监测：如智能粮仓储,1. 高温环境监测：如智能粮仓储,company-info_with_url.xlsx,Scenario
SCN_B7E8EACEA8BB,Scenario,工业测温,工业测温,company-info_with_url.xlsx,Scenario
SCN_FECE80540B9B,Scenario,烤烟,烤烟,company-info_with_url.xlsx,Scenario
SCN_5FE5931329C4,Scenario,电网设备测温。2. 环境监控：智慧农业,电网设备测温。2. 环境监控：智慧农业,company-info_with_url.xlsx,Scenario
SCN_30558FACE085,Scenario,医疗及药品储存环境监测。3. 消费与工业电子：汽车电子,医疗及药品储存环境监测。3. 消费与工业电子：汽车电子,company-info_with_url.xlsx,Scenario
SCN_1D6DCE484B10,Scenario,工控设备,工控设备,company-info_with_url.xlsx,Scenario
SCN_A054D0B88A8B,Scenario,消费电子,消费电子,company-info_with_url.xlsx,Scenario
SCN_B31EA99EBFE1,Scenario,白色家电,白色家电,company-info_with_url.xlsx,Scenario
SCN_2D1C18CF9F88,Scenario,智能硬件中的温湿度感知。4. 身份识别与安全：电子标签芯片（加密认证）。,智能硬件中的温湿度感知。4. 身份识别与安全：电子标签芯片（加密认证）。,company-info_with_url.xlsx,Scenario
CUS_7A8A794CADB2,Customer,暂无公开客户信息（传感器芯片方向）,暂无公开客户信息（传感器芯片方向）,company-info_with_url.xlsx,Customer
DEM_12440713D86A,DemandTag,资金（用于研发迭代和扩大生产）,资金（用于研发迭代和扩大生产）,company-info_with_url.xlsx,DemandTag
DEM_F0761261560B,DemandTag,高端人才（芯片设计与市场拓展）,高端人才（芯片设计与市场拓展）,company-info_with_url.xlsx,DemandTag
DEM_7EFFF3EE935A,DemandTag,产业链合作资源（与下游模组及终端厂商的深度绑定）,产业链合作资源（与下游模组及终端厂商的深度绑定）,company-info_with_url.xlsx,DemandTag
DEM_3E3E15BE0D36,DemandTag,市场渠道资源（尤其是在汽车,市场渠道资源（尤其是在汽车,company-info_with_url.xlsx,DemandTag
DEM_A5AA8280991C,DemandTag,工业等高端领域的准入和推广）。,工业等高端领域的准入和推广）。,company-info_with_url.xlsx,DemandTag
PROD_EB88EB8C77E9,Product,下一代高性能动力电池（全固态电池）,下一代高性能动力电池（全固态电池）,company-info_with_url.xlsx,Product
PROD_688D4D0B80E3,Product,纽扣式电池,纽扣式电池,company-info_with_url.xlsx,Product
PROD_EE70F0E259DA,Product,中型软包电池及针对电动汽车的大型软包动力电池,中型软包电池及针对电动汽车的大型软包动力电池,company-info_with_url.xlsx,Product
CAP_0F20EF710431,Capability,采用自主开发的锂金属电极界面控制技术以及独特的电解质技术,采用自主开发的锂金属电极界面控制技术以及独特的电解质技术,company-info_with_url.xlsx,Capability
IND_2EE61A0768F9,Industry,新能源,新能源,company-info_with_url.xlsx,Industry
CUS_1680CD552AC0,Customer,高端消费电子,高端消费电子,company-info_with_url.xlsx,Customer
CUS_96A7D8D49E42,Customer,无人机,无人机,company-info_with_url.xlsx,Customer
CUS_56024EE3C5A7,Customer,医疗设备等对轻薄锂电池有需求的用户,医疗设备等对轻薄锂电池有需求的用户,company-info_with_url.xlsx,Customer
SUP_BF6CDDDB0F82,Supplier,电解液,电解液,company-info_with_url.xlsx,Supplier
SUP_135AF0D0ED4D,Supplier,隔膜,隔膜,company-info_with_url.xlsx,Supplier
SUP_F1A7380C1E08,Supplier,正负极材料供应商,正负极材料供应商,company-info_with_url.xlsx,Supplier
DEM_A5161FCD9CD6,DemandTag,融资（根据PDF中“投资建议书”及网络信息显示其处于B轮融资阶段）,融资（根据pdf中“投资建议书”及网络信息显示其处于b轮融资阶段）,company-info_with_url.xlsx,DemandTag
PROD_B7B67362F159,Product,世界首创的液态金属电子增材制造技术（液态金属电路3D打印技术）,世界首创的液态金属电子增材制造技术（液态金属电路3d打印技术）,company-info_with_url.xlsx,Product
PROD_1F01FCEBA0FC,Product,PCB快速制板系统（Dream S1,pcb快速制板系统（dream s1,company-info_with_url.xlsx,Product
PROD_F4BD27497D01,Product,T系列）,t系列）,company-info_with_url.xlsx,Product
PROD_755E6477D456,Product,柔性电子制作系统（DP-I）,柔性电子制作系统（dp-i）,company-info_with_url.xlsx,Product
PROD_C373FE748397,Product,PCB高速印刷系统（SMART系列）等,pcb高速印刷系统（smart系列）等,company-info_with_url.xlsx,Product
CAP_6F9D3FFF1815,Capability,液态金属电子增材制造技术（电路3D打印）,液态金属电子增材制造技术（电路3d打印）,company-info_with_url.xlsx,Capability
IND_1DCC6BECEA8A,Industry,电子工业,电子工业,company-info_with_url.xlsx,Industry
IND_CAD2D0F9C769,Industry,设计开发,设计开发,company-info_with_url.xlsx,Industry
IND_CFEB42B33015,Industry,文化创意,文化创意,company-info_with_url.xlsx,Industry
IND_54831AB7C4C3,Industry,教学科研,教学科研,company-info_with_url.xlsx,Industry
IND_163192CE8988,Industry,艺术创作,艺术创作,company-info_with_url.xlsx,Industry
IND_8E5D9AA65F99,Industry,智能包装,智能包装,company-info_with_url.xlsx,Industry
IND_FBA137D65FC3,Industry,功能服饰,功能服饰,company-info_with_url.xlsx,Industry
IND_049C70FC2E67,Industry,物联网电子标签,物联网电子标签,company-info_with_url.xlsx,Industry
IND_E921C865BDEF,Industry,交互空间,交互空间,company-info_with_url.xlsx,Industry
IND_376CF438D778,Industry,艺术设计等。,艺术设计等。,company-info_with_url.xlsx,Industry
SCN_DA85D41E08D0,Scenario,实验室,实验室,company-info_with_url.xlsx,Scenario
SCN_632F348A71E0,Scenario,竞赛现场等环境下的电子电路快速制作与验证,竞赛现场等环境下的电子电路快速制作与验证,company-info_with_url.xlsx,Scenario
SCN_63F204A16C42,Scenario,柔性传感电子器件,柔性传感电子器件,company-info_with_url.xlsx,Scenario
SCN_9236DD4DC05D,Scenario,随形交互功能,随形交互功能,company-info_with_url.xlsx,Scenario
SCN_1CCBA5A0448E,Scenario,可拉伸电路的设计制作,可拉伸电路的设计制作,company-info_with_url.xlsx,Scenario
SCN_9A4FB257D019,Scenario,PCB快速制板与高速印刷。,pcb快速制板与高速印刷。,company-info_with_url.xlsx,Scenario
CUS_ADBF650A55FD,Customer,柔性电子,柔性电子,company-info_with_url.xlsx,Customer
CUS_E008FEE666D1,Customer,PCB,pcb,company-info_with_url.xlsx,Customer
CUS_0EB24C66AE8D,Customer,消费电子客户（液态金属柔性线路板增材制造需求方）,消费电子客户（液态金属柔性线路板增材制造需求方）,company-info_with_url.xlsx,Customer
CUS_879F89942686,Customer,厦门柔墨电子科技有限公司（自建生产基地）,厦门柔墨电子科技有限公司（自建生产基地）,company-info_with_url.xlsx,Customer
SUP_272F9F884BB0,Supplier,导电墨水,导电墨水,company-info_with_url.xlsx,Supplier
SUP_F150666EEEA4,Supplier,液态金属,液态金属,company-info_with_url.xlsx,Supplier
SUP_631182E3775F,Supplier,柔性基材供应商,柔性基材供应商,company-info_with_url.xlsx,Supplier
DEM_CF52E81AABCD,DemandTag,基于其持续融资（至C轮）的情况,基于其持续融资（至c轮）的情况,company-info_with_url.xlsx,DemandTag
DEM_748E3EE3F0B0,DemandTag,当前最需要的资源类型可能是资金用于进一步技术研发,当前最需要的资源类型可能是资金用于进一步技术研发,company-info_with_url.xlsx,DemandTag
DEM_E3EBE638E063,DemandTag,市场扩张及规模化生产。,市场扩张及规模化生产。,company-info_with_url.xlsx,DemandTag
PROD_3DD6410FDB24,Product,聚合物微针透皮给药制剂（微针贴片CRO服务）,聚合物微针透皮给药制剂（微针贴片cro服务）,company-info_with_url.xlsx,Product
CAP_1E4E56411189,Capability,新一代聚合物微针透皮给药技术平台,新一代聚合物微针透皮给药技术平台,company-info_with_url.xlsx,Capability
CAP_BBF8246A5A05,Capability,涵盖聚合物微针技术及创新的透皮技术研发,涵盖聚合物微针技术及创新的透皮技术研发,company-info_with_url.xlsx,Capability
CAP_BBF516F20622,Capability,生产与销售,生产与销售,company-info_with_url.xlsx,Capability
CAP_77B8CC053FE0,Capability,提供微针高端制剂研发与生产服务平台,提供微针高端制剂研发与生产服务平台,company-info_with_url.xlsx,Capability
CAP_F1A0897FFC93,Capability,并具备CRO项目研发服务能力,并具备cro项目研发服务能力,company-info_with_url.xlsx,Capability
IND_77D4BB999F6F,Industry,药品（止痛,药品（止痛,company-info_with_url.xlsx,Industry
IND_71E0F5A56B2F,Industry,疫苗,疫苗,company-info_with_url.xlsx,Industry
IND_16E0B9ACFCFE,Industry,慢性病,慢性病,company-info_with_url.xlsx,Industry
IND_0FB499584A89,Industry,肿瘤）,肿瘤）,company-info_with_url.xlsx,Industry
IND_8373D328773D,Industry,医疗器械（二类非溶解,医疗器械（二类非溶解,company-info_with_url.xlsx,Industry
IND_0C4EC4041EB5,Industry,三类溶解）,三类溶解）,company-info_with_url.xlsx,Industry
IND_199F92F324D7,Industry,日用护肤品（日用护理,日用护肤品（日用护理,company-info_with_url.xlsx,Industry
IND_36BA8E9E2B57,Industry,美容院线）,美容院线）,company-info_with_url.xlsx,Industry
IND_5765CAC74E67,Industry,医美行业,医美行业,company-info_with_url.xlsx,Industry
IND_8A3D05E3A916,Industry,医药行业。,医药行业。,company-info_with_url.xlsx,Industry
SCN_A9BC6CD30944,Scenario,中科微针（北京）科技有限公司专注于微针透皮给药技术的研发与应用,中科微针（北京）科技有限公司专注于微针透皮给药技术的研发与应用,company-info_with_url.xlsx,Scenario
SCN_C840C0915652,Scenario,其业务覆盖药品透皮给药,其业务覆盖药品透皮给药,company-info_with_url.xlsx,Scenario
SCN_D3FFB24B9374,Scenario,医疗器械（如微针贴片）及护肤品（功效性护肤产品）等领域。公司以CRO,医疗器械（如微针贴片）及护肤品（功效性护肤产品）等领域。公司以cro,company-info_with_url.xlsx,Scenario
SCN_EE33CA38A692,Scenario,CDMO,cdmo,company-info_with_url.xlsx,Scenario
SCN_3CAD968EEA8B,Scenario,OEM模式为相关行业提供研发与生产服务,oem模式为相关行业提供研发与生产服务,company-info_with_url.xlsx,Scenario
SCN_A9A7534D2AE9,Scenario,同时布局自有品牌市场。核心业务包括透皮给药产品和技术服务。,同时布局自有品牌市场。核心业务包括透皮给药产品和技术服务。,company-info_with_url.xlsx,Scenario
CUS_13196C96B771,Customer,天津医科大学附属医院（银屑病,天津医科大学附属医院（银屑病,company-info_with_url.xlsx,Customer
CUS_E8E74CDF3983,Customer,中医艾灸医疗器械合作）,中医艾灸医疗器械合作）,company-info_with_url.xlsx,Customer
CUS_E0608737FFB0,Customer,医美机构（微创后修复,医美机构（微创后修复,company-info_with_url.xlsx,Customer
CUS_81C97D47D41F,Customer,敏感肌护理产品）,敏感肌护理产品）,company-info_with_url.xlsx,Customer
CUS_8DCE5842F61F,Customer,上海皮肤病医院（微针技术医学转化合作）,上海皮肤病医院（微针技术医学转化合作）,company-info_with_url.xlsx,Customer
CUS_E936D3EE2202,Customer,功能性个护品牌合作方,功能性个护品牌合作方,company-info_with_url.xlsx,Customer
SUP_EB958719C6E0,Supplier,聚合物原材料,聚合物原材料,company-info_with_url.xlsx,Supplier
SUP_5A62CE97C2EE,Supplier,微针模具,微针模具,company-info_with_url.xlsx,Supplier
SUP_07EE4FF486D1,Supplier,生物相容性材料供应商,生物相容性材料供应商,company-info_with_url.xlsx,Supplier
DEM_401E95A0058E,DemandTag,最需要的资源类型：1. 市场渠道资源（尤其医药和医美领域）,最需要的资源类型：1. 市场渠道资源（尤其医药和医美领域）,company-info_with_url.xlsx,DemandTag
DEM_9254B61F0EAF,DemandTag,2. 进一步扩大生产规模的资金,2. 进一步扩大生产规模的资金,company-info_with_url.xlsx,DemandTag
DEM_434FF333DA07,DemandTag,3. 与大型制药或化妆品企业的战略合作资源。,3. 与大型制药或化妆品企业的战略合作资源。,company-info_with_url.xlsx,DemandTag
PROD_21A96004289A,Product,高速高分辨率大视场双光子显微成像系统（基于920nm超快光纤激光器）,高速高分辨率大视场双光子显微成像系统（基于920nm超快光纤激光器）,company-info_with_url.xlsx,Product
CAP_81A20D28120F,Capability,应用自主研制的920nm特种超快光纤激光器作为光源,应用自主研制的920nm特种超快光纤激光器作为光源,company-info_with_url.xlsx,Capability
CAP_091A0E4363A7,Capability,并利用可调制梯度（TAG）透镜,并利用可调制梯度（tag）透镜,company-info_with_url.xlsx,Capability
CAP_F21421EAA3A4,Capability,自主研制的高数值孔径水镜,自主研制的高数值孔径水镜,company-info_with_url.xlsx,Capability
CAP_149C0A9D4280,Capability,三维精确高速控制平移台,三维精确高速控制平移台,company-info_with_url.xlsx,Capability
CAP_B4B0341D5EA9,Capability,开发高速,开发高速,company-info_with_url.xlsx,Capability
CAP_AF94175A90A1,Capability,高分辨率,高分辨率,company-info_with_url.xlsx,Capability
CAP_1C438F2FEB87,Capability,大视场的多色双光子三轴数字扫描光片显微镜,大视场的多色双光子三轴数字扫描光片显微镜,company-info_with_url.xlsx,Capability
IND_433013049DD8,Industry,生命科学,生命科学,company-info_with_url.xlsx,Industry
IND_E1815E56A94A,Industry,生物医学研究,生物医学研究,company-info_with_url.xlsx,Industry
IND_88C056B40A38,Industry,具体服务于细胞生物学,具体服务于细胞生物学,company-info_with_url.xlsx,Industry
IND_F79C23304194,Industry,发育生物学,发育生物学,company-info_with_url.xlsx,Industry
IND_CFAE083BEB0C,Industry,神经科学等领域。,神经科学等领域。,company-info_with_url.xlsx,Industry
SCN_7C4A3914FCEA,Scenario,为三维尺度上的细胞生物学,为三维尺度上的细胞生物学,company-info_with_url.xlsx,Scenario
SCN_382EC1D27DAC,Scenario,发育生物学以及神经科学等提供高分辨率在体荧光成像手段。,发育生物学以及神经科学等提供高分辨率在体荧光成像手段。,company-info_with_url.xlsx,Scenario
CUS_59248C5D4173,Customer,高校（双光子显微镜,高校（双光子显微镜,company-info_with_url.xlsx,Customer
CUS_84E6200E17BE,Customer,微型化显微成像设备需求方）,微型化显微成像设备需求方）,company-info_with_url.xlsx,Customer
CUS_C228431317AD,Customer,北京大学跨学科团队成果转化方,北京大学跨学科团队成果转化方,company-info_with_url.xlsx,Customer
SUP_0439F8AD98A7,Supplier,光学元件,光学元件,company-info_with_url.xlsx,Supplier
SUP_E2D5A9F5C799,Supplier,荧光探针,荧光探针,company-info_with_url.xlsx,Supplier
SUP_5B851BFFAF12,Supplier,微型化探头供应商,微型化探头供应商,company-info_with_url.xlsx,Supplier
DEM_4E60B0910501,DemandTag,资金,资金,company-info_with_url.xlsx,DemandTag
DEM_5DBCD01D3F6D,DemandTag,用于高端科学仪器研发及产业化（根据B轮融资用途推断）。,用于高端科学仪器研发及产业化（根据b轮融资用途推断）。,company-info_with_url.xlsx,DemandTag
PROD_76CEF4F95D93,Product,芯粒（Chiplet）产品及服务,芯粒（chiplet）产品及服务,company-info_with_url.xlsx,Product
PROD_8D5E18C04E45,Product,1）3D Chiplet通用底座（高算力芯片平台）,1）3d chiplet通用底座（高算力芯片平台）,company-info_with_url.xlsx,Product
CAP_18A58B49B9A3,Capability,2）高速连接芯粒及IP（实现超高速多维互联）,2）高速连接芯粒及ip（实现超高速多维互联）,company-info_with_url.xlsx,Capability
CAP_312C3A2690AB,Capability,3）专用设计工具（助力Chiplet系统设计）,3）专用设计工具（助力chiplet系统设计）,company-info_with_url.xlsx,Capability
CAP_6FA9C31BB92F,Capability,4）一站式服务（Chiplet设计,4）一站式服务（chiplet设计,company-info_with_url.xlsx,Capability
CAP_EAF14BACC8DE,Capability,量产封测）,量产封测）,company-info_with_url.xlsx,Capability
IND_7830210D14A0,Industry,高性能计算芯片领域,高性能计算芯片领域,company-info_with_url.xlsx,Industry
IND_2770588CFD52,Industry,主要服务于GPU,主要服务于gpu,company-info_with_url.xlsx,Industry
IND_663262E0C93C,Industry,CPU等国产fabless厂商。,cpu等国产fabless厂商。,company-info_with_url.xlsx,Industry
SCN_3DDC1D346FEB,Scenario,为高性能计算芯片（如GPU,为高性能计算芯片（如gpu,company-info_with_url.xlsx,Scenario
SCN_C06C5BBE791D,Scenario,CPU）提供基于Chiplet技术的异构集成解决方案,cpu）提供基于chiplet技术的异构集成解决方案,company-info_with_url.xlsx,Scenario
SCN_75A68BDD813F,Scenario,包括设计,包括设计,company-info_with_url.xlsx,Scenario
SCN_AB21A450F071,Scenario,互联,互联,company-info_with_url.xlsx,Scenario
SCN_9988A9209200,Scenario,封测等全链路服务。,封测等全链路服务。,company-info_with_url.xlsx,Scenario
CUS_534E6BB8F8C5,Customer,AI计算中心客户（高性能互联芯粒,ai计算中心客户（高性能互联芯粒,company-info_with_url.xlsx,Customer
CUS_C7FC1C38E060,Customer,AI原生超级网卡量产采用）,ai原生超级网卡量产采用）,company-info_with_url.xlsx,Customer
CUS_EC95928BF151,Customer,AI芯片设计厂商（Die to Die IP,ai芯片设计厂商（die to die ip,company-info_with_url.xlsx,Customer
CUS_FF50336798E1,Customer,超节点芯粒合作）,超节点芯粒合作）,company-info_with_url.xlsx,Customer
SUP_90604BD099B0,Supplier,先进封装设备,先进封装设备,company-info_with_url.xlsx,Supplier
SUP_5806333A2B3C,Supplier,EDA工具,eda工具,company-info_with_url.xlsx,Supplier
SUP_790687030BBE,Supplier,IP授权供应商,ip授权供应商,company-info_with_url.xlsx,Supplier
DEM_6737634F691E,DemandTag,根据其处于A轮融资阶段及业务扩张情况（订单从1亿增至4亿）,根据其处于a轮融资阶段及业务扩张情况（订单从1亿增至4亿）,company-info_with_url.xlsx,DemandTag
DEM_278A165FD42F,DemandTag,推测需要资金用于研发投入,推测需要资金用于研发投入,company-info_with_url.xlsx,DemandTag
DEM_57D92096B85F,DemandTag,产能扩张和市场拓展。,产能扩张和市场拓展。,company-info_with_url.xlsx,DemandTag
PROD_750700BAEB96,Product,冠脉OCT手术导航系统（扫频激光OCT）,冠脉oct手术导航系统（扫频激光oct）,company-info_with_url.xlsx,Product
PROD_7EF17DDD2028,Product,多模态光学诊断设备,多模态光学诊断设备,company-info_with_url.xlsx,Product
CAP_E78BCA1CEFB0,Capability,以扫频激光OCT（光学相干断层扫描）为基础的手术导航技术和以超快激光消融为基础的治疗技术。拥有行业内最全的冠脉OCT上市产品管线,以扫频激光oct（光学相干断层扫描）为基础的手术导航技术和以超快激光消融为基础的治疗技术。拥有行业内最全的冠脉oct上市产品管线,company-info_with_url.xlsx,Capability
CAP_067959014838,Capability,多模态技术全球领先,多模态技术全球领先,company-info_with_url.xlsx,Capability
IND_CC482CFE6292,Industry,医疗器械,医疗器械,company-info_with_url.xlsx,Industry
IND_2824DEA9B15B,Industry,具体为泛血管介入,具体为泛血管介入,company-info_with_url.xlsx,Industry
IND_FED8A4ADBA34,Industry,泌尿外科,泌尿外科,company-info_with_url.xlsx,Industry
IND_16F72FC024C2,Industry,眼科等激光医疗领域。,眼科等激光医疗领域。,company-info_with_url.xlsx,Industry
SCN_68A9AE0A1F56,Scenario,心血管疾病（如冠心病）的PCI手术导航与诊断,心血管疾病（如冠心病）的pci手术导航与诊断,company-info_with_url.xlsx,Scenario
SCN_3D5C85733DC4,Scenario,泌尿外科,泌尿外科,company-info_with_url.xlsx,Scenario
SCN_43D2340EC1CC,Scenario,眼科等领域的激光医疗手术。,眼科等领域的激光医疗手术。,company-info_with_url.xlsx,Scenario
CUS_DEC4FFBF2D35,Customer,中山大学附属第八医院（深圳福田）等三甲医院（OCT心血管内窥影像系统供货）,中山大学附属第八医院（深圳福田）等三甲医院（oct心血管内窥影像系统供货）,company-info_with_url.xlsx,Customer
CUS_272BCFDC4B8C,Customer,产品已获NMPA,产品已获nmpa,company-info_with_url.xlsx,Customer
CUS_83156FE9D4FC,Customer,FDA认证并出口8个国家及地区,fda认证并出口8个国家及地区,company-info_with_url.xlsx,Customer
CUS_D412B4831E18,Customer,与东壁科技数据联合发布中国首款心血管AI-OCT大模型,与东壁科技数据联合发布中国首款心血管ai-oct大模型,company-info_with_url.xlsx,Customer
SUP_E84B0D37E4E6,Supplier,医用激光器,医用激光器,company-info_with_url.xlsx,Supplier
SUP_4D63626173C7,Supplier,光纤导管,光纤导管,company-info_with_url.xlsx,Supplier
SUP_D97EDF38FAD5,Supplier,光学成像元件供应商,光学成像元件供应商,company-info_with_url.xlsx,Supplier
DEM_7B82CF51BC04,DemandTag,资金用于新产品的持续开发,资金用于新产品的持续开发,company-info_with_url.xlsx,DemandTag
DEM_A9E015BFB449,DemandTag,临床注册及海外市场拓展（根据最新战略轮融资用途推断）。,临床注册及海外市场拓展（根据最新战略轮融资用途推断）。,company-info_with_url.xlsx,DemandTag
PROD_7457FC22AFA5,Product,基于Hybrid Vision®融合视觉技术的ALPIX系列融合视觉传感芯片（如ALPIX-Pizol,基于hybrid vision®融合视觉技术的alpix系列融合视觉传感芯片（如alpix-pizol,company-info_with_url.xlsx,Product
PROD_AAA1F48706C0,Product,ALPIX-Eiger,alpix-eiger,company-info_with_url.xlsx,Product
PROD_232845919ED4,Product,ALPIX-Titlis等）,alpix-titlis等）,company-info_with_url.xlsx,Product
PROD_D5F68875F96B,Product,同一芯片可同时输出高质量图像数据和事件流,同一芯片可同时输出高质量图像数据和事件流,company-info_with_url.xlsx,Product
CAP_85ED7B56B56B,Capability,Hybrid Vision融合视觉传感技术,hybrid vision融合视觉传感技术,company-info_with_url.xlsx,Capability
CAP_C393361EC24D,Capability,ALPIX融合视觉芯片技术,alpix融合视觉芯片技术,company-info_with_url.xlsx,Capability
CUS_D945A6D5974C,Customer,暂无公开客户信息（事件相机,暂无公开客户信息（事件相机,company-info_with_url.xlsx,Customer
CUS_3D995C8C41F2,Customer,仿生视觉传感器方向）,仿生视觉传感器方向）,company-info_with_url.xlsx,Customer
PROD_248B875B7448,Product,基于独创的Hybrid Vision融合视觉技术的ALPIX系列融合视觉传感器芯片,基于独创的hybrid vision融合视觉技术的alpix系列融合视觉传感器芯片,company-info_with_url.xlsx,Product
PROD_202C502AFF7E,Product,ALPIX-Eiger（融合式高端视觉传感器）,alpix-eiger（融合式高端视觉传感器）,company-info_with_url.xlsx,Product
PROD_D047BF8BDA8E,Product,ALPIX-Titlis（超低功耗融合式视觉传感器）,alpix-titlis（超低功耗融合式视觉传感器）,company-info_with_url.xlsx,Product
PROD_2EC78D7C8AD3,Product,Blancees（超低功耗纯事件sensor IP）。该技术在同一颗芯片上可同时输出高质量图像数据和事件流,blancees（超低功耗纯事件sensor ip）。该技术在同一颗芯片上可同时输出高质量图像数据和事件流,company-info_with_url.xlsx,Product
CAP_4ED7ACD29D84,Capability,Hybrid Vision融合视觉技术（与65同技术平台）,hybrid vision融合视觉技术（与65同技术平台）,company-info_with_url.xlsx,Capability
CUS_3EBC5DEB62E5,Customer,暂无公开客户信息（DPU产品已量产客户）,暂无公开客户信息（dpu产品已量产客户）,company-info_with_url.xlsx,Customer
PROD_9E6C465D6A71,Product,半导体自动物料搬运系统（AMHS）整体解决方案,半导体自动物料搬运系统（amhs）整体解决方案,company-info_with_url.xlsx,Product
PROD_D45F8FFC31D5,Product,AMHS整体规划设计,amhs整体规划设计,company-info_with_url.xlsx,Product
PROD_6BDF11289CF6,Product,自动物料搬运设备（如第四代天车）的设计制作安装和调试,自动物料搬运设备（如第四代天车）的设计制作安装和调试,company-info_with_url.xlsx,Product
PROD_018DB14B5B45,Product,软件控制系统（如iHS晶圆传输系统）的开发,软件控制系统（如ihs晶圆传输系统）的开发,company-info_with_url.xlsx,Product
CAP_A927F6C27043,Capability,半导体AMHS智能物料调度系统,半导体amhs智能物料调度系统,company-info_with_url.xlsx,Capability
CAP_E7711CC72A68,Capability,智能物料控制系统(MCS),智能物料控制系统(mcs),company-info_with_url.xlsx,Capability
IND_0C4AA6E04ED2,Industry,半导体行业,半导体行业,company-info_with_url.xlsx,Industry
IND_7DE0C3941275,Industry,具体应用于微显示（如Micro LED）,具体应用于微显示（如micro led）,company-info_with_url.xlsx,Industry
IND_CB3E4F6E5313,Industry,IC高阶载板,ic高阶载板,company-info_with_url.xlsx,Industry
IND_DDAC22AE9C74,Industry,碳化硅衬底,碳化硅衬底,company-info_with_url.xlsx,Industry
IND_15F0BD11B42D,Industry,传统封测,传统封测,company-info_with_url.xlsx,Industry
IND_309F959CB803,Industry,面板（如高世代面板产线）等领域。,面板（如高世代面板产线）等领域。,company-info_with_url.xlsx,Industry
SCN_9A9AF00BF0FB,Scenario,1. 半导体生产线（晶圆制造,1. 半导体生产线（晶圆制造,company-info_with_url.xlsx,Scenario
SCN_50CABEDAC2BB,Scenario,封测）的物料自动化搬运与存储。2. Micro LED巨量转移配套的高精度芯片搬运。3. 车载屏模组生产线的耐高低温物流接驳。4. 面板产线（如高世代线）的供应链效率优化。,封测）的物料自动化搬运与存储。2. micro led巨量转移配套的高精度芯片搬运。3. 车载屏模组生产线的耐高低温物流接驳。4. 面板产线（如高世代线）的供应链效率优化。,company-info_with_url.xlsx,Scenario
CUS_58F11100C860,Customer,暂无公开客户信息（半导体AMHS方向）,暂无公开客户信息（半导体amhs方向）,company-info_with_url.xlsx,Customer
DEM_DDB9C807E364,DemandTag,基于其国产替代定位和扩大市场份额的目标,基于其国产替代定位和扩大市场份额的目标,company-info_with_url.xlsx,DemandTag
DEM_F34D7185BA63,DemandTag,可能最需要：1. 资本资源（已完成A轮,可能最需要：1. 资本资源（已完成a轮,company-info_with_url.xlsx,DemandTag
DEM_C7B43F28E32E,DemandTag,A+轮融资,a+轮融资,company-info_with_url.xlsx,DemandTag
DEM_9B23A76F988D,DemandTag,可能继续融资以支持研发和扩张）。2. 市场资源（进入更多头部晶圆厂,可能继续融资以支持研发和扩张）。2. 市场资源（进入更多头部晶圆厂,company-info_with_url.xlsx,DemandTag
DEM_D0F9CCF264DC,DemandTag,面板厂等高端客户供应链）。3. 人才资源（尤其是高端研发和国际市场人才）。,面板厂等高端客户供应链）。3. 人才资源（尤其是高端研发和国际市场人才）。,company-info_with_url.xlsx,DemandTag
PROD_817E4CE47BA8,Product,与杰普特战略合作,与杰普特战略合作,company-info_with_url.xlsx,Product
PROD_08DC5447D805,Product,共拓全球硅光晶圆测试,共拓全球硅光晶圆测试,company-info_with_url.xlsx,Product
CAP_F6DC1D855BC3,Capability,硅光晶圆测试技术与设备,硅光晶圆测试技术与设备,company-info_with_url.xlsx,Capability
IND_EEA931587B5C,Industry,科学研究和技术服务业,科学研究和技术服务业,company-info_with_url.xlsx,Industry
CUS_AC5F286CF4D7,Customer,暂无公开客户信息（光通信,暂无公开客户信息（光通信,company-info_with_url.xlsx,Customer
CUS_32A5B596EE8B,Customer,光子集成方向）,光子集成方向）,company-info_with_url.xlsx,Customer
PROD_F3D047514278,Product,覆盖百纳米—微米的光学精密加工及检测类产品,覆盖百纳米—微米的光学精密加工及检测类产品,company-info_with_url.xlsx,Product
PROD_7727CC133E30,Product,是国内唯一实现加工+检测闭环的光学技术平台。2D,是国内唯一实现加工+检测闭环的光学技术平台。2d,company-info_with_url.xlsx,Product
PROD_0911DF60BA3E,Product,2.5D无掩膜光刻机,2.5d无掩膜光刻机,company-info_with_url.xlsx,Product
PROD_4474C934B176,Product,3D光刻,3d光刻,company-info_with_url.xlsx,Product
PROD_E2E69F0F379B,Product,打印机,打印机,company-info_with_url.xlsx,Product
PROD_296ABDD6E7A9,Product,3D先进显微镜系列,3d先进显微镜系列,company-info_with_url.xlsx,Product
PROD_73C29D13D4A1,Product,光电流光谱仪等整机设备,光电流光谱仪等整机设备,company-info_with_url.xlsx,Product
CAP_595094D7B748,Capability,以及运动控制平台,以及运动控制平台,company-info_with_url.xlsx,Capability
CAP_A77DD76A54AB,Capability,隔振平台,隔振平台,company-info_with_url.xlsx,Capability
CAP_5558800D3B1F,Capability,高低温平台,高低温平台,company-info_with_url.xlsx,Capability
CAP_9DB35093340E,Capability,特种光源,特种光源,company-info_with_url.xlsx,Capability
CAP_F80CAD22523F,Capability,电输运模块等核心模组,电输运模块等核心模组,company-info_with_url.xlsx,Capability
IND_F1D44717600B,Industry,科研（高校及科研院所）,科研（高校及科研院所）,company-info_with_url.xlsx,Industry
IND_C003BDFE6B17,Industry,工业（半导体,工业（半导体,company-info_with_url.xlsx,Industry
IND_A5B9D7AA6016,Industry,医疗等）。,医疗等）。,company-info_with_url.xlsx,Industry
SCN_937287AA84FA,Scenario,光学微纳加工,光学微纳加工,company-info_with_url.xlsx,Scenario
SCN_5F32A8FE8DEF,Scenario,光学微纳检测,光学微纳检测,company-info_with_url.xlsx,Scenario
SCN_EDD857775902,Scenario,功能性检测。具体应用于科研实验,功能性检测。具体应用于科研实验,company-info_with_url.xlsx,Scenario
SCN_1229E6ADED76,Scenario,半导体制造,半导体制造,company-info_with_url.xlsx,Scenario
SCN_6845C4BFB752,Scenario,医疗设备等领域的光学精密加工与测量。,医疗设备等领域的光学精密加工与测量。,company-info_with_url.xlsx,Scenario
CUS_3C001B96F251,Customer,舜宇光学（战略投资合作）,舜宇光学（战略投资合作）,company-info_with_url.xlsx,Customer
CUS_2216AEF5BFC9,Customer,海康威视（战略投资）,海康威视（战略投资）,company-info_with_url.xlsx,Customer
CUS_BC9ACAEB823B,Customer,联想（战略投资）,联想（战略投资）,company-info_with_url.xlsx,Customer
CUS_A99A5B4DDAB8,Customer,虹软科技,虹软科技,company-info_with_url.xlsx,Customer
CUS_21CC4F74782E,Customer,歌尔股份,歌尔股份,company-info_with_url.xlsx,Customer
CUS_E34EC2FC6E07,Customer,科大讯飞,科大讯飞,company-info_with_url.xlsx,Customer
SUP_7349DC35A29B,Supplier,图像传感器供应商,图像传感器供应商,company-info_with_url.xlsx,Supplier
DEM_5A2A0B4F23B6,DemandTag,资金用于技术研发投入,资金用于技术研发投入,company-info_with_url.xlsx,DemandTag
DEM_44861F4CBB09,DemandTag,产品投入及市场端的扩充（根据A轮融资用途推断）。,产品投入及市场端的扩充（根据a轮融资用途推断）。,company-info_with_url.xlsx,DemandTag
PROD_6E76930A19D9,Product,存算一体AI推理芯片,存算一体ai推理芯片,company-info_with_url.xlsx,Product
PROD_299184C14ABC,Product,采用存算一体超异构架构,采用存算一体超异构架构,company-info_with_url.xlsx,Product
PROD_C433605A1679,Product,结合新型存储器（如ReRAM）与Chiplet架构,结合新型存储器（如reram）与chiplet架构,company-info_with_url.xlsx,Product
PROD_C29199A151E4,Product,通过全数字化芯片设计,通过全数字化芯片设计,company-info_with_url.xlsx,Product
PROD_BE3352F7D511,Product,实现高能效比,实现高能效比,company-info_with_url.xlsx,Product
PROD_E8BE9AB94359,Product,大算力的AI大算力芯片。已成功回片点亮首颗高精度,大算力的ai大算力芯片。已成功回片点亮首颗高精度,company-info_with_url.xlsx,Product
PROD_690942076D12,Product,低功耗存算一体AI大算力POC芯片,低功耗存算一体ai大算力poc芯片,company-info_with_url.xlsx,Product
CAP_4ECDD306F325,Capability,存算一体AI推理芯片技术,存算一体ai推理芯片技术,company-info_with_url.xlsx,Capability
CAP_7C6D6772B61A,Capability,超异构架构设计,超异构架构设计,company-info_with_url.xlsx,Capability
IND_A2FAD57C677B,Industry,AI云计算,ai云计算,company-info_with_url.xlsx,Industry
IND_F9263051D463,Industry,自动驾驶。,自动驾驶。,company-info_with_url.xlsx,Industry
SCN_D95A01509318,Scenario,瞄准T4,瞄准t4,company-info_with_url.xlsx,Scenario
SCN_99379AF51142,Scenario,A10,a10,company-info_with_url.xlsx,Scenario
SCN_0FB7B3AD7EBB,Scenario,A30等PCIe接口的推理加速卡用于AI云计算,a30等pcie接口的推理加速卡用于ai云计算,company-info_with_url.xlsx,Scenario
SCN_3004D5F1E7BB,Scenario,通过Chiplet架构和第三方合作,通过chiplet架构和第三方合作,company-info_with_url.xlsx,Scenario
SCN_776E9997B2E6,Scenario,支持不同等级自动驾驶算力需求。,支持不同等级自动驾驶算力需求。,company-info_with_url.xlsx,Scenario
CUS_1F376B3D6426,Customer,智能家居,智能家居,company-info_with_url.xlsx,Customer
CUS_F6CEED0205DA,Customer,手机,手机,company-info_with_url.xlsx,Customer
CUS_9F2D3EB71D94,Customer,安防,安防,company-info_with_url.xlsx,Customer
CUS_EDCB12FC5003,Customer,机器人,机器人,company-info_with_url.xlsx,Customer
CUS_6994E31EF3DB,Customer,智能汽车等领域客户（具体名称未明确列出）,智能汽车等领域客户（具体名称未明确列出）,company-info_with_url.xlsx,Customer
SUP_7A9A1844E772,Supplier,AI芯片代工厂,ai芯片代工厂,company-info_with_url.xlsx,Supplier
SUP_0D923C1398BA,Supplier,EDA工具供应商,eda工具供应商,company-info_with_url.xlsx,Supplier
DEM_D3AA302D5DBC,DemandTag,资金（用于后续研发,资金（用于后续研发,company-info_with_url.xlsx,DemandTag
DEM_317F1E866EE0,DemandTag,流片及市场拓展）,流片及市场拓展）,company-info_with_url.xlsx,DemandTag
DEM_6B6F5A28EAE6,DemandTag,产业链合作伙伴（晶圆厂,产业链合作伙伴（晶圆厂,company-info_with_url.xlsx,DemandTag
DEM_C9A6D5EF0E8A,DemandTag,封装测试,封装测试,company-info_with_url.xlsx,DemandTag
DEM_3673C0097EDC,DemandTag,系统集成商）,系统集成商）,company-info_with_url.xlsx,DemandTag
DEM_3C93A7BB5559,DemandTag,市场渠道和标杆客户。,市场渠道和标杆客户。,company-info_with_url.xlsx,DemandTag
PROD_58AC210FE784,Product,半导体制程用特种高分子材料,半导体制程用特种高分子材料,company-info_with_url.xlsx,Product
PROD_2676CDF0D3A5,Product,高分子弹性膜运载盒（芯片真空吸附包装盒）,高分子弹性膜运载盒（芯片真空吸附包装盒）,company-info_with_url.xlsx,Product
PROD_9DCBC3A07965,Product,UV减粘膜（晶圆UV减薄膜,uv减粘膜（晶圆uv减薄膜,company-info_with_url.xlsx,Product
PROD_47D2AF5B2C8C,Product,晶圆UV划片膜）,晶圆uv划片膜）,company-info_with_url.xlsx,Product
PROD_A40854BDEE29,Product,DAF膜（切割型芯片贴装胶膜）,daf膜（切割型芯片贴装胶膜）,company-info_with_url.xlsx,Product
PROD_A16933E0BB26,Product,ABF堆积膜（绝缘堆积膜）,abf堆积膜（绝缘堆积膜）,company-info_with_url.xlsx,Product
PROD_2418A5C49E53,Product,超支化环氧树脂等,超支化环氧树脂等,company-info_with_url.xlsx,Product
CAP_AAB87F6B56CF,Capability,半导体制程特种高分子材料配方与工艺,半导体制程特种高分子材料配方与工艺,company-info_with_url.xlsx,Capability
IND_AAC4880FF40D,Industry,半导体（集成电路制造与先进封装）。,半导体（集成电路制造与先进封装）。,company-info_with_url.xlsx,Industry
SCN_6FA3B6A9E541,Scenario,半导体芯片制造与封装工艺,半导体芯片制造与封装工艺,company-info_with_url.xlsx,Scenario
SCN_13FF7AEFF237,Scenario,具体包括：芯片转运和存储（真空吸附芯片盒）,具体包括：芯片转运和存储（真空吸附芯片盒）,company-info_with_url.xlsx,Scenario
SCN_93926CDC0C2B,Scenario,晶圆减薄,晶圆减薄,company-info_with_url.xlsx,Scenario
SCN_CA104CEE8D57,Scenario,划片,划片,company-info_with_url.xlsx,Scenario
SCN_86E363E33533,Scenario,保护（UV减粘膜）,保护（uv减粘膜）,company-info_with_url.xlsx,Scenario
SCN_D1C5359E497D,Scenario,芯片贴装（DAF膜）,芯片贴装（daf膜）,company-info_with_url.xlsx,Scenario
SCN_BB732C3BB748,Scenario,高性能计算芯片封装（ABF堆积膜）。,高性能计算芯片封装（abf堆积膜）。,company-info_with_url.xlsx,Scenario
CUS_9E6D47AD44D3,Customer,已成功交付长电微电子,已成功交付长电微电子,company-info_with_url.xlsx,Customer
CUS_24C98E4AF74B,Customer,华天科技等封测龙头AMHS整线项目,华天科技等封测龙头amhs整线项目,company-info_with_url.xlsx,Customer
SUP_6D5B3CDCCD2E,Supplier,暂无明确信息,暂无明确信息,company-info_with_url.xlsx,Supplier
DEM_8A0D31CB4740,DemandTag,资金（持续进行战略融资）,资金（持续进行战略融资）,company-info_with_url.xlsx,DemandTag
DEM_4502F11AD1BF,DemandTag,市场拓展（打破外资垄断,市场拓展（打破外资垄断,company-info_with_url.xlsx,DemandTag
DEM_49629C0B566F,DemandTag,实现国产替代）,实现国产替代）,company-info_with_url.xlsx,DemandTag
DEM_9A3587CDEDF2,DemandTag,产能提升（满足市场需求）。,产能提升（满足市场需求）。,company-info_with_url.xlsx,DemandTag
PROD_35D687383770,Product,RRAM（阻变存储器）存储芯片,rram（阻变存储器）存储芯片,company-info_with_url.xlsx,Product
PROD_5951C561E34F,Product,具备高速,具备高速,company-info_with_url.xlsx,Product
PROD_81E532C8FA12,Product,高密度,高密度,company-info_with_url.xlsx,Product
PROD_BB2A2ED2CABC,Product,低功耗,低功耗,company-info_with_url.xlsx,Product
PROD_D0C246D343CD,Product,存算一体的性能优势。产品聚焦面向AI大模型场景的混合异构存算系统,存算一体的性能优势。产品聚焦面向ai大模型场景的混合异构存算系统,company-info_with_url.xlsx,Product
PROD_DB2DB6E6B662,Product,嵌入式IP和独立式存储芯片,嵌入式ip和独立式存储芯片,company-info_with_url.xlsx,Product
CAP_8F0C7B45EF0E,Capability,RRAM阻变存储器设计,rram阻变存储器设计,company-info_with_url.xlsx,Capability
CAP_528A92BBD441,Capability,存算一体混合异构系统,存算一体混合异构系统,company-info_with_url.xlsx,Capability
IND_F23770A2E8AB,Industry,人工智能（AI）,人工智能（ai）,company-info_with_url.xlsx,Industry
IND_DBF19FA3C2F8,Industry,高性能计算（HPC）,高性能计算（hpc）,company-info_with_url.xlsx,Industry
IND_B1E844EAA50C,Industry,智能汽车（车规级芯片）,智能汽车（车规级芯片）,company-info_with_url.xlsx,Industry
IND_8CF30C46E1FE,Industry,需要高性能SoC芯片的领域。,需要高性能soc芯片的领域。,company-info_with_url.xlsx,Industry
SCN_6FA2466E1098,Scenario,AI大模型训练与推理（解决内存墙瓶颈）,ai大模型训练与推理（解决内存墙瓶颈）,company-info_with_url.xlsx,Scenario
SCN_706347C8A24A,Scenario,自动驾驶和车联网的实时决策（车规级存算芯片）,自动驾驶和车联网的实时决策（车规级存算芯片）,company-info_with_url.xlsx,Scenario
SCN_C4EC1AA1F5F0,Scenario,高性能SoC芯片中的嵌入式非易失存储。,高性能soc芯片中的嵌入式非易失存储。,company-info_with_url.xlsx,Scenario
DEM_C4866EB2A7CF,DemandTag,资金（用于持续研发和产品化）,资金（用于持续研发和产品化）,company-info_with_url.xlsx,DemandTag
DEM_F5806BE97FC3,DemandTag,产业链合作资源（晶圆代工,产业链合作资源（晶圆代工,company-info_with_url.xlsx,DemandTag
DEM_5DF38B92BBBC,DemandTag,封测）,封测）,company-info_with_url.xlsx,DemandTag
DEM_3CD72A535F4E,DemandTag,市场与客户资源,市场与客户资源,company-info_with_url.xlsx,DemandTag
DEM_C5B767109D20,DemandTag,高端人才。,高端人才。,company-info_with_url.xlsx,DemandTag
PROD_F19326BFEC9C,Product,SOT-MRAM存储芯片（80nm以下）,sot-mram存储芯片（80nm以下）,company-info_with_url.xlsx,Product
PROD_9F738499C3A6,Product,MRAM核心器件,mram核心器件,company-info_with_url.xlsx,Product
CAP_50600EE43FF1,Capability,专注于磁性随机存储器（MRAM）,专注于磁性随机存储器（mram）,company-info_with_url.xlsx,Capability
CAP_1B9D3F9FB751,Capability,特别是第三代自旋轨道矩磁存储（SOT-MRAM）芯片的研发,特别是第三代自旋轨道矩磁存储（sot-mram）芯片的研发,company-info_with_url.xlsx,Capability
CAP_8B7CCAD4A720,Capability,制造与产业化。已成功研发国内首个80nm以下MRAM核心器件,制造与产业化。已成功研发国内首个80nm以下mram核心器件,company-info_with_url.xlsx,Capability
IND_03ACDF6C65C2,Industry,高可靠电子装置,高可靠电子装置,company-info_with_url.xlsx,Industry
IND_4590CB0C0D7F,Industry,工业芯片,工业芯片,company-info_with_url.xlsx,Industry
IND_DA615BB045E8,Industry,消费领域及人工智能等多个行业。,消费领域及人工智能等多个行业。,company-info_with_url.xlsx,Industry
CUS_35C36B68BB51,Customer,风电业主方,风电业主方,company-info_with_url.xlsx,Customer
CUS_ADF81815A539,Customer,中国铁路,中国铁路,company-info_with_url.xlsx,Customer
CUS_676D938CF919,Customer,申通地铁等地铁运营商,申通地铁等地铁运营商,company-info_with_url.xlsx,Customer
CUS_66DA168F50AA,Customer,中国商飞,中国商飞,company-info_with_url.xlsx,Customer
DEM_3FEEFF83E793,DemandTag,资金用于加强研发团队建设和设备采购,资金用于加强研发团队建设和设备采购,company-info_with_url.xlsx,DemandTag
DEM_8DDC4AD2B6EE,DemandTag,提升产品研发能力,提升产品研发能力,company-info_with_url.xlsx,DemandTag
DEM_28251AAB3A79,DemandTag,加速磁性随机存储器（MRAM）的研发与产业化进程。,加速磁性随机存储器（mram）的研发与产业化进程。,company-info_with_url.xlsx,DemandTag
PROD_226DAE5476B8,Product,新型超表面多维传感和超表面光AI系统。致力于光学模组微型化,新型超表面多维传感和超表面光ai系统。致力于光学模组微型化,company-info_with_url.xlsx,Product
PROD_D35B481F8A64,Product,实现光谱,实现光谱,company-info_with_url.xlsx,Product
PROD_C35D66998558,Product,偏振,偏振,company-info_with_url.xlsx,Product
PROD_524A3DEE7FB5,Product,深度等多维传感,深度等多维传感,company-info_with_url.xlsx,Product
PROD_6F560C8EA65C,Product,以及超表面光AI计算,以及超表面光ai计算,company-info_with_url.xlsx,Product
CAP_0FA18C113B25,Capability,新型超表面多维传感技术,新型超表面多维传感技术,company-info_with_url.xlsx,Capability
CAP_5EB2F3CB60EF,Capability,超表面光AI计算技术,超表面光ai计算技术,company-info_with_url.xlsx,Capability
IND_29C6801D1C5C,Industry,具体涉及光电子器件,具体涉及光电子器件,company-info_with_url.xlsx,Industry
IND_A174C8A2EABE,Industry,人工智能硬件,人工智能硬件,company-info_with_url.xlsx,Industry
IND_C9DE118FBE0D,Industry,光通信设备,光通信设备,company-info_with_url.xlsx,Industry
IND_8C9761604D51,Industry,光学仪器等领域。,光学仪器等领域。,company-info_with_url.xlsx,Industry
SCN_D8653DA4E114,Scenario,超表面多维传感和光AI系统,超表面多维传感和光ai系统,company-info_with_url.xlsx,Scenario
SCN_1AC38A0C1855,Scenario,具体应用场景网络信息未明确披露。,具体应用场景网络信息未明确披露。,company-info_with_url.xlsx,Scenario
SUP_5E633E82CBCD,Supplier,超表面光学元件原材料供应商,超表面光学元件原材料供应商,company-info_with_url.xlsx,Supplier
SUP_B71FCACBE28B,Supplier,半导体工艺设备供应商,半导体工艺设备供应商,company-info_with_url.xlsx,Supplier
DEM_ACC90C8A09F7,DemandTag,作为Pre-A,作为pre-a,company-info_with_url.xlsx,DemandTag
DEM_27109449B830,DemandTag,A轮阶段的科技公司,a轮阶段的科技公司,company-info_with_url.xlsx,DemandTag
DEM_D03B8ABB97D5,DemandTag,可能最需要资金资源用于研发投入,可能最需要资金资源用于研发投入,company-info_with_url.xlsx,DemandTag
DEM_C5D425BB1747,DemandTag,市场拓展和产能建设,市场拓展和产能建设,company-info_with_url.xlsx,DemandTag
DEM_8BD6F1C7727E,DemandTag,以及产业资源（如战略合作伙伴,以及产业资源（如战略合作伙伴,company-info_with_url.xlsx,DemandTag
DEM_7D9A613A3F11,DemandTag,市场渠道）以加速产品商业化落地。,市场渠道）以加速产品商业化落地。,company-info_with_url.xlsx,DemandTag
PROD_889082A5B882,Product,行业级无人机（垂直起降）,行业级无人机（垂直起降）,company-info_with_url.xlsx,Product
PROD_CD35C08404B4,Product,智能飞航装备,智能飞航装备,company-info_with_url.xlsx,Product
CAP_A063BF78826F,Capability,轻型无人飞行器系统及智能飞航装备的设计研发,轻型无人飞行器系统及智能飞航装备的设计研发,company-info_with_url.xlsx,Capability
CAP_79B21AF3E586,Capability,行业级无人机及业务系统研发,行业级无人机及业务系统研发,company-info_with_url.xlsx,Capability
IND_4B4F6CCAF64D,Industry,行业级无人机应用领域（如航空,行业级无人机应用领域（如航空,company-info_with_url.xlsx,Industry
IND_6F202B32BF00,Industry,航天设备,航天设备,company-info_with_url.xlsx,Industry
IND_05703D4B5DBB,Industry,机械,机械,company-info_with_url.xlsx,Industry
IND_C96F23F705D9,Industry,设备,设备,company-info_with_url.xlsx,Industry
IND_5A346CF2FC3B,Industry,专业技术服务等）,专业技术服务等）,company-info_with_url.xlsx,Industry
SCN_B7FB871EA6C6,Scenario,面向行业用户提供业务系统解决方案,面向行业用户提供业务系统解决方案,company-info_with_url.xlsx,Scenario
PROD_FCBFA518A000,Product,高端智能调光薄膜（透明态,高端智能调光薄膜（透明态,company-info_with_url.xlsx,Product
PROD_544BDB8ADCCC,Product,光散射态可逆切换）,光散射态可逆切换）,company-info_with_url.xlsx,Product
CAP_CDD1777D3AA7,Capability,高端智能调光薄膜,高端智能调光薄膜,company-info_with_url.xlsx,Capability
CAP_6DF8B0D189C2,Capability,基于独创的PD&SLC材料体系,基于独创的pd&slc材料体系,company-info_with_url.xlsx,Capability
CAP_46A5DABDA3C1,Capability,可实现透明态和光散射状态之间的快速可逆切换,可实现透明态和光散射状态之间的快速可逆切换,company-info_with_url.xlsx,Capability
IND_D0A41E7F21E4,Industry,节能建筑,节能建筑,company-info_with_url.xlsx,Industry
IND_ED4597CD3A43,Industry,低温存储与冷链物流。,低温存储与冷链物流。,company-info_with_url.xlsx,Industry
SCN_30FE682B547C,Scenario,智能汽车（如车窗,智能汽车（如车窗,company-info_with_url.xlsx,Scenario
SCN_D142F660E646,Scenario,天幕调光）,天幕调光）,company-info_with_url.xlsx,Scenario
SCN_ABC931D7A28B,Scenario,绿色建筑（如智能窗）,绿色建筑（如智能窗）,company-info_with_url.xlsx,Scenario
SCN_A57A950CF9A4,Scenario,功能性服饰,功能性服饰,company-info_with_url.xlsx,Scenario
SCN_4879B3CAEB34,Scenario,冷链运输,冷链运输,company-info_with_url.xlsx,Scenario
SCN_2986F8EF2976,Scenario,医疗等。,医疗等。,company-info_with_url.xlsx,Scenario
CUS_9C4FB35C6137,Customer,智能建筑,智能建筑,company-info_with_url.xlsx,Customer
CUS_EDF4BCC3A063,Customer,汽车玻璃,汽车玻璃,company-info_with_url.xlsx,Customer
CUS_1C8E610751DA,Customer,消费电子厂商（高端智能调光膜系列产品需求方）,消费电子厂商（高端智能调光膜系列产品需求方）,company-info_with_url.xlsx,Customer
CUS_58B9DEBB782A,Customer,北京大学,北京大学,company-info_with_url.xlsx,Customer
CUS_D2A4674433E6,Customer,北京科技大学（产学研合作）,北京科技大学（产学研合作）,company-info_with_url.xlsx,Customer
CUS_635FD5D69A15,Customer,汽车主机厂（智能调光车窗合作）,汽车主机厂（智能调光车窗合作）,company-info_with_url.xlsx,Customer
SUP_88E379D97B8A,Supplier,调光膜材料,调光膜材料,company-info_with_url.xlsx,Supplier
SUP_5B33ABB36C35,Supplier,ITO导电玻璃,ito导电玻璃,company-info_with_url.xlsx,Supplier
SUP_2B294C5AB8B1,Supplier,液晶,液晶,company-info_with_url.xlsx,Supplier
SUP_63FB8FEF09C4,Supplier,PDLC膜供应商,pdlc膜供应商,company-info_with_url.xlsx,Supplier
DEM_1952A258D909,DemandTag,资金（正在进行A轮融资,资金（正在进行a轮融资,company-info_with_url.xlsx,DemandTag
DEM_73BFCDB090F3,DemandTag,拟融资5000万人民币,拟融资5000万人民币,company-info_with_url.xlsx,DemandTag
DEM_E7921530CCC9,DemandTag,用于量产投入,用于量产投入,company-info_with_url.xlsx,DemandTag
DEM_D9F6B4695A2F,DemandTag,团队扩充,团队扩充,company-info_with_url.xlsx,DemandTag
DEM_E2FCA3D5D481,DemandTag,材料研发及市场运营）。,材料研发及市场运营）。,company-info_with_url.xlsx,DemandTag
PROD_4C37A4F1E545,Product,电子仪器,电子仪器,company-info_with_url.xlsx,Product
PROD_CA7558538005,Product,集成电路测试设备,集成电路测试设备,company-info_with_url.xlsx,Product
PROD_5A000A426184,Product,光学仪器,光学仪器,company-info_with_url.xlsx,Product
CAP_9DF007AD924F,Capability,电子技术,电子技术,company-info_with_url.xlsx,Capability
CAP_26FD006A01AB,Capability,电源设备研发,电源设备研发,company-info_with_url.xlsx,Capability
CAP_73CB300E7A1F,Capability,电子产品及配件研究,电子产品及配件研究,company-info_with_url.xlsx,Capability
CAP_5049421DA4C1,Capability,集成电路设计,集成电路设计,company-info_with_url.xlsx,Capability
CAP_93AA47FCEC88,Capability,测试,测试,company-info_with_url.xlsx,Capability
CAP_BCD125F8D1B6,Capability,电子仪器,电子仪器,company-info_with_url.xlsx,Capability
CAP_447FBCB2671C,Capability,电子元件,电子元件,company-info_with_url.xlsx,Capability
CAP_9894F02D8AED,Capability,集成电路装备,集成电路装备,company-info_with_url.xlsx,Capability
CAP_52F880797D65,Capability,光学仪器,光学仪器,company-info_with_url.xlsx,Capability
CAP_4F41F5A00C7B,Capability,专用仪器仪表制造,专用仪器仪表制造,company-info_with_url.xlsx,Capability
IND_A15F1A0AAC5D,Industry,仪器仪表,仪器仪表,company-info_with_url.xlsx,Industry
IND_D2526742CF48,Industry,新材料,新材料,company-info_with_url.xlsx,Industry
IND_DF36168D27AD,Industry,高新技术服务,高新技术服务,company-info_with_url.xlsx,Industry
SCN_F928549445BF,Scenario,电子技术研发,电子技术研发,company-info_with_url.xlsx,Scenario
SCN_C9B6D94DF7D9,Scenario,电源设备研发,电源设备研发,company-info_with_url.xlsx,Scenario
SCN_B877CCC6EA1F,Scenario,电子产品生产,电子产品生产,company-info_with_url.xlsx,Scenario
SCN_A1E2E346B16B,Scenario,集成电路设计与测试,集成电路设计与测试,company-info_with_url.xlsx,Scenario
SCN_5B84A3C91217,Scenario,技术转让与服务,技术转让与服务,company-info_with_url.xlsx,Scenario
SCN_FCBA4033AC1D,Scenario,货物进出口,货物进出口,company-info_with_url.xlsx,Scenario
PROD_FAA30B80A83B,Product,以中科院理化所应用激光中心团队为基础,以中科院理化所应用激光中心团队为基础,company-info_with_url.xlsx,Product
PROD_11157862D7AE,Product,研发超高清RGB三色纯激光家庭影院,研发超高清rgb三色纯激光家庭影院,company-info_with_url.xlsx,Product
PROD_42279B8C804E,Product,高性能RGB三色真激光光源系统,高性能rgb三色真激光光源系统,company-info_with_url.xlsx,Product
PROD_C1DAD14D1685,Product,激光数字影院和特种显示器等新一代激光显示系列产品。关键技术小型化高性能三基色LD激光模组,激光数字影院和特种显示器等新一代激光显示系列产品。关键技术小型化高性能三基色ld激光模组,company-info_with_url.xlsx,Product
PROD_A9370B183613,Product,高效率控制驱动,高效率控制驱动,company-info_with_url.xlsx,Product
PROD_B419A9F41B40,Product,高精度分时调制,高精度分时调制,company-info_with_url.xlsx,Product
PROD_7C051697FE4D,Product,颜色管理,颜色管理,company-info_with_url.xlsx,Product
PROD_AE0DA25B2427,Product,高效能热管理,高效能热管理,company-info_with_url.xlsx,Product
PROD_638225EE205A,Product,匀场照明与散斑消除等,匀场照明与散斑消除等,company-info_with_url.xlsx,Product
CAP_56D6FFFB36FA,Capability,RGB三色纯激光显示技术,rgb三色纯激光显示技术,company-info_with_url.xlsx,Capability
CAP_EDFE3DC55B5B,Capability,TLMS激光技术,tlms激光技术,company-info_with_url.xlsx,Capability
IND_C22D3B365BED,Industry,电影放映机领域,电影放映机领域,company-info_with_url.xlsx,Industry
IND_D1F1864B9931,Industry,投影机领域,投影机领域,company-info_with_url.xlsx,Industry
IND_CD1D10AFFCB1,Industry,电视领域。具体包括家庭影院,电视领域。具体包括家庭影院,company-info_with_url.xlsx,Industry
IND_6542853E4E35,Industry,工程投影,工程投影,company-info_with_url.xlsx,Industry
IND_97DA9ABCF8BE,Industry,数字影院光源及升级改造,数字影院光源及升级改造,company-info_with_url.xlsx,Industry
IND_CE61C210A4B3,Industry,特种激光显示,特种激光显示,company-info_with_url.xlsx,Industry
IND_98354C63CA23,Industry,激光照明。,激光照明。,company-info_with_url.xlsx,Industry
SCN_C26AA3756556,Scenario,家庭影院,家庭影院,company-info_with_url.xlsx,Scenario
SCN_AB93A7F946F8,Scenario,工程投影,工程投影,company-info_with_url.xlsx,Scenario
SCN_6E971B35A34E,Scenario,影院光源及照明工程。,影院光源及照明工程。,company-info_with_url.xlsx,Scenario
CUS_7A71DC0086B8,Customer,暂无公开客户信息（激光显示方向）,暂无公开客户信息（激光显示方向）,company-info_with_url.xlsx,Customer
DEM_9489A4DBDBBB,DemandTag,暂无（原文及网络信息未明确提及）。,暂无（原文及网络信息未明确提及）。,company-info_with_url.xlsx,DemandTag
PROD_8DE8C9BD4F0C,Product,高温超导带材生产设备,高温超导带材生产设备,company-info_with_url.xlsx,Product
PROD_949D82114E20,Product,超导电力设备（如超导电抗器,超导电力设备（如超导电抗器,company-info_with_url.xlsx,Product
PROD_9CA4C786CED0,Product,超导限流器）,超导限流器）,company-info_with_url.xlsx,Product
CAP_6F665D366B5E,Capability,面向可控核聚变的高温超导强场磁体,面向可控核聚变的高温超导强场磁体,company-info_with_url.xlsx,Capability
CAP_315CCF345EDA,Capability,超导探矿,超导探矿,company-info_with_url.xlsx,Capability
CAP_56620D26E373,Capability,磁悬浮等领域产品,磁悬浮等领域产品,company-info_with_url.xlsx,Capability
IND_D2FAADE810D6,Industry,可控核聚变能源,可控核聚变能源,company-info_with_url.xlsx,Industry
IND_1B1C6AE731CE,Industry,电力电网,电力电网,company-info_with_url.xlsx,Industry
IND_BE4F26354090,Industry,高温超导材料生产,高温超导材料生产,company-info_with_url.xlsx,Industry
IND_D4BB49A05B85,Industry,探矿,探矿,company-info_with_url.xlsx,Industry
IND_C5F634BAE3EE,Industry,磁悬浮交通。,磁悬浮交通。,company-info_with_url.xlsx,Industry
SCN_A7B2FE85CF1C,Scenario,1. 紧凑型聚变堆的核心磁体系统,1. 紧凑型聚变堆的核心磁体系统,company-info_with_url.xlsx,Scenario
SCN_14364820887A,Scenario,2. 高温超导带材生产核心装备,2. 高温超导带材生产核心装备,company-info_with_url.xlsx,Scenario
SCN_FA7EB84A8CC5,Scenario,3. 城市负荷密集区电网改造（超导电抗器,3. 城市负荷密集区电网改造（超导电抗器,company-info_with_url.xlsx,Scenario
SCN_B22A51E5CC86,Scenario,限流器）。,限流器）。,company-info_with_url.xlsx,Scenario
CUS_B52578CA84D8,Customer,暂无公开客户信息（可控核聚变,暂无公开客户信息（可控核聚变,company-info_with_url.xlsx,Customer
CUS_1F298E56A3BD,Customer,高温超导方向）,高温超导方向）,company-info_with_url.xlsx,Customer
DEM_7CCD4340E5AD,DemandTag,研发资金,研发资金,company-info_with_url.xlsx,DemandTag
DEM_C6DBB14F03A8,DemandTag,市场拓展资源,市场拓展资源,company-info_with_url.xlsx,DemandTag
DEM_FA2278144C21,DemandTag,产业链合作资源。,产业链合作资源。,company-info_with_url.xlsx,DemandTag
PROD_E98C9E416B3D,Product,eVTOL载人飞行器AE200,evtol载人飞行器ae200,company-info_with_url.xlsx,Product
CAP_053F0BED19CE,Capability,电动垂直起降载人飞行器（eVTOL）的研发,电动垂直起降载人飞行器（evtol）的研发,company-info_with_url.xlsx,Capability
IND_5777BF03CF72,Industry,铁路,铁路,company-info_with_url.xlsx,Industry
IND_C808A2958BD3,Industry,航空航天和其他运输设备制造业,航空航天和其他运输设备制造业,company-info_with_url.xlsx,Industry
CUS_ACDB4FF01032,Customer,暂无公开客户信息（eVTOL,暂无公开客户信息（evtol,company-info_with_url.xlsx,Customer
CUS_351F440A93BB,Customer,飞行汽车方向）,飞行汽车方向）,company-info_with_url.xlsx,Customer
DEM_218DC1E15A96,DemandTag,技术人才,技术人才,company-info_with_url.xlsx,DemandTag
DEM_039FC18BBBA5,DemandTag,适航认证相关经验与资源,适航认证相关经验与资源,company-info_with_url.xlsx,DemandTag
PROD_CC077F85660A,Product,纳米复合柔性透明导电膜,纳米复合柔性透明导电膜,company-info_with_url.xlsx,Product
PROD_40C9968BCBC2,Product,磁控溅射靶材,磁控溅射靶材,company-info_with_url.xlsx,Product
PROD_B0E836299D53,Product,卷绕式量产设备,卷绕式量产设备,company-info_with_url.xlsx,Product
CAP_02329058B9F5,Capability,卷绕式磁控溅射制备柔性纳米功能薄膜技术,卷绕式磁控溅射制备柔性纳米功能薄膜技术,company-info_with_url.xlsx,Capability
CAP_8D0F4B1E88FC,Capability,纳米复合柔性透明导电膜（包括光学调控层,纳米复合柔性透明导电膜（包括光学调控层,company-info_with_url.xlsx,Capability
CAP_8110627E792A,Capability,导电主体层及表面功能层的多层复合结构）,导电主体层及表面功能层的多层复合结构）,company-info_with_url.xlsx,Capability
CAP_389985A79719,Capability,磁控溅射靶材技术,磁控溅射靶材技术,company-info_with_url.xlsx,Capability
CAP_551DB0D41205,Capability,卷绕式磁控溅射量产线设计,卷绕式磁控溅射量产线设计,company-info_with_url.xlsx,Capability
CAP_9532383ACB81,Capability,柔性纳米功能器件技术,柔性纳米功能器件技术,company-info_with_url.xlsx,Capability
IND_03B9BD449D6B,Industry,汽车领域（车载显示,汽车领域（车载显示,company-info_with_url.xlsx,Industry
IND_2BBC79B7407D,Industry,汽车贴膜,汽车贴膜,company-info_with_url.xlsx,Industry
IND_511C8D23A262,Industry,窗膜,窗膜,company-info_with_url.xlsx,Industry
IND_78BE964BEF5D,Industry,减反射膜,减反射膜,company-info_with_url.xlsx,Industry
IND_A47AA9CA5F17,Industry,EC,ec,company-info_with_url.xlsx,Industry
IND_63B546C30740,Industry,PDLC全景天幕,pdlc全景天幕,company-info_with_url.xlsx,Industry
IND_C5C7BED76E57,Industry,透明天线,透明天线,company-info_with_url.xlsx,Industry
IND_00B265F9CA3F,Industry,EMI,emi,company-info_with_url.xlsx,Industry
IND_1978C4FD1280,Industry,辐射制冷,辐射制冷,company-info_with_url.xlsx,Industry
IND_2895796D957B,Industry,多彩车衣等）,多彩车衣等）,company-info_with_url.xlsx,Industry
IND_665BBBC85F09,Industry,消费电子领域（显示,消费电子领域（显示,company-info_with_url.xlsx,Industry
IND_E142E06575C2,Industry,信息通讯和可穿戴设备）,信息通讯和可穿戴设备）,company-info_with_url.xlsx,Industry
IND_3CF59F76A9EF,Industry,军用领域（可见光透明相关应用）。,军用领域（可见光透明相关应用）。,company-info_with_url.xlsx,Industry
SCN_8ABBD1386D4F,Scenario,- 汽车领域：天幕,- 汽车领域：天幕,company-info_with_url.xlsx,Scenario
SCN_EA0E14AFC81B,Scenario,窗膜,窗膜,company-info_with_url.xlsx,Scenario
SCN_385F935FC6D0,Scenario,车载显示,车载显示,company-info_with_url.xlsx,Scenario
SCN_C226784039A3,Scenario,汽车贴膜,汽车贴膜,company-info_with_url.xlsx,Scenario
SCN_DC8936F2BE42,Scenario,透明天线,透明天线,company-info_with_url.xlsx,Scenario
SCN_71A27F133DE8,Scenario,辐射制冷车衣等。 - 消费电子领域：显示面板,辐射制冷车衣等。 - 消费电子领域：显示面板,company-info_with_url.xlsx,Scenario
SCN_A8BEDE262FB9,Scenario,新能源设备,新能源设备,company-info_with_url.xlsx,Scenario
SCN_D6113272CFDE,Scenario,信息通讯设备,信息通讯设备,company-info_with_url.xlsx,Scenario
SCN_9EE15E843B00,Scenario,可穿戴设备的关键核心材料。,可穿戴设备的关键核心材料。,company-info_with_url.xlsx,Scenario
CUS_A22EBB4952B8,Customer,暂无公开客户信息（纳米科技方向）,暂无公开客户信息（纳米科技方向）,company-info_with_url.xlsx,Customer
DEM_2DA55A0787FD,DemandTag,市场拓展资源（尤其在汽车和消费电子领域）,市场拓展资源（尤其在汽车和消费电子领域）,company-info_with_url.xlsx,DemandTag
DEM_B271655D02AD,DemandTag,资本支持（用于进一步研发和产能扩张）,资本支持（用于进一步研发和产能扩张）,company-info_with_url.xlsx,DemandTag
DEM_507642355916,DemandTag,产业链上下游合作资源。,产业链上下游合作资源。,company-info_with_url.xlsx,DemandTag
PROD_76CE47D4541E,Product,高温超导带材,高温超导带材,company-info_with_url.xlsx,Product
PROD_23D78B3478BC,Product,高温超导材料,高温超导材料,company-info_with_url.xlsx,Product
PROD_02DEDDF55AF6,Product,柔性金属合金基带,柔性金属合金基带,company-info_with_url.xlsx,Product
CAP_213211625797,Capability,核心技术,核心技术,company-info_with_url.xlsx,Capability
CAP_C5F3B417F035,Capability,产品包括高温超导带材,产品包括高温超导带材,company-info_with_url.xlsx,Capability
CAP_31CF3A150F86,Capability,高温超导材料,高温超导材料,company-info_with_url.xlsx,Capability
CAP_220F247A858D,Capability,磁性材料,磁性材料,company-info_with_url.xlsx,Capability
CAP_6958A9535C5A,Capability,超导电力装备及超导磁悬浮相关技术。在高温超导带材领域,超导电力装备及超导磁悬浮相关技术。在高温超导带材领域,company-info_with_url.xlsx,Capability
CAP_D490685B2987,Capability,公司掌握国际先进的柔性金属合金基带技术和超导层高效制备及后处理技术。依托核心原材料国产化,公司掌握国际先进的柔性金属合金基带技术和超导层高效制备及后处理技术。依托核心原材料国产化,company-info_with_url.xlsx,Capability
CAP_801D7470077A,Capability,装备智能化和先进工艺,装备智能化和先进工艺,company-info_with_url.xlsx,Capability
CAP_8FB5D9CD2D02,Capability,带材可以实现成本下降30%,带材可以实现成本下降30%,company-info_with_url.xlsx,Capability
CAP_83085D6F8D34,Capability,性能提升30%,性能提升30%,company-info_with_url.xlsx,Capability
CAP_F8924BF8F8DA,Capability,良率提升20%,良率提升20%,company-info_with_url.xlsx,Capability
IND_28A5E457E3C9,Industry,新一代超导电力装备,新一代超导电力装备,company-info_with_url.xlsx,Industry
IND_397B1E6592B2,Industry,超导磁悬浮列车,超导磁悬浮列车,company-info_with_url.xlsx,Industry
IND_2D86088C1A57,Industry,小型可控核聚变,小型可控核聚变,company-info_with_url.xlsx,Industry
IND_4E8DEF767E4B,Industry,先进医疗装备,先进医疗装备,company-info_with_url.xlsx,Industry
IND_2C582774A1B4,Industry,大科学装置,大科学装置,company-info_with_url.xlsx,Industry
IND_11B9374B0ED8,Industry,电力装备,电力装备,company-info_with_url.xlsx,Industry
IND_956D53E70E8C,Industry,磁悬浮交通,磁悬浮交通,company-info_with_url.xlsx,Industry
SCN_9A8C289665B1,Scenario,作为可控核聚变（托克马克装置）的关键材料（成本占比超20%）,作为可控核聚变（托克马克装置）的关键材料（成本占比超20%）,company-info_with_url.xlsx,Scenario
SCN_83637139EEE9,Scenario,以及输电,以及输电,company-info_with_url.xlsx,Scenario
SCN_0AFBD7A18239,Scenario,储能,储能,company-info_with_url.xlsx,Scenario
SCN_CAFDB664A12C,Scenario,超导电力装备,超导电力装备,company-info_with_url.xlsx,Scenario
SCN_CD94A80097CC,Scenario,超导磁悬浮系统,超导磁悬浮系统,company-info_with_url.xlsx,Scenario
SCN_0A0DFEDFAC3A,Scenario,对撞机,对撞机,company-info_with_url.xlsx,Scenario
SCN_7394F6B1A2EB,Scenario,医疗等领域的关键基础原材料。,医疗等领域的关键基础原材料。,company-info_with_url.xlsx,Scenario
CUS_4B24DD7F93AA,Customer,超导电力装备,超导电力装备,company-info_with_url.xlsx,Customer
CUS_1665351C9E8D,Customer,超导磁悬浮列车,超导磁悬浮列车,company-info_with_url.xlsx,Customer
CUS_908FED667490,Customer,小型可控核聚变,小型可控核聚变,company-info_with_url.xlsx,Customer
CUS_B9116C788ACD,Customer,先进医疗装备,先进医疗装备,company-info_with_url.xlsx,Customer
CUS_B79978DA351C,Customer,大科学装置等未来产业客户（超导基础原材料需求方）,大科学装置等未来产业客户（超导基础原材料需求方）,company-info_with_url.xlsx,Customer
SUP_BA1520A54326,Supplier,超导材料,超导材料,company-info_with_url.xlsx,Supplier
SUP_EA890B3AF971,Supplier,低温制冷设备供应商,低温制冷设备供应商,company-info_with_url.xlsx,Supplier
DEM_61450C948AF2,DemandTag,资金（用于产线建设,资金（用于产线建设,company-info_with_url.xlsx,DemandTag
DEM_D44E76A31AB1,DemandTag,技术研发与迭代及日常运营）,技术研发与迭代及日常运营）,company-info_with_url.xlsx,DemandTag
DEM_FCD765E6C5A0,DemandTag,产业合作伙伴（以推进产品在下游应用场景的验证和规模化应用）,产业合作伙伴（以推进产品在下游应用场景的验证和规模化应用）,company-info_with_url.xlsx,DemandTag
DEM_3728C34157C8,DemandTag,市场渠道。,市场渠道。,company-info_with_url.xlsx,DemandTag
PROD_260099BB3BA3,Product,自身免疫疾病创新药物,自身免疫疾病创新药物,company-info_with_url.xlsx,Product
CAP_2CE7B97A55FD,Capability,基于先进的免疫调控技术,基于先进的免疫调控技术,company-info_with_url.xlsx,Capability
CAP_A822E699D6FD,Capability,专注研发自身免疫疾病的创新药物和疗法。拥有技术平台和产品管线,专注研发自身免疫疾病的创新药物和疗法。拥有技术平台和产品管线,company-info_with_url.xlsx,Capability
CAP_025618E22A73,Capability,具体技术细节未公开,具体技术细节未公开,company-info_with_url.xlsx,Capability
IND_5958C699B210,Industry,生物医药行业,生物医药行业,company-info_with_url.xlsx,Industry
IND_C51D2A08A243,Industry,具体为自身免疫疾病治疗领域。,具体为自身免疫疾病治疗领域。,company-info_with_url.xlsx,Industry
SCN_96F0A1C0E4EA,Scenario,自身免疫疾病的治疗。,自身免疫疾病的治疗。,company-info_with_url.xlsx,Scenario
CUS_2CAEC99236A2,Customer,暂无公开客户信息（小分子药物方向）,暂无公开客户信息（小分子药物方向）,company-info_with_url.xlsx,Customer
DEM_8B7A008861F5,DemandTag,研发资金（已完成天使轮和A轮融资）,研发资金（已完成天使轮和a轮融资）,company-info_with_url.xlsx,DemandTag
DEM_D3D746BD6DEF,DemandTag,临床合作资源,临床合作资源,company-info_with_url.xlsx,DemandTag
DEM_F68735513F40,DemandTag,以及推动管线进入临床阶段的各类支持。,以及推动管线进入临床阶段的各类支持。,company-info_with_url.xlsx,DemandTag
PROD_8D7B22F269D3,Product,宠物创新药（小分子新药,宠物创新药（小分子新药,company-info_with_url.xlsx,Product
PROD_0BECDE3FEBF1,Product,大分子新药,大分子新药,company-info_with_url.xlsx,Product
PROD_C48E88BFE671,Product,差异化制剂）,差异化制剂）,company-info_with_url.xlsx,Product
PROD_7369D7A02075,Product,兽用诊断试剂,兽用诊断试剂,company-info_with_url.xlsx,Product
CAP_E2F122C91765,Capability,基于人用药研发经验和技术,基于人用药研发经验和技术,company-info_with_url.xlsx,Capability
CAP_51077D95972B,Capability,开发宠物创新药（小分子新药,开发宠物创新药（小分子新药,company-info_with_url.xlsx,Capability
CAP_837EEDB16C28,Capability,大分子新药,大分子新药,company-info_with_url.xlsx,Capability
CAP_A470A23851DB,Capability,差异化制剂）及兽用诊断试剂,差异化制剂）及兽用诊断试剂,company-info_with_url.xlsx,Capability
IND_522D8E414F94,Industry,宠物医疗,宠物医疗,company-info_with_url.xlsx,Industry
IND_107B6D9B46EE,Industry,动物保健,动物保健,company-info_with_url.xlsx,Industry
SCN_48707891FF44,Scenario,宠物疾病治疗与诊断,宠物疾病治疗与诊断,company-info_with_url.xlsx,Scenario
DEM_4E435310BBF9,DemandTag,研发人才（团队扩建）,研发人才（团队扩建）,company-info_with_url.xlsx,DemandTag
DEM_D29BD00E03B3,DemandTag,战略合作伙伴（已获申联生物战略投资）,战略合作伙伴（已获申联生物战略投资）,company-info_with_url.xlsx,DemandTag
PROD_2FE0E64D8A07,Product,超快激光器（皮秒,超快激光器（皮秒,company-info_with_url.xlsx,Product
PROD_CF42EE654669,Product,飞秒激光器）,飞秒激光器）,company-info_with_url.xlsx,Product
PROD_E34E773708DC,Product,高能量激光器。高重频,高能量激光器。高重频,company-info_with_url.xlsx,Product
PROD_BEB6B0F9AD27,Product,高功率皮秒激光器,高功率皮秒激光器,company-info_with_url.xlsx,Product
PROD_04EF49E7EDB9,Product,商用级百皮秒微片激光器,商用级百皮秒微片激光器,company-info_with_url.xlsx,Product
PROD_84CC5A30C681,Product,绿光皮秒超快激光器（输出功率>70W）,绿光皮秒超快激光器（输出功率>70w）,company-info_with_url.xlsx,Product
PROD_042AB9FD43AC,Product,以及十余个系列近百款激光器产品,以及十余个系列近百款激光器产品,company-info_with_url.xlsx,Product
CAP_5AB398D312BA,Capability,超快激光器技术（皮秒,超快激光器技术（皮秒,company-info_with_url.xlsx,Capability
CAP_83D986ACADEE,Capability,飞秒激光）,飞秒激光）,company-info_with_url.xlsx,Capability
IND_AF94CC9EEC91,Industry,新能源（光伏,新能源（光伏,company-info_with_url.xlsx,Industry
IND_4746F83771C3,Industry,锂电）,锂电）,company-info_with_url.xlsx,Industry
IND_7F26A5BD4119,Industry,显示面板,显示面板,company-info_with_url.xlsx,Industry
IND_9FB832A138DC,Industry,PCB,pcb,company-info_with_url.xlsx,Industry
IND_E364F9405CB7,Industry,科学研究。,科学研究。,company-info_with_url.xlsx,Industry
SCN_EA11195F72A1,Scenario,显示面板,显示面板,company-info_with_url.xlsx,Scenario
SCN_8BE777DCFEA3,Scenario,PCB,pcb,company-info_with_url.xlsx,Scenario
SCN_19BE2C939CD8,Scenario,生物医疗,生物医疗,company-info_with_url.xlsx,Scenario
SCN_4A0AC55176DF,Scenario,航空航天,航空航天,company-info_with_url.xlsx,Scenario
SCN_EEA10F224ED4,Scenario,半导体等行业的精密加工,半导体等行业的精密加工,company-info_with_url.xlsx,Scenario
SCN_FEF6B059DE05,Scenario,新能源光伏领域PERC,新能源光伏领域perc,company-info_with_url.xlsx,Scenario
SCN_5782FFBDFF6A,Scenario,SE,se,company-info_with_url.xlsx,Scenario
SCN_2E0D3CFB3F52,Scenario,TOPCON等关键制程,topcon等关键制程,company-info_with_url.xlsx,Scenario
SCN_9B527201F33E,Scenario,大科学装置,大科学装置,company-info_with_url.xlsx,Scenario
SCN_E77E7F115024,Scenario,国防等领域。,国防等领域。,company-info_with_url.xlsx,Scenario
CUS_73DB5DC02D3F,Customer,中国科学院沈阳自动化研究所（激光无模成形同步检测系统中标636万元）,中国科学院沈阳自动化研究所（激光无模成形同步检测系统中标636万元）,company-info_with_url.xlsx,Customer
CUS_805F6D7B3925,Customer,中国科学院国家天文台（大功率激光器中标535万元）,中国科学院国家天文台（大功率激光器中标535万元）,company-info_with_url.xlsx,Customer
CUS_97418F549E5C,Customer,上海科技大学（激光器采购）,上海科技大学（激光器采购）,company-info_with_url.xlsx,Customer
CUS_EFBE84FE54A7,Customer,兰州大学（激光器,兰州大学（激光器,company-info_with_url.xlsx,Customer
CUS_0809C16D7388,Customer,转台采购）,转台采购）,company-info_with_url.xlsx,Customer
CUS_42D3C522A541,Customer,半导体,半导体,company-info_with_url.xlsx,Customer
CUS_5A10F8443C75,Customer,科研,科研,company-info_with_url.xlsx,Customer
CUS_71101112D73D,Customer,新能源,新能源,company-info_with_url.xlsx,Customer
CUS_BB91EEA44543,Customer,消费电子,消费电子,company-info_with_url.xlsx,Customer
CUS_C1E70FA283A4,Customer,国防军工等广泛领域,国防军工等广泛领域,company-info_with_url.xlsx,Customer
SUP_77017F0BFA01,Supplier,激光光学元件,激光光学元件,company-info_with_url.xlsx,Supplier
SUP_E88C9E12C48E,Supplier,泵浦模块,泵浦模块,company-info_with_url.xlsx,Supplier
SUP_BA2B86B4E694,Supplier,特种光学玻璃供应商,特种光学玻璃供应商,company-info_with_url.xlsx,Supplier
DEM_AE2F1A053765,DemandTag,根据融资情况（B轮融资用于产品线拓展,根据融资情况（b轮融资用于产品线拓展,company-info_with_url.xlsx,DemandTag
DEM_47416FD6FCF6,DemandTag,新品研发和基础条件建设）,新品研发和基础条件建设）,company-info_with_url.xlsx,DemandTag
DEM_907A6774EA1B,DemandTag,推测为资金用于研发投入和市场拓展。,推测为资金用于研发投入和市场拓展。,company-info_with_url.xlsx,DemandTag
PROD_ABA8896B3996,Product,GLM大模型算法框架,glm大模型算法框架,company-info_with_url.xlsx,Product
PROD_A379EBE306E9,Product,千亿基座模型,千亿基座模型,company-info_with_url.xlsx,Product
PROD_A7DD42AAC4B7,Product,对话模型（ChatGLM）,对话模型（chatglm）,company-info_with_url.xlsx,Product
PROD_7F82BCD3D2B9,Product,代码模型（CodeGeeX）,代码模型（codegeex）,company-info_with_url.xlsx,Product
PROD_292E94C901A2,Product,多模态模型（CogView,多模态模型（cogview,company-info_with_url.xlsx,Product
PROD_E3813FEB0C87,Product,CogVLM）等。具体产品有智谱AI开放平台,cogvlm）等。具体产品有智谱ai开放平台,company-info_with_url.xlsx,Product
PROD_EBB2DDCC3108,Product,智谱清言,智谱清言,company-info_with_url.xlsx,Product
PROD_03D51D1D1451,Product,写作蛙,写作蛙,company-info_with_url.xlsx,Product
PROD_A931E83AB00B,Product,小呆对话等,小呆对话等,company-info_with_url.xlsx,Product
CAP_4D716BBB0CA9,Capability,GLM大模型算法框架,glm大模型算法框架,company-info_with_url.xlsx,Capability
CAP_C9F05212FD7C,Capability,大模型全链路自主研发,大模型全链路自主研发,company-info_with_url.xlsx,Capability
IND_2C42218FD89A,Industry,人工智能,人工智能,company-info_with_url.xlsx,Industry
IND_596FBE67053F,Industry,技术服务。产品及核心技术应用于360,技术服务。产品及核心技术应用于360,company-info_with_url.xlsx,Industry
IND_853181CC8196,Industry,美团等上千家企事业单位。,美团等上千家企事业单位。,company-info_with_url.xlsx,Industry
SCN_C4ED319F94B7,Scenario,大模型开放平台（API服务）,大模型开放平台（api服务）,company-info_with_url.xlsx,Scenario
SCN_A7845F4FD4E8,Scenario,智能对话（ChatGLM）,智能对话（chatglm）,company-info_with_url.xlsx,Scenario
SCN_9F5BDD491AAA,Scenario,代码生成（CodeGeeX）,代码生成（codegeex）,company-info_with_url.xlsx,Scenario
SCN_B52DAD9E5A00,Scenario,多模态内容生成（CogView）,多模态内容生成（cogview）,company-info_with_url.xlsx,Scenario
SCN_1E33F62CF008,Scenario,数字人,数字人,company-info_with_url.xlsx,Scenario
SCN_CB83D0074C27,Scenario,智慧手语,智慧手语,company-info_with_url.xlsx,Scenario
SCN_F974AC382292,Scenario,人才画像分析（AMiner,人才画像分析（aminer,company-info_with_url.xlsx,Scenario
SCN_602DBD18B4D6,Scenario,塔尖人才,塔尖人才,company-info_with_url.xlsx,Scenario
SCN_6CDC864CCE79,Scenario,知因分析,知因分析,company-info_with_url.xlsx,Scenario
SCN_B13FFC2BE414,Scenario,若邻画像）等。,若邻画像）等。,company-info_with_url.xlsx,Scenario
SUP_513F1BDDF82D,Supplier,GPU服务器供应商（华为云,gpu服务器供应商（华为云,company-info_with_url.xlsx,Supplier
SUP_875BDFC769A2,Supplier,阿里云等）,阿里云等）,company-info_with_url.xlsx,Supplier
SUP_E6A59B5CF848,Supplier,AI训练数据服务商,ai训练数据服务商,company-info_with_url.xlsx,Supplier
DEM_7A3AD255AFA8,DemandTag,资金（用于基座大模型的进一步研发）。根据网络信息,资金（用于基座大模型的进一步研发）。根据网络信息,company-info_with_url.xlsx,DemandTag
DEM_F0580E1959C2,DemandTag,公司近期持续融资,公司近期持续融资,company-info_with_url.xlsx,DemandTag
DEM_2CD792C28587,DemandTag,最新为E+轮。,最新为e+轮。,company-info_with_url.xlsx,DemandTag
PROD_91DB28E9D5EF,Product,星载激光通信终端（空间激光通信终端）,星载激光通信终端（空间激光通信终端）,company-info_with_url.xlsx,Product
CAP_B67701640635,Capability,空间激光通信技术,空间激光通信技术,company-info_with_url.xlsx,Capability
CAP_CA94464A2FB1,Capability,高带宽,高带宽,company-info_with_url.xlsx,Capability
CAP_96441B57D516,Capability,高可靠,高可靠,company-info_with_url.xlsx,Capability
CAP_37C15BBF6DF0,Capability,高安全,高安全,company-info_with_url.xlsx,Capability
CAP_A8A8BABF1161,Capability,轻小型化的激光通信终端,轻小型化的激光通信终端,company-info_with_url.xlsx,Capability
CAP_C370FA7D8BB9,Capability,星载激光通信终端产品,星载激光通信终端产品,company-info_with_url.xlsx,Capability
IND_31AA60DAEF73,Industry,卫星通信,卫星通信,company-info_with_url.xlsx,Industry
IND_7E547F135E4E,Industry,航空航天光通信,航空航天光通信,company-info_with_url.xlsx,Industry
SCN_3181A2C6A6A7,Scenario,低轨卫星,低轨卫星,company-info_with_url.xlsx,Scenario
SCN_7D791A9BB11C,Scenario,星间通信,星间通信,company-info_with_url.xlsx,Scenario
SCN_1BEA0E1FB9CD,Scenario,星地通信,星地通信,company-info_with_url.xlsx,Scenario
SCN_922FD5460A83,Scenario,临近空间通信,临近空间通信,company-info_with_url.xlsx,Scenario
CUS_87529321C65D,Customer,暂无公开客户信息（量子通信,暂无公开客户信息（量子通信,company-info_with_url.xlsx,Customer
CUS_61474FCCD70A,Customer,空间激光通信方向）,空间激光通信方向）,company-info_with_url.xlsx,Customer
DEM_F0F06FB50BEF,DemandTag,产能扩张及商业航天基础设施建设）,产能扩张及商业航天基础设施建设）,company-info_with_url.xlsx,DemandTag
DEM_0EB2B7451001,DemandTag,产业资源,产业资源,company-info_with_url.xlsx,DemandTag
PROD_72B21E5CF9A2,Product,牵引车（新能源智能重卡）,牵引车（新能源智能重卡）,company-info_with_url.xlsx,Product
CAP_80B1C5EB92E9,Capability,新能源智能整车研发,新能源智能整车研发,company-info_with_url.xlsx,Capability
CAP_9D8F2B37071F,Capability,重点围绕商用汽车“智能化,重点围绕商用汽车“智能化,company-info_with_url.xlsx,Capability
CAP_65CEAE2E8E2C,Capability,电动化,电动化,company-info_with_url.xlsx,Capability
CAP_4418E835397C,Capability,网联化,网联化,company-info_with_url.xlsx,Capability
CAP_441AACBBAA52,Capability,轻量化”开展研发创新。具体技术电驱与电控,轻量化”开展研发创新。具体技术电驱与电控,company-info_with_url.xlsx,Capability
CAP_6AFF9A4F993A,Capability,电子电器,电子电器,company-info_with_url.xlsx,Capability
CAP_318F013332BD,Capability,驾驶室,驾驶室,company-info_with_url.xlsx,Capability
CAP_D585E338D3E4,Capability,动力与底盘,动力与底盘,company-info_with_url.xlsx,Capability
CAP_B3E8D7C14AA2,Capability,自动驾驶。产品线牵引车,自动驾驶。产品线牵引车,company-info_with_url.xlsx,Capability
CAP_ADC53064FE22,Capability,自卸工程车,自卸工程车,company-info_with_url.xlsx,Capability
CAP_156B7FD79D79,Capability,载货车,载货车,company-info_with_url.xlsx,Capability
CAP_B3FC47D43E30,Capability,特种车,特种车,company-info_with_url.xlsx,Capability
CAP_CC84E8840316,Capability,环卫车等新能源商用车型,环卫车等新能源商用车型,company-info_with_url.xlsx,Capability
IND_22A22E57F2FE,Industry,商用汽车行业,商用汽车行业,company-info_with_url.xlsx,Industry
IND_63D93D3CB1EF,Industry,具体包括物流运输（牵引车,具体包括物流运输（牵引车,company-info_with_url.xlsx,Industry
IND_98C1FDBA82F8,Industry,载货车）,载货车）,company-info_with_url.xlsx,Industry
IND_648B18DD51F7,Industry,工程建设（自卸工程车）,工程建设（自卸工程车）,company-info_with_url.xlsx,Industry
IND_75FBD278F4D1,Industry,特种作业（特种车）,特种作业（特种车）,company-info_with_url.xlsx,Industry
IND_E765E005C4AD,Industry,市政环卫（环卫车）等。,市政环卫（环卫车）等。,company-info_with_url.xlsx,Industry
SCN_959BECD3D175,Scenario,短倒运输,短倒运输,company-info_with_url.xlsx,Scenario
SCN_2696A963DEF5,Scenario,环卫作业等商用车辆运营场景。,环卫作业等商用车辆运营场景。,company-info_with_url.xlsx,Scenario
CUS_93117BCC0988,Customer,陕汽控股,陕汽控股,company-info_with_url.xlsx,Customer
CUS_71DEBFB6E49F,Customer,陕汽集团（战略合作,陕汽集团（战略合作,company-info_with_url.xlsx,Customer
CUS_2685C8B7CD48,Customer,批量交付新能源商用车）,批量交付新能源商用车）,company-info_with_url.xlsx,Customer
CUS_621299455984,Customer,北京房山区（氢燃料环卫车批量交付）,北京房山区（氢燃料环卫车批量交付）,company-info_with_url.xlsx,Customer
CUS_673D2B6919EC,Customer,澳大利亚,澳大利亚,company-info_with_url.xlsx,Customer
CUS_022FE4067409,Customer,东南亚海外客户（氢能重卡出口）,东南亚海外客户（氢能重卡出口）,company-info_with_url.xlsx,Customer
CUS_A9F4231F436A,Customer,河南,河南,company-info_with_url.xlsx,Customer
CUS_B18AFC925C1A,Customer,陕西等地物流运输客户（新能源商用车需求方）,陕西等地物流运输客户（新能源商用车需求方）,company-info_with_url.xlsx,Customer
SUP_388433C1401D,Supplier,氢燃料电池电堆,氢燃料电池电堆,company-info_with_url.xlsx,Supplier
SUP_0EA4B46AF2C6,Supplier,双极板核心零部件供应商,双极板核心零部件供应商,company-info_with_url.xlsx,Supplier
DEM_6C05D65813B4,DemandTag,根据其最新融资用途（研发投入和产线建设）,根据其最新融资用途（研发投入和产线建设）,company-info_with_url.xlsx,DemandTag
DEM_557AE9765210,DemandTag,当前最需要资金资源用于研发和产能扩张。同时,当前最需要资金资源用于研发和产能扩张。同时,company-info_with_url.xlsx,DemandTag
DEM_9DC735A0C9BE,DemandTag,作为新品牌,作为新品牌,company-info_with_url.xlsx,DemandTag
DEM_F435C3A54185,DemandTag,也需要市场渠道和客户资源。,也需要市场渠道和客户资源。,company-info_with_url.xlsx,DemandTag
PROD_DF2298AB0FC8,Product,端侧智能部件芯片（CMS电子后视镜,端侧智能部件芯片（cms电子后视镜,company-info_with_url.xlsx,Product
PROD_689E8328B2DC,Product,ADB自适应远光灯）,adb自适应远光灯）,company-info_with_url.xlsx,Product
PROD_4CD6A6619886,Product,智能区域处理器（ZCU）芯片,智能区域处理器（zcu）芯片,company-info_with_url.xlsx,Product
PROD_A7CB0CB915A6,Product,L2,l2,company-info_with_url.xlsx,Product
PROD_A32AF49C6831,Product,L2+行泊一体中央计算单元芯片,l2+行泊一体中央计算单元芯片,company-info_with_url.xlsx,Product
CAP_3039658A6F8F,Capability,具备业界智能算法和灵活分层交付的解决方案,具备业界智能算法和灵活分层交付的解决方案,company-info_with_url.xlsx,Capability
IND_3A1CB94BA647,Industry,汽车行业,汽车行业,company-info_with_url.xlsx,Industry
IND_E5609CC5AB60,Industry,特别是智能汽车领域。,特别是智能汽车领域。,company-info_with_url.xlsx,Industry
SCN_EED3DB65BC49,Scenario,智能汽车端侧部件（如电子后视镜,智能汽车端侧部件（如电子后视镜,company-info_with_url.xlsx,Scenario
SCN_A0DEBC2003AB,Scenario,自适应远光灯）,自适应远光灯）,company-info_with_url.xlsx,Scenario
SCN_FD333371CA55,Scenario,区域控制器（ZCU）,区域控制器（zcu）,company-info_with_url.xlsx,Scenario
SCN_D95FE49C301B,Scenario,自动驾驶中央计算单元。,自动驾驶中央计算单元。,company-info_with_url.xlsx,Scenario
CUS_191100CD3D2A,Customer,暂无公开客户信息（汽车AI芯片方向）,暂无公开客户信息（汽车ai芯片方向）,company-info_with_url.xlsx,Customer
DEM_AF6AFCA9C6A4,DemandTag,产业股东（已具备）在芯片主导权,产业股东（已具备）在芯片主导权,company-info_with_url.xlsx,DemandTag
DEM_72C4F2775F2A,DemandTag,选型权,选型权,company-info_with_url.xlsx,DemandTag
DEM_1A4D25180DD8,DemandTag,产品定义,产品定义,company-info_with_url.xlsx,DemandTag
DEM_073235CD2B4E,DemandTag,方案验证测试,方案验证测试,company-info_with_url.xlsx,DemandTag
DEM_7B065452C565,DemandTag,市场导入,市场导入,company-info_with_url.xlsx,DemandTag
DEM_B35C897D5D6D,DemandTag,车规流程及产业生态建立方面提供支持。,车规流程及产业生态建立方面提供支持。,company-info_with_url.xlsx,DemandTag
PROD_343A90F6C23D,Product,深圳市光途显示科技（待查,深圳市光途显示科技（待查,company-info_with_url.xlsx,Product
PROD_C1D1EDC06740,Product,无公开信息）,无公开信息）,company-info_with_url.xlsx,Product
CAP_5C7149285AB2,Capability,显示技术（未查到具体核心技术）,显示技术（未查到具体核心技术）,company-info_with_url.xlsx,Capability
DEM_1A4901CD571C,DemandTag,根据其发布采购询价信息的行为,根据其发布采购询价信息的行为,company-info_with_url.xlsx,DemandTag
DEM_97938B320FFF,DemandTag,推断其当前可能最需要供应链资源（原材料,推断其当前可能最需要供应链资源（原材料,company-info_with_url.xlsx,DemandTag
DEM_8557EA6E3FB8,DemandTag,零部件等）以支持生产业务。,零部件等）以支持生产业务。,company-info_with_url.xlsx,DemandTag
PROD_4F0C937B7931,Product,精密微阻值电流传感器,精密微阻值电流传感器,company-info_with_url.xlsx,Product
PROD_B975320B5A54,Product,电路保护器件和组合电路保护方案,电路保护器件和组合电路保护方案,company-info_with_url.xlsx,Product
CAP_F4E423F886C6,Capability,电子产品的研发,电子产品的研发,company-info_with_url.xlsx,Capability
CAP_872C5EDC4681,Capability,设计,设计,company-info_with_url.xlsx,Capability
CAP_BD68871F0EF4,Capability,销售,销售,company-info_with_url.xlsx,Capability
IND_D4A66C5CE0A3,Industry,汽车电子等需要电路保护和电流检测的行业,汽车电子等需要电路保护和电流检测的行业,company-info_with_url.xlsx,Industry
SCN_2F02B1E8E00F,Scenario,电路保护,电路保护,company-info_with_url.xlsx,Scenario
SCN_E141CB3E8668,Scenario,电流检测与监控,电流检测与监控,company-info_with_url.xlsx,Scenario
SCN_2B98F627D307,Scenario,电源管理,电源管理,company-info_with_url.xlsx,Scenario
CUS_1E86E807F020,Customer,工业控制,工业控制,company-info_with_url.xlsx,Customer
CUS_D5B690A77768,Customer,汽车电子,汽车电子,company-info_with_url.xlsx,Customer
CUS_5E45276E72A1,Customer,新能源车,新能源车,company-info_with_url.xlsx,Customer
CUS_5307642C832E,Customer,光伏储能等终端厂商,光伏储能等终端厂商,company-info_with_url.xlsx,Customer
SUP_9983179DA487,Supplier,电子元器件,电子元器件,company-info_with_url.xlsx,Supplier
SUP_1F0B698A718F,Supplier,半导体材料供应商,半导体材料供应商,company-info_with_url.xlsx,Supplier
DEM_AA7E7858F58F,DemandTag,研发投入,研发投入,company-info_with_url.xlsx,DemandTag
DEM_E50F89F3E350,DemandTag,产能扩张资金,产能扩张资金,company-info_with_url.xlsx,DemandTag
DEM_66B1EAEB656F,DemandTag,产业链上下游整合机会,产业链上下游整合机会,company-info_with_url.xlsx,DemandTag
PROD_E1A9F6E20D14,Product,闻海大模型,闻海大模型,company-info_with_url.xlsx,Product
PROD_D720A8AE7CF4,Product,雅意大模型,雅意大模型,company-info_with_url.xlsx,Product
PROD_D2E489B28DE3,Product,DIOS认知决策平台,dios认知决策平台,company-info_with_url.xlsx,Product
CAP_1AA5DD16B522,Capability,闻海,闻海,company-info_with_url.xlsx,Capability
CAP_BB1719C6BDA9,Capability,雅意大模型,雅意大模型,company-info_with_url.xlsx,Capability
CAP_70ECC4B5AB56,Capability,DIOS认知决策平台等系列产品,dios认知决策平台等系列产品,company-info_with_url.xlsx,Capability
CAP_4D42802E2BA3,Capability,聚焦DI+AI+OR（数据智能+人工智能+运筹学）智能计算,聚焦di+ai+or（数据智能+人工智能+运筹学）智能计算,company-info_with_url.xlsx,Capability
IND_CA15259F24B3,Industry,安全,安全,company-info_with_url.xlsx,Industry
IND_DA3369DB61E4,Industry,媒宣,媒宣,company-info_with_url.xlsx,Industry
IND_DFBED9C4684A,Industry,海关,海关,company-info_with_url.xlsx,Industry
IND_75138B9D4E80,Industry,冬奥会国际传播与舆论监测,冬奥会国际传播与舆论监测,company-info_with_url.xlsx,Industry
IND_715F80DE6890,Industry,互联网金融监管,互联网金融监管,company-info_with_url.xlsx,Industry
IND_03903C6B870D,Industry,高校及科研院所。,高校及科研院所。,company-info_with_url.xlsx,Industry
SCN_5DC5B042C491,Scenario,冬奥国际传播与全球舆论监测,冬奥国际传播与全球舆论监测,company-info_with_url.xlsx,Scenario
SCN_5DD400AFEEE3,Scenario,海关“智慧缉私”系统与智慧缉毒平台,海关“智慧缉私”系统与智慧缉毒平台,company-info_with_url.xlsx,Scenario
SCN_D76FE30689F3,Scenario,国家和省市互联网金融与非法集资监管平台,国家和省市互联网金融与非法集资监管平台,company-info_with_url.xlsx,Scenario
SCN_18E0585F3C2B,Scenario,媒体宣传,媒体宣传,company-info_with_url.xlsx,Scenario
SCN_6CF13FBE0DAB,Scenario,金融风控与服务。,金融风控与服务。,company-info_with_url.xlsx,Scenario
CUS_AFCD8A3B5431,Customer,中央及各省市党政宣传部门,中央及各省市党政宣传部门,company-info_with_url.xlsx,Customer
CUS_B0CC0BDB6CA5,Customer,媒体机构,媒体机构,company-info_with_url.xlsx,Customer
CUS_4467FF938E57,Customer,"政府大数据局（""红旗""融媒体","政府大数据局（""红旗""融媒体",company-info_with_url.xlsx,Customer
CUS_F0DF41F250AF,Customer,舆情监测,舆情监测,company-info_with_url.xlsx,Customer
CUS_1EB2419184C3,Customer,智慧治理平台覆盖650+政企客户）,智慧治理平台覆盖650+政企客户）,company-info_with_url.xlsx,Customer
CUS_7ECBDBF98B0F,Customer,赴港交所递交上市申请,赴港交所递交上市申请,company-info_with_url.xlsx,Customer
SUP_5B1F309FDC3B,Supplier,AI算力基础设施,ai算力基础设施,company-info_with_url.xlsx,Supplier
SUP_723987DB627E,Supplier,数据服务供应商,数据服务供应商,company-info_with_url.xlsx,Supplier
DEM_D706B0B2DF84,DemandTag,资金用于决策智能与大模型领域的研发投入（根据最新战略融资信息）,资金用于决策智能与大模型领域的研发投入（根据最新战略融资信息）,company-info_with_url.xlsx,DemandTag
DEM_56DA032084CE,DemandTag,以及推进通用人工智能技术商业应用。,以及推进通用人工智能技术商业应用。,company-info_with_url.xlsx,DemandTag
PROD_D2885E6703B1,Product,MH170氢燃料电池电堆（最大功率376kW）,mh170氢燃料电池电堆（最大功率376kw）,company-info_with_url.xlsx,Product
CAP_211C95DD7C65,Capability,氢燃料电池电堆（特别是金属双极板电堆）的研发,氢燃料电池电堆（特别是金属双极板电堆）的研发,company-info_with_url.xlsx,Capability
CAP_190E110DAC7C,Capability,设计与产业化。具备正向设计能力和金属双极板研发能力。主打产品为MH170电堆,设计与产业化。具备正向设计能力和金属双极板研发能力。主打产品为mh170电堆,company-info_with_url.xlsx,Capability
CAP_07F298A9C2BE,Capability,最大功率376kW,最大功率376kw,company-info_with_url.xlsx,Capability
CAP_71166E127956,Capability,可匹配300kW系统,可匹配300kw系统,company-info_with_url.xlsx,Capability
IND_0BE11DD1CA5E,Industry,交通运输（商用车为主）,交通运输（商用车为主）,company-info_with_url.xlsx,Industry
IND_0F8F1FBFB18F,Industry,飞机,飞机,company-info_with_url.xlsx,Industry
IND_69BF26C68CBC,Industry,大型工程机械,大型工程机械,company-info_with_url.xlsx,Industry
IND_E78811651E26,Industry,能源（备用电源,能源（备用电源,company-info_with_url.xlsx,Industry
IND_A2550F959241,Industry,分布式发电,分布式发电,company-info_with_url.xlsx,Industry
IND_1857D029B43A,Industry,热电联供）,热电联供）,company-info_with_url.xlsx,Industry
IND_3022A9CD1398,Industry,氢燃料电池行业。,氢燃料电池行业。,company-info_with_url.xlsx,Industry
SCN_BF9FE74B6BF3,Scenario,应用场景已实现矿车,应用场景已实现矿车,company-info_with_url.xlsx,Scenario
SCN_6A1C03BE3D84,Scenario,大型重卡,大型重卡,company-info_with_url.xlsx,Scenario
SCN_3612822CAD48,Scenario,公交,公交,company-info_with_url.xlsx,Scenario
SCN_BA05493B4C17,Scenario,环卫,环卫,company-info_with_url.xlsx,Scenario
SCN_B81FB292CD6D,Scenario,垃圾运输,垃圾运输,company-info_with_url.xlsx,Scenario
SCN_CD59883A087A,Scenario,水泥搅拌,水泥搅拌,company-info_with_url.xlsx,Scenario
SCN_FC72C65781D6,Scenario,牵引车等商用车的应用验证。,牵引车等商用车的应用验证。,company-info_with_url.xlsx,Scenario
CUS_5CC362BED8D4,Customer,氢燃料电池汽车厂商,氢燃料电池汽车厂商,company-info_with_url.xlsx,Customer
CUS_F94E8E240A0B,Customer,氢能商用车整车厂（金属双极板氢燃料电池电堆定制开发客户）,氢能商用车整车厂（金属双极板氢燃料电池电堆定制开发客户）,company-info_with_url.xlsx,Customer
CUS_1C3C02E452BD,Customer,新乡市氢燃料电池示范线项目合作方,新乡市氢燃料电池示范线项目合作方,company-info_with_url.xlsx,Customer
SUP_B8F03254D9BA,Supplier,金属双极板材料,金属双极板材料,company-info_with_url.xlsx,Supplier
DEM_EE345DF252CD,DemandTag,需要额外补齐市场拓展渠道,需要额外补齐市场拓展渠道,company-info_with_url.xlsx,DemandTag
DEM_E76A4519759A,DemandTag,大规模生产资金,大规模生产资金,company-info_with_url.xlsx,DemandTag
PROD_B5CF9125E44C,Product,液驱式压缩机系统,液驱式压缩机系统,company-info_with_url.xlsx,Product
PROD_8BA33047F7C7,Product,加氢站核心设备（压缩机,加氢站核心设备（压缩机,company-info_with_url.xlsx,Product
PROD_D19C2A8A2E84,Product,阀门管路,阀门管路,company-info_with_url.xlsx,Product
PROD_52024EF0375C,Product,整站系统,整站系统,company-info_with_url.xlsx,Product
PROD_95C4B7A2813E,Product,站控软件）,站控软件）,company-info_with_url.xlsx,Product
PROD_AA2EAD73D9E2,Product,高压储氢容器,高压储氢容器,company-info_with_url.xlsx,Product
CAP_3A9F863E5C56,Capability,高压高温流体成套设备系统集成,高压高温流体成套设备系统集成,company-info_with_url.xlsx,Capability
CAP_FB05CAAF5DC0,Capability,高压高纯气体增压系统与高压检测系统,高压高纯气体增压系统与高压检测系统,company-info_with_url.xlsx,Capability
CAP_B2D4D5723D4E,Capability,航天发射配气台,航天发射配气台,company-info_with_url.xlsx,Capability
CAP_D91D68C929B2,Capability,高压仿真测试系统,高压仿真测试系统,company-info_with_url.xlsx,Capability
CAP_9DF31C384135,Capability,高压充氮,高压充氮,company-info_with_url.xlsx,Capability
CAP_901FDF9D20CF,Capability,氧车等定制化设备,氧车等定制化设备,company-info_with_url.xlsx,Capability
IND_81EC86A931D5,Industry,氢能（交通,氢能（交通,company-info_with_url.xlsx,Industry
IND_468534AA7B7E,Industry,能源）,能源）,company-info_with_url.xlsx,Industry
IND_6E47E10801C0,Industry,航天军工,航天军工,company-info_with_url.xlsx,Industry
IND_059C2E6EB303,Industry,燃气,燃气,company-info_with_url.xlsx,Industry
IND_57B9AF0654E5,Industry,煤炭,煤炭,company-info_with_url.xlsx,Industry
IND_A213DE6B2CB5,Industry,交通新能源行业等。,交通新能源行业等。,company-info_with_url.xlsx,Industry
SCN_10F49278038A,Scenario,加氢站（移动式,加氢站（移动式,company-info_with_url.xlsx,Scenario
SCN_CA105C1F9C71,Scenario,固定式）整体解决方案,固定式）整体解决方案,company-info_with_url.xlsx,Scenario
SCN_D7A27564A7AF,Scenario,高压气体增压与检测,高压气体增压与检测,company-info_with_url.xlsx,Scenario
SCN_D2D48EB1FAB9,Scenario,航天军工领域的高压用气定制化设备及系统（如发射配气,航天军工领域的高压用气定制化设备及系统（如发射配气,company-info_with_url.xlsx,Scenario
SCN_514C5A53FD9C,Scenario,仿真测试,仿真测试,company-info_with_url.xlsx,Scenario
SCN_1173642A2A74,Scenario,高压充装）。,高压充装）。,company-info_with_url.xlsx,Scenario
CUS_66733D0677BD,Customer,苏州迈为,苏州迈为,company-info_with_url.xlsx,Customer
CUS_2B06DBE1061D,Customer,中电科,中电科,company-info_with_url.xlsx,Customer
CUS_379DD76FD991,Customer,大族激光等系统集成商,大族激光等系统集成商,company-info_with_url.xlsx,Customer
CUS_13411ACE1AFB,Customer,隆基,隆基,company-info_with_url.xlsx,Customer
CUS_1D5FDAB06BBB,Customer,通威等终端用户,通威等终端用户,company-info_with_url.xlsx,Customer
CUS_A74FD2C92060,Customer,产品出口至韩国,产品出口至韩国,company-info_with_url.xlsx,Customer
CUS_D16798E91777,Customer,日本,日本,company-info_with_url.xlsx,Customer
CUS_BDC2800BF62E,Customer,新加坡,新加坡,company-info_with_url.xlsx,Customer
CUS_7C97316814DC,Customer,以色列,以色列,company-info_with_url.xlsx,Customer
CUS_DFCAF0C75A5B,Customer,香港,香港,company-info_with_url.xlsx,Customer
CUS_C9ADD4C3A5B8,Customer,台湾等国家和地区,台湾等国家和地区,company-info_with_url.xlsx,Customer
DEM_1D1A632007AE,DemandTag,根据信息“已进行多轮融资,根据信息“已进行多轮融资,company-info_with_url.xlsx,DemandTag
DEM_7737FAC30AB9,DemandTag,目前正在准备科创板上市”,目前正在准备科创板上市”,company-info_with_url.xlsx,DemandTag
DEM_10FF5CCCDC21,DemandTag,推断当前最需要资本市场资源以支持上市进程及后续发展。,推断当前最需要资本市场资源以支持上市进程及后续发展。,company-info_with_url.xlsx,DemandTag
PROD_4CB991DACBCE,Product,精密光机装配（高精密轴系装配,精密光机装配（高精密轴系装配,company-info_with_url.xlsx,Product
PROD_523AD098B99E,Product,精密光学镜头系统）,精密光学镜头系统）,company-info_with_url.xlsx,Product
CAP_1146196DBC26,Capability,高精密光,高精密光,company-info_with_url.xlsx,Capability
CAP_03CD0645BD8E,Capability,机零部件及光机电系统整机研发,机零部件及光机电系统整机研发,company-info_with_url.xlsx,Capability
CAP_333B00D6AFFD,Capability,生产制造和装配技术,生产制造和装配技术,company-info_with_url.xlsx,Capability
CAP_2FEACD5D8715,Capability,精密机械制造（轴类,精密机械制造（轴类,company-info_with_url.xlsx,Capability
CAP_BAB1C0DE465F,Capability,转台类,转台类,company-info_with_url.xlsx,Capability
CAP_822A2194CE7A,Capability,复杂类零件）,复杂类零件）,company-info_with_url.xlsx,Capability
CAP_D5EAF25D288C,Capability,精密光学制造（高精度透镜,精密光学制造（高精度透镜,company-info_with_url.xlsx,Capability
CAP_4B71CA513948,Capability,棱镜,棱镜,company-info_with_url.xlsx,Capability
CAP_E7725BDB3917,Capability,非球面）,非球面）,company-info_with_url.xlsx,Capability
SCN_8AF5A447D6A7,Scenario,航空航天领域的精密光机零部件制造,航空航天领域的精密光机零部件制造,company-info_with_url.xlsx,Scenario
SCN_71054821FF9F,Scenario,高精密光电系统整机装配,高精密光电系统整机装配,company-info_with_url.xlsx,Scenario
SCN_F7580D9F2908,Scenario,国防重大科研任务配套。,国防重大科研任务配套。,company-info_with_url.xlsx,Scenario
CUS_197EBFD923E0,Customer,国家重大军工科研项目（光学元件供货）,国家重大军工科研项目（光学元件供货）,company-info_with_url.xlsx,Customer
CUS_D1845B0A26EE,Customer,中国科学院西安光学精密机械研究所全资控股,中国科学院西安光学精密机械研究所全资控股,company-info_with_url.xlsx,Customer
CUS_4B5D5E7B2ED7,Customer,航空航天,航空航天,company-info_with_url.xlsx,Customer
CUS_0F941E698733,Customer,军工光学精密元件需求方,军工光学精密元件需求方,company-info_with_url.xlsx,Customer
SUP_B3E60CED301B,Supplier,高精度光学材料,高精度光学材料,company-info_with_url.xlsx,Supplier
SUP_0894B4C1ECFD,Supplier,光学玻璃,光学玻璃,company-info_with_url.xlsx,Supplier
SUP_CC695C277685,Supplier,精密加工设备供应商,精密加工设备供应商,company-info_with_url.xlsx,Supplier
DEM_8E91B755BB4E,DemandTag,信息不足,信息不足,company-info_with_url.xlsx,DemandTag
DEM_1E7BE22E0776,DemandTag,暂无。根据其A轮融资情况,暂无。根据其a轮融资情况,company-info_with_url.xlsx,DemandTag
DEM_6F7127665462,DemandTag,可能为扩大生产规模,可能为扩大生产规模,company-info_with_url.xlsx,DemandTag
DEM_0F4AB27E764D,DemandTag,拓展新应用领域或进一步研发所需的资金。,拓展新应用领域或进一步研发所需的资金。,company-info_with_url.xlsx,DemandTag
PROD_37F7A4E4EF35,Product,以多维图像信息及光电传感信息获取,以多维图像信息及光电传感信息获取,company-info_with_url.xlsx,Product
PROD_3037E752ADE0,Product,并行处理技术为基础,并行处理技术为基础,company-info_with_url.xlsx,Product
PROD_4DBD1386A2BB,Product,致力于攻克或提升智能机器视觉发展。具体产品智能装配机器人,致力于攻克或提升智能机器视觉发展。具体产品智能装配机器人,company-info_with_url.xlsx,Product
PROD_A3DBD1A12EC5,Product,移动式智能作业机器人,移动式智能作业机器人,company-info_with_url.xlsx,Product
PROD_73B6C1A6FD1C,Product,快速光电扫描预警系统,快速光电扫描预警系统,company-info_with_url.xlsx,Product
PROD_8055AD383478,Product,AOI系统,aoi系统,company-info_with_url.xlsx,Product
PROD_622DC56E0928,Product,iGPS（室内GPS）大尺寸三维测量系统,igps（室内gps）大尺寸三维测量系统,company-info_with_url.xlsx,Product
CAP_847C9150045A,Capability,多维图像信息获取与并行处理技术,多维图像信息获取与并行处理技术,company-info_with_url.xlsx,Capability
CAP_F098C7AD1A75,Capability,机器视觉技术,机器视觉技术,company-info_with_url.xlsx,Capability
IND_5EC480466207,Industry,国防装备（军工）,国防装备（军工）,company-info_with_url.xlsx,Industry
IND_AC97F165E16D,Industry,智能制造（工业自动化）,智能制造（工业自动化）,company-info_with_url.xlsx,Industry
IND_55F953CD772B,Industry,安防监测,安防监测,company-info_with_url.xlsx,Industry
IND_4012176127FF,Industry,精密测量。,精密测量。,company-info_with_url.xlsx,Industry
SCN_9E5D134D461C,Scenario,1. 军工光电装备的精确测量,1. 军工光电装备的精确测量,company-info_with_url.xlsx,Scenario
SCN_9AAA86FE853F,Scenario,智能识别与精密控制,智能识别与精密控制,company-info_with_url.xlsx,Scenario
SCN_CAD8BFCA66D5,Scenario,2. 工业领域的柔性精密装配,2. 工业领域的柔性精密装配,company-info_with_url.xlsx,Scenario
SCN_659D4B23D163,Scenario,在线检测,在线检测,company-info_with_url.xlsx,Scenario
SCN_19EDBAADEFED,Scenario,3. 自动化立体物流仓储分拣搬运,3. 自动化立体物流仓储分拣搬运,company-info_with_url.xlsx,Scenario
SCN_62DAD44B4D33,Scenario,4. 特定场所（如安防）的入侵目标搜索,4. 特定场所（如安防）的入侵目标搜索,company-info_with_url.xlsx,Scenario
SCN_482C39FF5483,Scenario,跟踪与观测,跟踪与观测,company-info_with_url.xlsx,Scenario
SCN_F4F8D9493D5B,Scenario,5. 大尺寸工件的高精度三维测量。,5. 大尺寸工件的高精度三维测量。,company-info_with_url.xlsx,Scenario
CUS_4AA4E194C39F,Customer,百川能源（A股上市公司）2.15亿战略投资并持有22.86%股权（具身智能机器人方向）,百川能源（a股上市公司）2.15亿战略投资并持有22.86%股权（具身智能机器人方向）,company-info_with_url.xlsx,Customer
CUS_95157A085ACA,Customer,钢结构,钢结构,company-info_with_url.xlsx,Customer
CUS_BA02EED02C38,Customer,制造业焊接机器人集成客户,制造业焊接机器人集成客户,company-info_with_url.xlsx,Customer
SUP_F2D7D6E606AA,Supplier,工业机器人核心零部件,工业机器人核心零部件,company-info_with_url.xlsx,Supplier
SUP_1CAD685E3FFE,Supplier,视觉传感器,视觉传感器,company-info_with_url.xlsx,Supplier
SUP_89D0500804C9,Supplier,运动控制系统供应商,运动控制系统供应商,company-info_with_url.xlsx,Supplier
DEM_60F56B931713,DemandTag,根据其“早中期科创企业”的定位及母公司西科控股为其争取“硬科技创新贷”的报道,根据其“早中期科创企业”的定位及母公司西科控股为其争取“硬科技创新贷”的报道,company-info_with_url.xlsx,DemandTag
DEM_A3F01AC099ED,DemandTag,推断当前最需要的是金融资本支持（如银行贷款,推断当前最需要的是金融资本支持（如银行贷款,company-info_with_url.xlsx,DemandTag
DEM_B70B8064A0FA,DemandTag,股权融资）,股权融资）,company-info_with_url.xlsx,DemandTag
DEM_AEFD235CDECC,DemandTag,以支持技术研发,以支持技术研发,company-info_with_url.xlsx,DemandTag
DEM_A06955BF8E21,DemandTag,市场拓展及规模化生产。,市场拓展及规模化生产。,company-info_with_url.xlsx,DemandTag
PROD_3B3F52CF1161,Product,军⽤⾼可靠通信芯⽚（FC,军⽤⾼可靠通信芯⽚（fc,company-info_with_url.xlsx,Product
PROD_AA6AB38A6874,Product,TSN,tsn,company-info_with_url.xlsx,Product
PROD_089F545AE558,Product,数据链技术）,数据链技术）,company-info_with_url.xlsx,Product
PROD_8DBF3DA8A8E9,Product,⺠⽤⻋载以太⽹通信芯⽚,⺠⽤⻋载以太⽹通信芯⽚,company-info_with_url.xlsx,Product
PROD_BF209445C19D,Product,光纤总线协议芯⽚（如国内⾸款光纤总线协议芯⽚,光纤总线协议芯⽚（如国内⾸款光纤总线协议芯⽚,company-info_with_url.xlsx,Product
PROD_D68E1650F2EF,Product,国际⾸款ASIC光纤总线协议芯⽚）,国际⾸款asic光纤总线协议芯⽚）,company-info_with_url.xlsx,Product
PROD_615FF281488B,Product,C-AE-1553仿真卡,c-ae-1553仿真卡,company-info_with_url.xlsx,Product
PROD_7B70CF7CD657,Product,协议分析仪等光纤通信产品及配套技术服务,协议分析仪等光纤通信产品及配套技术服务,company-info_with_url.xlsx,Product
CAP_C71F30C0E9F2,Capability,军用高可靠光纤总线通信芯片,军用高可靠光纤总线通信芯片,company-info_with_url.xlsx,Capability
CAP_90A6CA1AC4AE,Capability,TSN时间敏感网络,tsn时间敏感网络,company-info_with_url.xlsx,Capability
CAP_425DBE8B9F95,Capability,车载以太网通信芯片,车载以太网通信芯片,company-info_with_url.xlsx,Capability
IND_C558642439A6,Industry,军⼯（新⼀代武器装备产业）,军⼯（新⼀代武器装备产业）,company-info_with_url.xlsx,Industry
IND_4E204151F5B9,Industry,汽⻋（新能源汽⻋,汽⻋（新能源汽⻋,company-info_with_url.xlsx,Industry
IND_AB95E4BA1D15,Industry,智能汽⻋电⼦产业）,智能汽⻋电⼦产业）,company-info_with_url.xlsx,Industry
IND_498FD784DCC0,Industry,⽆线航空电⼦（WAIC）产业。,⽆线航空电⼦（waic）产业。,company-info_with_url.xlsx,Industry
SCN_B9F2F5495C8C,Scenario,1. 国防装备：智能装备的⾼速数据传输和实时,1. 国防装备：智能装备的⾼速数据传输和实时,company-info_with_url.xlsx,Scenario
SCN_26B6220A4819,Scenario,⾼可靠传输。2. ⺠⽤汽⻋：新能源汽⻋和⽆⼈驾驶领域的⻋载通信⽹络,⾼可靠传输。2. ⺠⽤汽⻋：新能源汽⻋和⽆⼈驾驶领域的⻋载通信⽹络,company-info_with_url.xlsx,Scenario
SCN_AC43544E00CB,Scenario,提供⾼安全,提供⾼安全,company-info_with_url.xlsx,Scenario
SCN_4814708A54FC,Scenario,⾼可靠的通信解决⽅案。3. ⽆线航空电⼦（WAIC）：相关研究已填补国内空⽩。,⾼可靠的通信解决⽅案。3. ⽆线航空电⼦（waic）：相关研究已填补国内空⽩。,company-info_with_url.xlsx,Scenario
CUS_8953556AEF6B,Customer,航天,航天,company-info_with_url.xlsx,Customer
CUS_3984C98FF3D2,Customer,航空,航空,company-info_with_url.xlsx,Customer
CUS_652E459B8385,Customer,军用领域（光纤总线通信产品）,军用领域（光纤总线通信产品）,company-info_with_url.xlsx,Customer
CUS_71CCF837FFC4,Customer,重大装备,重大装备,company-info_with_url.xlsx,Customer
CUS_CBEB3B4D3EED,Customer,商业航天,商业航天,company-info_with_url.xlsx,Customer
CUS_626B4D5A6DA0,Customer,工业互联网客户（自主可控通信芯片方案）,工业互联网客户（自主可控通信芯片方案）,company-info_with_url.xlsx,Customer
SUP_7466550B0A25,Supplier,光纤通信核心芯片,光纤通信核心芯片,company-info_with_url.xlsx,Supplier
SUP_66A5511CD70A,Supplier,光模块,光模块,company-info_with_url.xlsx,Supplier
SUP_EFFB56FD46CC,Supplier,高速连接器供应商,高速连接器供应商,company-info_with_url.xlsx,Supplier
DEM_11DE181ABFB2,DemandTag,根据融资计划,根据融资计划,company-info_with_url.xlsx,DemandTag
DEM_111A7FBD21B7,DemandTag,当前需要资⾦⽤于研发投⼊和市场拓展。本轮融资计划2亿元。,当前需要资⾦⽤于研发投⼊和市场拓展。本轮融资计划2亿元。,company-info_with_url.xlsx,DemandTag
PROD_60B97D2D55B1,Product,基于第三代人工智能的安全可控技术,基于第三代人工智能的安全可控技术,company-info_with_url.xlsx,Product
PROD_B792D323547E,Product,大模型安全基座,大模型安全基座,company-info_with_url.xlsx,Product
PROD_9E3862A6FD96,Product,AI伪造内容检测基座,ai伪造内容检测基座,company-info_with_url.xlsx,Product
PROD_9BED66461EA0,Product,人脸识别系统安全防护解决方案,人脸识别系统安全防护解决方案,company-info_with_url.xlsx,Product
PROD_338914361FE6,Product,金融智慧风控,金融智慧风控,company-info_with_url.xlsx,Product
PROD_20E910B0D9B1,Product,智慧理财,智慧理财,company-info_with_url.xlsx,Product
PROD_10AE32E46554,Product,工业设备预测性维护等,工业设备预测性维护等,company-info_with_url.xlsx,Product
CAP_0E69E06B3940,Capability,第三代人工智能安全可控技术,第三代人工智能安全可控技术,company-info_with_url.xlsx,Capability
CAP_E23A5D802AD6,Capability,大模型安全基座,大模型安全基座,company-info_with_url.xlsx,Capability
CAP_800442646453,Capability,AI伪造内容检测,ai伪造内容检测,company-info_with_url.xlsx,Capability
IND_FE5F8AE8AE57,Industry,制造,制造,company-info_with_url.xlsx,Industry
IND_E80CAE7C51B7,Industry,互联网。,互联网。,company-info_with_url.xlsx,Industry
SCN_170BACFA82A1,Scenario,1. 金融行业：人脸识别系统安全防护,1. 金融行业：人脸识别系统安全防护,company-info_with_url.xlsx,Scenario
SCN_1E460868C623,Scenario,智慧风控,智慧风控,company-info_with_url.xlsx,Scenario
SCN_E551D1226CAE,Scenario,智慧理财。2. 工业领域：设备预测性维护。3. 通用安全：AI伪造内容（图片,智慧理财。2. 工业领域：设备预测性维护。3. 通用安全：ai伪造内容（图片,company-info_with_url.xlsx,Scenario
SCN_EFD0AF5D24D2,Scenario,视频,视频,company-info_with_url.xlsx,Scenario
SCN_25ACB4E18490,Scenario,音频）检测与防御,音频）检测与防御,company-info_with_url.xlsx,Scenario
SCN_97CAC406853B,Scenario,防AI诈骗与造谣。,防ai诈骗与造谣。,company-info_with_url.xlsx,Scenario
CUS_6F3101720C71,Customer,国家工业信息安全发展研究中心（战略合作）,国家工业信息安全发展研究中心（战略合作）,company-info_with_url.xlsx,Customer
CUS_A01B06C8FBAB,Customer,北京市政府（AI安全合作）,北京市政府（ai安全合作）,company-info_with_url.xlsx,Customer
CUS_194D3086819F,Customer,博汇科技（战略合作）,博汇科技（战略合作）,company-info_with_url.xlsx,Customer
SUP_54791C9ED239,Supplier,AI芯片,ai芯片,company-info_with_url.xlsx,Supplier
SUP_6D270E8D5E9B,Supplier,服务器供应商,服务器供应商,company-info_with_url.xlsx,Supplier
DEM_6A9E9DF7171A,DemandTag,暂无（基于其业务拓展描述,暂无（基于其业务拓展描述,company-info_with_url.xlsx,DemandTag
DEM_03C130A05EFB,DemandTag,可能需市场渠道,可能需市场渠道,company-info_with_url.xlsx,DemandTag
DEM_040D481853B9,DemandTag,行业客户资源及持续研发投入）。,行业客户资源及持续研发投入）。,company-info_with_url.xlsx,DemandTag
PROD_75BC9B808750,Product,轻质机电作动器,轻质机电作动器,company-info_with_url.xlsx,Product
PROD_7E7095B90314,Product,伺服电机,伺服电机,company-info_with_url.xlsx,Product
PROD_81A611EFCEDA,Product,伺服控制驱动集成产品,伺服控制驱动集成产品,company-info_with_url.xlsx,Product
CAP_AF5BD0CEB09D,Capability,1. 轻质小型化机电作动器设计技术,1. 轻质小型化机电作动器设计技术,company-info_with_url.xlsx,Capability
CAP_CF2BC0F8B99F,Capability,2. 高比功率伺服电机设计技术,2. 高比功率伺服电机设计技术,company-info_with_url.xlsx,Capability
CAP_23560B8FD3E0,Capability,3. 高比功率伺服控制驱动集成技术,3. 高比功率伺服控制驱动集成技术,company-info_with_url.xlsx,Capability
CAP_E276317D65A1,Capability,4. 新型智能机构技术,4. 新型智能机构技术,company-info_with_url.xlsx,Capability
CAP_E2397BBF124C,Capability,5. 高动态伺服回路控制及结构一体化设计及试验技术。核心产品：中小功率机电伺服（20w-1kw）,5. 高动态伺服回路控制及结构一体化设计及试验技术。核心产品：中小功率机电伺服（20w-1kw）,company-info_with_url.xlsx,Capability
CAP_6B5B4D47939D,Capability,中大功率机电伺服（1kw-20kw）,中大功率机电伺服（1kw-20kw）,company-info_with_url.xlsx,Capability
CAP_15118DA4B23F,Capability,伺服相关生产类产品,伺服相关生产类产品,company-info_with_url.xlsx,Capability
IND_5FD7236998EE,Industry,航海（海陆空天）等国防军工领域,航海（海陆空天）等国防军工领域,company-info_with_url.xlsx,Industry
IND_17118AEE1CD7,Industry,具体服务于导弹,具体服务于导弹,company-info_with_url.xlsx,Industry
IND_1DC80C6C38A9,Industry,火箭,火箭,company-info_with_url.xlsx,Industry
IND_D8DE59BB7007,Industry,水下潜航器等武器装备。,水下潜航器等武器装备。,company-info_with_url.xlsx,Industry
SCN_A41F7AB2C42C,Scenario,各类战术武器型号,各类战术武器型号,company-info_with_url.xlsx,Scenario
SCN_6D3C39F54FC5,Scenario,特种飞行器的伺服系统,特种飞行器的伺服系统,company-info_with_url.xlsx,Scenario
SCN_63AF156EE3E5,Scenario,导弹,导弹,company-info_with_url.xlsx,Scenario
SCN_00770A1FE8AC,Scenario,火箭,火箭,company-info_with_url.xlsx,Scenario
SCN_F81412DC6675,Scenario,无人机,无人机,company-info_with_url.xlsx,Scenario
SCN_557626DD6A51,Scenario,水下潜航器等智能装备的伺服控制。,水下潜航器等智能装备的伺服控制。,company-info_with_url.xlsx,Scenario
CUS_B8ECE413C6AE,Customer,航天科技集团,航天科技集团,company-info_with_url.xlsx,Customer
CUS_ECFA1F84FAB7,Customer,航天科工集团,航天科工集团,company-info_with_url.xlsx,Customer
CUS_E0A17C1B31AE,Customer,航空工业集团,航空工业集团,company-info_with_url.xlsx,Customer
CUS_445351DFA230,Customer,中国船舶集团等军工集团客户,中国船舶集团等军工集团客户,company-info_with_url.xlsx,Customer
SUP_9B2D433BC884,Supplier,伺服电机,伺服电机,company-info_with_url.xlsx,Supplier
SUP_20FB15375E6E,Supplier,精密机械组件供应商,精密机械组件供应商,company-info_with_url.xlsx,Supplier
DEM_AEE79ACD6733,DemandTag,资金（用于引进高端研发人才,资金（用于引进高端研发人才,company-info_with_url.xlsx,DemandTag
DEM_10AE56A8930B,DemandTag,提升核心技术研发能力,提升核心技术研发能力,company-info_with_url.xlsx,DemandTag
DEM_42E812DF4497,DemandTag,完善产品系列化及产能扩充）。根据融资计划,完善产品系列化及产能扩充）。根据融资计划,company-info_with_url.xlsx,DemandTag
DEM_BA2F778DD995,DemandTag,2024年底前计划融资1亿元。,2024年底前计划融资1亿元。,company-info_with_url.xlsx,DemandTag
PROD_0EDD4670CBEA,Product,线涵盖系留无人机,线涵盖系留无人机,company-info_with_url.xlsx,Product
PROD_C631FAA9AE72,Product,多旋翼无人机,多旋翼无人机,company-info_with_url.xlsx,Product
PROD_01DB8D048EB2,Product,复合翼无人机。在飞行可靠性控制,复合翼无人机。在飞行可靠性控制,company-info_with_url.xlsx,Product
PROD_B9C80D39172D,Product,无人机抗风扰动,无人机抗风扰动,company-info_with_url.xlsx,Product
PROD_E9949AB96C84,Product,无人机导航与精确定位,无人机导航与精确定位,company-info_with_url.xlsx,Product
PROD_489B95B865D1,Product,视觉导航,视觉导航,company-info_with_url.xlsx,Product
PROD_B206CA95F8FA,Product,电磁兼容抗干扰等多个领域拥有国内一流的核心技术,电磁兼容抗干扰等多个领域拥有国内一流的核心技术,company-info_with_url.xlsx,Product
CAP_C03BC880494F,Capability,智能无人系统飞行可靠性控制技术,智能无人系统飞行可靠性控制技术,company-info_with_url.xlsx,Capability
CAP_9736018EB422,Capability,集群无人系统协同控制,集群无人系统协同控制,company-info_with_url.xlsx,Capability
IND_29C8C03E03D8,Industry,应急,应急,company-info_with_url.xlsx,Industry
IND_F840D5C184BD,Industry,公安,公安,company-info_with_url.xlsx,Industry
IND_E87713480030,Industry,市政交通,市政交通,company-info_with_url.xlsx,Industry
IND_63E1FB76E591,Industry,建筑,建筑,company-info_with_url.xlsx,Industry
IND_78F3E9985C5E,Industry,石油石化,石油石化,company-info_with_url.xlsx,Industry
IND_4A8D86B7D8EA,Industry,河流水利,河流水利,company-info_with_url.xlsx,Industry
IND_8D05F45047A9,Industry,国防,国防,company-info_with_url.xlsx,Industry
IND_3390B22280B7,Industry,教育科研,教育科研,company-info_with_url.xlsx,Industry
IND_F3312223984F,Industry,应急消防,应急消防,company-info_with_url.xlsx,Industry
IND_17C3BC74882C,Industry,水利林草,水利林草,company-info_with_url.xlsx,Industry
IND_52EE97DCBA6F,Industry,石油与天然气等领域。,石油与天然气等领域。,company-info_with_url.xlsx,Industry
SCN_C6313432A5B2,Scenario,电子对抗,电子对抗,company-info_with_url.xlsx,Scenario
SCN_E5E8BC8ECA73,Scenario,通信中继,通信中继,company-info_with_url.xlsx,Scenario
SCN_F35452D13DAC,Scenario,视频监控,视频监控,company-info_with_url.xlsx,Scenario
SCN_F40FA6ED7412,Scenario,信号侦查。,信号侦查。,company-info_with_url.xlsx,Scenario
CUS_DB482193774F,Customer,中国船舶等军工研究机构（无人机飞控系统定制伙伴）,中国船舶等军工研究机构（无人机飞控系统定制伙伴）,company-info_with_url.xlsx,Customer
CUS_666D6A712A33,Customer,成都通用航空有限公司（垂起固定翼无人机中标92.68万元）,成都通用航空有限公司（垂起固定翼无人机中标92.68万元）,company-info_with_url.xlsx,Customer
CUS_07D22B3930D1,Customer,中煤西安设计工程（北斗版复合翼,中煤西安设计工程（北斗版复合翼,company-info_with_url.xlsx,Customer
CUS_807D630463C1,Customer,多旋翼无人机采购）,多旋翼无人机采购）,company-info_with_url.xlsx,Customer
CUS_FD4CBA05B2F7,Customer,中国邮政速递物流（100KG级无人直升机采购）,中国邮政速递物流（100kg级无人直升机采购）,company-info_with_url.xlsx,Customer
CUS_03D15FE8895B,Customer,政务客户（城市巡检,政务客户（城市巡检,company-info_with_url.xlsx,Customer
CUS_7D2A0093C441,Customer,应急救援,应急救援,company-info_with_url.xlsx,Customer
CUS_6A98A8505685,Customer,交通巡查）,交通巡查）,company-info_with_url.xlsx,Customer
SUP_D989221DFFC0,Supplier,飞控芯片,飞控芯片,company-info_with_url.xlsx,Supplier
SUP_A8CE65AEB471,Supplier,电机,电机,company-info_with_url.xlsx,Supplier
SUP_259C7899A9FA,Supplier,螺旋桨,螺旋桨,company-info_with_url.xlsx,Supplier
SUP_B48B4660D3A6,Supplier,复合材料,复合材料,company-info_with_url.xlsx,Supplier
SUP_086D21ECFC58,Supplier,电池供应商,电池供应商,company-info_with_url.xlsx,Supplier
DEM_A89CC0D3F774,DemandTag,资金。根据PDF信息,资金。根据pdf信息,company-info_with_url.xlsx,DemandTag
DEM_94C4D6212623,DemandTag,公司“本次计划融资1亿元人民币,公司“本次计划融资1亿元人民币,company-info_with_url.xlsx,DemandTag
DEM_2497B8C4FEC0,DemandTag,产业投资机构优先”。,产业投资机构优先”。,company-info_with_url.xlsx,DemandTag
PROD_8A4B8F285F48,Product,U-Drive智能驾驶平台,u-drive智能驾驶平台,company-info_with_url.xlsx,Product
PROD_27BFFAE130A5,Product,L4级无人驾驶牵引车T30,l4级无人驾驶牵引车t30,company-info_with_url.xlsx,Product
PROD_D4CED4BD3BD2,Product,T05E,t05e,company-info_with_url.xlsx,Product
PROD_6AC50DEA536E,Product,UC4600域控,uc4600域控,company-info_with_url.xlsx,Product
PROD_F32576947BF5,Product,机场,机场,company-info_with_url.xlsx,Product
PROD_7AAB8809AF66,Product,港口无人驾驶电动物流拖车,港口无人驾驶电动物流拖车,company-info_with_url.xlsx,Product
CAP_8C98B3877037,Capability,U-Drive智能驾驶平台（包含智能驾驶控制器,u-drive智能驾驶平台（包含智能驾驶控制器,company-info_with_url.xlsx,Capability
CAP_6CBD3B98DCFD,Capability,AI算法,ai算法,company-info_with_url.xlsx,Capability
CAP_8FECA1C7A5B8,Capability,云端智能驾驶大脑等核心模块）,云端智能驾驶大脑等核心模块）,company-info_with_url.xlsx,Capability
CAP_11C7694F833A,Capability,多场景自动驾驶解决方案,多场景自动驾驶解决方案,company-info_with_url.xlsx,Capability
CAP_E5E67DBCEF13,Capability,机场,机场,company-info_with_url.xlsx,Capability
CAP_2819C352E45B,Capability,工厂,工厂,company-info_with_url.xlsx,Capability
CAP_F845E7E335EE,Capability,港口无人驾驶电动物流拖车解决方案,港口无人驾驶电动物流拖车解决方案,company-info_with_url.xlsx,Capability
CAP_4194328E5A4F,Capability,面向乘用车,面向乘用车,company-info_with_url.xlsx,Capability
CAP_3949E4F2EC83,Capability,共享出行的全自动代客泊车方案,共享出行的全自动代客泊车方案,company-info_with_url.xlsx,Capability
CAP_73AE4C35F8F0,Capability,高速级自动驾驶解决方案,高速级自动驾驶解决方案,company-info_with_url.xlsx,Capability
CAP_7DF79EE45EF5,Capability,城市公共出行,城市公共出行,company-info_with_url.xlsx,Capability
CAP_E854A9CC67E9,Capability,大型园区无人驾驶微循环巴士方案,大型园区无人驾驶微循环巴士方案,company-info_with_url.xlsx,Capability
CAP_82D1B896A5AE,Capability,L4级自主泊车量产产品,l4级自主泊车量产产品,company-info_with_url.xlsx,Capability
CAP_49490869BEF1,Capability,L3级高速自动驾驶量产合作技术,l3级高速自动驾驶量产合作技术,company-info_with_url.xlsx,Capability
IND_A3BE81F8A4A9,Industry,交通运输,交通运输,company-info_with_url.xlsx,Industry
IND_38589088257D,Industry,物流,物流,company-info_with_url.xlsx,Industry
IND_97BD5AA31875,Industry,汽车制造,汽车制造,company-info_with_url.xlsx,Industry
IND_FBFDE56D3131,Industry,共享出行。具体包括：机场,共享出行。具体包括：机场,company-info_with_url.xlsx,Industry
IND_D0E230C5C8D9,Industry,工厂,工厂,company-info_with_url.xlsx,Industry
IND_D765BF245C7C,Industry,港口,港口,company-info_with_url.xlsx,Industry
IND_B0BA8FC0EF75,Industry,汽车主机厂,汽车主机厂,company-info_with_url.xlsx,Industry
IND_F95B242E7CF7,Industry,公共交通,公共交通,company-info_with_url.xlsx,Industry
IND_BDB203EAFE52,Industry,大型园区。,大型园区。,company-info_with_url.xlsx,Industry
SCN_65F2639FAFDD,Scenario,1. 机场,1. 机场,company-info_with_url.xlsx,Scenario
SCN_FCF9FD385AE0,Scenario,工厂,工厂,company-info_with_url.xlsx,Scenario
SCN_670CEE339F2B,Scenario,港口无人驾驶电动物流拖车,港口无人驾驶电动物流拖车,company-info_with_url.xlsx,Scenario
SCN_A4DC76829997,Scenario,2. 乘用车,2. 乘用车,company-info_with_url.xlsx,Scenario
SCN_3E06B9AB3594,Scenario,共享出行全自动代客泊车,共享出行全自动代客泊车,company-info_with_url.xlsx,Scenario
SCN_977910D4669B,Scenario,3. 高速级自动驾驶,3. 高速级自动驾驶,company-info_with_url.xlsx,Scenario
SCN_894A306A56F8,Scenario,4. 城市公共出行,4. 城市公共出行,company-info_with_url.xlsx,Scenario
SCN_9AF253C132E8,Scenario,大型园区无人驾驶微循环巴士,大型园区无人驾驶微循环巴士,company-info_with_url.xlsx,Scenario
SCN_38995D54FBE2,Scenario,5. 无人巡逻。,5. 无人巡逻。,company-info_with_url.xlsx,Scenario
SUP_C0380AB97C8A,Supplier,汽车制造商（东风,汽车制造商（东风,company-info_with_url.xlsx,Supplier
SUP_ACCB34D15975,Supplier,五菱等）,五菱等）,company-info_with_url.xlsx,Supplier
SUP_A6B8B73D3AC4,Supplier,自动驾驶芯片供应商（地平线,自动驾驶芯片供应商（地平线,company-info_with_url.xlsx,Supplier
SUP_1B974D1E27F5,Supplier,黑芝麻）,黑芝麻）,company-info_with_url.xlsx,Supplier
SUP_610B0EB5CA80,Supplier,激光雷达供应商（速腾聚创,激光雷达供应商（速腾聚创,company-info_with_url.xlsx,Supplier
SUP_50DA42495156,Supplier,禾赛科技）,禾赛科技）,company-info_with_url.xlsx,Supplier
SUP_8FE9B5D09031,Supplier,线控底盘供应商,线控底盘供应商,company-info_with_url.xlsx,Supplier
DEM_A78E2E8B984C,DemandTag,基于其处于C轮融资阶段及量产合作拓展期,基于其处于c轮融资阶段及量产合作拓展期,company-info_with_url.xlsx,DemandTag
DEM_5E2BA9255EEA,DemandTag,可能最需要：1. 资金资源（用于技术迭代,可能最需要：1. 资金资源（用于技术迭代,company-info_with_url.xlsx,DemandTag
DEM_233E902BD58D,DemandTag,市场扩张）,市场扩张）,company-info_with_url.xlsx,DemandTag
DEM_48780BE00890,DemandTag,2. 产业资源（与更多主机厂,2. 产业资源（与更多主机厂,company-info_with_url.xlsx,DemandTag
DEM_2D11AC78FA9B,DemandTag,大型物流企业,大型物流企业,company-info_with_url.xlsx,DemandTag
DEM_493725FBD848,DemandTag,地方政府达成深度合作）,地方政府达成深度合作）,company-info_with_url.xlsx,DemandTag
DEM_567F78A2AAF8,DemandTag,3. 人才资源（高级研发与商业化人才）。,3. 人才资源（高级研发与商业化人才）。,company-info_with_url.xlsx,DemandTag
PROD_E0FC8D9DE912,Product,DIS-DR智能数字射线检测系统,dis-dr智能数字射线检测系统,company-info_with_url.xlsx,Product
PROD_A531AB086BFA,Product,DIH-SG智能检测工作台,dih-sg智能检测工作台,company-info_with_url.xlsx,Product
PROD_C573B3EB78E9,Product,Xpearl系列智能检测装备,xpearl系列智能检测装备,company-info_with_url.xlsx,Product
CAP_AE4E79E81FF5,Capability,人工智能机器视觉技术,人工智能机器视觉技术,company-info_with_url.xlsx,Capability
CAP_ADBCAC97E892,Capability,智能化数字射线检测系统（DIS-DR）,智能化数字射线检测系统（dis-dr）,company-info_with_url.xlsx,Capability
CAP_629212B4D29D,Capability,智能检测一体化工作台（DIH-SG）,智能检测一体化工作台（dih-sg）,company-info_with_url.xlsx,Capability
CAP_3B380EAB434F,Capability,智能检测装备Xpearl系列,智能检测装备xpearl系列,company-info_with_url.xlsx,Capability
CAP_45F7F23F490B,Capability,智能数字射线无损检测环境规划建设,智能数字射线无损检测环境规划建设,company-info_with_url.xlsx,Capability
CAP_8E6105CA0404,Capability,多模态AI检测平台DMAP,多模态ai检测平台dmap,company-info_with_url.xlsx,Capability
CAP_DC362C746667,Capability,融合跨平台多模态采集,融合跨平台多模态采集,company-info_with_url.xlsx,Capability
CAP_A439283D982C,Capability,高精度运动控制与自适应模型优化技术,高精度运动控制与自适应模型优化技术,company-info_with_url.xlsx,Capability
IND_C42AECD0BECF,Industry,航空,航空,company-info_with_url.xlsx,Industry
IND_F531C2AB1E0C,Industry,电子和汽车工业。,电子和汽车工业。,company-info_with_url.xlsx,Industry
SCN_D59F646C8388,Scenario,1. 金属焊缝与铸件智能无损检测,1. 金属焊缝与铸件智能无损检测,company-info_with_url.xlsx,Scenario
SCN_9FAFAC35CCA4,Scenario,2. 新能源汽车动力电池内部缺陷智能检测,2. 新能源汽车动力电池内部缺陷智能检测,company-info_with_url.xlsx,Scenario
SCN_84CD2C9727B9,Scenario,3. 外观尺寸与表面缺陷智能检测,3. 外观尺寸与表面缺陷智能检测,company-info_with_url.xlsx,Scenario
SCN_ACEE46ECBA91,Scenario,4. 高端制造客户数智化转型升级,4. 高端制造客户数智化转型升级,company-info_with_url.xlsx,Scenario
SCN_55E99ABBC82D,Scenario,5. 无损检测实验室智能化建设。,5. 无损检测实验室智能化建设。,company-info_with_url.xlsx,Scenario
CUS_E330BF05EDB7,Customer,海关总署,海关总署,company-info_with_url.xlsx,Customer
CUS_35456561DB98,Customer,北京冬奥组委,北京冬奥组委,company-info_with_url.xlsx,Customer
CUS_A4A5CE79D80D,Customer,建设银行,建设银行,company-info_with_url.xlsx,Customer
CUS_C2811CC8388F,Customer,北京银行,北京银行,company-info_with_url.xlsx,Customer
CUS_22822A255FBC,Customer,招商银行等多家城市银行及金融机构,招商银行等多家城市银行及金融机构,company-info_with_url.xlsx,Customer
CUS_65976857CBAF,Customer,新华社,新华社,company-info_with_url.xlsx,Customer
CUS_179DAB5FE12D,Customer,人民日报,人民日报,company-info_with_url.xlsx,Customer
CUS_690E68EBB7C3,Customer,央视,央视,company-info_with_url.xlsx,Customer
CUS_0E88CB26B1DA,Customer,中国日报等央媒,中国日报等央媒,company-info_with_url.xlsx,Customer
CUS_09886C2E3335,Customer,中科院等高校及科研院所,中科院等高校及科研院所,company-info_with_url.xlsx,Customer
CUS_5368A810D181,Customer,服务千余家客户,服务千余家客户,company-info_with_url.xlsx,Customer
SUP_C89FB56D6CBD,Supplier,工业相机供应商,工业相机供应商,company-info_with_url.xlsx,Supplier
SUP_E34E87A7A475,Supplier,GPU计算平台供应商,gpu计算平台供应商,company-info_with_url.xlsx,Supplier
DEM_F91B22820CB8,DemandTag,基于其处于天使轮及A轮融资阶段（网络信息）,基于其处于天使轮及a轮融资阶段（网络信息）,company-info_with_url.xlsx,DemandTag
DEM_DE42249960F8,DemandTag,且为秦创原总平台入股企业,且为秦创原总平台入股企业,company-info_with_url.xlsx,DemandTag
DEM_193EB6908ECC,DemandTag,当前最可能需要市场拓展资源,当前最可能需要市场拓展资源,company-info_with_url.xlsx,DemandTag
DEM_23AB0B158A9C,DemandTag,规模化生产资金以及高端制造领域的标杆客户资源。,规模化生产资金以及高端制造领域的标杆客户资源。,company-info_with_url.xlsx,DemandTag
PROD_EDC105D36A04,Product,纯固态芯片级激光雷达硬件,纯固态芯片级激光雷达硬件,company-info_with_url.xlsx,Product
PROD_903588B0AF22,Product,芯片及AI感知算法。1. 基于硅基光电芯片,芯片及ai感知算法。1. 基于硅基光电芯片,company-info_with_url.xlsx,Product
PROD_260254B21F76,Product,固态扫描,固态扫描,company-info_with_url.xlsx,Product
PROD_92B9E81C9DFC,Product,调频连续波（FMCW）相干探测和晶圆级光学等芯片技术的激光雷达。2. 纯固态大视场近场激光雷达D系列（Diversity Series）。3. 硅光FMCW 4D LiDAR（F系列）,调频连续波（fmcw）相干探测和晶圆级光学等芯片技术的激光雷达。2. 纯固态大视场近场激光雷达d系列（diversity series）。3. 硅光fmcw 4d lidar（f系列）,company-info_with_url.xlsx,Product
CAP_3168894CFDFB,Capability,纯固态芯片级激光雷达,纯固态芯片级激光雷达,company-info_with_url.xlsx,Capability
CAP_23C803BC8578,Capability,硅基光电芯片,硅基光电芯片,company-info_with_url.xlsx,Capability
CAP_497F3484C5A1,Capability,FMCW相干探测,fmcw相干探测,company-info_with_url.xlsx,Capability
IND_D811E5B934BF,Industry,自动驾驶及ADAS,自动驾驶及adas,company-info_with_url.xlsx,Industry
IND_5415FBE0178F,Industry,智能座舱,智能座舱,company-info_with_url.xlsx,Industry
IND_3E5028C06A65,Industry,智慧交通,智慧交通,company-info_with_url.xlsx,Industry
IND_02E586CD4C65,Industry,智慧物流,智慧物流,company-info_with_url.xlsx,Industry
IND_17F3CB39F8C8,Industry,AGV,agv,company-info_with_url.xlsx,Industry
IND_1C8702D26715,Industry,工业自动化。,工业自动化。,company-info_with_url.xlsx,Industry
SCN_D35F5BE1FCD1,Scenario,1. 无人驾驶（商用车到乘用车的自动驾驶及ADAS）。2. 物流量方,1. 无人驾驶（商用车到乘用车的自动驾驶及adas）。2. 物流量方,company-info_with_url.xlsx,Scenario
SCN_66E217EA0A2B,Scenario,分拣等。3. 工业自动化具体场景：无人矿卡协同卸料口动态跟踪,分拣等。3. 工业自动化具体场景：无人矿卡协同卸料口动态跟踪,company-info_with_url.xlsx,Scenario
SCN_8B0E2F090C63,Scenario,物料智能管理远距离体积测量,物料智能管理远距离体积测量,company-info_with_url.xlsx,Scenario
SCN_F31E8C538E91,Scenario,危险区域防护三维电子围栏。,危险区域防护三维电子围栏。,company-info_with_url.xlsx,Scenario
CUS_215C34A14E4D,Customer,某头部商用重卡厂商（L2+智能辅助驾驶量产定点）,某头部商用重卡厂商（l2+智能辅助驾驶量产定点）,company-info_with_url.xlsx,Customer
CUS_7B31205071E5,Customer,智能驾驶,智能驾驶,company-info_with_url.xlsx,Customer
CUS_EC60326771C5,Customer,智慧物流,智慧物流,company-info_with_url.xlsx,Customer
CUS_F63D942CC44F,Customer,工业自动化,工业自动化,company-info_with_url.xlsx,Customer
CUS_95851D1EC45F,Customer,机器人行业客户,机器人行业客户,company-info_with_url.xlsx,Customer
SUP_ADCF92B24E49,Supplier,硅光子芯片,硅光子芯片,company-info_with_url.xlsx,Supplier
SUP_EF5A004DB1FB,Supplier,激光器供应商,激光器供应商,company-info_with_url.xlsx,Supplier
DEM_CCC24E176A27,DemandTag,信息不足。根据其发展阶段（B,信息不足。根据其发展阶段（b,company-info_with_url.xlsx,DemandTag
DEM_B7432D3D156C,DemandTag,B+轮）和业务拓展情况,b+轮）和业务拓展情况,company-info_with_url.xlsx,DemandTag
DEM_F3BEBF16CB4D,DemandTag,可能需要的资源包括：市场拓展渠道,可能需要的资源包括：市场拓展渠道,company-info_with_url.xlsx,DemandTag
DEM_D93832BEF28F,DemandTag,规模化生产资金,规模化生产资金,company-info_with_url.xlsx,DemandTag
DEM_2281529C8ADE,DemandTag,特定行业（如车规）的认证支持,特定行业（如车规）的认证支持,company-info_with_url.xlsx,DemandTag
DEM_1FAD820F7DAD,DemandTag,高端人才等。,高端人才等。,company-info_with_url.xlsx,DemandTag
PROD_56E34209E838,Product,自研微结构光芯片,自研微结构光芯片,company-info_with_url.xlsx,Product
PROD_0B4FC80A1C57,Product,高精度3D视觉算法,高精度3d视觉算法,company-info_with_url.xlsx,Product
PROD_8A8DD0E8547C,Product,消费级3D扫描仪,消费级3d扫描仪,company-info_with_url.xlsx,Product
PROD_E0EBE3448794,Product,工业3D视觉产品与解决方案（如3D焊接产品）,工业3d视觉产品与解决方案（如3d焊接产品）,company-info_with_url.xlsx,Product
CAP_442E693BB2A7,Capability,自研微结构光芯片,自研微结构光芯片,company-info_with_url.xlsx,Capability
CAP_110C9480B025,Capability,高精度3D视觉算法,高精度3d视觉算法,company-info_with_url.xlsx,Capability
IND_47C6E4325DCB,Industry,医疗成像,医疗成像,company-info_with_url.xlsx,Industry
IND_6BE787AD97DD,Industry,元宇宙,元宇宙,company-info_with_url.xlsx,Industry
IND_99A15D60A675,Industry,3D打印,3d打印,company-info_with_url.xlsx,Industry
IND_3EC5385AA0F3,Industry,VR,vr,company-info_with_url.xlsx,Industry
IND_EA21FDFC1072,Industry,自动化焊接,自动化焊接,company-info_with_url.xlsx,Industry
IND_71E2ECFBEBC3,Industry,机器人视觉引导,机器人视觉引导,company-info_with_url.xlsx,Industry
SCN_D0632514BCDB,Scenario,3D打印,3d打印,company-info_with_url.xlsx,Scenario
SCN_95247739CAF9,Scenario,模型,模型,company-info_with_url.xlsx,Scenario
SCN_A5FA82BC55E8,Scenario,手工艺品等爱好者群体,手工艺品等爱好者群体,company-info_with_url.xlsx,Scenario
SCN_ECA635A85664,Scenario,专业设计师,专业设计师,company-info_with_url.xlsx,Scenario
SCN_2C899C92BD45,Scenario,工程师级爱好者,工程师级爱好者,company-info_with_url.xlsx,Scenario
SCN_8A956CE05D17,Scenario,小尺寸,小尺寸,company-info_with_url.xlsx,Scenario
SCN_906AE797F0FB,Scenario,复杂结构,复杂结构,company-info_with_url.xlsx,Scenario
SCN_CEEB09E7E8EE,Scenario,高精度建模和设计人群,高精度建模和设计人群,company-info_with_url.xlsx,Scenario
SCN_3C6AC7149286,Scenario,大物体,大物体,company-info_with_url.xlsx,Scenario
SCN_97E98CF2DE34,Scenario,VR,vr,company-info_with_url.xlsx,Scenario
SCN_4422E149025E,Scenario,AR设计,ar设计,company-info_with_url.xlsx,Scenario
SCN_88872EA7BD24,Scenario,人体扫描与建模,人体扫描与建模,company-info_with_url.xlsx,Scenario
SCN_F8B943F1258A,Scenario,自动化焊接,自动化焊接,company-info_with_url.xlsx,Scenario
SCN_D6D4ADC65E86,Scenario,工业检测,工业检测,company-info_with_url.xlsx,Scenario
SCN_0A2E64CC3823,Scenario,机器人视觉引导。,机器人视觉引导。,company-info_with_url.xlsx,Scenario
SUP_BEF3A7CEBB64,Supplier,3D传感器芯片供应商,3d传感器芯片供应商,company-info_with_url.xlsx,Supplier
SUP_FFBFEFE23E4D,Supplier,光学元器件供应商（康宁,光学元器件供应商（康宁,company-info_with_url.xlsx,Supplier
SUP_F7F7AE476306,Supplier,肖特）,肖特）,company-info_with_url.xlsx,Supplier
SUP_73DA5861186E,Supplier,高精度定位传感器供应商,高精度定位传感器供应商,company-info_with_url.xlsx,Supplier
PROD_BE1D7681389C,Product,iTS磁悬浮智能柔性传输装备及磁驱软件控制产品,its磁悬浮智能柔性传输装备及磁驱软件控制产品,company-info_with_url.xlsx,Product
PROD_CBB403B9FDF8,Product,智能柔性环形线,智能柔性环形线,company-info_with_url.xlsx,Product
PROD_95E7F0EBD253,Product,智能柔性接驳线,智能柔性接驳线,company-info_with_url.xlsx,Product
PROD_18B0FE51233C,Product,智能柔性混合线,智能柔性混合线,company-info_with_url.xlsx,Product
PROD_623188959A37,Product,iTS M600-L系列,its m600-l系列,company-info_with_url.xlsx,Product
PROD_F7834E852703,Product,Fabrail iWS-M800物流线,fabrail iws-m800物流线,company-info_with_url.xlsx,Product
PROD_F4EDFD6A05AF,Product,iTS M600-LT接驳线系列,its m600-lt接驳线系列,company-info_with_url.xlsx,Product
PROD_26C357E79094,Product,MegaMover iHDT超重载物流线,megamover ihdt超重载物流线,company-info_with_url.xlsx,Product
PROD_F166D655C09C,Product,iHS晶圆传输系统等,ihs晶圆传输系统等,company-info_with_url.xlsx,Product
CAP_C495668D8791,Capability,iTS磁悬浮智能柔性传输技术,its磁悬浮智能柔性传输技术,company-info_with_url.xlsx,Capability
CAP_02E82B642660,Capability,磁驱软件控制技术,磁驱软件控制技术,company-info_with_url.xlsx,Capability
IND_3D3C8B89AB25,Industry,锂电,锂电,company-info_with_url.xlsx,Industry
IND_29EBBD6E3F86,Industry,3C电子,3c电子,company-info_with_url.xlsx,Industry
IND_5FA4BD8776A2,Industry,日化,日化,company-info_with_url.xlsx,Industry
IND_B5C93BD2351D,Industry,物流运输,物流运输,company-info_with_url.xlsx,Industry
IND_ED21617AF3C9,Industry,包装,包装,company-info_with_url.xlsx,Industry
IND_34A9EE653C22,Industry,汽车零部件。,汽车零部件。,company-info_with_url.xlsx,Industry
SCN_46C8BC147BA9,Scenario,半导体,半导体,company-info_with_url.xlsx,Scenario
SCN_C922E79E9870,Scenario,3C电子,3c电子,company-info_with_url.xlsx,Scenario
SCN_62163BD9C911,Scenario,汽车整车组装线,汽车整车组装线,company-info_with_url.xlsx,Scenario
SCN_E8314ADBC502,Scenario,重型物料自动化搬运,重型物料自动化搬运,company-info_with_url.xlsx,Scenario
SCN_C92EFA596EF6,Scenario,高端面板（如柔性AMOLED,高端面板（如柔性amoled,company-info_with_url.xlsx,Scenario
SCN_0AB5CEAE07A7,Scenario,8K屏幕）生产,8k屏幕）生产,company-info_with_url.xlsx,Scenario
SCN_320FCB190493,Scenario,晶圆传输,晶圆传输,company-info_with_url.xlsx,Scenario
SCN_8B5F37B69AB6,Scenario,车载显示产线优化等。,车载显示产线优化等。,company-info_with_url.xlsx,Scenario
CUS_AADA74C9F670,Customer,氢能领域：中国石化,氢能领域：中国石化,company-info_with_url.xlsx,Customer
CUS_1ADFE956E6F2,Customer,上汽,上汽,company-info_with_url.xlsx,Customer
CUS_B6E866815440,Customer,广汽,广汽,company-info_with_url.xlsx,Customer
CUS_91FABB2B2759,Customer,丰田,丰田,company-info_with_url.xlsx,Customer
CUS_51CFA475DC8E,Customer,中国重汽,中国重汽,company-info_with_url.xlsx,Customer
CUS_3AF29AA1EBDA,Customer,宇通客车,宇通客车,company-info_with_url.xlsx,Customer
CUS_0241EF3624E4,Customer,上海神力,上海神力,company-info_with_url.xlsx,Customer
CUS_9E5C62C31B73,Customer,亿华通,亿华通,company-info_with_url.xlsx,Customer
CUS_1A524A94AB5A,Customer,陕汽商用,陕汽商用,company-info_with_url.xlsx,Customer
CUS_0BB3D345CD30,Customer,一汽解放,一汽解放,company-info_with_url.xlsx,Customer
CUS_430FDE5D2C23,Customer,宝武氢能,宝武氢能,company-info_with_url.xlsx,Customer
CUS_2A191F2176A8,Customer,三一重工,三一重工,company-info_with_url.xlsx,Customer
CUS_BBE4E0797D4E,Customer,国家电投,国家电投,company-info_with_url.xlsx,Customer
CUS_8EAD80B9FBC6,Customer,国家能源集团,国家能源集团,company-info_with_url.xlsx,Customer
CUS_0B7641750D14,Customer,美锦能源,美锦能源,company-info_with_url.xlsx,Customer
CUS_0F33C71004A5,Customer,华电氢能等,华电氢能等,company-info_with_url.xlsx,Customer
CUS_1CC47CE8BE8F,Customer,军工航天领域：总装备部,军工航天领域：总装备部,company-info_with_url.xlsx,Customer
CUS_C14940609D6F,Customer,北京航,北京航,company-info_with_url.xlsx,Customer
SUP_26047ECBB527,Supplier,磁悬浮电机核心材料供应商（钕铁硼磁钢,磁悬浮电机核心材料供应商（钕铁硼磁钢,company-info_with_url.xlsx,Supplier
SUP_D2D8DB9DD38A,Supplier,硅钢片）,硅钢片）,company-info_with_url.xlsx,Supplier
SUP_5B79C24F2E11,Supplier,直线电机供应商,直线电机供应商,company-info_with_url.xlsx,Supplier
SUP_A8E3B323143D,Supplier,精密运动控制模组供应商,精密运动控制模组供应商,company-info_with_url.xlsx,Supplier
SUP_1BA9AA714DCE,Supplier,工业控制器供应商（倍福,工业控制器供应商（倍福,company-info_with_url.xlsx,Supplier
SUP_5CB25400F58C,Supplier,西门子）,西门子）,company-info_with_url.xlsx,Supplier
PROD_650A76031628,Product,单晶片湿法清洗设备,单晶片湿法清洗设备,company-info_with_url.xlsx,Product
PROD_9FF9F951E01B,Product,半导体化学清洗设备,半导体化学清洗设备,company-info_with_url.xlsx,Product
CAP_789DAAF4788B,Capability,单晶片湿法清洗设备,单晶片湿法清洗设备,company-info_with_url.xlsx,Capability
CAP_410CE6D9C866,Capability,检测设备,检测设备,company-info_with_url.xlsx,Capability
CAP_BFF61431BD56,Capability,腐蚀设备,腐蚀设备,company-info_with_url.xlsx,Capability
CAP_B0550E4DBE95,Capability,钝化设备等化学清洗和检测设备,钝化设备等化学清洗和检测设备,company-info_with_url.xlsx,Capability
CAP_DB19EC36EA52,Capability,半导体清洗产业相关原料零部件,半导体清洗产业相关原料零部件,company-info_with_url.xlsx,Capability
IND_B5E9E0083D13,Industry,微电子制造行业,微电子制造行业,company-info_with_url.xlsx,Industry
SCN_CEEF2D0FFBE9,Scenario,晶圆表面处理,晶圆表面处理,company-info_with_url.xlsx,Scenario
SCN_7FDD02B6CBAE,Scenario,化学清洗,化学清洗,company-info_with_url.xlsx,Scenario
SCN_CC0E296C9EE0,Scenario,检测等半导体制造环节,检测等半导体制造环节,company-info_with_url.xlsx,Scenario
SUP_A5DC4E3D97E1,Supplier,半导体晶圆供应商,半导体晶圆供应商,company-info_with_url.xlsx,Supplier
SUP_4958FA2FBA55,Supplier,光刻胶,光刻胶,company-info_with_url.xlsx,Supplier
SUP_0D17BA0E531D,Supplier,电子化学品供应商,电子化学品供应商,company-info_with_url.xlsx,Supplier
PROD_1EA96F9C8D80,Product,功率器件（硅基和碳化硅基,功率器件（硅基和碳化硅基,company-info_with_url.xlsx,Product
PROD_C3CD3B111D3F,Product,Trench,trench,company-info_with_url.xlsx,Product
PROD_74442D062FD7,Product,SGT,sgt,company-info_with_url.xlsx,Product
PROD_A387DBF91874,Product,SJ MOSFET,sj mosfet,company-info_with_url.xlsx,Product
PROD_CD087A864C0C,Product,FRD,frd,company-info_with_url.xlsx,Product
PROD_C4E42399385D,Product,JBS,jbs,company-info_with_url.xlsx,Product
PROD_DA7210C4E3A8,Product,MOSFET,mosfet,company-info_with_url.xlsx,Product
PROD_E9B0C28B4DA8,Product,功率模块）和MEMS+信号链（MEMS麦克风,功率模块）和mems+信号链（mems麦克风,company-info_with_url.xlsx,Product
PROD_D34EF2BF7C37,Product,红外传感器,红外传感器,company-info_with_url.xlsx,Product
PROD_8E1C670F4C29,Product,气体传感器,气体传感器,company-info_with_url.xlsx,Product
PROD_66EB578B4732,Product,LNA,lna,company-info_with_url.xlsx,Product
PROD_93FFEECFBD5E,Product,ADC,adc,company-info_with_url.xlsx,Product
PROD_09C461EF10D6,Product,Codec等）,codec等）,company-info_with_url.xlsx,Product
CAP_170F4084E893,Capability,功率器件设计（硅基,功率器件设计（硅基,company-info_with_url.xlsx,Capability
CAP_CA4087A61FB1,Capability,碳化硅基）,碳化硅基）,company-info_with_url.xlsx,Capability
CAP_4AB6320DFD53,Capability,MEMS+信号链芯片设计,mems+信号链芯片设计,company-info_with_url.xlsx,Capability
IND_B3BFD9DBB8BB,Industry,新能源（光伏等）,新能源（光伏等）,company-info_with_url.xlsx,Industry
IND_A6DB2B27DC86,Industry,消费电子（手机,消费电子（手机,company-info_with_url.xlsx,Industry
IND_B3FEC3E24EF0,Industry,TWS,tws,company-info_with_url.xlsx,Industry
IND_5BC7F8A73749,Industry,智能家电）,智能家电）,company-info_with_url.xlsx,Industry
IND_BEB3501E9B20,Industry,两轮车控制,两轮车控制,company-info_with_url.xlsx,Industry
IND_C38438286937,Industry,矿机,矿机,company-info_with_url.xlsx,Industry
SCN_72781C1C583E,Scenario,功率器件：电源转换,功率器件：电源转换,company-info_with_url.xlsx,Scenario
SCN_21D97EFF1850,Scenario,电机控制,电机控制,company-info_with_url.xlsx,Scenario
SCN_DD36BF22BC94,Scenario,锂电池保护,锂电池保护,company-info_with_url.xlsx,Scenario
SCN_3A15804FD6B8,Scenario,光伏发电,光伏发电,company-info_with_url.xlsx,Scenario
SCN_F850609B295E,Scenario,车载逆变,车载逆变,company-info_with_url.xlsx,Scenario
SCN_0F2C647E0B94,Scenario,充电器,充电器,company-info_with_url.xlsx,Scenario
SCN_0353ECC292A8,Scenario,电动车充电桩,电动车充电桩,company-info_with_url.xlsx,Scenario
SCN_25C3924A5E7B,Scenario,SMPS,smps,company-info_with_url.xlsx,Scenario
SCN_34BFD192A6C9,Scenario,家电,家电,company-info_with_url.xlsx,Scenario
SCN_1A69887D914C,Scenario,工业变频等,工业变频等,company-info_with_url.xlsx,Scenario
SCN_30B3257A0F52,Scenario,MEMS+信号链：TWS耳机,mems+信号链：tws耳机,company-info_with_url.xlsx,Scenario
SCN_801E32E7209E,Scenario,手机,手机,company-info_with_url.xlsx,Scenario
SCN_60F8D278CD57,Scenario,语音遥控器,语音遥控器,company-info_with_url.xlsx,Scenario
SCN_61AC6494888E,Scenario,音箱,音箱,company-info_with_url.xlsx,Scenario
SCN_BD292BB5BA6F,Scenario,新风系统,新风系统,company-info_with_url.xlsx,Scenario
SCN_436F4133804D,Scenario,测温枪,测温枪,company-info_with_url.xlsx,Scenario
SCN_09503DF38907,Scenario,医学,医学,company-info_with_url.xlsx,Scenario
SCN_E97CE066AB3C,Scenario,军事,军事,company-info_with_url.xlsx,Scenario
SCN_2B5904951EE3,Scenario,空间技术,空间技术,company-info_with_url.xlsx,Scenario
SCN_F1BDDA7EA10C,Scenario,环境工程,环境工程,company-info_with_url.xlsx,Scenario
SUP_82935FDEF038,Supplier,晶圆代工厂（芯联集成战略合作）,晶圆代工厂（芯联集成战略合作）,company-info_with_url.xlsx,Supplier
SUP_A3B8D0D5BFA5,Supplier,碳化硅原材料供应商（Wolfspeed,碳化硅原材料供应商（wolfspeed,company-info_with_url.xlsx,Supplier
SUP_8106D00A21E4,Supplier,罗姆）,罗姆）,company-info_with_url.xlsx,Supplier
DEM_A774AF30247A,DemandTag,融资：C轮,融资：c轮,company-info_with_url.xlsx,DemandTag
DEM_A09CDEE09789,DemandTag,2亿元人民币,2亿元人民币,company-info_with_url.xlsx,DemandTag
PROD_450B76C7DBB1,Product,拥有自主知识产权且全球唯一可量产的硅基改性材料平台,拥有自主知识产权且全球唯一可量产的硅基改性材料平台,company-info_with_url.xlsx,Product
PROD_FA1BE1578483,Product,具有超低损耗,具有超低损耗,company-info_with_url.xlsx,Product
PROD_66672A65ED1B,Product,超低偏振敏感性,超低偏振敏感性,company-info_with_url.xlsx,Product
PROD_5B16AF73221F,Product,超高温度稳定性,超高温度稳定性,company-info_with_url.xlsx,Product
PROD_251631DE5937,Product,超高耦合效率,超高耦合效率,company-info_with_url.xlsx,Product
PROD_D0C6CE1CF6F5,Product,超高均匀一致性和超低制备成本的优势。基于该平台发展出多材料三维异质集成混合材料体系。产品涵盖“光传感,超高均匀一致性和超低制备成本的优势。基于该平台发展出多材料三维异质集成混合材料体系。产品涵盖“光传感,company-info_with_url.xlsx,Product
PROD_EFFE971E6A1F,Product,光传输,光传输,company-info_with_url.xlsx,Product
PROD_5DF2DE949121,Product,光计算”三大领域,光计算”三大领域,company-info_with_url.xlsx,Product
PROD_44A0E49D61C2,Product,MUX,mux,company-info_with_url.xlsx,Product
PROD_5083E58433E9,Product,DEMUX芯片,demux芯片,company-info_with_url.xlsx,Product
PROD_47C91DA70424,Product,BiDi光模块,bidi光模块,company-info_with_url.xlsx,Product
PROD_FDB8E26A4BFC,Product,XG(S) Combo PON光模块,xg(s) combo pon光模块,company-info_with_url.xlsx,Product
PROD_357DF966F853,Product,直调式Combo PON OLT光模块,直调式combo pon olt光模块,company-info_with_url.xlsx,Product
PROD_9B4B41BCFECA,Product,同波长单纤双向光模块,同波长单纤双向光模块,company-info_with_url.xlsx,Product
PROD_919191FB0274,Product,大型光开关等,大型光开关等,company-info_with_url.xlsx,Product
CAP_EA4C88EA3F36,Capability,硅基改性材料平台（全球唯一可量产）,硅基改性材料平台（全球唯一可量产）,company-info_with_url.xlsx,Capability
CAP_D4CAC3EE4AEE,Capability,超低损耗光纤材料技术,超低损耗光纤材料技术,company-info_with_url.xlsx,Capability
IND_9AECC8627324,Industry,光通信（接入网,光通信（接入网,company-info_with_url.xlsx,Industry
IND_8795006E12C4,Industry,城域网,城域网,company-info_with_url.xlsx,Industry
IND_6EC7E90A4748,Industry,数据中心）,数据中心）,company-info_with_url.xlsx,Industry
IND_EC89C5D30324,Industry,光传感,光传感,company-info_with_url.xlsx,Industry
IND_72F8E4BF0204,Industry,光计算。,光计算。,company-info_with_url.xlsx,Industry
SCN_5B4C34FAEF59,Scenario,5G高速通信,5g高速通信,company-info_with_url.xlsx,Scenario
SCN_97ADE6FE1F13,Scenario,光纤到户（接入网）,光纤到户（接入网）,company-info_with_url.xlsx,Scenario
SCN_E02B6EDE0B08,Scenario,数据中心互连,数据中心互连,company-info_with_url.xlsx,Scenario
SCN_535A1B75442B,Scenario,城域网传输,城域网传输,company-info_with_url.xlsx,Scenario
SCN_916834A0269C,Scenario,云计算,云计算,company-info_with_url.xlsx,Scenario
SCN_62260BEB309F,Scenario,大数据产业的光传输系统。,大数据产业的光传输系统。,company-info_with_url.xlsx,Scenario
SUP_0DCE352E03EC,Supplier,光子集成芯片原材料供应商,光子集成芯片原材料供应商,company-info_with_url.xlsx,Supplier
SUP_918BFCB28F66,Supplier,III-V族化合物半导体晶圆供应商,iii-v族化合物半导体晶圆供应商,company-info_with_url.xlsx,Supplier
SUP_079F33AA91DF,Supplier,光模块器件供应商,光模块器件供应商,company-info_with_url.xlsx,Supplier
DEM_84F1E5650415,DemandTag,根据其Pre-IPO阶段及扩产计划,根据其pre-ipo阶段及扩产计划,company-info_with_url.xlsx,DemandTag
DEM_B6EF0E6E1524,DemandTag,推测可能为上市辅导资源,推测可能为上市辅导资源,company-info_with_url.xlsx,DemandTag
DEM_46F3556B6282,DemandTag,市场扩张资源或进一步产能建设所需的资金,市场扩张资源或进一步产能建设所需的资金,company-info_with_url.xlsx,DemandTag
DEM_5C0B412B3EB4,DemandTag,政策支持。资料中未明确说明。,政策支持。资料中未明确说明。,company-info_with_url.xlsx,DemandTag
PROD_5ABF807A7CE7,Product,以国际首创的“活性乳液聚合”平台型技术为核心,以国际首创的“活性乳液聚合”平台型技术为核心,company-info_with_url.xlsx,Product
PROD_8FB0B78BE803,Product,打造ABC（Acrylate Block Copolymer,打造abc（acrylate block copolymer,company-info_with_url.xlsx,Product
PROD_5C81E490AA2A,Product,丙烯酸酯嵌段共聚物）超弹胶乳材料体系。拥有四大产品系列：高端胶粘剂,丙烯酸酯嵌段共聚物）超弹胶乳材料体系。拥有四大产品系列：高端胶粘剂,company-info_with_url.xlsx,Product
PROD_9C2085844ACA,Product,功能涂层材料,功能涂层材料,company-info_with_url.xlsx,Product
PROD_0D6EC5983A02,Product,水性ABC超弹革,水性abc超弹革,company-info_with_url.xlsx,Product
PROD_9A66383F641D,Product,特种功能材料。代表产品水性喷胶,特种功能材料。代表产品水性喷胶,company-info_with_url.xlsx,Product
PROD_5F5F5CB80459,Product,复合胶,复合胶,company-info_with_url.xlsx,Product
PROD_A8CDF5D61871,Product,水性压敏胶,水性压敏胶,company-info_with_url.xlsx,Product
PROD_2B90EF89224A,Product,可折叠OCA光学胶等,可折叠oca光学胶等,company-info_with_url.xlsx,Product
CAP_708150C8E3DC,Capability,活性乳液聚合平台型技术,活性乳液聚合平台型技术,company-info_with_url.xlsx,Capability
CAP_F4CD927EBCD1,Capability,ABC超弹胶乳材料体系,abc超弹胶乳材料体系,company-info_with_url.xlsx,Capability
IND_62C596E1D585,Industry,家居,家居,company-info_with_url.xlsx,Industry
IND_E81F4A33328E,Industry,通用工业,通用工业,company-info_with_url.xlsx,Industry
IND_FC6AE52F115A,Industry,电气及日用消费品等行业。,电气及日用消费品等行业。,company-info_with_url.xlsx,Industry
SCN_2949863275F9,Scenario,1. 水性喷胶,1. 水性喷胶,company-info_with_url.xlsx,Scenario
SCN_D3430285971B,Scenario,复合胶：沙发,复合胶：沙发,company-info_with_url.xlsx,Scenario
SCN_69A82E3D1FDE,Scenario,座椅等软体家居和汽车制造过程的粘接。2. 水性压敏胶：汽车,座椅等软体家居和汽车制造过程的粘接。2. 水性压敏胶：汽车,company-info_with_url.xlsx,Scenario
SCN_74EB6FB7472A,Scenario,通用工业,通用工业,company-info_with_url.xlsx,Scenario
SCN_EB4CBD315E68,Scenario,电气及日用消费品行业的胶带制备。3. 可折叠OCA光学胶：可折叠手机,电气及日用消费品行业的胶带制备。3. 可折叠oca光学胶：可折叠手机,company-info_with_url.xlsx,Scenario
SCN_7747FDBAF7F7,Scenario,可穿戴设备等各种显示设备。,可穿戴设备等各种显示设备。,company-info_with_url.xlsx,Scenario
SUP_4033F25BBA42,Supplier,丙烯酸酯原材料供应商,丙烯酸酯原材料供应商,company-info_with_url.xlsx,Supplier
SUP_02E652FBC3EE,Supplier,聚合反应催化剂供应商,聚合反应催化剂供应商,company-info_with_url.xlsx,Supplier
SUP_5E4E1C1B065C,Supplier,化工原料供应商（浙江龙盛）,化工原料供应商（浙江龙盛）,company-info_with_url.xlsx,Supplier
DEM_3E827CA241F5,DemandTag,基于其A+轮融资阶段及市场拓展情况,基于其a+轮融资阶段及市场拓展情况,company-info_with_url.xlsx,DemandTag
DEM_1DD8E9B4007C,DemandTag,可能最需要市场渠道资源,可能最需要市场渠道资源,company-info_with_url.xlsx,DemandTag
DEM_705FE0663985,DemandTag,战略合作伙伴以及进一步扩大生产和研发的资金。,战略合作伙伴以及进一步扩大生产和研发的资金。,company-info_with_url.xlsx,DemandTag
PROD_6FD95FA0355E,Product,连续纤维增强热塑性复合材料(CFRTP)制品,连续纤维增强热塑性复合材料(cfrtp)制品,company-info_with_url.xlsx,Product
PROD_C5F75ABB17C0,Product,汽车轻量化零部件,汽车轻量化零部件,company-info_with_url.xlsx,Product
CAP_B0A35A5CE306,Capability,连续纤维增强热塑性复合材料（CFRTP）产品的研发与制造,连续纤维增强热塑性复合材料（cfrtp）产品的研发与制造,company-info_with_url.xlsx,Capability
CAP_D4E0846073C2,Capability,热塑性复合材料制品（如汽车零部件）,热塑性复合材料制品（如汽车零部件）,company-info_with_url.xlsx,Capability
CAP_899B11BA83F0,Capability,CFRTP预浸料,cfrtp预浸料,company-info_with_url.xlsx,Capability
CAP_97871349A676,Capability,带材,带材,company-info_with_url.xlsx,Capability
CAP_2A15F1D5EE36,Capability,板材,板材,company-info_with_url.xlsx,Capability
CAP_8F4DCBD177EC,Capability,非连续纤维增强热塑性复合材料制品（如无人机机臂）以及相关工艺咨询服务,非连续纤维增强热塑性复合材料制品（如无人机机臂）以及相关工艺咨询服务,company-info_with_url.xlsx,Capability
IND_15983456A7A2,Industry,汽车（零部件）,汽车（零部件）,company-info_with_url.xlsx,Industry
IND_64E0D3450152,Industry,体育用品,体育用品,company-info_with_url.xlsx,Industry
IND_57058BE62BCB,Industry,石油天然气（高压输送管线）,石油天然气（高压输送管线）,company-info_with_url.xlsx,Industry
IND_F0F96FB1CB3F,Industry,无人机。,无人机。,company-info_with_url.xlsx,Industry
SCN_9336B14F7C36,Scenario,汽车蓄电池托架,汽车蓄电池托架,company-info_with_url.xlsx,Scenario
SCN_25BAC1A5F786,Scenario,动力电池底护板,动力电池底护板,company-info_with_url.xlsx,Scenario
SCN_D9558D62E669,Scenario,上盖,上盖,company-info_with_url.xlsx,Scenario
SCN_17F7D3F1E304,Scenario,安全气囊仓,安全气囊仓,company-info_with_url.xlsx,Scenario
SCN_2535769470D0,Scenario,航空航天部件,航空航天部件,company-info_with_url.xlsx,Scenario
SCN_923BB75E9C08,Scenario,体育用品鞋材,体育用品鞋材,company-info_with_url.xlsx,Scenario
SCN_CC84E754FECF,Scenario,石油天然气高压输送管线,石油天然气高压输送管线,company-info_with_url.xlsx,Scenario
SCN_70A63BB4F0A9,Scenario,无人机机臂。,无人机机臂。,company-info_with_url.xlsx,Scenario
SUP_59CD5257A122,Supplier,MEMS传感器晶圆供应商,mems传感器晶圆供应商,company-info_with_url.xlsx,Supplier
SUP_6CE97EB3EDF1,Supplier,封装材料供应商,封装材料供应商,company-info_with_url.xlsx,Supplier
DEM_19686673C14A,DemandTag,资金（Pre-A轮融资阶段）,资金（pre-a轮融资阶段）,company-info_with_url.xlsx,DemandTag
DEM_644B377DA9A2,DemandTag,市场订单与规模化应用场景,市场订单与规模化应用场景,company-info_with_url.xlsx,DemandTag
DEM_10353E618E8D,DemandTag,产业链上下游合作伙伴,产业链上下游合作伙伴,company-info_with_url.xlsx,DemandTag
DEM_751CAB4BC34A,DemandTag,生产制造与市场拓展资源。,生产制造与市场拓展资源。,company-info_with_url.xlsx,DemandTag
PROD_85C578B8809C,Product,微胶囊核心材料产品,微胶囊核心材料产品,company-info_with_url.xlsx,Product
CAP_E9FAA4FA301F,Capability,微胶囊核心技术,微胶囊核心技术,company-info_with_url.xlsx,Capability
IND_DA727996044E,Industry,新材料技术推广与应用服务业,新材料技术推广与应用服务业,company-info_with_url.xlsx,Industry
SCN_1747F23C3405,Scenario,新材料技术转让,新材料技术转让,company-info_with_url.xlsx,Scenario
SCN_9A900F0A541C,Scenario,技术咨询与交流服务,技术咨询与交流服务,company-info_with_url.xlsx,Scenario
CUS_688B2D2BA179,Customer,新能源汽车轻量化镁合金需求客户,新能源汽车轻量化镁合金需求客户,company-info_with_url.xlsx,Customer
SUP_BFB1B5468810,Supplier,镁合金原材料供应商,镁合金原材料供应商,company-info_with_url.xlsx,Supplier
DEM_7C8D05F03F78,DemandTag,资金（用于提升微胶囊核心技术开发能力,资金（用于提升微胶囊核心技术开发能力,company-info_with_url.xlsx,DemandTag
DEM_7FEC639A65ED,DemandTag,推进新产品研发）,推进新产品研发）,company-info_with_url.xlsx,DemandTag
PROD_8BCF9BE52277,Product,晶圆级集成电路量检测设备,晶圆级集成电路量检测设备,company-info_with_url.xlsx,Product
PROD_02764693D87C,Product,掩模版缺陷检测设备,掩模版缺陷检测设备,company-info_with_url.xlsx,Product
PROD_F669009E7557,Product,晶圆缺陷检测设备,晶圆缺陷检测设备,company-info_with_url.xlsx,Product
PROD_332C1F25E2AA,Product,晶圆量测设备等九大类产品。具体产品如掩模基板缺陷检测产品Halo-100,晶圆量测设备等九大类产品。具体产品如掩模基板缺陷检测产品halo-100,company-info_with_url.xlsx,Product
CAP_94E3174772EA,Capability,晶圆级集成电路量检测设备设计,晶圆级集成电路量检测设备设计,company-info_with_url.xlsx,Capability
IND_109D79887F3A,Industry,集成电路制造,集成电路制造,company-info_with_url.xlsx,Industry
IND_1AF7D3B8F454,Industry,先进封装,先进封装,company-info_with_url.xlsx,Industry
IND_D5E9EF70506B,Industry,化合物半导体,化合物半导体,company-info_with_url.xlsx,Industry
IND_B6807889AB4B,Industry,光罩制造,光罩制造,company-info_with_url.xlsx,Industry
IND_2F647C86C18D,Industry,晶圆衬底制造,晶圆衬底制造,company-info_with_url.xlsx,Industry
IND_62B3C983B629,Industry,基板制造,基板制造,company-info_with_url.xlsx,Industry
IND_05796FA17F9B,Industry,泛半导体,泛半导体,company-info_with_url.xlsx,Industry
IND_47B2EBA8A1FF,Industry,光电及智能制造。,光电及智能制造。,company-info_with_url.xlsx,Industry
SCN_E09E2FF51D77,Scenario,芯片制造,芯片制造,company-info_with_url.xlsx,Scenario
SCN_ED0A9A2F0553,Scenario,光罩制造,光罩制造,company-info_with_url.xlsx,Scenario
SCN_FCD8ADD9B059,Scenario,晶圆衬底制造,晶圆衬底制造,company-info_with_url.xlsx,Scenario
SCN_0F702A105573,Scenario,基板制造过程中的缺陷检测与量测。,基板制造过程中的缺陷检测与量测。,company-info_with_url.xlsx,Scenario
SUP_CABAB20C74E3,Supplier,半导体检测设备零部件供应商,半导体检测设备零部件供应商,company-info_with_url.xlsx,Supplier
SUP_8333EB19E3E2,Supplier,光学元器件供应商,光学元器件供应商,company-info_with_url.xlsx,Supplier
DEM_82FBF2A5C45A,DemandTag,资金用于新产品开发及持续性研发投入,资金用于新产品开发及持续性研发投入,company-info_with_url.xlsx,DemandTag
DEM_3FF98381CCB9,DemandTag,并拓展集成电路前道量检测领域核心产品布局。,并拓展集成电路前道量检测领域核心产品布局。,company-info_with_url.xlsx,DemandTag
PROD_1D16C6E17EBC,Product,便携式三坐标（关节臂）测量仪,便携式三坐标（关节臂）测量仪,company-info_with_url.xlsx,Product
CAP_FE19F3815CEC,Capability,便携式三坐标（关节臂）测量技术,便携式三坐标（关节臂）测量技术,company-info_with_url.xlsx,Capability
CAP_5D9EB16D646B,Capability,光学测量技术,光学测量技术,company-info_with_url.xlsx,Capability
CAP_B20A361B21D6,Capability,编码器技术。核心产品为便携式三坐标（关节臂）,编码器技术。核心产品为便携式三坐标（关节臂）,company-info_with_url.xlsx,Capability
CAP_D201F8E54C5B,Capability,其结构与工业用6轴机器人相似,其结构与工业用6轴机器人相似,company-info_with_url.xlsx,Capability
CAP_AE2EA0A8B2A9,Capability,通过6个编码器记录探头姿态,通过6个编码器记录探头姿态,company-info_with_url.xlsx,Capability
CAP_AC73DC65D75B,Capability,结合臂长与角度变化智能换算坐标值,结合臂长与角度变化智能换算坐标值,company-info_with_url.xlsx,Capability
CAP_D8E3BEDB49DE,Capability,用于测量几何尺寸,用于测量几何尺寸,company-info_with_url.xlsx,Capability
CAP_A04BD8BE719C,Capability,形位公差,形位公差,company-info_with_url.xlsx,Capability
CAP_287CD9CBD1FC,Capability,三维坐标等参数,三维坐标等参数,company-info_with_url.xlsx,Capability
IND_B68FC491EBEA,Industry,通用电子测量仪器行业,通用电子测量仪器行业,company-info_with_url.xlsx,Industry
IND_2211B25FEF8D,Industry,精密制造,精密制造,company-info_with_url.xlsx,Industry
IND_63C930662E18,Industry,科研等领域。具体应用于需要高精度几何尺寸,科研等领域。具体应用于需要高精度几何尺寸,company-info_with_url.xlsx,Industry
IND_2C6664FADFC0,Industry,形位公差,形位公差,company-info_with_url.xlsx,Industry
IND_7318D26A6D75,Industry,三维坐标测量的场景。,三维坐标测量的场景。,company-info_with_url.xlsx,Industry
SCN_83ACF99E628D,Scenario,测量零件几何尺寸,测量零件几何尺寸,company-info_with_url.xlsx,Scenario
SCN_AAA996670469,Scenario,形位公差,形位公差,company-info_with_url.xlsx,Scenario
SCN_3A44C9FC72EC,Scenario,三维坐标等参数的工业现场检测与质量控制。,三维坐标等参数的工业现场检测与质量控制。,company-info_with_url.xlsx,Scenario
CUS_9441057C13BA,Customer,东风汽车,东风汽车,company-info_with_url.xlsx,Customer
CUS_1B2DEBAB5DB6,Customer,一汽集团等民族汽车品牌（技术研发与量产合作）,一汽集团等民族汽车品牌（技术研发与量产合作）,company-info_with_url.xlsx,Customer
CUS_073A3A5D1016,Customer,香港国际机场（全球首个全场景自动驾驶智慧机场）,香港国际机场（全球首个全场景自动驾驶智慧机场）,company-info_with_url.xlsx,Customer
CUS_1E5D9DA53A5A,Customer,其他主机厂和国际一级供应商（有20余项商业项目）,其他主机厂和国际一级供应商（有20余项商业项目）,company-info_with_url.xlsx,Customer
DEM_51A053B1EED1,DemandTag,资金。公司正处于快速融资发展阶段（2023年天使轮,资金。公司正处于快速融资发展阶段（2023年天使轮,company-info_with_url.xlsx,DemandTag
DEM_CB11B30A20DE,DemandTag,2024年战略投资和Pre-A轮）,2024年战略投资和pre-a轮）,company-info_with_url.xlsx,DemandTag
DEM_F5A8A9677AAE,DemandTag,需要资金用于研发投入,需要资金用于研发投入,company-info_with_url.xlsx,DemandTag
DEM_9009C55D4DAE,DemandTag,技术储备（与全球科研机构合作）及市场拓展。,技术储备（与全球科研机构合作）及市场拓展。,company-info_with_url.xlsx,DemandTag
PROD_5003F6597BE8,Product,卫星平台（10-2000kg系列）,卫星平台（10-2000kg系列）,company-info_with_url.xlsx,Product
PROD_C6331CB45736,Product,卫星部组件,卫星部组件,company-info_with_url.xlsx,Product
PROD_9C3E602A36EA,Product,卫星通信地面终端,卫星通信地面终端,company-info_with_url.xlsx,Product
CAP_F00373D7DFBC,Capability,卫星平台（10~2000公斤系列）,卫星平台（10~2000公斤系列）,company-info_with_url.xlsx,Capability
CAP_6E473A7D2958,Capability,卫星部组件（核心单机及部组件）,卫星部组件（核心单机及部组件）,company-info_with_url.xlsx,Capability
CAP_0D797A244EF2,Capability,卫星通信地面终端（移动通信终端,卫星通信地面终端（移动通信终端,company-info_with_url.xlsx,Capability
CAP_86A9C7DE27FA,Capability,宽带通信终端）,宽带通信终端）,company-info_with_url.xlsx,Capability
CAP_10D7D42DF539,Capability,卫星整星设计与集成测试能力,卫星整星设计与集成测试能力,company-info_with_url.xlsx,Capability
CAP_27CA4D8FC8ED,Capability,卫星在轨交付服务,卫星在轨交付服务,company-info_with_url.xlsx,Capability
IND_AA1389C74FE2,Industry,应急通信,应急通信,company-info_with_url.xlsx,Industry
IND_40B0CFD468A0,Industry,互联网接入等。,互联网接入等。,company-info_with_url.xlsx,Industry
SCN_2651441FBCBE,Scenario,卫星星座系统建设,卫星星座系统建设,company-info_with_url.xlsx,Scenario
SCN_2C9C6E34F860,Scenario,卫星整星在轨交付,卫星整星在轨交付,company-info_with_url.xlsx,Scenario
SCN_D09718946284,Scenario,物联网和互联网卫星通信接入,物联网和互联网卫星通信接入,company-info_with_url.xlsx,Scenario
SCN_6D0D3F0CAAF9,Scenario,应急通信,应急通信,company-info_with_url.xlsx,Scenario
SCN_152346201B51,Scenario,语音,语音,company-info_with_url.xlsx,Scenario
SCN_B07AA768C4AD,Scenario,数据,数据,company-info_with_url.xlsx,Scenario
SCN_D8B2275A883F,Scenario,音视频传输。,音视频传输。,company-info_with_url.xlsx,Scenario
CUS_108891D9DD1D,Customer,行业客户提供解决方案,行业客户提供解决方案,company-info_with_url.xlsx,Customer
CUS_87D6CA29CF74,Customer,但未列出具体客户名称）,但未列出具体客户名称）,company-info_with_url.xlsx,Customer
SUP_5E0DAFCC7FB0,Supplier,星敏感器供应商（天银星际,星敏感器供应商（天银星际,company-info_with_url.xlsx,Supplier
SUP_8C08244B71F8,Supplier,国科天成）,国科天成）,company-info_with_url.xlsx,Supplier
SUP_0EE6A7270FE0,Supplier,精密电子元器件供应商（北方华创）,精密电子元器件供应商（北方华创）,company-info_with_url.xlsx,Supplier
SUP_395A3AA6D32E,Supplier,碳纤维复合材料供应商（光威复材,碳纤维复合材料供应商（光威复材,company-info_with_url.xlsx,Supplier
SUP_0E186DD23CCB,Supplier,中简科技）,中简科技）,company-info_with_url.xlsx,Supplier
SUP_FCB31317138D,Supplier,太阳能电池片供应商,太阳能电池片供应商,company-info_with_url.xlsx,Supplier
SUP_A875AC845127,Supplier,单晶炉设备供应商,单晶炉设备供应商,company-info_with_url.xlsx,Supplier
DEM_B780466894EF,DemandTag,根据网络融资信息推断,根据网络融资信息推断,company-info_with_url.xlsx,DemandTag
DEM_5D238F36E39C,DemandTag,可能为研发投入和产能扩大所需的资金资源。,可能为研发投入和产能扩大所需的资金资源。,company-info_with_url.xlsx,DemandTag
PROD_BAA7CA42D167,Product,卫星通信终端（调制解调器）,卫星通信终端（调制解调器）,company-info_with_url.xlsx,Product
PROD_1222A01F81C6,Product,卫星通信网管理系统,卫星通信网管理系统,company-info_with_url.xlsx,Product
CAP_19DC08E89262,Capability,以调制解调为核心的卫星通信终端技术（业务速率最高36Mbps,以调制解调为核心的卫星通信终端技术（业务速率最高36mbps,company-info_with_url.xlsx,Capability
CAP_E43837C606F6,Capability,国内最高水平）,国内最高水平）,company-info_with_url.xlsx,Capability
CAP_801B5F445ECC,Capability,卫星通信网管理控制技术（管理万级网络规模,卫星通信网管理控制技术（管理万级网络规模,company-info_with_url.xlsx,Capability
CAP_513F27479E9D,Capability,提升卫星运营能力,提升卫星运营能力,company-info_with_url.xlsx,Capability
CAP_27F52DDCE716,Capability,网络可靠性可达电信级）,网络可靠性可达电信级）,company-info_with_url.xlsx,Capability
CAP_BE332E8EFA14,Capability,全系列卫星通信产品及卫星通信系统组网能力,全系列卫星通信产品及卫星通信系统组网能力,company-info_with_url.xlsx,Capability
CAP_9667FD46995C,Capability,“蓝鲸”宽带卫星通信系统系列产品,“蓝鲸”宽带卫星通信系统系列产品,company-info_with_url.xlsx,Capability
IND_EB969BAA7B64,Industry,互联网接入,互联网接入,company-info_with_url.xlsx,Industry
IND_CAE141165056,Industry,物联网数据传输。,物联网数据传输。,company-info_with_url.xlsx,Industry
SCN_B35A2AE0C6A6,Scenario,互联网接入,互联网接入,company-info_with_url.xlsx,Scenario
SCN_0B68B5094350,Scenario,物联网数据传输。,物联网数据传输。,company-info_with_url.xlsx,Scenario
SUP_FFACCEE120D5,Supplier,卫星通信基带芯片供应商,卫星通信基带芯片供应商,company-info_with_url.xlsx,Supplier
SUP_A3964F7E9940,Supplier,射频元器件供应商,射频元器件供应商,company-info_with_url.xlsx,Supplier
SUP_D73B65BCABF0,Supplier,天线供应商,天线供应商,company-info_with_url.xlsx,Supplier
SUP_6C5770CC4906,Supplier,通信协议软件授权供应商,通信协议软件授权供应商,company-info_with_url.xlsx,Supplier
PROD_E838F9758E1E,Product,高速数据传输芯片,高速数据传输芯片,company-info_with_url.xlsx,Product
PROD_7013DDD22E08,Product,高速网络通讯芯片及IP核,高速网络通讯芯片及ip核,company-info_with_url.xlsx,Product
CAP_368B7DEC7950,Capability,基于CMOS工艺的高速数据传输芯片,基于cmos工艺的高速数据传输芯片,company-info_with_url.xlsx,Capability
CAP_695E4C5FFAD3,Capability,高速网络通讯芯片及IP核,高速网络通讯芯片及ip核,company-info_with_url.xlsx,Capability
IND_8C4C549D82EA,Industry,高速数据通信,高速数据通信,company-info_with_url.xlsx,Industry
IND_F62C4785013E,Industry,光网络,光网络,company-info_with_url.xlsx,Industry
IND_492E025F4CBD,Industry,云计算,云计算,company-info_with_url.xlsx,Industry
IND_0C8FB84C21CD,Industry,5G通信,5g通信,company-info_with_url.xlsx,Industry
IND_FE48D0BEE382,Industry,大数据,大数据,company-info_with_url.xlsx,Industry
IND_A9E014AFC903,Industry,智能制造,智能制造,company-info_with_url.xlsx,Industry
IND_27433D63054E,Industry,人工智能网络,人工智能网络,company-info_with_url.xlsx,Industry
SCN_4615FD26D49A,Scenario,高速数据通信,高速数据通信,company-info_with_url.xlsx,Scenario
SCN_D26593B0D360,Scenario,光网络,光网络,company-info_with_url.xlsx,Scenario
SCN_AB647E525512,Scenario,云计算数据中心互联,云计算数据中心互联,company-info_with_url.xlsx,Scenario
SUP_F9F30BBC003B,Supplier,SerDes芯片代工厂,serdes芯片代工厂,company-info_with_url.xlsx,Supplier
SUP_2DCA3A0B1E62,Supplier,光模块核心元器件供应商,光模块核心元器件供应商,company-info_with_url.xlsx,Supplier
SUP_40E2DC33732F,Supplier,PCB板供应商,pcb板供应商,company-info_with_url.xlsx,Supplier
DEM_1B8649215C55,DemandTag,资金（近期完成C轮融资,资金（近期完成c轮融资,company-info_with_url.xlsx,DemandTag
DEM_5E3CD21C4DB0,DemandTag,可能用于研发扩张和市场拓展）,可能用于研发扩张和市场拓展）,company-info_with_url.xlsx,DemandTag
PROD_1C004B559F6A,Product,超高速ADC,超高速adc,company-info_with_url.xlsx,Product
PROD_AEAF8203FFF0,Product,DAC芯片,dac芯片,company-info_with_url.xlsx,Product
PROD_2CEA7A8F0EE6,Product,GHz以上高性能模拟芯片,ghz以上高性能模拟芯片,company-info_with_url.xlsx,Product
CAP_314D449F8AE7,Capability,专注于GHz以上的高性能模拟及混合信号集成电路,专注于ghz以上的高性能模拟及混合信号集成电路,company-info_with_url.xlsx,Capability
CAP_2E0BC9412223,Capability,特别是超高速数据转换器芯片（ADC,特别是超高速数据转换器芯片（adc,company-info_with_url.xlsx,Capability
CAP_878EE69DEEB9,Capability,DAC）,dac）,company-info_with_url.xlsx,Capability
CAP_CC505626A063,Capability,高速串并,高速串并,company-info_with_url.xlsx,Capability
CAP_A555201AB25F,Capability,并串转换芯片以及微波单片集成电路。是国内第一家可以提供采样率大于5GSps ADC,并串转换芯片以及微波单片集成电路。是国内第一家可以提供采样率大于5gsps adc,company-info_with_url.xlsx,Capability
CAP_6E2BF3F98D03,Capability,DAC的公司,dac的公司,company-info_with_url.xlsx,Capability
IND_D2154D83A433,Industry,集成电路行业,集成电路行业,company-info_with_url.xlsx,Industry
IND_A9596369FA75,Industry,具体应用于需要超高速数据转换和处理的领域。,具体应用于需要超高速数据转换和处理的领域。,company-info_with_url.xlsx,Industry
SCN_8B77ED5BA05B,Scenario,为用户提供高性价比的芯片定制方案和全方位的系统服务,为用户提供高性价比的芯片定制方案和全方位的系统服务,company-info_with_url.xlsx,Scenario
SCN_93F434D8E7D3,Scenario,具体应用场景未明确说明。,具体应用场景未明确说明。,company-info_with_url.xlsx,Scenario
SUP_5864BA57456A,Supplier,ADC,adc,company-info_with_url.xlsx,Supplier
SUP_32F81DC9BE0D,Supplier,DAC芯片代工厂,dac芯片代工厂,company-info_with_url.xlsx,Supplier
SUP_DE56CF520167,Supplier,晶圆供应商,晶圆供应商,company-info_with_url.xlsx,Supplier
DEM_E2E11DEB008A,DemandTag,基于其处于C轮融资阶段及业务性质,基于其处于c轮融资阶段及业务性质,company-info_with_url.xlsx,DemandTag
DEM_70B825ECE891,DemandTag,可能最需要资金资源用于研发迭代,可能最需要资金资源用于研发迭代,company-info_with_url.xlsx,DemandTag
DEM_30973FFCB9B8,DemandTag,市场扩张及产能提升。,市场扩张及产能提升。,company-info_with_url.xlsx,DemandTag
PROD_DA87EC5F306D,Product,电子战装备,电子战装备,company-info_with_url.xlsx,Product
PROD_1501F4FFF619,Product,电磁试验训练装备,电磁试验训练装备,company-info_with_url.xlsx,Product
PROD_40A9116A4925,Product,高端安防监控,高端安防监控,company-info_with_url.xlsx,Product
PROD_68EEA5E2A48B,Product,海洋环境探测,海洋环境探测,company-info_with_url.xlsx,Product
PROD_033F20778310,Product,人工智能系统,人工智能系统,company-info_with_url.xlsx,Product
PROD_A22E9B0CC778,Product,军用配套电子设备,军用配套电子设备,company-info_with_url.xlsx,Product
CAP_11707E09D2A7,Capability,电子战装备技术,电子战装备技术,company-info_with_url.xlsx,Capability
CAP_E893CAF19100,Capability,电磁试验训练技术,电磁试验训练技术,company-info_with_url.xlsx,Capability
IND_CCBFFCC7F314,Industry,国防军工（电子对抗,国防军工（电子对抗,company-info_with_url.xlsx,Industry
IND_2403417E9E1F,Industry,军事训练）,军事训练）,company-info_with_url.xlsx,Industry
IND_BA8234145491,Industry,高端安防,高端安防,company-info_with_url.xlsx,Industry
IND_536D1869E9FF,Industry,海洋探测,海洋探测,company-info_with_url.xlsx,Industry
SCN_5FC1A3BF8108,Scenario,电磁试验训练,电磁试验训练,company-info_with_url.xlsx,Scenario
SCN_2973C2CA9CF7,Scenario,军事装备配套,军事装备配套,company-info_with_url.xlsx,Scenario
SCN_F622750DEA66,Scenario,安防监控,安防监控,company-info_with_url.xlsx,Scenario
SCN_2F0132A40DBF,Scenario,海洋环境监测,海洋环境监测,company-info_with_url.xlsx,Scenario
SUP_F38C07C2687F,Supplier,相控阵雷达元器件供应商,相控阵雷达元器件供应商,company-info_with_url.xlsx,Supplier
SUP_5542516FFDEA,Supplier,电子对抗设备零部件供应商,电子对抗设备零部件供应商,company-info_with_url.xlsx,Supplier
DEM_D4FB6F7C7B83,DemandTag,暂无（信息不足,暂无（信息不足,company-info_with_url.xlsx,DemandTag
DEM_1289BAFBD4D9,DemandTag,推测为技术深化,推测为技术深化,company-info_with_url.xlsx,DemandTag
DEM_E18593C21F68,DemandTag,市场拓展或资金支持）,市场拓展或资金支持）,company-info_with_url.xlsx,DemandTag
PROD_050BE3F786CC,Product,METARY®P型高功率锂金属电池（400Wh,metary®p型高功率锂金属电池（400wh,company-info_with_url.xlsx,Product
PROD_B5969E88F59B,Product,kg）,kg）,company-info_with_url.xlsx,Product
CAP_FA3DB1F01B53,Capability,专注于新体系高比能锂金属电池的研发生产,专注于新体系高比能锂金属电池的研发生产,company-info_with_url.xlsx,Capability
CAP_44FFC8B3F64D,Capability,拥有锂电池正负极材料设计,拥有锂电池正负极材料设计,company-info_with_url.xlsx,Capability
CAP_8467D023FF68,Capability,电解液优化,电解液优化,company-info_with_url.xlsx,Capability
CAP_6FC3926468C5,Capability,隔膜修饰,隔膜修饰,company-info_with_url.xlsx,Capability
CAP_40CD97A1D9AF,Capability,电芯制造及智能自动化生产等相关领域的多项领先技术。2020年其锂金属电池能量密度突破550Wh,电芯制造及智能自动化生产等相关领域的多项领先技术。2020年其锂金属电池能量密度突破550wh,company-info_with_url.xlsx,Capability
CAP_EF471CE9CA8C,Capability,kg,kg,company-info_with_url.xlsx,Capability
CAP_EEFDA2D04C9B,Capability,具备优异高低温特性,具备优异高低温特性,company-info_with_url.xlsx,Capability
IND_627E12ECC253,Industry,可穿戴电子设备,可穿戴电子设备,company-info_with_url.xlsx,Industry
IND_8C2DDBFAC704,Industry,电动汽车,电动汽车,company-info_with_url.xlsx,Industry
IND_5BBC3E6DE190,Industry,高空长航时飞行器,高空长航时飞行器,company-info_with_url.xlsx,Industry
IND_7AE9AD4F61C9,Industry,行业级无人机。,行业级无人机。,company-info_with_url.xlsx,Industry
SCN_807818B11700,Scenario,高空长航时飞行器,高空长航时飞行器,company-info_with_url.xlsx,Scenario
SCN_8A29E975935C,Scenario,行业级无人机等需要高能量密度,行业级无人机等需要高能量密度,company-info_with_url.xlsx,Scenario
SCN_AB36EDFF6298,Scenario,优异高低温性能及长航时电池的场景。,优异高低温性能及长航时电池的场景。,company-info_with_url.xlsx,Scenario
CUS_2CA32FC298E3,Customer,头部动力电池巨头,头部动力电池巨头,company-info_with_url.xlsx,Customer
CUS_5EFC2AE3E542,Customer,整车厂,整车厂,company-info_with_url.xlsx,Customer
CUS_D427E446BEDB,Customer,Tier1,tier1,company-info_with_url.xlsx,Customer
CUS_86D7AEA19275,Customer,eVTOL飞行器厂商（全球前五客户群）,evtol飞行器厂商（全球前五客户群）,company-info_with_url.xlsx,Customer
SUP_0BA03D776316,Supplier,Sub-vendor采用中芯绍兴等国内外一流晶圆与封测厂,sub-vendor采用中芯绍兴等国内外一流晶圆与封测厂,company-info_with_url.xlsx,Supplier
DEM_5860888DC4E5,DemandTag,但作为A轮融资阶段的科技公司,但作为a轮融资阶段的科技公司,company-info_with_url.xlsx,DemandTag
DEM_EF51FABA5966,DemandTag,可能需资金,可能需资金,company-info_with_url.xlsx,DemandTag
DEM_118204869214,DemandTag,市场渠道,市场渠道,company-info_with_url.xlsx,DemandTag
DEM_7433820C9042,DemandTag,规模化生产及供应链资源）,规模化生产及供应链资源）,company-info_with_url.xlsx,DemandTag
PROD_C2CB3C724028,Product,XS2001,xs2001,company-info_with_url.xlsx,Product
PROD_4F9FECA68F65,Product,XS2002音频NPU芯片（语音唤醒+离线识别）,xs2002音频npu芯片（语音唤醒+离线识别）,company-info_with_url.xlsx,Product
CAP_80C6399ED427,Capability,音频NPU芯片及算法解决方案。主要产品为XS2001,音频npu芯片及算法解决方案。主要产品为xs2001,company-info_with_url.xlsx,Capability
CAP_F99829A94DDF,Capability,XS2002等用于本地语音唤醒和命令词识别的专用芯片,xs2002等用于本地语音唤醒和命令词识别的专用芯片,company-info_with_url.xlsx,Capability
CAP_A4B075A73D38,Capability,支持AlwaysOn工作模式,支持alwayson工作模式,company-info_with_url.xlsx,Capability
CAP_A5A3F5B3A200,Capability,唤醒功耗小于1mW,唤醒功耗小于1mw,company-info_with_url.xlsx,Capability
CAP_C902BE7BA98B,Capability,具备远场识别高强度计算能力,具备远场识别高强度计算能力,company-info_with_url.xlsx,Capability
CAP_D420C0DFC5D0,Capability,支持AGC,支持agc,company-info_with_url.xlsx,Capability
CAP_39CD2EC4BB20,Capability,AEC,aec,company-info_with_url.xlsx,Capability
CAP_E23C67CCBC4E,Capability,波束成型,波束成型,company-info_with_url.xlsx,Capability
CAP_0DD1BC510036,Capability,去混响,去混响,company-info_with_url.xlsx,Capability
CAP_C1883C5C1419,Capability,复杂降噪,复杂降噪,company-info_with_url.xlsx,Capability
CAP_8E68CD948AF9,Capability,多命令词识别等14种算法,多命令词识别等14种算法,company-info_with_url.xlsx,Capability
IND_5EC780516EF5,Industry,智能手机,智能手机,company-info_with_url.xlsx,Industry
IND_8AA0527B8706,Industry,智能耳机,智能耳机,company-info_with_url.xlsx,Industry
IND_46579D91A060,Industry,智能头盔,智能头盔,company-info_with_url.xlsx,Industry
IND_114671878F39,Industry,车载音频,车载音频,company-info_with_url.xlsx,Industry
IND_5E98F84C84DE,Industry,低延时直播,低延时直播,company-info_with_url.xlsx,Industry
IND_D2D627A2BF22,Industry,电话会议,电话会议,company-info_with_url.xlsx,Industry
IND_A9363DFAB14C,Industry,IoT,iot,company-info_with_url.xlsx,Industry
IND_88BFFE48A19D,Industry,白电等方向的智能语音识别应用。,白电等方向的智能语音识别应用。,company-info_with_url.xlsx,Industry
SCN_D7DD0DEF78F8,Scenario,出行,出行,company-info_with_url.xlsx,Scenario
SCN_9ABA2CA37523,Scenario,对讲,对讲,company-info_with_url.xlsx,Scenario
SCN_0BF123E8575A,Scenario,声纹解锁,声纹解锁,company-info_with_url.xlsx,Scenario
SCN_4387681556B4,Scenario,声源定位四大业务板块。具体应用于智能设备的语音唤醒与命令词识别,声源定位四大业务板块。具体应用于智能设备的语音唤醒与命令词识别,company-info_with_url.xlsx,Scenario
SCN_5180ED94B813,Scenario,车载音频,车载音频,company-info_with_url.xlsx,Scenario
SCN_69EA280A3BFC,Scenario,会议系统等。,会议系统等。,company-info_with_url.xlsx,Scenario
SUP_1A1E2FC6CE34,Supplier,语音芯片晶圆供应商,语音芯片晶圆供应商,company-info_with_url.xlsx,Supplier
SUP_F5DF20BC76FA,Supplier,NAND Flash供应商（长江存储,nand flash供应商（长江存储,company-info_with_url.xlsx,Supplier
SUP_F4C67711459D,Supplier,三星）,三星）,company-info_with_url.xlsx,Supplier
SUP_6A67710AE92B,Supplier,蓝牙,蓝牙,company-info_with_url.xlsx,Supplier
SUP_A041B8B55ADA,Supplier,WiFi模组供应商,wifi模组供应商,company-info_with_url.xlsx,Supplier
PROD_FB79FD1ACD4F,Product,MEMS传感器（压力,mems传感器（压力,company-info_with_url.xlsx,Product
PROD_4F7F8CE6476B,Product,加速度,加速度,company-info_with_url.xlsx,Product
PROD_065D77E89B7B,Product,陀螺仪,陀螺仪,company-info_with_url.xlsx,Product
PROD_5A994D343861,Product,气体传感器等）,气体传感器等）,company-info_with_url.xlsx,Product
CAP_77287D317437,Capability,基于全自主知识产权的MEMS技术,基于全自主知识产权的mems技术,company-info_with_url.xlsx,Capability
CAP_B4A1D005704D,Capability,产品涵盖压力传感器,产品涵盖压力传感器,company-info_with_url.xlsx,Capability
CAP_DF86567756FD,Capability,加速度计,加速度计,company-info_with_url.xlsx,Capability
CAP_2FB630FA899E,Capability,陀螺仪,陀螺仪,company-info_with_url.xlsx,Capability
CAP_23396358CF66,Capability,MEMS扬声器,mems扬声器,company-info_with_url.xlsx,Capability
CAP_B6FF6B45A199,Capability,超声波成像与测距,超声波成像与测距,company-info_with_url.xlsx,Capability
CAP_9CCD1763ADCB,Capability,3D硅电容,3d硅电容,company-info_with_url.xlsx,Capability
CAP_002B181F289E,Capability,硅振荡器,硅振荡器,company-info_with_url.xlsx,Capability
CAP_65D6701FB810,Capability,温湿度传感器,温湿度传感器,company-info_with_url.xlsx,Capability
CAP_7F0690A90D83,Capability,气体,气体,company-info_with_url.xlsx,Capability
CAP_C2279E8341C1,Capability,颗粒物传感器,颗粒物传感器,company-info_with_url.xlsx,Capability
CAP_B5F57AFCF9E9,Capability,流量计,流量计,company-info_with_url.xlsx,Capability
CAP_A7D056946D38,Capability,麦克风,麦克风,company-info_with_url.xlsx,Capability
CAP_2FA6AE754E18,Capability,喷墨打印头,喷墨打印头,company-info_with_url.xlsx,Capability
CAP_268D51E69941,Capability,生物传感器,生物传感器,company-info_with_url.xlsx,Capability
CAP_C59F0FB941E8,Capability,红外传感器等,红外传感器等,company-info_with_url.xlsx,Capability
IND_59890B2C42DA,Industry,消费类电子,消费类电子,company-info_with_url.xlsx,Industry
IND_40B1F6405467,Industry,医疗等多个领域。,医疗等多个领域。,company-info_with_url.xlsx,Industry
SCN_E2D06AA77F20,Scenario,为500强及细分领域客户提供高性能MEMS产品及服务,为500强及细分领域客户提供高性能mems产品及服务,company-info_with_url.xlsx,Scenario
SCN_5BB824848593,Scenario,具体应用场景包括但不限于消费电子,具体应用场景包括但不限于消费电子,company-info_with_url.xlsx,Scenario
SCN_0C371FF2CE0D,Scenario,汽车电子,汽车电子,company-info_with_url.xlsx,Scenario
SCN_E80458B4E05C,Scenario,医疗设备中的传感,医疗设备中的传感,company-info_with_url.xlsx,Scenario
SCN_517EF1425AC2,Scenario,声学,声学,company-info_with_url.xlsx,Scenario
SCN_06B9DDEB342F,Scenario,成像等。,成像等。,company-info_with_url.xlsx,Scenario
SUP_E7A1A473896B,Supplier,NB-IoT芯片供应商,nb-iot芯片供应商,company-info_with_url.xlsx,Supplier
SUP_36B1CFC3B7F8,Supplier,WiFi芯片供应商,wifi芯片供应商,company-info_with_url.xlsx,Supplier
SUP_256CDED9380B,Supplier,模组代工厂,模组代工厂,company-info_with_url.xlsx,Supplier
PROD_EFA7ADD267DB,Product,能量块(eBlock),能量块(eblock),company-info_with_url.xlsx,Product
PROD_A893B82695FD,Product,能量链(eLink),能量链(elink),company-info_with_url.xlsx,Product
PROD_7DD911421616,Product,能量云(eMind)三大核心产品构成的3e分布式能量块储能系统方案,能量云(emind)三大核心产品构成的3e分布式能量块储能系统方案,company-info_with_url.xlsx,Product
CAP_F46AC83C39CC,Capability,储能变流器(PCS),储能变流器(pcs),company-info_with_url.xlsx,Capability
CAP_41EF58F191F9,Capability,电池管理系统(BMS),电池管理系统(bms),company-info_with_url.xlsx,Capability
CAP_C122FA5D4EF7,Capability,能量管理系统软件(EMS)的研发与集成技术,能量管理系统软件(ems)的研发与集成技术,company-info_with_url.xlsx,Capability
IND_F16F4857EA70,Industry,工商业储能,工商业储能,company-info_with_url.xlsx,Industry
IND_8C356EF3FEB4,Industry,新能源储能（如光伏,新能源储能（如光伏,company-info_with_url.xlsx,Industry
IND_414EE7A8A0C6,Industry,风电等可再生能源配套）。,风电等可再生能源配套）。,company-info_with_url.xlsx,Industry
SCN_ECD4ABD0437B,Scenario,为工商业和新能源领域客户提供一站式储能系统解决方案,为工商业和新能源领域客户提供一站式储能系统解决方案,company-info_with_url.xlsx,Scenario
SCN_E1CFAB8F0784,Scenario,解决电池直流系统与电网交流系统之间的能量转化,解决电池直流系统与电网交流系统之间的能量转化,company-info_with_url.xlsx,Scenario
SCN_B836F661A050,Scenario,安全防护,安全防护,company-info_with_url.xlsx,Scenario
SCN_19456016F95C,Scenario,监控管理,监控管理,company-info_with_url.xlsx,Scenario
SCN_646EFF48DB37,Scenario,调度运维问题。,调度运维问题。,company-info_with_url.xlsx,Scenario
CUS_72252355D30E,Customer,南方电网,南方电网,company-info_with_url.xlsx,Customer
CUS_DA5CB39B890D,Customer,五大六小电力集团,五大六小电力集团,company-info_with_url.xlsx,Customer
CUS_853EB96CF162,Customer,连续两年中国工商储出货量NO.1,连续两年中国工商储出货量no.1,company-info_with_url.xlsx,Customer
CUS_0A7EB5F46747,Customer,累计交付项目突破1000个,累计交付项目突破1000个,company-info_with_url.xlsx,Customer
SUP_859C9660456A,Supplier,电芯,电芯,company-info_with_url.xlsx,Supplier
SUP_303534A9DE60,Supplier,BMS,bms,company-info_with_url.xlsx,Supplier
SUP_EBFE81A5A99F,Supplier,PCS供应商,pcs供应商,company-info_with_url.xlsx,Supplier
DEM_E9E11D886493,DemandTag,基于其处于融资扩张阶段（已完成B轮,基于其处于融资扩张阶段（已完成b轮,company-info_with_url.xlsx,DemandTag
DEM_A906BD29119D,DemandTag,可能最需要市场拓展资源,可能最需要市场拓展资源,company-info_with_url.xlsx,DemandTag
DEM_F63A2ED24688,DemandTag,持续研发资金及产业链合作资源。,持续研发资金及产业链合作资源。,company-info_with_url.xlsx,DemandTag
PROD_FED4AD39505F,Product,全钙钛矿叠层太阳能电池,全钙钛矿叠层太阳能电池,company-info_with_url.xlsx,Product
PROD_5526BE931791,Product,稳态光电转换效率高达29.0%,稳态光电转换效率高达29.0%,company-info_with_url.xlsx,Product
CAP_29F7DDE6C441,Capability,全钙钛矿叠层太阳能电池技术,全钙钛矿叠层太阳能电池技术,company-info_with_url.xlsx,Capability
IND_4360D723C556,Industry,光伏（太阳能发电）,光伏（太阳能发电）,company-info_with_url.xlsx,Industry
SCN_C51D32A7EBF5,Scenario,光伏建筑一体化（BIPV）,光伏建筑一体化（bipv）,company-info_with_url.xlsx,Scenario
SCN_06CAE82C7EA7,Scenario,汽车顶棚光伏,汽车顶棚光伏,company-info_with_url.xlsx,Scenario
SCN_63FB2B6E7C1B,Scenario,消费电子产品（如手机,消费电子产品（如手机,company-info_with_url.xlsx,Scenario
SCN_8A061918B04E,Scenario,电脑,电脑,company-info_with_url.xlsx,Scenario
SCN_524A79C696FA,Scenario,背包）的灵活充电配套设施,背包）的灵活充电配套设施,company-info_with_url.xlsx,Scenario
CUS_925973CA78BD,Customer,下游光伏,下游光伏,company-info_with_url.xlsx,Customer
CUS_1522C12D3656,Customer,钙钛矿电池需求客户,钙钛矿电池需求客户,company-info_with_url.xlsx,Customer
CUS_0D4854F37B1D,Customer,已协助客户建设钙钛矿产线,已协助客户建设钙钛矿产线,company-info_with_url.xlsx,Customer
SUP_D42583E0D9C3,Supplier,钙钛矿材料,钙钛矿材料,company-info_with_url.xlsx,Supplier
DEM_8A9AC6BE156B,DemandTag,资金（已完成A+轮融资）,资金（已完成a+轮融资）,company-info_with_url.xlsx,DemandTag
DEM_743D3656F8CE,DemandTag,产业化合作伙伴,产业化合作伙伴,company-info_with_url.xlsx,DemandTag
DEM_9535DF7EC739,DemandTag,市场渠道（尤其在BIPV和汽车领域）,市场渠道（尤其在bipv和汽车领域）,company-info_with_url.xlsx,DemandTag
PROD_AE366B8E148D,Product,射频滤波器芯片IC,射频滤波器芯片ic,company-info_with_url.xlsx,Product
PROD_E03610DD03D8,Product,射频高级模块,射频高级模块,company-info_with_url.xlsx,Product
CAP_F99442481AE4,Capability,射频高级模块一体化解决方案,射频高级模块一体化解决方案,company-info_with_url.xlsx,Capability
CAP_370C90D089AC,Capability,射频滤波器芯片IC设计,射频滤波器芯片ic设计,company-info_with_url.xlsx,Capability
CAP_2888E376999D,Capability,高级射频声波集成电路和模块,高级射频声波集成电路和模块,company-info_with_url.xlsx,Capability
IND_672F815E8513,Industry,移动通信,移动通信,company-info_with_url.xlsx,Industry
SCN_872BFC8A0115,Scenario,下一代智能手机和物联网设备中的射频前端模块,下一代智能手机和物联网设备中的射频前端模块,company-info_with_url.xlsx,Scenario
SUP_D1886567DE20,Supplier,射频滤波器芯片代工厂,射频滤波器芯片代工厂,company-info_with_url.xlsx,Supplier
DEM_684588B00CB0,DemandTag,资金（已完成B轮融资）,资金（已完成b轮融资）,company-info_with_url.xlsx,DemandTag
DEM_898F2F0ABBD1,DemandTag,市场渠道与客户资源,市场渠道与客户资源,company-info_with_url.xlsx,DemandTag
PROD_E8C953ECE06C,Product,军（民）用察打一体无人平台,军（民）用察打一体无人平台,company-info_with_url.xlsx,Product
PROD_5E457F5EB350,Product,轮式无人打击车,轮式无人打击车,company-info_with_url.xlsx,Product
PROD_99073063E550,Product,轮式无人光电侦察车,轮式无人光电侦察车,company-info_with_url.xlsx,Product
PROD_C3B4134C3769,Product,轮式无人雷达侦察车,轮式无人雷达侦察车,company-info_with_url.xlsx,Product
PROD_3FA276424FC5,Product,履带式无人光电侦察车,履带式无人光电侦察车,company-info_with_url.xlsx,Product
PROD_4A8F51AE7D7F,Product,警用全地形无人反恐镇暴车,警用全地形无人反恐镇暴车,company-info_with_url.xlsx,Product
PROD_4822CA8C0688,Product,多功能指挥车等多种无人军用车辆,多功能指挥车等多种无人军用车辆,company-info_with_url.xlsx,Product
CAP_3FD35DFF4F20,Capability,短程支援大载荷察打无人机平台系统。产品兼容全地形自主驾驶,短程支援大载荷察打无人机平台系统。产品兼容全地形自主驾驶,company-info_with_url.xlsx,Capability
CAP_95B79E9C0232,Capability,自主跟随,自主跟随,company-info_with_url.xlsx,Capability
CAP_238F0393AF76,Capability,远程遥控以及卫星导航寻迹等工作模式,远程遥控以及卫星导航寻迹等工作模式,company-info_with_url.xlsx,Capability
IND_CC106F157C80,Industry,军工（军用地面无人平台）,军工（军用地面无人平台）,company-info_with_url.xlsx,Industry
IND_7C1167CCFFA4,Industry,警用（反恐防暴）,警用（反恐防暴）,company-info_with_url.xlsx,Industry
IND_823213786751,Industry,特种用途。,特种用途。,company-info_with_url.xlsx,Industry
SCN_059941AFA633,Scenario,战场侦察,战场侦察,company-info_with_url.xlsx,Scenario
SCN_6E59171F1649,Scenario,攻坚打击,攻坚打击,company-info_with_url.xlsx,Scenario
SCN_350213A0B29D,Scenario,边境巡逻,边境巡逻,company-info_with_url.xlsx,Scenario
SCN_978CC57DFCB8,Scenario,警用防暴,警用防暴,company-info_with_url.xlsx,Scenario
SCN_CD999BFDB64A,Scenario,军事演习,军事演习,company-info_with_url.xlsx,Scenario
SCN_C5CA059E358A,Scenario,民用保障。,民用保障。,company-info_with_url.xlsx,Scenario
SUP_700ACD579BCE,Supplier,无人机电机供应商,无人机电机供应商,company-info_with_url.xlsx,Supplier
SUP_32009CEC42A0,Supplier,碳纤维机体材料供应商,碳纤维机体材料供应商,company-info_with_url.xlsx,Supplier
SUP_B86FCEF15EEB,Supplier,飞控系统芯片供应商,飞控系统芯片供应商,company-info_with_url.xlsx,Supplier
DEM_AE06E4361A73,DemandTag,未明确提及）。,未明确提及）。,company-info_with_url.xlsx,DemandTag
PROD_0A83CFCF2A70,Product,热管理材料（导热垫片,热管理材料（导热垫片,company-info_with_url.xlsx,Product
PROD_4DFBFC71A79E,Product,凝胶,凝胶,company-info_with_url.xlsx,Product
PROD_35AF9C1A29E1,Product,相变材料）,相变材料）,company-info_with_url.xlsx,Product
PROD_A5F7B25B4457,Product,电磁屏蔽材料,电磁屏蔽材料,company-info_with_url.xlsx,Product
PROD_5D7AEB89FDF1,Product,压铸合金材料,压铸合金材料,company-info_with_url.xlsx,Product
CAP_7F2F77C44FBB,Capability,热管理材料及热解决方案,热管理材料及热解决方案,company-info_with_url.xlsx,Capability
CAP_DB5DBBD1F67B,Capability,涵盖导热界面材料（导热垫片,涵盖导热界面材料（导热垫片,company-info_with_url.xlsx,Capability
CAP_B730EDE41D6A,Capability,导热凝胶,导热凝胶,company-info_with_url.xlsx,Capability
CAP_351473DE8FA3,Capability,导热硅脂,导热硅脂,company-info_with_url.xlsx,Capability
CAP_C3184B2C64C3,Capability,导热相变材料）,导热相变材料）,company-info_with_url.xlsx,Capability
CAP_B4E59AEA76DF,Capability,电磁屏蔽,电磁屏蔽,company-info_with_url.xlsx,Capability
CAP_6BD8C50EB315,Capability,吸波材料（导热吸波片,吸波材料（导热吸波片,company-info_with_url.xlsx,Capability
CAP_BD7A4938CDBF,Capability,石墨导电布）,石墨导电布）,company-info_with_url.xlsx,Capability
CAP_5EB6D912709E,Capability,高性能压铸合金材料,高性能压铸合金材料,company-info_with_url.xlsx,Capability
CAP_1DE7F2D9486E,Capability,氮化铝陶瓷产品,氮化铝陶瓷产品,company-info_with_url.xlsx,Capability
IND_4AB46412390E,Industry,芯片,芯片,company-info_with_url.xlsx,Industry
IND_341B25EF955D,Industry,高功率电子设备,高功率电子设备,company-info_with_url.xlsx,Industry
IND_43F65E7333B3,Industry,通讯（wifi,通讯（wifi,company-info_with_url.xlsx,Industry
IND_E5262A4E263F,Industry,光模块）,光模块）,company-info_with_url.xlsx,Industry
IND_ECC52CF764E4,Industry,电源,电源,company-info_with_url.xlsx,Industry
IND_24ACAE529F08,Industry,显卡,显卡,company-info_with_url.xlsx,Industry
IND_1C5CDD9217DA,Industry,服务器,服务器,company-info_with_url.xlsx,Industry
IND_59269D38595C,Industry,激光,激光,company-info_with_url.xlsx,Industry
IND_858BCA9E332A,Industry,工业品。,工业品。,company-info_with_url.xlsx,Industry
SCN_5CFFF8F266CB,Scenario,为芯片,为芯片,company-info_with_url.xlsx,Scenario
SCN_A351CCE1AE8D,Scenario,高功率电子设备提供高性能热管理材料及散热解决方案。,高功率电子设备提供高性能热管理材料及散热解决方案。,company-info_with_url.xlsx,Scenario
SUP_ACACE3E0B514,Supplier,电子封装材料供应商,电子封装材料供应商,company-info_with_url.xlsx,Supplier
SUP_60DFDF6DA181,Supplier,导热材料供应商,导热材料供应商,company-info_with_url.xlsx,Supplier
SUP_A535EB6F18B2,Supplier,胶黏剂原材料供应商,胶黏剂原材料供应商,company-info_with_url.xlsx,Supplier
DEM_9FA192E838A7,DemandTag,B轮融资阶段,b轮融资阶段,company-info_with_url.xlsx,DemandTag
DEM_AA848408FC79,DemandTag,可能最需要资金用于市场拓展,可能最需要资金用于市场拓展,company-info_with_url.xlsx,DemandTag
DEM_4FABFFCEC90E,DemandTag,产能提升及进一步研发。,产能提升及进一步研发。,company-info_with_url.xlsx,DemandTag
PROD_C23214A5C94F,Product,碳纤维预浸料,碳纤维预浸料,company-info_with_url.xlsx,Product
PROD_C3B6C490AD74,Product,展宽编织布,展宽编织布,company-info_with_url.xlsx,Product
PROD_8E479E4DCCCA,Product,超薄单向预浸料,超薄单向预浸料,company-info_with_url.xlsx,Product
PROD_F34A034AB9E6,Product,PEEK热塑成型件,peek热塑成型件,company-info_with_url.xlsx,Product
CAP_6172BCDADA41,Capability,碳纤维展纱技术,碳纤维展纱技术,company-info_with_url.xlsx,Capability
CAP_81A72F4684CE,Capability,编织技术,编织技术,company-info_with_url.xlsx,Capability
CAP_14F32345532B,Capability,超薄预浸料技术,超薄预浸料技术,company-info_with_url.xlsx,Capability
CAP_632D7D389DB3,Capability,超分子聚乙烯预浸料技术,超分子聚乙烯预浸料技术,company-info_with_url.xlsx,Capability
CAP_0EA1AAAE6CA9,Capability,结构功能一体化材料,结构功能一体化材料,company-info_with_url.xlsx,Capability
CAP_EB0FE0399B4A,Capability,PEEK热塑成型制造技术,peek热塑成型制造技术,company-info_with_url.xlsx,Capability
CAP_ED412E80384C,Capability,常规单项预浸料,常规单项预浸料,company-info_with_url.xlsx,Capability
CAP_92FCC8E99148,Capability,超薄单向预浸料,超薄单向预浸料,company-info_with_url.xlsx,Capability
CAP_8C1E9ACEB75F,Capability,展宽编织布,展宽编织布,company-info_with_url.xlsx,Capability
CAP_AE519B310384,Capability,超薄小格编织布,超薄小格编织布,company-info_with_url.xlsx,Capability
CAP_0677F6851DE1,Capability,碳纤维±45度编织布,碳纤维±45度编织布,company-info_with_url.xlsx,Capability
CAP_B6AC43E96AD5,Capability,超薄超分子聚乙烯单向预浸料,超薄超分子聚乙烯单向预浸料,company-info_with_url.xlsx,Capability
IND_EAAF953B7E9E,Industry,航空航天（军用,航空航天（军用,company-info_with_url.xlsx,Industry
IND_9BEFDBC267BD,Industry,民用航空器,民用航空器,company-info_with_url.xlsx,Industry
IND_7657D03725AD,Industry,导弹,导弹,company-info_with_url.xlsx,Industry
IND_6B4C485BB43E,Industry,卫星,卫星,company-info_with_url.xlsx,Industry
IND_4DEA30BDE742,Industry,火箭）,火箭）,company-info_with_url.xlsx,Industry
IND_FDCB6FA192AB,Industry,国防军工。,国防军工。,company-info_with_url.xlsx,Industry
SCN_3C9DD0015617,Scenario,飞机结构件（减重20-25%）,飞机结构件（减重20-25%）,company-info_with_url.xlsx,Scenario
SCN_008E004E4243,Scenario,卫星,卫星,company-info_with_url.xlsx,Scenario
SCN_AD54838D0191,Scenario,火箭等航空航天器结构件,火箭等航空航天器结构件,company-info_with_url.xlsx,Scenario
SCN_FDAF9F24438A,Scenario,我军主力型号装备的性能提升。,我军主力型号装备的性能提升。,company-info_with_url.xlsx,Scenario
SUP_7CFA4AF337E0,Supplier,碳纤维织物供应商,碳纤维织物供应商,company-info_with_url.xlsx,Supplier
SUP_2BB4884CAF71,Supplier,树脂原材料供应商,树脂原材料供应商,company-info_with_url.xlsx,Supplier
SUP_CEB4A08FD384,Supplier,预浸料供应商,预浸料供应商,company-info_with_url.xlsx,Supplier
PROD_3FC5CCAF1B4A,Product,航空紧固件用大单重钛合金盘卷（晶粒尺寸3-5μm）,航空紧固件用大单重钛合金盘卷（晶粒尺寸3-5μm）,company-info_with_url.xlsx,Product
PROD_3AA5B1A1671D,Product,航空发动机叶片用超细晶棒,航空发动机叶片用超细晶棒,company-info_with_url.xlsx,Product
CAP_3ADC7B948203,Capability,自主研发,自主研发,company-info_with_url.xlsx,Capability
CAP_92075A6BFD43,Capability,设计了国内首条航空级钛合金棒线材全流程动态多向控温控轧生产线,设计了国内首条航空级钛合金棒线材全流程动态多向控温控轧生产线,company-info_with_url.xlsx,Capability
CAP_84861716EE88,Capability,飞机结构件用钛合金（采用“以轧代锻,飞机结构件用钛合金（采用“以轧代锻,company-info_with_url.xlsx,Capability
CAP_DB05EFFA295F,Capability,锻轧结合”先进工艺,锻轧结合”先进工艺,company-info_with_url.xlsx,Capability
CAP_1C7FEF8D0AEF,Capability,最大尺寸可达φ380mm）,最大尺寸可达φ380mm）,company-info_with_url.xlsx,Capability
IND_6490CD442E8C,Industry,航空航天（飞机,航空航天（飞机,company-info_with_url.xlsx,Industry
IND_E70DE11225B1,Industry,发动机）,发动机）,company-info_with_url.xlsx,Industry
IND_3E98A2F2B976,Industry,医疗等高端领域。,医疗等高端领域。,company-info_with_url.xlsx,Industry
SCN_B68D4EC05ACF,Scenario,航空紧固件,航空紧固件,company-info_with_url.xlsx,Scenario
SCN_0615ACC8BD1A,Scenario,航空发动机叶片,航空发动机叶片,company-info_with_url.xlsx,Scenario
SCN_705E31430744,Scenario,飞机结构件,飞机结构件,company-info_with_url.xlsx,Scenario
SCN_14114FA889D9,Scenario,人工关节等。,人工关节等。,company-info_with_url.xlsx,Scenario
SUP_5F71D04592AA,Supplier,钛合金原材料供应商,钛合金原材料供应商,company-info_with_url.xlsx,Supplier
SUP_E03006EF4E88,Supplier,高温合金供应商,高温合金供应商,company-info_with_url.xlsx,Supplier
SUP_358B4247B625,Supplier,航空铝材供应商,航空铝材供应商,company-info_with_url.xlsx,Supplier
DEM_9679EC29354D,DemandTag,暂无。基于其解决“卡脖子”难题的定位,暂无。基于其解决“卡脖子”难题的定位,company-info_with_url.xlsx,DemandTag
DEM_66379B6BEFC6,DemandTag,可能持续需要高端研发人才,可能持续需要高端研发人才,company-info_with_url.xlsx,DemandTag
DEM_2BABE4B2F3C9,DemandTag,先进工艺技术及稳定的高端市场订单。,先进工艺技术及稳定的高端市场订单。,company-info_with_url.xlsx,DemandTag
PROD_67447AB97496,Product,以飞控技术为核心的特种无人机系统,以飞控技术为核心的特种无人机系统,company-info_with_url.xlsx,Product
PROD_98EC83D85DC9,Product,管式发射无人机（蜂群察打,管式发射无人机（蜂群察打,company-info_with_url.xlsx,Product
PROD_7B827111854D,Product,侦察巡飞,侦察巡飞,company-info_with_url.xlsx,Product
PROD_C6ADBE8834CB,Product,诱骗防御,诱骗防御,company-info_with_url.xlsx,Product
PROD_B097E4CAE445,Product,情报传输等）,情报传输等）,company-info_with_url.xlsx,Product
PROD_65AC9A1AD12C,Product,垂直起降类无人机,垂直起降类无人机,company-info_with_url.xlsx,Product
PROD_AB5C1B9BA7EC,Product,系留多旋翼类无人机,系留多旋翼类无人机,company-info_with_url.xlsx,Product
PROD_2E889816FE20,Product,固定翼蜂巢无人机,固定翼蜂巢无人机,company-info_with_url.xlsx,Product
PROD_67B52BCED994,Product,有人改无人机,有人改无人机,company-info_with_url.xlsx,Product
PROD_1BF6AB826371,Product,靶机无人机等,靶机无人机等,company-info_with_url.xlsx,Product
CAP_EF6434930A19,Capability,飞控技术,飞控技术,company-info_with_url.xlsx,Capability
CAP_06347DD3BE8F,Capability,特种无人机系统设计,特种无人机系统设计,company-info_with_url.xlsx,Capability
IND_F420E64BEB2E,Industry,警用,警用,company-info_with_url.xlsx,Industry
IND_EC38C0653733,Industry,环保,环保,company-info_with_url.xlsx,Industry
IND_44AD822227C1,Industry,气象,气象,company-info_with_url.xlsx,Industry
IND_AD101EDF691B,Industry,安防,安防,company-info_with_url.xlsx,Industry
IND_DFDD34BB9ED0,Industry,海洋,海洋,company-info_with_url.xlsx,Industry
IND_95414002BC15,Industry,国土等领域。,国土等领域。,company-info_with_url.xlsx,Industry
SCN_C58D18FE752A,Scenario,国防科技现代化与智能化（如蜂群作战,国防科技现代化与智能化（如蜂群作战,company-info_with_url.xlsx,Scenario
SCN_66D75B9C245C,Scenario,侦察,侦察,company-info_with_url.xlsx,Scenario
SCN_13EAFA70645B,Scenario,通信中继）,通信中继）,company-info_with_url.xlsx,Scenario
SCN_590C5E2C6BD0,Scenario,海上舰载通信中继及侦察,海上舰载通信中继及侦察,company-info_with_url.xlsx,Scenario
SCN_011D6560EA69,Scenario,近海维权执法,近海维权执法,company-info_with_url.xlsx,Scenario
SCN_43F24B20A273,Scenario,警戒侦察与通信,警戒侦察与通信,company-info_with_url.xlsx,Scenario
SCN_C3BEEE7E672F,Scenario,单兵通信中继（提高10倍距离）,单兵通信中继（提高10倍距离）,company-info_with_url.xlsx,Scenario
SCN_33BD29F32975,Scenario,自动巡检,自动巡检,company-info_with_url.xlsx,Scenario
SCN_16CA639DA74C,Scenario,运输投送,运输投送,company-info_with_url.xlsx,Scenario
SCN_AEFB9CA14B8E,Scenario,人工影响天气,人工影响天气,company-info_with_url.xlsx,Scenario
SCN_EFA7642C21A1,Scenario,靶机训练等。,靶机训练等。,company-info_with_url.xlsx,Scenario
SUP_F537F5A9E7D4,Supplier,特种飞行器零部件供应商,特种飞行器零部件供应商,company-info_with_url.xlsx,Supplier
SUP_287D2D15AF9E,Supplier,碳纤维复合材料供应商,碳纤维复合材料供应商,company-info_with_url.xlsx,Supplier
SUP_59E3B2AEACEE,Supplier,航空电子元器件供应商,航空电子元器件供应商,company-info_with_url.xlsx,Supplier
SUP_488493ABC14E,Supplier,动力系统供应商,动力系统供应商,company-info_with_url.xlsx,Supplier
PROD_D3C9C1F5142E,Product,环路热管(LHP),环路热管(lhp),company-info_with_url.xlsx,Product
PROD_AE0AFDDBED6A,Product,多环路热管(MLHP)散热模组,多环路热管(mlhp)散热模组,company-info_with_url.xlsx,Product
PROD_32F7864624CE,Product,相变液冷散热系统,相变液冷散热系统,company-info_with_url.xlsx,Product
CAP_5DC98218131D,Capability,环路热管（LHP）,环路热管（lhp）,company-info_with_url.xlsx,Capability
CAP_0EDD589AE735,Capability,多环路热管（MLHP）散热模组,多环路热管（mlhp）散热模组,company-info_with_url.xlsx,Capability
CAP_18FD1FC4AE22,Capability,原创MLHP技术,原创mlhp技术,company-info_with_url.xlsx,Capability
CAP_5BD9E4CEF33E,Capability,相变液冷无源自循环散热系统,相变液冷无源自循环散热系统,company-info_with_url.xlsx,Capability
IND_17721F4A8674,Industry,商业卫星,商业卫星,company-info_with_url.xlsx,Industry
IND_A60AD19798CA,Industry,数据中心,数据中心,company-info_with_url.xlsx,Industry
IND_B2B7488EC311,Industry,高功率芯片行业（IDC数据中心,高功率芯片行业（idc数据中心,company-info_with_url.xlsx,Industry
IND_7D9CCA7B68C1,Industry,5G基站,5g基站,company-info_with_url.xlsx,Industry
IND_210A26E97420,Industry,自动驾驶,自动驾驶,company-info_with_url.xlsx,Industry
IND_DE22CB358C6B,Industry,可穿戴电子等）,可穿戴电子等）,company-info_with_url.xlsx,Industry
SCN_CCB7C2CE1294,Scenario,高功率服务器散热（最高2000W）,高功率服务器散热（最高2000w）,company-info_with_url.xlsx,Scenario
SCN_BA4235F44711,Scenario,卫星热控系统,卫星热控系统,company-info_with_url.xlsx,Scenario
SCN_596B12EC9E79,Scenario,数据中心散热,数据中心散热,company-info_with_url.xlsx,Scenario
SCN_D3738615A6E6,Scenario,汽车电子散热,汽车电子散热,company-info_with_url.xlsx,Scenario
SUP_E1E335531A1F,Supplier,功率半导体芯片原材料供应商,功率半导体芯片原材料供应商,company-info_with_url.xlsx,Supplier
SUP_2AE5F77A7407,Supplier,SiC原材料供应商,sic原材料供应商,company-info_with_url.xlsx,Supplier
DEM_B92547C119CF,DemandTag,暂无（基于现有信息推断,暂无（基于现有信息推断,company-info_with_url.xlsx,DemandTag
DEM_EED19010111E,DemandTag,可能为市场拓展资源,可能为市场拓展资源,company-info_with_url.xlsx,DemandTag
DEM_BCAF44388C56,DemandTag,民用领域应用合作资源或进一步研发资金）,民用领域应用合作资源或进一步研发资金）,company-info_with_url.xlsx,DemandTag
PROD_11712ECE1434,Product,热电半导体散热器件,热电半导体散热器件,company-info_with_url.xlsx,Product
PROD_461379BB3C98,Product,静音离心风机,静音离心风机,company-info_with_url.xlsx,Product
PROD_492686F7DFB8,Product,车用风机,车用风机,company-info_with_url.xlsx,Product
CAP_D93C1B98B110,Capability,热电半导体技术（利用碲化铋合金等半导体材料实现热电转换）,热电半导体技术（利用碲化铋合金等半导体材料实现热电转换）,company-info_with_url.xlsx,Capability
CAP_4A757D93486D,Capability,静音离心风机技术,静音离心风机技术,company-info_with_url.xlsx,Capability
CAP_702F00934B21,Capability,车用风机,车用风机,company-info_with_url.xlsx,Capability
CAP_13BCE541E117,Capability,控制模块,控制模块,company-info_with_url.xlsx,Capability
CAP_1E23AAD17794,Capability,热电半导体材料,热电半导体材料,company-info_with_url.xlsx,Capability
CAP_402D25FCF0B3,Capability,散热器件,散热器件,company-info_with_url.xlsx,Capability
CAP_FEA19C8986CD,Capability,柔性热电材料,柔性热电材料,company-info_with_url.xlsx,Capability
CAP_DD0CE977F59F,Capability,工业无线温度传感器,工业无线温度传感器,company-info_with_url.xlsx,Capability
CAP_3E205D4F41C0,Capability,管道自供电传感器,管道自供电传感器,company-info_with_url.xlsx,Capability
IND_66344F736CC2,Industry,汽车（座椅舒适系统）,汽车（座椅舒适系统）,company-info_with_url.xlsx,Industry
IND_10FE947EB780,Industry,消费电子（可穿戴设备）,消费电子（可穿戴设备）,company-info_with_url.xlsx,Industry
IND_68558A9EFF2A,Industry,工业监测（管道,工业监测（管道,company-info_with_url.xlsx,Industry
IND_B480B4B1A850,Industry,传感器）,传感器）,company-info_with_url.xlsx,Industry
IND_2F82E12BE23C,Industry,动物追踪,动物追踪,company-info_with_url.xlsx,Industry
IND_523AF8E39927,Industry,精准控温,精准控温,company-info_with_url.xlsx,Industry
IND_43460D820E7F,Industry,制冷,制冷,company-info_with_url.xlsx,Industry
IND_F756A70EDBA3,Industry,温差发电。,温差发电。,company-info_with_url.xlsx,Industry
SCN_1915F1C2DD6F,Scenario,1. 汽车座椅舒适系统（制冷,1. 汽车座椅舒适系统（制冷,company-info_with_url.xlsx,Scenario
SCN_4C4E009B27BD,Scenario,制热）。2. 可穿戴设备（利用人体温差发电）。3. 动物追踪（利用体温差为GPS供电）。4. 工业管道监测（利用温差为传感器自供电）。5. 工业无线温度传感器。,制热）。2. 可穿戴设备（利用人体温差发电）。3. 动物追踪（利用体温差为gps供电）。4. 工业管道监测（利用温差为传感器自供电）。5. 工业无线温度传感器。,company-info_with_url.xlsx,Scenario
SUP_DEE91E47A447,Supplier,声学传感器芯片供应商,声学传感器芯片供应商,company-info_with_url.xlsx,Supplier
SUP_114A97BA9787,Supplier,MEMS麦克风供应商,mems麦克风供应商,company-info_with_url.xlsx,Supplier
DEM_A1A21FA7D1EB,DemandTag,资金（用于产能扩充和研发）,资金（用于产能扩充和研发）,company-info_with_url.xlsx,DemandTag
DEM_69CE9B9E9377,DemandTag,产业链合作伙伴（如材料供应商,产业链合作伙伴（如材料供应商,company-info_with_url.xlsx,DemandTag
DEM_C61B646FE99D,DemandTag,下游应用客户）,下游应用客户）,company-info_with_url.xlsx,DemandTag
DEM_3FB9891641AE,DemandTag,高端研发与生产人才。,高端研发与生产人才。,company-info_with_url.xlsx,DemandTag
PROD_F77D0803338A,Product,工业级耐高温铝合金,工业级耐高温铝合金,company-info_with_url.xlsx,Product
PROD_7F38541F27C3,Product,高强铝合金,高强铝合金,company-info_with_url.xlsx,Product
PROD_53A2D168D52D,Product,3D打印铝合金材料,3d打印铝合金材料,company-info_with_url.xlsx,Product
CAP_88A735BA0D05,Capability,高性能特种金属材料,高性能特种金属材料,company-info_with_url.xlsx,Capability
CAP_CB6BB9AD4DD1,Capability,特别是耐300℃-400℃的工业级耐高温铝合金,特别是耐300℃-400℃的工业级耐高温铝合金,company-info_with_url.xlsx,Capability
CAP_40281553DEA5,Capability,高强铝合金和3D打印铝合金。核心技术源于西安交通大学金属材料强度国家重点实验室孙军院士团队的科技成果转化,高强铝合金和3d打印铝合金。核心技术源于西安交通大学金属材料强度国家重点实验室孙军院士团队的科技成果转化,company-info_with_url.xlsx,Capability
CAP_5813D75F98AE,Capability,在国际上首次研发出耐300℃-400℃的工业级铝合金,在国际上首次研发出耐300℃-400℃的工业级铝合金,company-info_with_url.xlsx,Capability
IND_1E095A02AC14,Industry,特种设备,特种设备,company-info_with_url.xlsx,Industry
IND_C727B3EC3AD7,Industry,军工。,军工。,company-info_with_url.xlsx,Industry
SCN_BB7E08ED93B7,Scenario,航空航天器蒙皮,航空航天器蒙皮,company-info_with_url.xlsx,Scenario
SCN_5E5F3B579DB3,Scenario,结构件,结构件,company-info_with_url.xlsx,Scenario
SCN_17C9C0B6B024,Scenario,航空发动机机匣,航空发动机机匣,company-info_with_url.xlsx,Scenario
SCN_8B8060C96E6B,Scenario,导弹舱段等需要高温服役的铝合金部件。,导弹舱段等需要高温服役的铝合金部件。,company-info_with_url.xlsx,Scenario
DEM_819B1AF74329,DemandTag,资金（用于产能建设与研发,资金（用于产能建设与研发,company-info_with_url.xlsx,DemandTag
DEM_86FC32951E83,DemandTag,刚完成数千万元天使轮融资）,刚完成数千万元天使轮融资）,company-info_with_url.xlsx,DemandTag
DEM_2168543C9026,DemandTag,产业合作资源（拓展下游应用客户与规模化生产伙伴）,产业合作资源（拓展下游应用客户与规模化生产伙伴）,company-info_with_url.xlsx,DemandTag
PROD_90E72417EB7B,Product,高端PET光学膜（如偏光片支撑膜,高端pet光学膜（如偏光片支撑膜,company-info_with_url.xlsx,Product
PROD_9CF17E38F162,Product,低取向角离型膜）的研发,低取向角离型膜）的研发,company-info_with_url.xlsx,Product
PROD_E1AB74F2C28A,Product,生产及产业化,生产及产业化,company-info_with_url.xlsx,Product
CAP_1ED19EA49C03,Capability,薄膜双向拉伸试验机（用于高分子薄膜双向拉伸工艺,薄膜双向拉伸试验机（用于高分子薄膜双向拉伸工艺,company-info_with_url.xlsx,Capability
CAP_6D760BF65410,Capability,配方开发,配方开发,company-info_with_url.xlsx,Capability
CAP_C4ADB1D00EDA,Capability,试验的设备）,试验的设备）,company-info_with_url.xlsx,Capability
IND_44C1CA5FDA7A,Industry,高分子材料研发。,高分子材料研发。,company-info_with_url.xlsx,Industry
SCN_B686EAD8218A,Scenario,1. 新型显示领域的光学膜应用,1. 新型显示领域的光学膜应用,company-info_with_url.xlsx,Scenario
SCN_0DBCEDC41284,Scenario,2. 新能源,2. 新能源,company-info_with_url.xlsx,Scenario
SCN_DB05DEC57A93,Scenario,光伏领域的功能薄膜应用,光伏领域的功能薄膜应用,company-info_with_url.xlsx,Scenario
SCN_E5561E72EE3F,Scenario,3. 高分子材料研发领域的工艺与配方开发测试。,3. 高分子材料研发领域的工艺与配方开发测试。,company-info_with_url.xlsx,Scenario
SUP_084008661A31,Supplier,真空镀膜设备供应商,真空镀膜设备供应商,company-info_with_url.xlsx,Supplier
SUP_31A01730CF00,Supplier,镀膜原材料供应商,镀膜原材料供应商,company-info_with_url.xlsx,Supplier
DEM_9702E56BD797,DemandTag,产业化资金,产业化资金,company-info_with_url.xlsx,DemandTag
DEM_A8C0CEBBA276,DemandTag,大规模生产所需的设备与场地资源。,大规模生产所需的设备与场地资源。,company-info_with_url.xlsx,DemandTag
PROD_331BB87E839D,Product,高灵敏度可编程磁传感器,高灵敏度可编程磁传感器,company-info_with_url.xlsx,Product
PROD_D6B0A285ADDE,Product,三维磁传感器芯片以及GaAs霍尔器件等工业用传感器芯片,三维磁传感器芯片以及gaas霍尔器件等工业用传感器芯片,company-info_with_url.xlsx,Product
CAP_F4E6BFC8C988,Capability,高灵敏度可编程磁传感器芯片,高灵敏度可编程磁传感器芯片,company-info_with_url.xlsx,Capability
CAP_E3A409EA7B17,Capability,三维磁传感器芯片,三维磁传感器芯片,company-info_with_url.xlsx,Capability
CAP_0514B2E134D5,Capability,GaAs霍尔器件,gaas霍尔器件,company-info_with_url.xlsx,Capability
IND_97C068F60DD0,Industry,医学及军事,医学及军事,company-info_with_url.xlsx,Industry
SCN_755ADCA862D1,Scenario,测量线性位移,测量线性位移,company-info_with_url.xlsx,Scenario
SCN_5B5D9F921FDC,Scenario,角位移,角位移,company-info_with_url.xlsx,Scenario
SCN_E596D64F7F3F,Scenario,速度和方向,速度和方向,company-info_with_url.xlsx,Scenario
SCN_9D6CE83BD7E3,Scenario,压力,压力,company-info_with_url.xlsx,Scenario
SCN_BBA318F81E1B,Scenario,力矩以及位置探测等,力矩以及位置探测等,company-info_with_url.xlsx,Scenario
SCN_120E96BF4F9D,Scenario,具体应用于汽车,具体应用于汽车,company-info_with_url.xlsx,Scenario
SCN_084092693975,Scenario,重型机械,重型机械,company-info_with_url.xlsx,Scenario
SCN_809362EEDE36,Scenario,机器人,机器人,company-info_with_url.xlsx,Scenario
SCN_68039F1D2EE0,Scenario,楼宇和办公自动化,楼宇和办公自动化,company-info_with_url.xlsx,Scenario
SCN_84DEB567B1A0,Scenario,家用电器等领域,家用电器等领域,company-info_with_url.xlsx,Scenario
SUP_57FEE595D434,Supplier,光电探测器芯片供应商,光电探测器芯片供应商,company-info_with_url.xlsx,Supplier
SUP_FDBA00231712,Supplier,SiPM传感器供应商,sipm传感器供应商,company-info_with_url.xlsx,Supplier
SUP_FAFD652576ED,Supplier,读出电路芯片供应商,读出电路芯片供应商,company-info_with_url.xlsx,Supplier
PROD_06EB8A11CEF8,Product,第一性原理电子结构计算软件PWDFT,第一性原理电子结构计算软件pwdft,company-info_with_url.xlsx,Product
PROD_1569BCC3CCD5,Product,分子动力学模拟软件,分子动力学模拟软件,company-info_with_url.xlsx,Product
CAP_FC843B1FD6DB,Capability,基于量子力学的第一性原理电子结构计算和分子动力学模拟软件,基于量子力学的第一性原理电子结构计算和分子动力学模拟软件,company-info_with_url.xlsx,Capability
CAP_E39F94195FAF,Capability,PWDFT（面向现代异构并行高性能计算的赝势平面波电子结构软件）,pwdft（面向现代异构并行高性能计算的赝势平面波电子结构软件）,company-info_with_url.xlsx,Capability
CAP_C9CF64E2B22D,Capability,KSSOLV,kssolv,company-info_with_url.xlsx,Capability
CAP_71F60B9696B1,Capability,HONPAS（致力于在数值原子轨道基组下实现复杂大体系线性标度电子结构高性能计算的开源软件包）等,honpas（致力于在数值原子轨道基组下实现复杂大体系线性标度电子结构高性能计算的开源软件包）等,company-info_with_url.xlsx,Capability
IND_5D8997070372,Industry,工业。具体覆盖固体分子材料模拟计算,工业。具体覆盖固体分子材料模拟计算,company-info_with_url.xlsx,Industry
IND_0E18943DF49D,Industry,新材料预测,新材料预测,company-info_with_url.xlsx,Industry
IND_17CDC734E193,Industry,智能数据分析,智能数据分析,company-info_with_url.xlsx,Industry
IND_6DBFAF057401,Industry,量子力学科普教育等领域。,量子力学科普教育等领域。,company-info_with_url.xlsx,Industry
SCN_7FAE763A2FB2,Scenario,固体分子材料模拟计算,固体分子材料模拟计算,company-info_with_url.xlsx,Scenario
SCN_7F7D442A5151,Scenario,新材料预测,新材料预测,company-info_with_url.xlsx,Scenario
SCN_CB2EF5062135,Scenario,科研与教学活动模拟计算演示,科研与教学活动模拟计算演示,company-info_with_url.xlsx,Scenario
SCN_A5176A90144C,Scenario,量子力学科普教育。,量子力学科普教育。,company-info_with_url.xlsx,Scenario
SUP_F81B359303CD,Supplier,稀释制冷机设备供应商,稀释制冷机设备供应商,company-info_with_url.xlsx,Supplier
SUP_EACF499BA6A3,Supplier,量子计算控制 electronics 供应商,量子计算控制 electronics 供应商,company-info_with_url.xlsx,Supplier
SUP_0A3F8B043C33,Supplier,低温元器件供应商,低温元器件供应商,company-info_with_url.xlsx,Supplier
DEM_1256AF4AF7DE,DemandTag,资金（用于新产品研发与产业应用,资金（用于新产品研发与产业应用,company-info_with_url.xlsx,DemandTag
DEM_38B3E3076D2B,DemandTag,近期已完成天使轮融资）,近期已完成天使轮融资）,company-info_with_url.xlsx,DemandTag
DEM_2722FBC2DC44,DemandTag,产业合作伙伴以拓展应用场景和客户。,产业合作伙伴以拓展应用场景和客户。,company-info_with_url.xlsx,DemandTag
PROD_77835820A5BF,Product,高品级氮化铝粉体及陶瓷制品,高品级氮化铝粉体及陶瓷制品,company-info_with_url.xlsx,Product
CAP_4ABAEF929857,Capability,高品级氮化铝粉体及陶瓷制品的研发,高品级氮化铝粉体及陶瓷制品的研发,company-info_with_url.xlsx,Capability
CAP_2C00BC1F53CD,Capability,生产和销售,生产和销售,company-info_with_url.xlsx,Capability
IND_8117C425B96A,Industry,制造业,制造业,company-info_with_url.xlsx,Industry
SCN_9FDCCA850822,Scenario,氮化铝粉体及陶瓷制品相关应用,氮化铝粉体及陶瓷制品相关应用,company-info_with_url.xlsx,Scenario
SUP_365F2219AA94,Supplier,氮化铝粉原材料供应商,氮化铝粉原材料供应商,company-info_with_url.xlsx,Supplier
SUP_4CC07D9B3CB8,Supplier,高纯度陶瓷粉末供应商,高纯度陶瓷粉末供应商,company-info_with_url.xlsx,Supplier
SUP_C57589FEFA9A,Supplier,烧结设备供应商,烧结设备供应商,company-info_with_url.xlsx,Supplier
PROD_9F7FD23169A1,Product,VOCs气体分离净化装置,vocs气体分离净化装置,company-info_with_url.xlsx,Product
PROD_A1A6F1852D22,Product,工业废气处理系统,工业废气处理系统,company-info_with_url.xlsx,Product
CAP_A723DD58F52A,Capability,产品包括：现代气体分子辨识技术,产品包括：现代气体分子辨识技术,company-info_with_url.xlsx,Capability
CAP_C74767407DC6,Capability,VOCs,vocs,company-info_with_url.xlsx,Capability
CAP_7F15161974BA,Capability,O2,o2,company-info_with_url.xlsx,Capability
CAP_0BB8E25DE56E,Capability,N2,n2,company-info_with_url.xlsx,Capability
CAP_7B1178E27D9C,Capability,CO2,co2,company-info_with_url.xlsx,Capability
CAP_D0CE24D40BA5,Capability,CO,co,company-info_with_url.xlsx,Capability
CAP_21E411CEE197,Capability,NOx等气体的分离和净化技术,nox等气体的分离和净化技术,company-info_with_url.xlsx,Capability
CAP_3043CA9CAFB4,Capability,用于气体分离净化的核心材料和专有部件（如颗粒,用于气体分离净化的核心材料和专有部件（如颗粒,company-info_with_url.xlsx,Capability
CAP_63CF0641CE43,Capability,蜂窝体,蜂窝体,company-info_with_url.xlsx,Capability
CAP_FDAFDC7D7FA9,Capability,转轮,转轮,company-info_with_url.xlsx,Capability
CAP_89A46C728713,Capability,转筒等）,转筒等）,company-info_with_url.xlsx,Capability
CAP_57274FDF2718,Capability,具体涵盖气体分子精准识别及高效捕集的微纳孔型材料及其成型产品（包括高效吸附剂和催化剂原粉,具体涵盖气体分子精准识别及高效捕集的微纳孔型材料及其成型产品（包括高效吸附剂和催化剂原粉,company-info_with_url.xlsx,Capability
CAP_F1C607B003F4,Capability,颗粒,颗粒,company-info_with_url.xlsx,Capability
CAP_D82506E107F9,Capability,蜂窝体以及转轮成型产品）,蜂窝体以及转轮成型产品）,company-info_with_url.xlsx,Capability
CAP_A0196D53CA6A,Capability,一氧化碳催化剂（蜂窝方块）,一氧化碳催化剂（蜂窝方块）,company-info_with_url.xlsx,Capability
CAP_B48A7F84DE1B,Capability,以及气体分离净化专用装备,以及气体分离净化专用装备,company-info_with_url.xlsx,Capability
CAP_E475E4F1D88B,Capability,包括变压吸附制氧机（高原立方制氧机,包括变压吸附制氧机（高原立方制氧机,company-info_with_url.xlsx,Capability
CAP_01DD977D97EB,Capability,制氧衣,制氧衣,company-info_with_url.xlsx,Capability
CAP_1358D29D4591,Capability,便携制氧机,便携制氧机,company-info_with_url.xlsx,Capability
CAP_E54D127D6C50,Capability,弥散制氧机等）,弥散制氧机等）,company-info_with_url.xlsx,Capability
IND_6A26B340D3B2,Industry,环保产业（钢铁烧结烟气脱除CO,环保产业（钢铁烧结烟气脱除co,company-info_with_url.xlsx,Industry
IND_28F56D604814,Industry,VOCs治理,vocs治理,company-info_with_url.xlsx,Industry
IND_AAC11963F4C3,Industry,CO2捕集）,co2捕集）,company-info_with_url.xlsx,Industry
IND_51654F8E8CED,Industry,高原,高原,company-info_with_url.xlsx,Industry
IND_65B4D60F3989,Industry,特殊环境供氧（个人,特殊环境供氧（个人,company-info_with_url.xlsx,Industry
IND_0338547B20F9,Industry,家庭,家庭,company-info_with_url.xlsx,Industry
IND_CE0BB836A13C,Industry,特殊环境）,特殊环境）,company-info_with_url.xlsx,Industry
IND_970E1D438AC4,Industry,气体分离与净化（空气分离制氧,气体分离与净化（空气分离制氧,company-info_with_url.xlsx,Industry
IND_7616A77BD07C,Industry,空气除湿,空气除湿,company-info_with_url.xlsx,Industry
IND_22351DE42F38,Industry,气体高效分离,气体高效分离,company-info_with_url.xlsx,Industry
IND_BC19C4D7FB8D,Industry,气气余能回收）。,气气余能回收）。,company-info_with_url.xlsx,Industry
SCN_4904048C9ACD,Scenario,1. 钢铁烧结烟气CO催化净化（减排并回收热量）。2. 高原,1. 钢铁烧结烟气co催化净化（减排并回收热量）。2. 高原,company-info_with_url.xlsx,Scenario
SCN_5FFEDE36430C,Scenario,隧道,隧道,company-info_with_url.xlsx,Scenario
SCN_14B2CA78963A,Scenario,房间等环境弥散供氧或提升氧浓度。3. 个人便携式供氧呼吸。4. 有机溶剂（VOCs）回收,房间等环境弥散供氧或提升氧浓度。3. 个人便携式供氧呼吸。4. 有机溶剂（vocs）回收,company-info_with_url.xlsx,Scenario
SCN_55F0E7F413FE,Scenario,VOCs污染空气净化。5. 二氧化碳高效捕集。6. 洁净厂房除湿,vocs污染空气净化。5. 二氧化碳高效捕集。6. 洁净厂房除湿,company-info_with_url.xlsx,Scenario
SCN_6E91322493E5,Scenario,人居环境除湿。7. 气体高效分离。8. 气气余能回收。,人居环境除湿。7. 气体高效分离。8. 气气余能回收。,company-info_with_url.xlsx,Scenario
SUP_963FD1277D8A,Supplier,分子筛,分子筛,company-info_with_url.xlsx,Supplier
SUP_08B666FB3647,Supplier,活性炭吸附剂原材料供应商,活性炭吸附剂原材料供应商,company-info_with_url.xlsx,Supplier
SUP_380C6C37FB3E,Supplier,陶瓷蜂窝体供应商,陶瓷蜂窝体供应商,company-info_with_url.xlsx,Supplier
SUP_AD2188BB87BC,Supplier,催化剂原材料供应商,催化剂原材料供应商,company-info_with_url.xlsx,Supplier
DEM_1218A4966CB7,DemandTag,融资用于扩大生产,融资用于扩大生产,company-info_with_url.xlsx,DemandTag
DEM_491598FA87F1,DemandTag,原材料采购,原材料采购,company-info_with_url.xlsx,DemandTag
DEM_D279547DA5E3,DemandTag,人员费用及其他补充流动资金等日常经营活动,人员费用及其他补充流动资金等日常经营活动,company-info_with_url.xlsx,DemandTag
DEM_BA27396E7075,DemandTag,需要市场渠道资源,需要市场渠道资源,company-info_with_url.xlsx,DemandTag
DEM_FB002CB3618F,DemandTag,特别是在钢铁环保和高原,特别是在钢铁环保和高原,company-info_with_url.xlsx,DemandTag
DEM_6B8B8C639FC7,DemandTag,特殊环境供氧领域的大客户资源,特殊环境供氧领域的大客户资源,company-info_with_url.xlsx,DemandTag
DEM_293356C83C0D,DemandTag,需要规模化生产资金,需要规模化生产资金,company-info_with_url.xlsx,DemandTag
DEM_D0805492AE32,DemandTag,寻求与更多大型工业集团或环保工程公司的战略合作。,寻求与更多大型工业集团或环保工程公司的战略合作。,company-info_with_url.xlsx,DemandTag
PROD_25EF9719DB14,Product,新能源汽车废旧动力蓄电池回收产品,新能源汽车废旧动力蓄电池回收产品,company-info_with_url.xlsx,Product
PROD_19F01510B637,Product,梯次利用储能系统,梯次利用储能系统,company-info_with_url.xlsx,Product
CAP_658BE086CFA4,Capability,新能源汽车废旧动力蓄电池回收及梯次利用技术,新能源汽车废旧动力蓄电池回收及梯次利用技术,company-info_with_url.xlsx,Capability
CAP_B5F9808F6A0F,Capability,资源再生利用技术,资源再生利用技术,company-info_with_url.xlsx,Capability
CAP_DB7D6AD74929,Capability,储能技术,储能技术,company-info_with_url.xlsx,Capability
IND_6EB38E690C53,Industry,电池制造,电池制造,company-info_with_url.xlsx,Industry
IND_36CE4A556F93,Industry,再生资源回收利用,再生资源回收利用,company-info_with_url.xlsx,Industry
SCN_469AFCCF040C,Scenario,新能源汽车废旧动力蓄电池回收,新能源汽车废旧动力蓄电池回收,company-info_with_url.xlsx,Scenario
SCN_E3B363EB5479,Scenario,梯次利用,梯次利用,company-info_with_url.xlsx,Scenario
SCN_F90D151DF6FF,Scenario,金属废料和碎屑加工处理,金属废料和碎屑加工处理,company-info_with_url.xlsx,Scenario
SCN_DE37025500DC,Scenario,储能服务,储能服务,company-info_with_url.xlsx,Scenario
SUP_F88C25B75943,Supplier,废旧锂电池拆解设备供应商,废旧锂电池拆解设备供应商,company-info_with_url.xlsx,Supplier
SUP_214548935E93,Supplier,正极材料回收设备供应商,正极材料回收设备供应商,company-info_with_url.xlsx,Supplier
SUP_5F353D5760A8,Supplier,金属提取化学品供应商,金属提取化学品供应商,company-info_with_url.xlsx,Supplier
PROD_B771CCAA47A4,Product,基于飞腾,基于飞腾,company-info_with_url.xlsx,Product
PROD_8FE33120B5F4,Product,龙芯等国产自主可控芯片的系列化硬件产品和解决方案,龙芯等国产自主可控芯片的系列化硬件产品和解决方案,company-info_with_url.xlsx,Product
PROD_EB8771221B25,Product,标准和定制化嵌入式计算机模块,标准和定制化嵌入式计算机模块,company-info_with_url.xlsx,Product
CAP_74CB2AA9F974,Capability,嵌入式计算机软,嵌入式计算机软,company-info_with_url.xlsx,Capability
CAP_58EAD271D4C3,Capability,硬件产品设计,硬件产品设计,company-info_with_url.xlsx,Capability
CAP_5D421DD172B6,Capability,开发,开发,company-info_with_url.xlsx,Capability
IND_A24B124EE607,Industry,信息技术服务业（嵌入式计算机领域）,信息技术服务业（嵌入式计算机领域）,company-info_with_url.xlsx,Industry
SCN_D9A6C0C5388A,Scenario,嵌入式计算机系统,嵌入式计算机系统,company-info_with_url.xlsx,Scenario
SCN_4C0E9E8B449B,Scenario,通信设备（光通信设备制造）,通信设备（光通信设备制造）,company-info_with_url.xlsx,Scenario
SUP_2DBA3E4C6FA0,Supplier,嵌入式CPU芯片供应商（ARM,嵌入式cpu芯片供应商（arm,company-info_with_url.xlsx,Supplier
SUP_0634FA657BF5,Supplier,Xilinx）,xilinx）,company-info_with_url.xlsx,Supplier
SUP_33CC3DE0DBF3,Supplier,FPGA芯片供应商,fpga芯片供应商,company-info_with_url.xlsx,Supplier
SUP_1A5256821D94,Supplier,通讯模组供应商,通讯模组供应商,company-info_with_url.xlsx,Supplier
DEM_7E7BF9D81D57,DemandTag,战略投资（曾获战略投资4895万人民币）,战略投资（曾获战略投资4895万人民币）,company-info_with_url.xlsx,DemandTag
PROD_08A636291DD6,Product,光子芯片,光子芯片,company-info_with_url.xlsx,Product
PROD_44A9D8794416,Product,光子器件,光子器件,company-info_with_url.xlsx,Product
PROD_87629245D7AD,Product,光子模块,光子模块,company-info_with_url.xlsx,Product
CAP_F021A445766B,Capability,光子芯片,光子芯片,company-info_with_url.xlsx,Capability
CAP_C1B0B5AFD842,Capability,光子器件,光子器件,company-info_with_url.xlsx,Capability
CAP_FB8B662B3FDA,Capability,光子模块和光子系统等产品的研发,光子模块和光子系统等产品的研发,company-info_with_url.xlsx,Capability
IND_62F4042A3A31,Industry,自动化,自动化,company-info_with_url.xlsx,Industry
SUP_ADA7C7532BA7,Supplier,皮秒,皮秒,company-info_with_url.xlsx,Supplier
SUP_300B3E27752E,Supplier,飞秒激光器核心元器件供应商,飞秒激光器核心元器件供应商,company-info_with_url.xlsx,Supplier
SUP_5805C667C3DE,Supplier,光学镜片供应商,光学镜片供应商,company-info_with_url.xlsx,Supplier
SUP_1A8AC076C23A,Supplier,高速扫描振镜供应商,高速扫描振镜供应商,company-info_with_url.xlsx,Supplier
PROD_A383E34289B4,Product,光模块产品,光模块产品,company-info_with_url.xlsx,Product
PROD_A15299248652,Product,传感器产品,传感器产品,company-info_with_url.xlsx,Product
CAP_F5BD0BAF5E5E,Capability,VCSEL芯片设计,vcsel芯片设计,company-info_with_url.xlsx,Capability
CAP_6C4B41816F9C,Capability,光学集成封装,光学集成封装,company-info_with_url.xlsx,Capability
CAP_872955C0ED0D,Capability,算法研发,算法研发,company-info_with_url.xlsx,Capability
CAP_AA18B8533FF5,Capability,光电系统整合优化,光电系统整合优化,company-info_with_url.xlsx,Capability
CAP_F6164F4D711B,Capability,全系列高性能VCSEL芯片和光学集成产品,全系列高性能vcsel芯片和光学集成产品,company-info_with_url.xlsx,Capability
IND_2682C348ABFF,Industry,消费电子（TWS耳机,消费电子（tws耳机,company-info_with_url.xlsx,Industry
IND_FC5293D97A7F,Industry,智能手机）,智能手机）,company-info_with_url.xlsx,Industry
IND_F4A8ABDB743F,Industry,汽车电子（智能驾驶）,汽车电子（智能驾驶）,company-info_with_url.xlsx,Industry
IND_BA23C674406D,Industry,智能家居（扫地机器人）,智能家居（扫地机器人）,company-info_with_url.xlsx,Industry
IND_7E5C9789B724,Industry,医疗美容（家用面罩美容仪）,医疗美容（家用面罩美容仪）,company-info_with_url.xlsx,Industry
IND_6EF8AB11F7A7,Industry,工业（投影仪）。,工业（投影仪）。,company-info_with_url.xlsx,Industry
SCN_D61A35230D09,Scenario,TWS耳机入耳检测,tws耳机入耳检测,company-info_with_url.xlsx,Scenario
SCN_1D95883BDBCC,Scenario,车载VCSEL红外夜视系统（实现夜间智能驾驶）,车载vcsel红外夜视系统（实现夜间智能驾驶）,company-info_with_url.xlsx,Scenario
SCN_A3DA94F05FD6,Scenario,智能扫地机器人LDS激光雷达导航与避障,智能扫地机器人lds激光雷达导航与避障,company-info_with_url.xlsx,Scenario
SCN_927035B0E4B5,Scenario,投影仪智能对焦和校正,投影仪智能对焦和校正,company-info_with_url.xlsx,Scenario
SCN_60A5888F85D7,Scenario,红光VCSEL家用面罩美容仪。,红光vcsel家用面罩美容仪。,company-info_with_url.xlsx,Scenario
SUP_B8EFD5288156,Supplier,VCSEL芯片原材料供应商（GaAs晶圆,vcsel芯片原材料供应商（gaas晶圆,company-info_with_url.xlsx,Supplier
SUP_56AE078D8589,Supplier,外延片）,外延片）,company-info_with_url.xlsx,Supplier
SUP_A98C2E7F6F15,Supplier,光学封装材料供应商,光学封装材料供应商,company-info_with_url.xlsx,Supplier
SUP_E6E8E7CCF3D1,Supplier,测试设备供应商,测试设备供应商,company-info_with_url.xlsx,Supplier
PROD_267FEB019F4D,Product,DMCS,dmcs,company-info_with_url.xlsx,Product
PROD_566899CCD5B9,Product,IPT云雾软硬一体化分布式智能测控系统,ipt云雾软硬一体化分布式智能测控系统,company-info_with_url.xlsx,Product
CAP_F752415C901D,Capability,首创国产自主技术IPT,首创国产自主技术ipt,company-info_with_url.xlsx,Capability
CAP_3EA1AD5930A9,Capability,基于IPT的DMCS分布式测控系统,基于ipt的dmcs分布式测控系统,company-info_with_url.xlsx,Capability
CAP_5B43172F949F,Capability,DMCS,dmcs,company-info_with_url.xlsx,Capability
CAP_9B9F89BB44A3,Capability,IPT云雾软硬一体化分布式智能测控技术和产品解决方案,ipt云雾软硬一体化分布式智能测控技术和产品解决方案,company-info_with_url.xlsx,Capability
IND_A03E4AE10C33,Industry,新能源系统（智慧能源系统）,新能源系统（智慧能源系统）,company-info_with_url.xlsx,Industry
IND_C394EEAD53EC,Industry,聚焦新能源系统数智升级。,聚焦新能源系统数智升级。,company-info_with_url.xlsx,Industry
SCN_55C7D8372A08,Scenario,新能源系统的底层智能物联网分布式测控,新能源系统的底层智能物联网分布式测控,company-info_with_url.xlsx,Scenario
SCN_2B1125924938,Scenario,提供创新型的测控产品和解决方案。,提供创新型的测控产品和解决方案。,company-info_with_url.xlsx,Scenario
CUS_81F6772135F0,Customer,中国航天科技集团第43所,中国航天科技集团第43所,company-info_with_url.xlsx,Customer
CUS_C3D798B008FC,Customer,航天材料及工艺研究所,航天材料及工艺研究所,company-info_with_url.xlsx,Customer
CUS_1ACF5C82FA6B,Customer,中航复合材料有限责任公司,中航复合材料有限责任公司,company-info_with_url.xlsx,Customer
CUS_1CC30CEADC51,Customer,中航直升机股份有限公司,中航直升机股份有限公司,company-info_with_url.xlsx,Customer
CUS_AE79C7269C85,Customer,北京航空材料研究院,北京航空材料研究院,company-info_with_url.xlsx,Customer
CUS_57B6E9736996,Customer,航天科工集团306所,航天科工集团306所,company-info_with_url.xlsx,Customer
CUS_81DF1C47B9A5,Customer,航天科工集团二院,航天科工集团二院,company-info_with_url.xlsx,Customer
CUS_B53F7170AC12,Customer,中车集团等100+家,中车集团等100+家,company-info_with_url.xlsx,Customer
SUP_3C842A017C89,Supplier,特种金属供应商,特种金属供应商,company-info_with_url.xlsx,Supplier
PROD_722484B3FFF1,Product,太阳帆板驱动机构(SADM),太阳帆板驱动机构(sadm),company-info_with_url.xlsx,Product
PROD_1FC958C77EBB,Product,卫星机构部件,卫星机构部件,company-info_with_url.xlsx,Product
PROD_FF656ECC2B23,Product,无人机,无人机,company-info_with_url.xlsx,Product
PROD_0DB8A65E929B,Product,eVTOL舵伺服系统,evtol舵伺服系统,company-info_with_url.xlsx,Product
CAP_B1651791CF3E,Capability,太阳帆板驱动机构(SADM),太阳帆板驱动机构(sadm),company-info_with_url.xlsx,Capability
CAP_B85C0D850B20,Capability,卫星机构部件驱动控制器,卫星机构部件驱动控制器,company-info_with_url.xlsx,Capability
CAP_AD1ECC08FEDB,Capability,天线展开与指向机构,天线展开与指向机构,company-info_with_url.xlsx,Capability
CAP_127A2555946A,Capability,太阳帆板展开组件,太阳帆板展开组件,company-info_with_url.xlsx,Capability
CAP_9D8095FEEC00,Capability,空间驱动组件,空间驱动组件,company-info_with_url.xlsx,Capability
CAP_FD6D06D88CD1,Capability,空间滑环,空间滑环,company-info_with_url.xlsx,Capability
CAP_17E979B4006E,Capability,无人机,无人机,company-info_with_url.xlsx,Capability
CAP_E31E9E4C20A7,Capability,eVTOL舵伺服系统,evtol舵伺服系统,company-info_with_url.xlsx,Capability
CAP_B2C2E75601EA,Capability,导弹,导弹,company-info_with_url.xlsx,Capability
CAP_1E6E9B5EBFD7,Capability,制导火箭弹,制导火箭弹,company-info_with_url.xlsx,Capability
CAP_B93475911E72,Capability,制导榴弹舵伺服系统,制导榴弹舵伺服系统,company-info_with_url.xlsx,Capability
CAP_F9D7CD2E4E37,Capability,靶机,靶机,company-info_with_url.xlsx,Capability
CAP_7F3011820053,Capability,靶弹舵机,靶弹舵机,company-info_with_url.xlsx,Capability
CAP_934C24D72C0C,Capability,电推进指向机构（TOM）,电推进指向机构（tom）,company-info_with_url.xlsx,Capability
CAP_F6E5F7919D87,Capability,激光通信电传输组件,激光通信电传输组件,company-info_with_url.xlsx,Capability
CAP_A5A09EA29E77,Capability,多级驱动组件等航空航天核心机电部件,多级驱动组件等航空航天核心机电部件,company-info_with_url.xlsx,Capability
IND_C3290D3FA02A,Industry,航天（卫星,航天（卫星,company-info_with_url.xlsx,Industry
IND_8995BF76111D,Industry,空间站,空间站,company-info_with_url.xlsx,Industry
IND_C7E3BA92C3CE,Industry,探月工程等）,探月工程等）,company-info_with_url.xlsx,Industry
IND_BB920C2A70D8,Industry,航空（无人机,航空（无人机,company-info_with_url.xlsx,Industry
IND_2FDDB4B509B2,Industry,eVTOL,evtol,company-info_with_url.xlsx,Industry
IND_DFFDC22B959B,Industry,制导武器,制导武器,company-info_with_url.xlsx,Industry
IND_D38B58506C59,Industry,靶机靶弹等）。,靶机靶弹等）。,company-info_with_url.xlsx,Industry
SCN_52A97730D41D,Scenario,卫星太阳帆板驱动与展开,卫星太阳帆板驱动与展开,company-info_with_url.xlsx,Scenario
SCN_B74BC45FA59C,Scenario,卫星天线展开与指向,卫星天线展开与指向,company-info_with_url.xlsx,Scenario
SCN_6BC04FB1F3EA,Scenario,卫星姿态控制与驱动,卫星姿态控制与驱动,company-info_with_url.xlsx,Scenario
SCN_358956AE1AD0,Scenario,eVTOL飞行控制舵面驱动,evtol飞行控制舵面驱动,company-info_with_url.xlsx,Scenario
SCN_F53067A56F83,Scenario,导弹及制导弹药舵面控制,导弹及制导弹药舵面控制,company-info_with_url.xlsx,Scenario
SCN_652FA2F3B358,Scenario,靶机靶弹舵机控制,靶机靶弹舵机控制,company-info_with_url.xlsx,Scenario
SCN_C37B72990062,Scenario,空间站相关驱动组件,空间站相关驱动组件,company-info_with_url.xlsx,Scenario
SCN_370EDAB1C378,Scenario,深空探测（如月球车）驱动组件。,深空探测（如月球车）驱动组件。,company-info_with_url.xlsx,Scenario
SUP_7FBF0DA613CC,Supplier,卫星太阳翼驱动装置供应商,卫星太阳翼驱动装置供应商,company-info_with_url.xlsx,Supplier
SUP_B576C147FE59,Supplier,高精度轴承供应商,高精度轴承供应商,company-info_with_url.xlsx,Supplier
SUP_75DF77A0DC95,Supplier,微型电机供应商,微型电机供应商,company-info_with_url.xlsx,Supplier
DEM_24B82EE3785A,DemandTag,根据其市场情况描述“后续将与多家商业航天公司联合...开展全方位合作,根据其市场情况描述“后续将与多家商业航天公司联合...开展全方位合作,company-info_with_url.xlsx,DemandTag
DEM_F6E54A7A9313,DemandTag,共同开拓商业航天市场”,共同开拓商业航天市场”,company-info_with_url.xlsx,DemandTag
DEM_FD16ED38276F,DemandTag,推断其当前最需要市场拓展与合作资源,推断其当前最需要市场拓展与合作资源,company-info_with_url.xlsx,DemandTag
DEM_97EDA8870DEC,DemandTag,以扩大商业航天市场份额。,以扩大商业航天市场份额。,company-info_with_url.xlsx,DemandTag
PROD_F1FB3BEDBC46,Product,智能真空冶金装备（大尺寸高纯铜真空定向凝固装置,智能真空冶金装备（大尺寸高纯铜真空定向凝固装置,company-info_with_url.xlsx,Product
PROD_72C0402C334B,Product,外场下真空低压铸造等设备）,外场下真空低压铸造等设备）,company-info_with_url.xlsx,Product
CAP_DEE1809146E2,Capability,大尺寸高指数晶面单晶铜箔制备技术,大尺寸高指数晶面单晶铜箔制备技术,company-info_with_url.xlsx,Capability
CAP_8FE389097D86,Capability,单晶铜箔,单晶铜箔,company-info_with_url.xlsx,Capability
CAP_B397687D61ED,Capability,棒,棒,company-info_with_url.xlsx,Capability
CAP_FE578196F2FB,Capability,丝,丝,company-info_with_url.xlsx,Capability
CAP_6410A8B04135,Capability,6N超高纯铜原料工业化批量稳定生产技术,6n超高纯铜原料工业化批量稳定生产技术,company-info_with_url.xlsx,Capability
CAP_C4D3CEB974E1,Capability,高纯铜铸锭,高纯铜铸锭,company-info_with_url.xlsx,Capability
CAP_C3DF6A1E56ED,Capability,靶材,靶材,company-info_with_url.xlsx,Capability
CAP_94B8B92BBCA6,Capability,箔,箔,company-info_with_url.xlsx,Capability
CAP_B8AC6E999146,Capability,丝材,丝材,company-info_with_url.xlsx,Capability
CAP_EB103AA87332,Capability,石墨烯-铜复合材料,石墨烯-铜复合材料,company-info_with_url.xlsx,Capability
IND_B5627D1B569F,Industry,电力能源,电力能源,company-info_with_url.xlsx,Industry
IND_A048D57E1D09,Industry,高频通讯,高频通讯,company-info_with_url.xlsx,Industry
IND_2D085749FD6B,Industry,光子计算等领域。,光子计算等领域。,company-info_with_url.xlsx,Industry
SCN_96C0F2F6B0F7,Scenario,高端铜材在电力能源,高端铜材在电力能源,company-info_with_url.xlsx,Scenario
SCN_C442CF8694FD,Scenario,高频通讯,高频通讯,company-info_with_url.xlsx,Scenario
SCN_ABAE6BEE95BE,Scenario,光子计算等领域的应用,光子计算等领域的应用,company-info_with_url.xlsx,Scenario
SCN_9322C149B9E7,Scenario,石墨烯-铜复合材料在轨道交通等领域的应用。,石墨烯-铜复合材料在轨道交通等领域的应用。,company-info_with_url.xlsx,Scenario
CUS_C92BF203D8BB,Customer,我国国防军工单位（参与重点型号任务）,我国国防军工单位（参与重点型号任务）,company-info_with_url.xlsx,Customer
CUS_BF724AD4F9FC,Customer,军方（列装型号）,军方（列装型号）,company-info_with_url.xlsx,Customer
CUS_39FEEB358139,Customer,警用及多个工业领域客户,警用及多个工业领域客户,company-info_with_url.xlsx,Customer
DEM_C6ABFDEACE79,DemandTag,根据其处于A轮及后续融资阶段（Pre-A轮）,根据其处于a轮及后续融资阶段（pre-a轮）,company-info_with_url.xlsx,DemandTag
DEM_32A494792242,DemandTag,推测当前最需要资金资源以支持研发,推测当前最需要资金资源以支持研发,company-info_with_url.xlsx,DemandTag
PROD_49B3F3A09C9C,Product,晶圆级光学玻璃元件及模组,晶圆级光学玻璃元件及模组,company-info_with_url.xlsx,Product
PROD_51BDB02DADD4,Product,WLG镜头,wlg镜头,company-info_with_url.xlsx,Product
CAP_299B5CE1608D,Capability,晶圆级光学玻璃元件及模组,晶圆级光学玻璃元件及模组,company-info_with_url.xlsx,Capability
CAP_9D18C5CC9C71,Capability,镜头,镜头,company-info_with_url.xlsx,Capability
CAP_459440E3C532,Capability,晶圆级玻璃模压技术（WLG）,晶圆级玻璃模压技术（wlg）,company-info_with_url.xlsx,Capability
CAP_80BB735B350F,Capability,在技术工艺,在技术工艺,company-info_with_url.xlsx,Capability
CAP_87CCAEA99BE0,Capability,产线构造,产线构造,company-info_with_url.xlsx,Capability
CAP_E99712FBD29D,Capability,前后道工序等方面进行优化,前后道工序等方面进行优化,company-info_with_url.xlsx,Capability
IND_CDA599355D01,Industry,光学,光学,company-info_with_url.xlsx,Industry
IND_95B4540E65B1,Industry,AR）,ar）,company-info_with_url.xlsx,Industry
IND_897C6A069072,Industry,激光雷达,激光雷达,company-info_with_url.xlsx,Industry
IND_F11B5CC7E921,Industry,3D扫描,3d扫描,company-info_with_url.xlsx,Industry
IND_C438E8EF60B1,Industry,单反相机等。,单反相机等。,company-info_with_url.xlsx,Industry
SCN_42F304E0AA3F,Scenario,手机摄像头（核心场景）,手机摄像头（核心场景）,company-info_with_url.xlsx,Scenario
SCN_05180DE62625,Scenario,激光雷达,激光雷达,company-info_with_url.xlsx,Scenario
SCN_CEDFE83D7350,Scenario,车载大灯,车载大灯,company-info_with_url.xlsx,Scenario
SCN_7C633BB81AA1,Scenario,3D扫描仪,3d扫描仪,company-info_with_url.xlsx,Scenario
SCN_4B729459D629,Scenario,单反相机,单反相机,company-info_with_url.xlsx,Scenario
SCN_DF62C020AE11,Scenario,AR,ar,company-info_with_url.xlsx,Scenario
SCN_302634217B17,Scenario,VR等消费电子。,vr等消费电子。,company-info_with_url.xlsx,Scenario
SUP_4E6676B4183D,Supplier,光纤光栅刻写设备供应商,光纤光栅刻写设备供应商,company-info_with_url.xlsx,Supplier
SUP_8F652A588931,Supplier,光学镀膜材料供应商,光学镀膜材料供应商,company-info_with_url.xlsx,Supplier
SUP_48E79AA490CF,Supplier,特种光纤供应商,特种光纤供应商,company-info_with_url.xlsx,Supplier
DEM_32F871CC96B5,DemandTag,融资（处于A+轮阶段）,融资（处于a+轮阶段）,company-info_with_url.xlsx,DemandTag
DEM_8796E4B1D215,DemandTag,产能提升及供应链资源。,产能提升及供应链资源。,company-info_with_url.xlsx,DemandTag
PROD_7B3322A056CB,Product,可熔性聚四氟乙烯(PFA),可熔性聚四氟乙烯(pfa),company-info_with_url.xlsx,Product
PROD_3A1AA97D7014,Product,含氟高端材料,含氟高端材料,company-info_with_url.xlsx,Product
PROD_3B9FAF129715,Product,氟碳表面活性剂,氟碳表面活性剂,company-info_with_url.xlsx,Product
CAP_BBBCAF126D96,Capability,可熔性聚四氟乙烯（PFA）及其上下游产业链产品,可熔性聚四氟乙烯（pfa）及其上下游产业链产品,company-info_with_url.xlsx,Capability
CAP_D5A9D0146618,Capability,含氟高端材料,含氟高端材料,company-info_with_url.xlsx,Capability
CAP_13178DD974A4,Capability,绿色环保型高端氟碳表面活性剂,绿色环保型高端氟碳表面活性剂,company-info_with_url.xlsx,Capability
IND_06D0E6F34BE5,Industry,化工,化工,company-info_with_url.xlsx,Industry
IND_1741CB9A6525,Industry,高性能材料,高性能材料,company-info_with_url.xlsx,Industry
IND_2D8EE31EEDE8,Industry,氟化工,氟化工,company-info_with_url.xlsx,Industry
SCN_7F76D09E7B10,Scenario,化工产品销售,化工产品销售,company-info_with_url.xlsx,Scenario
SCN_AE35F1E93A64,Scenario,专用化学产品制造,专用化学产品制造,company-info_with_url.xlsx,Scenario
SCN_1FE3AFAADC28,Scenario,塑料制品制造与销售,塑料制品制造与销售,company-info_with_url.xlsx,Scenario
SCN_5A26F2683137,Scenario,移动式压力容器,移动式压力容器,company-info_with_url.xlsx,Scenario
SCN_2528AE8FF8DF,Scenario,气瓶充装,气瓶充装,company-info_with_url.xlsx,Scenario
SUP_2F1D5AD17412,Supplier,氟化工原材料供应商（萤石,氟化工原材料供应商（萤石,company-info_with_url.xlsx,Supplier
SUP_E5C63614AC82,Supplier,氢氟酸）,氢氟酸）,company-info_with_url.xlsx,Supplier
SUP_559AAA2896A7,Supplier,PTFE材料供应商,ptfe材料供应商,company-info_with_url.xlsx,Supplier
SUP_CB7EEFE76CFA,Supplier,密封件供应商,密封件供应商,company-info_with_url.xlsx,Supplier
DEM_1F0E5A450927,DemandTag,战略投资（近期已完成A轮融资）,战略投资（近期已完成a轮融资）,company-info_with_url.xlsx,DemandTag
DEM_CE98FE852F88,DemandTag,技术研发支持,技术研发支持,company-info_with_url.xlsx,DemandTag
PROD_8ED362565E83,Product,以3D打印设备及材料研发为核心,以3d打印设备及材料研发为核心,company-info_with_url.xlsx,Product
PROD_6C823C743FC9,Product,提供各类3D打印机及周边设备,提供各类3d打印机及周边设备,company-info_with_url.xlsx,Product
PROD_909956BB70CA,Product,耗材以及医疗数字化诊疗方案。齿科硬件设备（齿科桌面级打印机,耗材以及医疗数字化诊疗方案。齿科硬件设备（齿科桌面级打印机,company-info_with_url.xlsx,Product
PROD_8DA371B28DCF,Product,配套硬件设备,配套硬件设备,company-info_with_url.xlsx,Product
PROD_16D8B0463F44,Product,配件）,配件）,company-info_with_url.xlsx,Product
PROD_DBC39DB4D3F1,Product,树脂类材料（牙膜材料,树脂类材料（牙膜材料,company-info_with_url.xlsx,Product
PROD_5D3646A29EF9,Product,夜磨牙垫,夜磨牙垫,company-info_with_url.xlsx,Product
PROD_FE28AFE39AC1,Product,种植导板,种植导板,company-info_with_url.xlsx,Product
PROD_BDF3488013B0,Product,牙冠材料等）,牙冠材料等）,company-info_with_url.xlsx,Product
PROD_12B4A0830683,Product,设计服务（咬合保护器,设计服务（咬合保护器,company-info_with_url.xlsx,Product
PROD_B9EEA836DA31,Product,混合义齿,混合义齿,company-info_with_url.xlsx,Product
PROD_B403768EF141,Product,临时冠等）。全面掌握打印软件,临时冠等）。全面掌握打印软件,company-info_with_url.xlsx,Product
PROD_1BDB8BBD5335,Product,硬件,硬件,company-info_with_url.xlsx,Product
PROD_76224BB4C749,Product,材料全套知识产权和核心技术,材料全套知识产权和核心技术,company-info_with_url.xlsx,Product
CAP_38BB8D4EABC9,Capability,3D打印设备及材料研发,3d打印设备及材料研发,company-info_with_url.xlsx,Capability
IND_6019CE89E51E,Industry,医疗（齿科）为主,医疗（齿科）为主,company-info_with_url.xlsx,Industry
IND_D34DF952D9A7,Industry,同时为传统制造业,同时为传统制造业,company-info_with_url.xlsx,Industry
IND_A6020A86C153,Industry,教育等行业提供智能化3D解决方案。,教育等行业提供智能化3d解决方案。,company-info_with_url.xlsx,Industry
SCN_F8A5D0D2EB81,Scenario,齿科诊所的数字化诊疗,齿科诊所的数字化诊疗,company-info_with_url.xlsx,Scenario
SCN_FCFCF1CE91BF,Scenario,包括牙膜,包括牙膜,company-info_with_url.xlsx,Scenario
SCN_6B9523276769,Scenario,夜磨牙垫,夜磨牙垫,company-info_with_url.xlsx,Scenario
SCN_8A2151593A80,Scenario,种植导板,种植导板,company-info_with_url.xlsx,Scenario
SCN_4F7ADAFDE808,Scenario,牙冠,牙冠,company-info_with_url.xlsx,Scenario
SCN_35F8171F847A,Scenario,咬合保护器,咬合保护器,company-info_with_url.xlsx,Scenario
SCN_EDFDDDF4BFC0,Scenario,混合义齿,混合义齿,company-info_with_url.xlsx,Scenario
SCN_44ED07F1934E,Scenario,临时冠等产品的打印与制作。,临时冠等产品的打印与制作。,company-info_with_url.xlsx,Scenario
CUS_B626AAF5F7A6,Customer,航天科技集团4院,航天科技集团4院,company-info_with_url.xlsx,Customer
CUS_631AB8690882,Customer,3院,3院,company-info_with_url.xlsx,Customer
CUS_F773A0AEC37B,Customer,东安发动机等军工及航空航天单位,东安发动机等军工及航空航天单位,company-info_with_url.xlsx,Customer
SUP_AC6F4AF3165B,Supplier,西南铝业（铝合金材料合作）,西南铝业（铝合金材料合作）,company-info_with_url.xlsx,Supplier
PROD_23E49AF3982C,Product,BNCT（硼中子俘获治疗）整体解决方案及系列产品,bnct（硼中子俘获治疗）整体解决方案及系列产品,company-info_with_url.xlsx,Product
PROD_6635775D5766,Product,涉及第二类医疗器械生产,涉及第二类医疗器械生产,company-info_with_url.xlsx,Product
PROD_77D2A20292F3,Product,II,ii,company-info_with_url.xlsx,Product
PROD_C24179837387,Product,III类射线装置销售,iii类射线装置销售,company-info_with_url.xlsx,Product
CAP_9E1722653F7F,Capability,BNCT硼中子俘获治疗整体解决方案,bnct硼中子俘获治疗整体解决方案,company-info_with_url.xlsx,Capability
IND_78C59148E44C,Industry,医疗健康,医疗健康,company-info_with_url.xlsx,Industry
IND_1D4325FDEFE1,Industry,具体为肿瘤治疗（放疗新技术）,具体为肿瘤治疗（放疗新技术）,company-info_with_url.xlsx,Industry
SCN_73AD4E21FD48,Scenario,肿瘤治疗,肿瘤治疗,company-info_with_url.xlsx,Scenario
SCN_A8A30B81351F,Scenario,尤其是利用BNCT技术进行癌症放疗,尤其是利用bnct技术进行癌症放疗,company-info_with_url.xlsx,Scenario
SUP_3AC0ED83DA3E,Supplier,中子发生器核心材料供应商,中子发生器核心材料供应商,company-info_with_url.xlsx,Supplier
SUP_C1339F37A155,Supplier,加速器零部件供应商,加速器零部件供应商,company-info_with_url.xlsx,Supplier
SUP_5C1909C5B47F,Supplier,高压电源供应商,高压电源供应商,company-info_with_url.xlsx,Supplier
DEM_F376A56C4876,DemandTag,资金（用于产业化和商业化推进）,资金（用于产业化和商业化推进）,company-info_with_url.xlsx,DemandTag
DEM_BC87ADC160A7,DemandTag,专业人才（如市场经理）,专业人才（如市场经理）,company-info_with_url.xlsx,DemandTag
PROD_2F970FB13CEA,Product,脑功能监护仪（两款创新医疗器械）,脑功能监护仪（两款创新医疗器械）,company-info_with_url.xlsx,Product
PROD_DFD295DFFF84,Product,多模态脑功能成像仪,多模态脑功能成像仪,company-info_with_url.xlsx,Product
CAP_06614D33140B,Capability,核心技术为脑深部无创,核心技术为脑深部无创,company-info_with_url.xlsx,Capability
CAP_BFD7B07B5D83,Capability,连续,连续,company-info_with_url.xlsx,Capability
CAP_9D9B9A6AF824,Capability,精确监测技术,精确监测技术,company-info_with_url.xlsx,Capability
CAP_4498680D063C,Capability,以及脑机协同视听觉信息处理与交互技术,以及脑机协同视听觉信息处理与交互技术,company-info_with_url.xlsx,Capability
IND_11834C23A0CE,Industry,医疗器械行业,医疗器械行业,company-info_with_url.xlsx,Industry
IND_E3763E34B072,Industry,具体应用于神经科学,具体应用于神经科学,company-info_with_url.xlsx,Industry
IND_C5C6CD37D276,Industry,精神疾病诊疗与康复,精神疾病诊疗与康复,company-info_with_url.xlsx,Industry
IND_EF40CBA5DBA6,Industry,围术期监护等医疗领域。,围术期监护等医疗领域。,company-info_with_url.xlsx,Industry
SCN_7EFB7DCAAE8D,Scenario,1. 神经,1. 神经,company-info_with_url.xlsx,Scenario
SCN_74B9A0DF5B69,Scenario,精神疾病的诊疗与康复,精神疾病的诊疗与康复,company-info_with_url.xlsx,Scenario
SCN_DFAD0ECE160F,Scenario,2. 围手术期（尤其是老年人手术）的脑功能监护,2. 围手术期（尤其是老年人手术）的脑功能监护,company-info_with_url.xlsx,Scenario
SCN_14E32E152733,Scenario,3. 脑科学与临床研究。,3. 脑科学与临床研究。,company-info_with_url.xlsx,Scenario
SUP_9BB57629CEF7,Supplier,脑血氧传感器供应商,脑血氧传感器供应商,company-info_with_url.xlsx,Supplier
SUP_7DD7DD4B298F,Supplier,医疗器械认证服务,医疗器械认证服务,company-info_with_url.xlsx,Supplier
DEM_BD09C05DD893,DemandTag,根据其处于A+轮及后续融资阶段,根据其处于a+轮及后续融资阶段,company-info_with_url.xlsx,DemandTag
DEM_ADFEB1C14193,DemandTag,推测需要市场拓展资源,推测需要市场拓展资源,company-info_with_url.xlsx,DemandTag
DEM_AB7C03D5D92D,DemandTag,规模化生产资金及进一步的临床合作资源。,规模化生产资金及进一步的临床合作资源。,company-info_with_url.xlsx,DemandTag
PROD_7C53367B6EF7,Product,高温超导发电机（5-30MW模块化）,高温超导发电机（5-30mw模块化）,company-info_with_url.xlsx,Product
CAP_7CF601A735CA,Capability,全球首款产品化高温超导发电机,全球首款产品化高温超导发电机,company-info_with_url.xlsx,Capability
CAP_70BF231AEEFB,Capability,模块化设计,模块化设计,company-info_with_url.xlsx,Capability
CAP_9C0EDAFA6151,Capability,支持5MW到30MW全品类,支持5mw到30mw全品类,company-info_with_url.xlsx,Capability
CAP_53D21861E73A,Capability,全球领先的高温超导电机技术,全球领先的高温超导电机技术,company-info_with_url.xlsx,Capability
IND_28C7D4DBCA35,Industry,尤其是海上风电,尤其是海上风电,company-info_with_url.xlsx,Industry
SCN_A7D38360F5BE,Scenario,海上风力发电机组,海上风力发电机组,company-info_with_url.xlsx,Scenario
CUS_A8F4E065149B,Customer,暂无明确公开客户名单,暂无明确公开客户名单,company-info_with_url.xlsx,Customer
CUS_4B051D4DDA17,Customer,但服务面向科研,但服务面向科研,company-info_with_url.xlsx,Customer
CUS_F0256B13456C,Customer,工业领域,工业领域,company-info_with_url.xlsx,Customer
SUP_FE49CEE137E4,Supplier,永磁材料供应商（钕铁硼,永磁材料供应商（钕铁硼,company-info_with_url.xlsx,Supplier
SUP_47D25EBF1A7B,Supplier,钐钴）,钐钴）,company-info_with_url.xlsx,Supplier
SUP_3E8AB4CF1199,Supplier,电机控制器芯片供应商,电机控制器芯片供应商,company-info_with_url.xlsx,Supplier
DEM_F1F798229B17,DemandTag,资金（已完成天使轮融资）,资金（已完成天使轮融资）,company-info_with_url.xlsx,DemandTag
DEM_3862D5865E16,DemandTag,产业合作资源以推进产品大规模应用和市场拓展,产业合作资源以推进产品大规模应用和市场拓展,company-info_with_url.xlsx,DemandTag
PROD_CEB2CB63D7CC,Product,小核酸创新药：AGT siRNA降压药（II期临床）,小核酸创新药：agt sirna降压药（ii期临床）,company-info_with_url.xlsx,Product
PROD_0B89BA9CDB02,Product,INHBE siRNA减脂药（I期临床）,inhbe sirna减脂药（i期临床）,company-info_with_url.xlsx,Product
CAP_361582A888C8,Capability,成都先衍生物技术（待查,成都先衍生物技术（待查,company-info_with_url.xlsx,Capability
CAP_9033C3A47906,Capability,无公开信息）,无公开信息）,company-info_with_url.xlsx,Capability
IND_C27385016B98,Industry,医学研究和试验发展,医学研究和试验发展,company-info_with_url.xlsx,Industry
SUP_A6E8EA73860B,Supplier,DNA合成仪供应商,dna合成仪供应商,company-info_with_url.xlsx,Supplier
SUP_172EC8060A77,Supplier,分子生物学试剂供应商,分子生物学试剂供应商,company-info_with_url.xlsx,Supplier
SUP_73025C22769F,Supplier,生物耗材供应商,生物耗材供应商,company-info_with_url.xlsx,Supplier
DEM_C13181AAD257,DemandTag,融资（根据其近期完成A轮融资判断,融资（根据其近期完成a轮融资判断,company-info_with_url.xlsx,DemandTag
DEM_0B76C3DD0561,DemandTag,公司处于成长期,公司处于成长期,company-info_with_url.xlsx,DemandTag
DEM_A69C8421197F,DemandTag,需要资金支持研发与扩张）,需要资金支持研发与扩张）,company-info_with_url.xlsx,DemandTag
PROD_05E374A8D8AE,Product,无人机电力巡线服务（从数据采集到分析一站式）,无人机电力巡线服务（从数据采集到分析一站式）,company-info_with_url.xlsx,Product
CAP_0DAD51CA927A,Capability,无人机电力巡线作业方法及专利技术,无人机电力巡线作业方法及专利技术,company-info_with_url.xlsx,Capability
CAP_12468AE47406,Capability,提供从无人机数据采集到后期数据分析的一站式飞巡服务,提供从无人机数据采集到后期数据分析的一站式飞巡服务,company-info_with_url.xlsx,Capability
IND_6F6BA4746943,Industry,电力行业（电力巡线）。,电力行业（电力巡线）。,company-info_with_url.xlsx,Industry
SCN_EAF14E9412B8,Scenario,电力线路巡检,电力线路巡检,company-info_with_url.xlsx,Scenario
SCN_2B1A969C65D6,Scenario,数据采集与分析。,数据采集与分析。,company-info_with_url.xlsx,Scenario
CUS_1F48D2F469E0,Customer,邯郸天铁等多家单位建立项目合作,邯郸天铁等多家单位建立项目合作,company-info_with_url.xlsx,Customer
SUP_EFFA679675E4,Supplier,无人机零部件,无人机零部件,company-info_with_url.xlsx,Supplier
PROD_DD2FCAFD245C,Product,信息安全服务与解决方案,信息安全服务与解决方案,company-info_with_url.xlsx,Product
CAP_877B01612330,Capability,信息安全服务与解决方案,信息安全服务与解决方案,company-info_with_url.xlsx,Capability
CAP_1F3273084764,Capability,专注于信息网络与应用的可用性,专注于信息网络与应用的可用性,company-info_with_url.xlsx,Capability
CAP_AF86011906BF,Capability,可控性和安全性,可控性和安全性,company-info_with_url.xlsx,Capability
CAP_224F819E2B84,Capability,大数据安全,大数据安全,company-info_with_url.xlsx,Capability
CAP_DCB35C82D7B5,Capability,网络安全等,网络安全等,company-info_with_url.xlsx,Capability
IND_D5C25C1DA032,Industry,政府,政府,company-info_with_url.xlsx,Industry
IND_8169AD890F9F,Industry,运营商,运营商,company-info_with_url.xlsx,Industry
IND_91B770A307F0,Industry,互联网,互联网,company-info_with_url.xlsx,Industry
IND_B626F1AC0AE7,Industry,医疗等行业,医疗等行业,company-info_with_url.xlsx,Industry
IND_C9E79A05E30A,Industry,主要服务于国有企业及事业单位。,主要服务于国有企业及事业单位。,company-info_with_url.xlsx,Industry
SCN_2C6586EE223D,Scenario,为各行业用户提供信息安全服务及解决方案,为各行业用户提供信息安全服务及解决方案,company-info_with_url.xlsx,Scenario
SCN_48958687A926,Scenario,降低安全风险,降低安全风险,company-info_with_url.xlsx,Scenario
SCN_0462471682AD,Scenario,保障业务安全。,保障业务安全。,company-info_with_url.xlsx,Scenario
SUP_99377ABA4AAF,Supplier,工业物联网网关供应商,工业物联网网关供应商,company-info_with_url.xlsx,Supplier
SUP_1E177E247BDD,Supplier,传感器模组供应商,传感器模组供应商,company-info_with_url.xlsx,Supplier
SUP_09AC6E8216F3,Supplier,云平台服务供应商,云平台服务供应商,company-info_with_url.xlsx,Supplier
PROD_7E72C9662685,Product,精密金属掩模版FMM（OLED蒸镀用）,精密金属掩模版fmm（oled蒸镀用）,company-info_with_url.xlsx,Product
CAP_3F1F0B9F4748,Capability,AMOLED显示行业有机发光材料蒸镀专用精密金属掩模版FMM（Fine Metal Mask）的生产和研发,amoled显示行业有机发光材料蒸镀专用精密金属掩模版fmm（fine metal mask）的生产和研发,company-info_with_url.xlsx,Capability
CAP_BF43AD36A45A,Capability,AMOLED用Divide Open Mask,amoled用divide open mask,company-info_with_url.xlsx,Capability
CAP_313967CAB84D,Capability,Divide Fine Metal Mask,divide fine metal mask,company-info_with_url.xlsx,Capability
CAP_04C1F3E119C5,Capability,硅基OLED用Micro OLED Open Mask,硅基oled用micro oled open mask,company-info_with_url.xlsx,Capability
CAP_2AB12C1936B3,Capability,显示终端用金属支撑片等高端超精细加工类产品,显示终端用金属支撑片等高端超精细加工类产品,company-info_with_url.xlsx,Capability
IND_1C7EF1C2093A,Industry,显示面板（AMOLED）,显示面板（amoled）,company-info_with_url.xlsx,Industry
IND_10D50BCB9259,Industry,显示终端,显示终端,company-info_with_url.xlsx,Industry
IND_D6E7E8AD7484,Industry,AR显示。,ar显示。,company-info_with_url.xlsx,Industry
SCN_EFEED39957D5,Scenario,OLED显示面板制造过程中的有机发光材料蒸镀环节。,oled显示面板制造过程中的有机发光材料蒸镀环节。,company-info_with_url.xlsx,Scenario
SUP_B4C337A39FCB,Supplier,OLED有机发光材料供应商,oled有机发光材料供应商,company-info_with_url.xlsx,Supplier
SUP_BAF955CCFAFE,Supplier,柔性显示材料供应商,柔性显示材料供应商,company-info_with_url.xlsx,Supplier
SUP_BA0ED6E1327C,Supplier,蒸镀设备零部件供应商,蒸镀设备零部件供应商,company-info_with_url.xlsx,Supplier
DEM_C6D5D8432FA6,DemandTag,市场资源（面板厂商急需第二供应商,市场资源（面板厂商急需第二供应商,company-info_with_url.xlsx,DemandTag
DEM_43CDD5ADEBBF,DemandTag,只要产品量产就能拿到订单）。,只要产品量产就能拿到订单）。,company-info_with_url.xlsx,DemandTag
PROD_FE8C53846767,Product,超声电池成像系统,超声电池成像系统,company-info_with_url.xlsx,Product
PROD_5A1D4A3AE1B4,Product,超声测试盒及测试系统,超声测试盒及测试系统,company-info_with_url.xlsx,Product
PROD_6F9CCD33E5B4,Product,电池组,电池组,company-info_with_url.xlsx,Product
PROD_25C0889BFD11,Product,电极片注料机,电极片注料机,company-info_with_url.xlsx,Product
CAP_098DE3B142C9,Capability,锂离子电池相关技术,锂离子电池相关技术,company-info_with_url.xlsx,Capability
IND_1DE6497D8140,Industry,锂离子电池研发,锂离子电池研发,company-info_with_url.xlsx,Industry
IND_DAD7E5C5244A,Industry,生产与测试,生产与测试,company-info_with_url.xlsx,Industry
IND_C90AF7009771,Industry,新能源（储能,新能源（储能,company-info_with_url.xlsx,Industry
IND_E59BF3C4A25A,Industry,电动汽车等）,电动汽车等）,company-info_with_url.xlsx,Industry
IND_0F8B24F186EC,Industry,电子专用设备制造,电子专用设备制造,company-info_with_url.xlsx,Industry
IND_6EC5B01155EF,Industry,科学研究与试验发展。,科学研究与试验发展。,company-info_with_url.xlsx,Industry
SCN_D0CE5F881BD6,Scenario,1. 电池研发与生产过程中的无损检测与成像。2. 电池性能测试与评估。3. 电极片制造工艺。4. 电池组集成与测试。,1. 电池研发与生产过程中的无损检测与成像。2. 电池性能测试与评估。3. 电极片制造工艺。4. 电池组集成与测试。,company-info_with_url.xlsx,Scenario
SUP_42C68ABF5B01,Supplier,MEMS麦克风芯片供应商,mems麦克风芯片供应商,company-info_with_url.xlsx,Supplier
SUP_832513BC4C10,Supplier,声学传感器原材料供应商,声学传感器原材料供应商,company-info_with_url.xlsx,Supplier
DEM_13A01D33755B,DemandTag,1. 资金资源（处于Pre-A轮融资阶段）。2. 市场渠道与标杆客户资源,1. 资金资源（处于pre-a轮融资阶段）。2. 市场渠道与标杆客户资源,company-info_with_url.xlsx,DemandTag
DEM_2EC7A1D023B3,DemandTag,以验证和推广其电池检测技术。3. 产业链上下游合作资源（如电池制造商,以验证和推广其电池检测技术。3. 产业链上下游合作资源（如电池制造商,company-info_with_url.xlsx,DemandTag
DEM_E2AAB18D4260,DemandTag,整车厂）。4. 高端研发与工程技术人才。,整车厂）。4. 高端研发与工程技术人才。,company-info_with_url.xlsx,DemandTag
PROD_01138BE55D32,Product,燃料电池和制氢电池用的炭纸和气体扩散层（GDL）技术及产品,燃料电池和制氢电池用的炭纸和气体扩散层（gdl）技术及产品,company-info_with_url.xlsx,Product
PROD_BA2FEE9A586A,Product,空冷专用气体扩散层AC系列,空冷专用气体扩散层ac系列,company-info_with_url.xlsx,Product
PROD_CED1A6614CB5,Product,亲水炭纸CPM系列,亲水炭纸cpm系列,company-info_with_url.xlsx,Product
PROD_DCA5AA5F70F3,Product,高性能气体扩散层HP系列和碳纤维毡MF系列。拥有国内仅有的两条GDL卷对卷连续生产线之一,高性能气体扩散层hp系列和碳纤维毡mf系列。拥有国内仅有的两条gdl卷对卷连续生产线之一,company-info_with_url.xlsx,Product
PROD_FB97805CA5FD,Product,具备全链条技术能力,具备全链条技术能力,company-info_with_url.xlsx,Product
CAP_B8FFD023B22B,Capability,燃料电池,燃料电池,company-info_with_url.xlsx,Capability
CAP_4FE0C6686219,Capability,制氢用炭纸和气体扩散层(GDL)材料技术,制氢用炭纸和气体扩散层(gdl)材料技术,company-info_with_url.xlsx,Capability
IND_83E3D97ED82B,Industry,氢燃料电池,氢燃料电池,company-info_with_url.xlsx,Industry
IND_C5D17142B347,Industry,PEM电解水制氢,pem电解水制氢,company-info_with_url.xlsx,Industry
IND_87CF74F401A4,Industry,液流电池。,液流电池。,company-info_with_url.xlsx,Industry
SCN_8221D5CA620D,Scenario,氢燃料电池的气体扩散层基材,氢燃料电池的气体扩散层基材,company-info_with_url.xlsx,Scenario
SCN_B14875A52C4A,Scenario,PEM电解水制氢电池的关键材料,pem电解水制氢电池的关键材料,company-info_with_url.xlsx,Scenario
SCN_DC2DCEA84F1E,Scenario,液流储能电池的电极材料（碳毡）。,液流储能电池的电极材料（碳毡）。,company-info_with_url.xlsx,Scenario
SUP_7809816FEA0A,Supplier,碳纸,碳纸,company-info_with_url.xlsx,Supplier
SUP_7D89AEA12BE7,Supplier,碳毡原材料供应商,碳毡原材料供应商,company-info_with_url.xlsx,Supplier
SUP_27B6922C849E,Supplier,质子交换膜供应商,质子交换膜供应商,company-info_with_url.xlsx,Supplier
SUP_ADBDE97C7DDC,Supplier,气体扩散层原材料供应商,气体扩散层原材料供应商,company-info_with_url.xlsx,Supplier
DEM_CB6FB0F56ECA,DemandTag,加快推动炭纸和扩散层的规模化应用,加快推动炭纸和扩散层的规模化应用,company-info_with_url.xlsx,DemandTag
DEM_C9B4A7AD803E,DemandTag,可能需市场拓展,可能需市场拓展,company-info_with_url.xlsx,DemandTag
DEM_FD445D4155F9,DemandTag,产能扩建及进一步融资支持。,产能扩建及进一步融资支持。,company-info_with_url.xlsx,DemandTag
PROD_82F90123A915,Product,深圳东壁科技数据（待查,深圳东壁科技数据（待查,company-info_with_url.xlsx,Product
CAP_512F0B4B56D9,Capability,科技文献数据平台,科技文献数据平台,company-info_with_url.xlsx,Capability
IND_86DE6EF9C428,Industry,高校,高校,company-info_with_url.xlsx,Industry
IND_1CA3030D8A6F,Industry,科研机构,科研机构,company-info_with_url.xlsx,Industry
IND_3232DB7D2550,Industry,医院,医院,company-info_with_url.xlsx,Industry
IND_B658D0E142C4,Industry,政府等。,政府等。,company-info_with_url.xlsx,Industry
SCN_B91603B79B88,Scenario,科技期刊推荐与评级,科技期刊推荐与评级,company-info_with_url.xlsx,Scenario
SCN_DB7BE06CA815,Scenario,科技文献检索与获取,科技文献检索与获取,company-info_with_url.xlsx,Scenario
SCN_5F61FAF772AB,Scenario,学术成果分享,学术成果分享,company-info_with_url.xlsx,Scenario
SCN_44A5B2E3EDF8,Scenario,科技资源配置,科技资源配置,company-info_with_url.xlsx,Scenario
SCN_CF6804D4FCB4,Scenario,科技活动评价,科技活动评价,company-info_with_url.xlsx,Scenario
SCN_204211DA0932,Scenario,科技人才评价与猎聘。,科技人才评价与猎聘。,company-info_with_url.xlsx,Scenario
SUP_526ABFEFAC18,Supplier,边缘计算设备供应商,边缘计算设备供应商,company-info_with_url.xlsx,Supplier
SUP_95C6D2D43D5C,Supplier,机器视觉软件供应商,机器视觉软件供应商,company-info_with_url.xlsx,Supplier
DEM_51D4C704FCE3,DemandTag,原文未明确提及。根据其市场化,原文未明确提及。根据其市场化,company-info_with_url.xlsx,DemandTag
DEM_529C51C7157E,DemandTag,商业化运营的推进阶段,商业化运营的推进阶段,company-info_with_url.xlsx,DemandTag
DEM_3F20EF5E9D6E,DemandTag,可能涉及市场拓展,可能涉及市场拓展,company-info_with_url.xlsx,DemandTag
DEM_4E00F5CCA420,DemandTag,技术深化等资源。,技术深化等资源。,company-info_with_url.xlsx,DemandTag
PROD_EB332964389B,Product,WTL可调激光器,wtl可调激光器,company-info_with_url.xlsx,Product
PROD_0C081461ED0F,Product,DFB气体传感激光器,dfb气体传感激光器,company-info_with_url.xlsx,Product
PROD_12C1DECFA9E5,Product,TFLN调制器三大产品,tfln调制器三大产品,company-info_with_url.xlsx,Product
PROD_B7AEF7767232,Product,可调谐激光器,可调谐激光器,company-info_with_url.xlsx,Product
PROD_92D006CF64D9,Product,DFB激光器,dfb激光器,company-info_with_url.xlsx,Product
PROD_85384512DAD2,Product,薄膜铌酸锂调制器注册专利十余项,薄膜铌酸锂调制器注册专利十余项,company-info_with_url.xlsx,Product
CAP_5437F3438878,Capability,InP和TFLN两条基础技术路线,inp和tfln两条基础技术路线,company-info_with_url.xlsx,Capability
CAP_A7EF83827535,Capability,核心技术大范围调谐激光器中美两地专利注册,核心技术大范围调谐激光器中美两地专利注册,company-info_with_url.xlsx,Capability
IND_24C0E835E9B1,Industry,气体传感器,气体传感器,company-info_with_url.xlsx,Industry
IND_C01350A62428,Industry,车载激光雷达,车载激光雷达,company-info_with_url.xlsx,Industry
SCN_135EB22DC477,Scenario,气体传感器（已批量交付）,气体传感器（已批量交付）,company-info_with_url.xlsx,Scenario
SCN_8D87ED152E9C,Scenario,光通信,光通信,company-info_with_url.xlsx,Scenario
SCN_5068574F862F,Scenario,车载激光雷达,车载激光雷达,company-info_with_url.xlsx,Scenario
SUP_79FC265BFB8E,Supplier,DFB激光器芯片原材料供应商,dfb激光器芯片原材料供应商,company-info_with_url.xlsx,Supplier
SUP_B32C56DA93A2,Supplier,光栅刻写设备供应商,光栅刻写设备供应商,company-info_with_url.xlsx,Supplier
PROD_3DF80CBDCCFF,Product,垂直腔面发射激光器（VCSEL）芯片,垂直腔面发射激光器（vcsel）芯片,company-info_with_url.xlsx,Product
PROD_EC3ED32A4A05,Product,用于光通信的850nm 10G,用于光通信的850nm 10g,company-info_with_url.xlsx,Product
PROD_20B36984D0DF,Product,25G,25g,company-info_with_url.xlsx,Product
PROD_56D77401BB49,Product,56G PAM4,56g pam4,company-info_with_url.xlsx,Product
PROD_A81AA01F2D90,Product,112G PAM4 VCSEL芯片,112g pam4 vcsel芯片,company-info_with_url.xlsx,Product
PROD_D7167F13AB28,Product,以及用于3D感测的940nm VCSEL结构光芯片,以及用于3d感测的940nm vcsel结构光芯片,company-info_with_url.xlsx,Product
PROD_E2476B4BC9A1,Product,850nm及940nm VCSEL TOF芯片。拥有全流程,850nm及940nm vcsel tof芯片。拥有全流程,company-info_with_url.xlsx,Product
PROD_6AAB856611C4,Product,完整,完整,company-info_with_url.xlsx,Product
PROD_E64A31FB1D6D,Product,独立的化合物半导体光电子芯片IDM生产线,独立的化合物半导体光电子芯片idm生产线,company-info_with_url.xlsx,Product
CAP_E349A1524A89,Capability,垂直腔面发射激光器(VCSEL)芯片设计,垂直腔面发射激光器(vcsel)芯片设计,company-info_with_url.xlsx,Capability
CUS_BA7172340FF0,Customer,已与多家商业航天公司合作,已与多家商业航天公司合作,company-info_with_url.xlsx,Customer
CUS_8DC45F1EC76F,Customer,参与国家重大航天项目（如玉兔号月球车,参与国家重大航天项目（如玉兔号月球车,company-info_with_url.xlsx,Customer
CUS_FE74BFA56B7A,Customer,空间站,空间站,company-info_with_url.xlsx,Customer
CUS_8F43B8D87FF6,Customer,北斗卫星,北斗卫星,company-info_with_url.xlsx,Customer
CUS_06840E039403,Customer,风云3号,风云3号,company-info_with_url.xlsx,Customer
CUS_09256EAF4A7B,Customer,嫦娥五号等）,嫦娥五号等）,company-info_with_url.xlsx,Customer
PROD_498938D13225,Product,致力于研发大模型时代的新一代AI芯片（GPU芯片）。具体产品规划针对垂直行业小模型的低成本AI芯片（对标NVIDIA RTX 4090游戏卡）,致力于研发大模型时代的新一代ai芯片（gpu芯片）。具体产品规划针对垂直行业小模型的低成本ai芯片（对标nvidia rtx 4090游戏卡）,company-info_with_url.xlsx,Product
PROD_6E0ABF4025AB,Product,以及针对通用大模型,以及针对通用大模型,company-info_with_url.xlsx,Product
PROD_B702C05A49D7,Product,追求极致体验的高端AI芯片（对标NVIDIA A100,追求极致体验的高端ai芯片（对标nvidia a100,company-info_with_url.xlsx,Product
PROD_06133E8CB710,Product,H100,h100,company-info_with_url.xlsx,Product
PROD_F04DC6A57D12,Product,A800,a800,company-info_with_url.xlsx,Product
PROD_A0AF0B753CEC,Product,H800计算卡组成的8卡整机服务器）,h800计算卡组成的8卡整机服务器）,company-info_with_url.xlsx,Product
CAP_E6CA0CC3564D,Capability,大模型时代AI芯片设计,大模型时代ai芯片设计,company-info_with_url.xlsx,Capability
IND_97C1C417FB84,Industry,大模型推理。具体服务于需要运行AI大模型（特别是7B~13B参数的垂直行业小模型及更大规模的通用大模型）的各类行业。,大模型推理。具体服务于需要运行ai大模型（特别是7b~13b参数的垂直行业小模型及更大规模的通用大模型）的各类行业。,company-info_with_url.xlsx,Industry
SCN_203CE3873B84,Scenario,大模型推理。具体包括：1. 垂直行业的小模型推理（如使用7B~13B参数模型的应用）,大模型推理。具体包括：1. 垂直行业的小模型推理（如使用7b~13b参数模型的应用）,company-info_with_url.xlsx,Scenario
SCN_9ADB4393E8CA,Scenario,2. 通用大模型的推理服务。,2. 通用大模型的推理服务。,company-info_with_url.xlsx,Scenario
SUP_500793FD57CC,Supplier,卫星通信基带芯片代工厂,卫星通信基带芯片代工厂,company-info_with_url.xlsx,Supplier
DEM_0A2CBAC19B65,DemandTag,资金（用于芯片研发）,资金（用于芯片研发）,company-info_with_url.xlsx,DemandTag
DEM_DBAEB8EFCF7B,DemandTag,高端芯片设计人才,高端芯片设计人才,company-info_with_url.xlsx,DemandTag
DEM_CD6692A787C1,DemandTag,下游大模型应用合作伙伴以形成产品闭环,下游大模型应用合作伙伴以形成产品闭环,company-info_with_url.xlsx,DemandTag
DEM_DF313A0245FF,DemandTag,以及芯片制造（流片）资源。,以及芯片制造（流片）资源。,company-info_with_url.xlsx,DemandTag
PROD_A7643EC2C0F9,Product,紫外固体激光器,紫外固体激光器,company-info_with_url.xlsx,Product
PROD_580C6A283454,Product,半导体激光器,半导体激光器,company-info_with_url.xlsx,Product
PROD_ADD20671442D,Product,准分子激光器,准分子激光器,company-info_with_url.xlsx,Product
CAP_DDA136778E09,Capability,紫外及深紫外固体激光器,紫外及深紫外固体激光器,company-info_with_url.xlsx,Capability
CAP_8FBC1AB731AA,Capability,半导体激光器,半导体激光器,company-info_with_url.xlsx,Capability
CAP_C4863BE62BC6,Capability,准分子激光器的研发,准分子激光器的研发,company-info_with_url.xlsx,Capability
IND_A9AF98E109CD,Industry,高端制造,高端制造,company-info_with_url.xlsx,Industry
IND_E7B73D67D8F8,Industry,医疗（激光器为通用核心部件,医疗（激光器为通用核心部件,company-info_with_url.xlsx,Industry
IND_165C76D288FB,Industry,具体下游行业未明确说明）,具体下游行业未明确说明）,company-info_with_url.xlsx,Industry
SUP_554A7ED71C1B,Supplier,激光器泵浦源供应商,激光器泵浦源供应商,company-info_with_url.xlsx,Supplier
SUP_ECE993481254,Supplier,光纤供应商,光纤供应商,company-info_with_url.xlsx,Supplier
DEM_9F79080A7658,DemandTag,资金（近期连续完成融资）,资金（近期连续完成融资）,company-info_with_url.xlsx,DemandTag
DEM_6C3FBCEB124B,DemandTag,高端技术人才,高端技术人才,company-info_with_url.xlsx,DemandTag
DEM_9814F901C97B,DemandTag,产业链合作伙伴,产业链合作伙伴,company-info_with_url.xlsx,DemandTag
PROD_1BD98E864EB9,Product,推测为半导体,推测为半导体,company-info_with_url.xlsx,Product
PROD_CED89C7143F2,Product,光电芯片相关产品（待查）,光电芯片相关产品（待查）,company-info_with_url.xlsx,Product
CAP_38D5603C33D7,Capability,暂无。根据网络信息,暂无。根据网络信息,company-info_with_url.xlsx,Capability
CAP_FB075E1ACB09,Capability,该公司由中科院半导体所,该公司由中科院半导体所,company-info_with_url.xlsx,Capability
CAP_E11DD6136D06,Capability,潍坊先进光电芯片研究院共同孵化,潍坊先进光电芯片研究院共同孵化,company-info_with_url.xlsx,Capability
CAP_2E0EB95C3C3F,Capability,推测其技术领域与半导体,推测其技术领域与半导体,company-info_with_url.xlsx,Capability
CAP_F3C9C5F95A7F,Capability,光电芯片,光电芯片,company-info_with_url.xlsx,Capability
CAP_8D11438AFB7C,Capability,高端装备相关,高端装备相关,company-info_with_url.xlsx,Capability
IND_E82E3E48544A,Industry,工程和技术研究和试验发展（国标行业）。具体可能涉及半导体,工程和技术研究和试验发展（国标行业）。具体可能涉及半导体,company-info_with_url.xlsx,Industry
IND_C333AADE8A4A,Industry,光电,光电,company-info_with_url.xlsx,Industry
IND_BA9D023F78CD,Industry,高端装备制造等行业。,高端装备制造等行业。,company-info_with_url.xlsx,Industry
SUP_5305A8F54C5A,Supplier,工业机器人核心零部件供应商,工业机器人核心零部件供应商,company-info_with_url.xlsx,Supplier
SUP_7BEBD27ADDBE,Supplier,伺服电机供应商,伺服电机供应商,company-info_with_url.xlsx,Supplier
SUP_4812FF766097,Supplier,减速机供应商,减速机供应商,company-info_with_url.xlsx,Supplier
DEM_3A3CC8512CC5,DemandTag,暂无。作为初创高科技公司,暂无。作为初创高科技公司,company-info_with_url.xlsx,DemandTag
DEM_BFD7A21FF46A,DemandTag,可能需资金（已完成A轮融资）,可能需资金（已完成a轮融资）,company-info_with_url.xlsx,DemandTag
DEM_14686CB88EDE,DemandTag,高端人才及产业链合作资源。,高端人才及产业链合作资源。,company-info_with_url.xlsx,DemandTag
PROD_B34BA1D2598C,Product,LiFSI高纯固态主盐,lifsi高纯固态主盐,company-info_with_url.xlsx,Product
PROD_14FE4FAAEB0E,Product,NaFSI,nafsi,company-info_with_url.xlsx,Product
PROD_E8E358E3D736,Product,电解质锂,电解质锂,company-info_with_url.xlsx,Product
PROD_847032052CDF,Product,钠盐添加剂,钠盐添加剂,company-info_with_url.xlsx,Product
CAP_A653794F41D5,Capability,高纯固态主盐LiFSI（双氟磺酰亚胺锂）,高纯固态主盐lifsi（双氟磺酰亚胺锂）,company-info_with_url.xlsx,Capability
CAP_C171C7ABF422,Capability,以及NaFSI,以及nafsi,company-info_with_url.xlsx,Capability
CAP_485F0DB563E5,Capability,ODFB（二氟草酸硼酸锂）及液态盐等新型电解质锂,odfb（二氟草酸硼酸锂）及液态盐等新型电解质锂,company-info_with_url.xlsx,Capability
CAP_E3BABFFB009D,Capability,钠盐及添加剂,钠盐及添加剂,company-info_with_url.xlsx,Capability
IND_1D30B5830E98,Industry,锂离子电池电解质,锂离子电池电解质,company-info_with_url.xlsx,Industry
IND_77FE19D6F998,Industry,新材料领域,新材料领域,company-info_with_url.xlsx,Industry
IND_655802D2966D,Industry,新能源领域,新能源领域,company-info_with_url.xlsx,Industry
SCN_ED91B5D6961A,Scenario,锂离子电池电解质,锂离子电池电解质,company-info_with_url.xlsx,Scenario
CUS_7DCB53F4E58B,Customer,已与产业链上下游顶级巨头建立深入的战略合作,已与产业链上下游顶级巨头建立深入的战略合作,company-info_with_url.xlsx,Customer
SUP_C1286D4549D7,Supplier,锂电池材料供应商（正极,锂电池材料供应商（正极,company-info_with_url.xlsx,Supplier
SUP_38F844B23ECE,Supplier,负极,负极,company-info_with_url.xlsx,Supplier
SUP_6CD7AA581B33,Supplier,电解液）,电解液）,company-info_with_url.xlsx,Supplier
SUP_BC4FB39FC7C5,Supplier,电池检测设备供应商,电池检测设备供应商,company-info_with_url.xlsx,Supplier
DEM_A1E87B26F136,DemandTag,资金（用于产能建设,资金（用于产能建设,company-info_with_url.xlsx,DemandTag
DEM_607B0B1BBC8E,DemandTag,产品研发及市场开拓）,产品研发及市场开拓）,company-info_with_url.xlsx,DemandTag
PROD_FF03ABEBC718,Product,硫化聚丙烯腈（SPAN）正极材料及其电池应用技术。1. 水相中高度分散,硫化聚丙烯腈（span）正极材料及其电池应用技术。1. 水相中高度分散,company-info_with_url.xlsx,Product
PROD_4DAAD4342660,Product,粒径可控的PAN聚合物颗粒制备技术,粒径可控的pan聚合物颗粒制备技术,company-info_with_url.xlsx,Product
CAP_C5283B0D55DE,Capability,2. 通过烧结条件控制材料硫含量的技术,2. 通过烧结条件控制材料硫含量的技术,company-info_with_url.xlsx,Capability
CAP_78531D6E19C7,Capability,3. 用于制备高载量,3. 用于制备高载量,company-info_with_url.xlsx,Capability
CAP_44CF433A3A94,Capability,柔性厚电极的水系柔性粘结剂技术,柔性厚电极的水系柔性粘结剂技术,company-info_with_url.xlsx,Capability
CAP_228078C7C2A4,Capability,4. 可实现安全,4. 可实现安全,company-info_with_url.xlsx,Capability
CAP_6E63249A7501,Capability,可控100%补锂的原位补锂技术,可控100%补锂的原位补锂技术,company-info_with_url.xlsx,Capability
IND_C1D0C17BCF64,Industry,新能源电池行业,新能源电池行业,company-info_with_url.xlsx,Industry
IND_4AC81FD119BA,Industry,具体为储能电池和动力电池领域。,具体为储能电池和动力电池领域。,company-info_with_url.xlsx,Industry
SCN_4A9A1D452382,Scenario,储能场景和低空经济（如无人机等）场景。,储能场景和低空经济（如无人机等）场景。,company-info_with_url.xlsx,Scenario
SUP_DEF66AB2E4B2,Supplier,硫系材料供应商,硫系材料供应商,company-info_with_url.xlsx,Supplier
DEM_2967304E1B27,DemandTag,资金用于SPAN正极材料中试线的技术放大验证和新型硫基电池体系的开发,资金用于span正极材料中试线的技术放大验证和新型硫基电池体系的开发,company-info_with_url.xlsx,DemandTag
DEM_48918647E64B,DemandTag,产业链合作伙伴（如材料放大生产,产业链合作伙伴（如材料放大生产,company-info_with_url.xlsx,DemandTag
DEM_AA77EBC5F687,DemandTag,电池代工）,电池代工）,company-info_with_url.xlsx,DemandTag
DEM_1247D47C9112,DemandTag,市场应用端的验证与开拓。,市场应用端的验证与开拓。,company-info_with_url.xlsx,DemandTag
PROD_63C6AEB6321C,Product,产品支持云边端多场景的AI芯粒,产品支持云边端多场景的ai芯粒,company-info_with_url.xlsx,Product
PROD_9B92AE994330,Product,多芯粒大模型推理加速卡,多芯粒大模型推理加速卡,company-info_with_url.xlsx,Product
PROD_29BB776CA349,Product,算力模组,算力模组,company-info_with_url.xlsx,Product
PROD_FDD8CCD7E290,Product,芯片与晶圆,芯片与晶圆,company-info_with_url.xlsx,Product
CAP_F2CADE52A7D4,Capability,多模态AI处理器设计技术,多模态ai处理器设计技术,company-info_with_url.xlsx,Capability
CAP_13D0B493460F,Capability,Chiplet算力融合技术,chiplet算力融合技术,company-info_with_url.xlsx,Capability
CAP_3CFCDF9BB973,Capability,AI Chiplet,ai chiplet,company-info_with_url.xlsx,Capability
IND_C7E60A63E7A9,Industry,算力基础设施。,算力基础设施。,company-info_with_url.xlsx,Industry
SCN_50C59C818C97,Scenario,为云边端提供大模型算力支持。,为云边端提供大模型算力支持。,company-info_with_url.xlsx,Scenario
SUP_4D83A498579D,Supplier,AI芯片代工厂（台积电,ai芯片代工厂（台积电,company-info_with_url.xlsx,Supplier
DEM_76FA069EFB33,DemandTag,资金（已完成种子轮,资金（已完成种子轮,company-info_with_url.xlsx,DemandTag
DEM_4820DE241735,DemandTag,天使轮融资,天使轮融资,company-info_with_url.xlsx,DemandTag
DEM_E5B9F98AD587,DemandTag,投资方包括一维创投,投资方包括一维创投,company-info_with_url.xlsx,DemandTag
DEM_610D17F730E6,DemandTag,中关村创投,中关村创投,company-info_with_url.xlsx,DemandTag
DEM_79C4B1ADB160,DemandTag,中科创星,中科创星,company-info_with_url.xlsx,DemandTag
DEM_4E2D8E925CFF,DemandTag,华峰集团,华峰集团,company-info_with_url.xlsx,DemandTag
DEM_8E2C72EB09BF,DemandTag,清科创投,清科创投,company-info_with_url.xlsx,DemandTag
DEM_0D3DFF4D7B64,DemandTag,英诺天使基金等）。,英诺天使基金等）。,company-info_with_url.xlsx,DemandTag
PROD_895343F2F6B9,Product,创新化学偶联细胞技术,创新化学偶联细胞技术,company-info_with_url.xlsx,Product
PROD_526C73A15013,Product,偶联技术平台,偶联技术平台,company-info_with_url.xlsx,Product
PROD_A22D89CA2220,Product,细胞培养平台和创新靶点开发平台,细胞培养平台和创新靶点开发平台,company-info_with_url.xlsx,Product
PROD_89B0769A5BFA,Product,实现多肽,实现多肽,company-info_with_url.xlsx,Product
PROD_713560BD88F3,Product,抗体,抗体,company-info_with_url.xlsx,Product
PROD_034F6DCE7493,Product,细胞之间的高效,细胞之间的高效,company-info_with_url.xlsx,Product
PROD_C372E9E44485,Product,安全,安全,company-info_with_url.xlsx,Product
PROD_105C1C533EBE,Product,工艺友好的偶联,工艺友好的偶联,company-info_with_url.xlsx,Product
CAP_D6C61B80B5C6,Capability,创新化学偶联细胞技术,创新化学偶联细胞技术,company-info_with_url.xlsx,Capability
CAP_01BFB941E176,Capability,偶联技术平台,偶联技术平台,company-info_with_url.xlsx,Capability
IND_2F9BB36721EE,Industry,医药制造,医药制造,company-info_with_url.xlsx,Industry
IND_963DDFB01586,Industry,专注于生物医药领域。,专注于生物医药领域。,company-info_with_url.xlsx,Industry
SCN_398F5C1086FC,Scenario,肿瘤,肿瘤,company-info_with_url.xlsx,Scenario
SCN_3826ADCE05C7,Scenario,免疫系统疾病的治疗。,免疫系统疾病的治疗。,company-info_with_url.xlsx,Scenario
SUP_3C37C7575455,Supplier,生物试剂供应商,生物试剂供应商,company-info_with_url.xlsx,Supplier
SUP_299DA1CD0BD5,Supplier,实验动物供应商,实验动物供应商,company-info_with_url.xlsx,Supplier
SUP_669FF40F4533,Supplier,医疗器械原材料供应商,医疗器械原材料供应商,company-info_with_url.xlsx,Supplier
DEM_CFA73964D8F5,DemandTag,融资（已完成A轮及A+轮融资）,融资（已完成a轮及a+轮融资）,company-info_with_url.xlsx,DemandTag
DEM_D5684FC1D322,DemandTag,以及搭建技术平台和推进管线研发所需的人才与产业资源。,以及搭建技术平台和推进管线研发所需的人才与产业资源。,company-info_with_url.xlsx,DemandTag
PROD_E8AA6721049F,Product,类脑智能软硬件一体化解决方案,类脑智能软硬件一体化解决方案,company-info_with_url.xlsx,Product
PROD_3088F1CE6DD7,Product,1. 高能效感知+计算,1. 高能效感知+计算,company-info_with_url.xlsx,Product
PROD_6B38B7DA1DD2,Product,芯片+软件完整边缘端视觉解决方案,芯片+软件完整边缘端视觉解决方案,company-info_with_url.xlsx,Product
PROD_72D636A9BCFC,Product,3. 类脑感知相机（融合CIS和DVS优势）,3. 类脑感知相机（融合cis和dvs优势）,company-info_with_url.xlsx,Product
PROD_EBD42693D00E,Product,4. 类脑计算专用处理器（动态视觉专用处理器）,4. 类脑计算专用处理器（动态视觉专用处理器）,company-info_with_url.xlsx,Product
CAP_79E116490FA8,Capability,2. 脑感存算一体动态视觉智能SoC,2. 脑感存算一体动态视觉智能soc,company-info_with_url.xlsx,Capability
IND_28D8052C7606,Industry,工业等边缘端场景。,工业等边缘端场景。,company-info_with_url.xlsx,Industry
SCN_ACC4A9A5F1B6,Scenario,自动驾驶等算力要求较大的场景,自动驾驶等算力要求较大的场景,company-info_with_url.xlsx,Scenario
SCN_54D5596747AC,Scenario,安防,安防,company-info_with_url.xlsx,Scenario
SCN_918517DA5444,Scenario,家居,家居,company-info_with_url.xlsx,Scenario
SCN_FA06E4BAC21C,Scenario,工业等边缘端场景。,工业等边缘端场景。,company-info_with_url.xlsx,Scenario
SUP_BCD4CF271707,Supplier,类脑芯片代工厂,类脑芯片代工厂,company-info_with_url.xlsx,Supplier
SUP_87260C53BB29,Supplier,神经元传感器供应商,神经元传感器供应商,company-info_with_url.xlsx,Supplier
DEM_EEF09B861636,DemandTag,资金用于研发和市场拓展（根据2024年B轮融资信息推断）。,资金用于研发和市场拓展（根据2024年b轮融资信息推断）。,company-info_with_url.xlsx,DemandTag
PROD_2826E87F8EDD,Product,口腔医疗影像智能设备,口腔医疗影像智能设备,company-info_with_url.xlsx,Product
PROD_ACA4E1F93CE9,Product,手术方案分析工具及高值牙耗椅旁数字化智造系统,手术方案分析工具及高值牙耗椅旁数字化智造系统,company-info_with_url.xlsx,Product
CAP_F8EAE76B1403,Capability,口腔精准智慧诊疗云平台,口腔精准智慧诊疗云平台,company-info_with_url.xlsx,Capability
CAP_987F2806A890,Capability,口腔数字化美学影像采集,口腔数字化美学影像采集,company-info_with_url.xlsx,Capability
CAP_B3037EBB1CD6,Capability,设计及加工领域的SaaS服务,设计及加工领域的saas服务,company-info_with_url.xlsx,Capability
CAP_F51D97465008,Capability,智能硬件+SaaS应用+影像数据智能分析工具构成的产业智能物联网平台,智能硬件+saas应用+影像数据智能分析工具构成的产业智能物联网平台,company-info_with_url.xlsx,Capability
IND_847762B5B463,Industry,口腔医疗行业。,口腔医疗行业。,company-info_with_url.xlsx,Industry
SCN_368B20C1BD5B,Scenario,门诊患者病例影像采集,门诊患者病例影像采集,company-info_with_url.xlsx,Scenario
SCN_538A3EC4FE94,Scenario,手术方案分析设计,手术方案分析设计,company-info_with_url.xlsx,Scenario
SCN_C47BBE357025,Scenario,义齿订单云及3D打印供应链领域。,义齿订单云及3d打印供应链领域。,company-info_with_url.xlsx,Scenario
SUP_0350215FA74B,Supplier,医疗影像设备核心元器件供应商,医疗影像设备核心元器件供应商,company-info_with_url.xlsx,Supplier
SUP_13B4B5481FA3,Supplier,X射线探测器供应商,x射线探测器供应商,company-info_with_url.xlsx,Supplier
PROD_68C6A430F689,Product,无线射频芯片,无线射频芯片,company-info_with_url.xlsx,Product
CAP_4C7750734B0C,Capability,高性能无线射频技术及相关芯片产品,高性能无线射频技术及相关芯片产品,company-info_with_url.xlsx,Capability
CAP_74937F91C0E9,Capability,专注于无线射频芯片研发,专注于无线射频芯片研发,company-info_with_url.xlsx,Capability
IND_16D89DBD20BF,Industry,无人驾驶相关传感器行业,无人驾驶相关传感器行业,company-info_with_url.xlsx,Industry
IND_E775937262A5,Industry,车载毫米波雷达,车载毫米波雷达,company-info_with_url.xlsx,Industry
IND_7C0C7714B4A9,Industry,5G移动通信,5g移动通信,company-info_with_url.xlsx,Industry
SCN_0B2C9C36EF2D,Scenario,毫米波防撞雷达,毫米波防撞雷达,company-info_with_url.xlsx,Scenario
SCN_09A2FDF88566,Scenario,5G移动通信,5g移动通信,company-info_with_url.xlsx,Scenario
SUP_E47CE0AFEDD5,Supplier,毫米波芯片代工厂,毫米波芯片代工厂,company-info_with_url.xlsx,Supplier
DEM_34A5AA163EA0,DemandTag,融资（本轮共融资1000万,融资（本轮共融资1000万,company-info_with_url.xlsx,DemandTag
DEM_A54CD67D8930,DemandTag,出让股权10%）,出让股权10%）,company-info_with_url.xlsx,DemandTag
PROD_15056AA6F0A6,Product,毫米波雷达（汽车电子产品）,毫米波雷达（汽车电子产品）,company-info_with_url.xlsx,Product
CAP_2F9EDCB841E2,Capability,毫米波雷达技术研究及产品应用,毫米波雷达技术研究及产品应用,company-info_with_url.xlsx,Capability
CAP_012488A32C4E,Capability,汽车电子产品及其配件,汽车电子产品及其配件,company-info_with_url.xlsx,Capability
CAP_A97A6D69967D,Capability,传感器的研发,传感器的研发,company-info_with_url.xlsx,Capability
CAP_35FA11D2B7CF,Capability,制造与销售,制造与销售,company-info_with_url.xlsx,Capability
CAP_0D37F578D918,Capability,软件产品研发,软件产品研发,company-info_with_url.xlsx,Capability
SCN_9CB3634A2DDC,Scenario,汽车电子产品及配件,汽车电子产品及配件,company-info_with_url.xlsx,Scenario
SCN_EA4A64242400,Scenario,传感器的研发制造与销售,传感器的研发制造与销售,company-info_with_url.xlsx,Scenario
SUP_194384E1578C,Supplier,毫米波雷达芯片原材料供应商,毫米波雷达芯片原材料供应商,company-info_with_url.xlsx,Supplier
SUP_BF03B9BEADED,Supplier,射频测试设备供应商,射频测试设备供应商,company-info_with_url.xlsx,Supplier
PROD_CEE790B97C68,Product,聚焦大数据与人工智能在电力交易与能源生产消费环节的深度耦合应用。核心产品电力市场智慧服务平台,聚焦大数据与人工智能在电力交易与能源生产消费环节的深度耦合应用。核心产品电力市场智慧服务平台,company-info_with_url.xlsx,Product
PROD_CBDB1947E7E0,Product,零售电交易平台,零售电交易平台,company-info_with_url.xlsx,Product
PROD_F5B592329438,Product,现货及合约交易平台,现货及合约交易平台,company-info_with_url.xlsx,Product
PROD_0F231C7522AC,Product,电力市场仿真平台,电力市场仿真平台,company-info_with_url.xlsx,Product
PROD_E5C1DA22A85B,Product,虚拟电厂运营平台,虚拟电厂运营平台,company-info_with_url.xlsx,Product
PROD_F914B295A99C,Product,综合能源服务平台,综合能源服务平台,company-info_with_url.xlsx,Product
PROD_48C82F9C58EF,Product,发电生产协同系统,发电生产协同系统,company-info_with_url.xlsx,Product
PROD_CD9CEF777EE6,Product,发电运营优化系统,发电运营优化系统,company-info_with_url.xlsx,Product
PROD_38BD6EF07BBA,Product,发电诊断分析系统,发电诊断分析系统,company-info_with_url.xlsx,Product
CAP_9ABE5C03FCC2,Capability,大数据与人工智能在电力交易中的应用,大数据与人工智能在电力交易中的应用,company-info_with_url.xlsx,Capability
IND_8E06A5B00882,Industry,电力行业,电力行业,company-info_with_url.xlsx,Industry
IND_D8F31AAE1FE7,Industry,能源行业。具体服务于发电集团（火电,能源行业。具体服务于发电集团（火电,company-info_with_url.xlsx,Industry
IND_98C997B9077B,Industry,风电）,风电）,company-info_with_url.xlsx,Industry
IND_4328A242ACF7,Industry,售电公司,售电公司,company-info_with_url.xlsx,Industry
IND_DA2D4C202D12,Industry,用电企业,用电企业,company-info_with_url.xlsx,Industry
IND_84720F9F4CCE,Industry,产业园区等。,产业园区等。,company-info_with_url.xlsx,Industry
SCN_0E831B1A2AF8,Scenario,1. 电力市场交易（现货,1. 电力市场交易（现货,company-info_with_url.xlsx,Scenario
SCN_537EE4FA530A,Scenario,合约,合约,company-info_with_url.xlsx,Scenario
SCN_7E8F8186A4C0,Scenario,零售交易）,零售交易）,company-info_with_url.xlsx,Scenario
SCN_BF73C360ABC5,Scenario,2. 发电生产优化与协同,2. 发电生产优化与协同,company-info_with_url.xlsx,Scenario
SCN_1ADDEF5115E9,Scenario,3. 虚拟电厂运营,3. 虚拟电厂运营,company-info_with_url.xlsx,Scenario
SCN_F596DA337E33,Scenario,4. 综合能源服务,4. 综合能源服务,company-info_with_url.xlsx,Scenario
SCN_DAA9E00A2C6F,Scenario,5. 新能源电场交易优化调度,5. 新能源电场交易优化调度,company-info_with_url.xlsx,Scenario
SCN_58B4D8F2F072,Scenario,6. 发电厂移动端辅助决策,6. 发电厂移动端辅助决策,company-info_with_url.xlsx,Scenario
SCN_88E4433D61DD,Scenario,7. 智慧安监,7. 智慧安监,company-info_with_url.xlsx,Scenario
SCN_A7E6EAFC1A5C,Scenario,8. 综合业务管理。,8. 综合业务管理。,company-info_with_url.xlsx,Scenario
SUP_F7C23EEB397C,Supplier,电力系统软件供应商,电力系统软件供应商,company-info_with_url.xlsx,Supplier
SUP_1830CB5030E6,Supplier,云平台供应商,云平台供应商,company-info_with_url.xlsx,Supplier
DEM_C48C0E23EB4A,DemandTag,基于其作为“上市后备企业”及持续获得股权融资的情况,基于其作为“上市后备企业”及持续获得股权融资的情况,company-info_with_url.xlsx,DemandTag
DEM_73A9DE245200,DemandTag,推测可能需要资本市场资源,推测可能需要资本市场资源,company-info_with_url.xlsx,DemandTag
DEM_5C90ACCB27FB,DemandTag,市场扩张资源及高端技术人才。,市场扩张资源及高端技术人才。,company-info_with_url.xlsx,DemandTag
PROD_971A38D553C8,Product,以薄膜技术为核心的新能源汽车热管理平台级技术及解决方案,以薄膜技术为核心的新能源汽车热管理平台级技术及解决方案,company-info_with_url.xlsx,Product
PROD_3E0C1FDB1677,Product,国内唯一的车用薄膜加热产品,国内唯一的车用薄膜加热产品,company-info_with_url.xlsx,Product
PROD_3C9B6D8700E6,Product,集成热管理系统,集成热管理系统,company-info_with_url.xlsx,Product
CAP_F9A2D3FD943E,Capability,薄膜技术,薄膜技术,company-info_with_url.xlsx,Capability
CAP_B2F15200DA3F,Capability,新能源汽车热管理系统,新能源汽车热管理系统,company-info_with_url.xlsx,Capability
IND_FA106992A59F,Industry,新能源汽车（乘用车,新能源汽车（乘用车,company-info_with_url.xlsx,Industry
IND_C0905FDED7ED,Industry,商用车）,商用车）,company-info_with_url.xlsx,Industry
IND_94A844B1BB0C,Industry,工程机械,工程机械,company-info_with_url.xlsx,Industry
IND_684C84F52966,Industry,大型储能电站,大型储能电站,company-info_with_url.xlsx,Industry
IND_07991CB2EC9B,Industry,中小型民用储能设备,中小型民用储能设备,company-info_with_url.xlsx,Industry
IND_444DA05BC0E5,Industry,消费电子。,消费电子。,company-info_with_url.xlsx,Industry
SCN_AD985D920D74,Scenario,新能源汽车电池热管理,新能源汽车电池热管理,company-info_with_url.xlsx,Scenario
SCN_36928B8DEDD9,Scenario,座舱加热,座舱加热,company-info_with_url.xlsx,Scenario
SCN_DF4AE8578042,Scenario,氢燃料电池热管理,氢燃料电池热管理,company-info_with_url.xlsx,Scenario
SCN_A8E9E5FF1E6F,Scenario,储能设备热管理,储能设备热管理,company-info_with_url.xlsx,Scenario
SCN_80DD0B2A31E7,Scenario,航空航天及消费电子热管理。,航空航天及消费电子热管理。,company-info_with_url.xlsx,Scenario
SUP_1E545AE5CD3B,Supplier,换热器核心材料供应商,换热器核心材料供应商,company-info_with_url.xlsx,Supplier
SUP_764F672A14AD,Supplier,特种金属管材供应商,特种金属管材供应商,company-info_with_url.xlsx,Supplier
SUP_FF37736F2E2C,Supplier,焊接设备供应商,焊接设备供应商,company-info_with_url.xlsx,Supplier
DEM_6576440CA747,DemandTag,暂无（公司已完成B+轮融资,暂无（公司已完成b+轮融资,company-info_with_url.xlsx,DemandTag
DEM_1F72F689C5AF,DemandTag,获国新,获国新,company-info_with_url.xlsx,DemandTag
DEM_E21A33421F5F,DemandTag,中金等机构数亿元投资,中金等机构数亿元投资,company-info_with_url.xlsx,DemandTag
DEM_9B6748EEE64A,DemandTag,资金和产业资源已较充足）。,资金和产业资源已较充足）。,company-info_with_url.xlsx,DemandTag
PROD_8C3FB6F78B53,Product,生物医学知识AI平台TWIRLS,生物医学知识ai平台twirls,company-info_with_url.xlsx,Product
CAP_E611889D055C,Capability,1. 大规模生物医学知识AI平台（TWIRLS）：构建生物医学知识超脑,1. 大规模生物医学知识ai平台（twirls）：构建生物医学知识超脑,company-info_with_url.xlsx,Capability
CAP_3E8A77F6AC66,Capability,处理文献,处理文献,company-info_with_url.xlsx,Capability
CAP_2AD5699462F5,Capability,迁移知识,迁移知识,company-info_with_url.xlsx,Capability
CAP_745D5903E85E,Capability,为药物发现新MOA和新适应症,为药物发现新moa和新适应症,company-info_with_url.xlsx,Capability
CAP_2E28C7B42779,Capability,为疾病发现新机制和新药物。2. 基因组霰弹枪损伤评估算法细胞功能定量评估AI平台（DAGG）：利用个体基因组变异信息,为疾病发现新机制和新药物。2. 基因组霰弹枪损伤评估算法细胞功能定量评估ai平台（dagg）：利用个体基因组变异信息,company-info_with_url.xlsx,Capability
CAP_576E1EE31415,Capability,描绘个体化细胞功能与信号通路定量图谱(APSP),描绘个体化细胞功能与信号通路定量图谱(apsp),company-info_with_url.xlsx,Capability
CAP_5151498806B9,Capability,关联基因型与表型,关联基因型与表型,company-info_with_url.xlsx,Capability
CAP_2EE90659F063,Capability,支持新适应症,支持新适应症,company-info_with_url.xlsx,Capability
CAP_770D9B668451,Capability,优势人群筛选与疗效预测。3. 泛癌种功能数字化病人库MOA虚拟平台（DPverse）：实现泛癌种患者遗传和肿瘤基因组信息的信号通路活性图谱化,优势人群筛选与疗效预测。3. 泛癌种功能数字化病人库moa虚拟平台（dpverse）：实现泛癌种患者遗传和肿瘤基因组信息的信号通路活性图谱化,company-info_with_url.xlsx,Capability
CAP_00FAD607C9D3,Capability,用于虚拟临床试验,用于虚拟临床试验,company-info_with_url.xlsx,Capability
CAP_E2D7F8053021,Capability,测试药物MOA模型,测试药物moa模型,company-info_with_url.xlsx,Capability
CAP_517B80513C2B,Capability,预判适应症和患者画像,预判适应症和患者画像,company-info_with_url.xlsx,Capability
IND_C5ABDF2FAC05,Industry,医药研发,医药研发,company-info_with_url.xlsx,Industry
IND_FD5808EC64E5,Industry,生物技术,生物技术,company-info_with_url.xlsx,Industry
IND_BE7B4704B07D,Industry,临床研究。,临床研究。,company-info_with_url.xlsx,Industry
SCN_A3500D331430,Scenario,1. 系统性递呈肿瘤新靶点。2. 精准评估药物优势适应症。3. 精准预测药物响应患者。4. 为药物找出新MOA和新适应症。5. 为疾病找出新发病机制和新有效药物。6. 虚拟临床试验,1. 系统性递呈肿瘤新靶点。2. 精准评估药物优势适应症。3. 精准预测药物响应患者。4. 为药物找出新moa和新适应症。5. 为疾病找出新发病机制和新有效药物。6. 虚拟临床试验,company-info_with_url.xlsx,Scenario
SCN_9BD142242419,Scenario,预判药物适应症和患者画像。,预判药物适应症和患者画像。,company-info_with_url.xlsx,Scenario
SUP_E0B21015183F,Supplier,基因测序数据分析服务器供应商,基因测序数据分析服务器供应商,company-info_with_url.xlsx,Supplier
SUP_1A87EFC233A8,Supplier,医学影像GPU供应商,医学影像gpu供应商,company-info_with_url.xlsx,Supplier
SUP_E183539B6B73,Supplier,临床数据服务商,临床数据服务商,company-info_with_url.xlsx,Supplier
DEM_C552DE24BBAD,DemandTag,暂无（PDF原文及网络搜索结果中未明确提及）。,暂无（pdf原文及网络搜索结果中未明确提及）。,company-info_with_url.xlsx,DemandTag
PROD_6D040E2098F6,Product,dCore数智创新平台,dcore数智创新平台,company-info_with_url.xlsx,Product
PROD_78A2EA77D15F,Product,dLIMS实验室管理系统,dlims实验室管理系统,company-info_with_url.xlsx,Product
PROD_F2E286B5A3B4,Product,dMES智能制造执行系统,dmes智能制造执行系统,company-info_with_url.xlsx,Product
CAP_9A9E3F744F79,Capability,电池全生命周期一站式平台级BDA解决方案,电池全生命周期一站式平台级bda解决方案,company-info_with_url.xlsx,Capability
CAP_F36B765FF10C,Capability,核心产品为一站式数智创新平台dCore,核心产品为一站式数智创新平台dcore,company-info_with_url.xlsx,Capability
CAP_AB7DB8D35727,Capability,以及实验室管理系统dLIMS,以及实验室管理系统dlims,company-info_with_url.xlsx,Capability
CAP_EABE81CEF1C2,Capability,智能制造执行系统dMES,智能制造执行系统dmes,company-info_with_url.xlsx,Capability
CAP_9C5A88799E37,Capability,产品成本管理系统dCost等工业软件。基于电池大数据分析,产品成本管理系统dcost等工业软件。基于电池大数据分析,company-info_with_url.xlsx,Capability
CAP_0D592ED15291,Capability,多尺度仿真等核心技术能力,多尺度仿真等核心技术能力,company-info_with_url.xlsx,Capability
IND_6CDCD2E6AC66,Industry,具体为动力电池研发,具体为动力电池研发,company-info_with_url.xlsx,Industry
IND_99A8C2C65175,Industry,设计,设计,company-info_with_url.xlsx,Industry
IND_194949ACFA8E,Industry,服役回收等全产业链上下游企业。,服役回收等全产业链上下游企业。,company-info_with_url.xlsx,Industry
SCN_8AD9F5FCF216,Scenario,动力电池研发设计,动力电池研发设计,company-info_with_url.xlsx,Scenario
SCN_75C504B6ACB1,Scenario,实验测试,实验测试,company-info_with_url.xlsx,Scenario
SCN_0D33FD80027F,Scenario,工艺制造,工艺制造,company-info_with_url.xlsx,Scenario
SCN_E05496D1ABB2,Scenario,服役回收的全生命周期数字化管理,服役回收的全生命周期数字化管理,company-info_with_url.xlsx,Scenario
SCN_32989457F17C,Scenario,数字实验室,数字实验室,company-info_with_url.xlsx,Scenario
SCN_397A48DF39F6,Scenario,智慧工厂解决方案。,智慧工厂解决方案。,company-info_with_url.xlsx,Scenario
SUP_256F2BFAAE25,Supplier,新能源电池测试设备供应商,新能源电池测试设备供应商,company-info_with_url.xlsx,Supplier
SUP_964D23DC89EF,Supplier,数据采集卡供应商,数据采集卡供应商,company-info_with_url.xlsx,Supplier
DEM_74EEE8F4EFE4,DemandTag,根据其Pre-A轮融资用途推断,根据其pre-a轮融资用途推断,company-info_with_url.xlsx,DemandTag
DEM_E9BE8329A984,DemandTag,当前最需要资金用于核心技术快速升级,当前最需要资金用于核心技术快速升级,company-info_with_url.xlsx,DemandTag
DEM_7B8E15323703,DemandTag,平台研发,平台研发,company-info_with_url.xlsx,DemandTag
DEM_B4E8AFF54CAA,DemandTag,软硬件一体化,软硬件一体化,company-info_with_url.xlsx,DemandTag
DEM_559682521C3F,DemandTag,电池行业数据与AI分析模型,电池行业数据与ai分析模型,company-info_with_url.xlsx,DemandTag
DEM_09C7C6164DF7,DemandTag,电池材料计算等技术突破。,电池材料计算等技术突破。,company-info_with_url.xlsx,DemandTag
PROD_F0CB7499873D,Product,工业机器人AI视觉产品,工业机器人ai视觉产品,company-info_with_url.xlsx,Product
PROD_DC786960ABED,Product,复杂机器视觉检测系统,复杂机器视觉检测系统,company-info_with_url.xlsx,Product
CAP_60DFEC709F00,Capability,大规模深度学习,大规模深度学习,company-info_with_url.xlsx,Capability
CAP_08910E003EEF,Capability,高精度机器视觉,高精度机器视觉,company-info_with_url.xlsx,Capability
CAP_CCDF4CA2EFEB,Capability,微纳精密机构与光学技术,微纳精密机构与光学技术,company-info_with_url.xlsx,Capability
CAP_EE6831DB0E72,Capability,研发复杂机器视觉产品系统及工业机器人AI产品,研发复杂机器视觉产品系统及工业机器人ai产品,company-info_with_url.xlsx,Capability
CAP_8A87C4B36343,Capability,为工业机器提供“视觉洞察力”和“任务执行力”。主要产品包括：聚芯系列半导体缺陷检测量测设备,为工业机器提供“视觉洞察力”和“任务执行力”。主要产品包括：聚芯系列半导体缺陷检测量测设备,company-info_with_url.xlsx,Capability
CAP_343C0CEE40DB,Capability,半导体制程质量分析与良率管理系统,半导体制程质量分析与良率管理系统,company-info_with_url.xlsx,Capability
CAP_FD889B93634A,Capability,半导体光伏行业AI解决方案,半导体光伏行业ai解决方案,company-info_with_url.xlsx,Capability
CAP_4BA10F33AA67,Capability,机器人视觉AI控制与重型机器智能系统等,机器人视觉ai控制与重型机器智能系统等,company-info_with_url.xlsx,Capability
CAP_B6844077F9FA,Capability,聚焦于工业AI与精密检测仪器设备领域,聚焦于工业ai与精密检测仪器设备领域,company-info_with_url.xlsx,Capability
IND_ABD954704AA3,Industry,半导体（前道制造,半导体（前道制造,company-info_with_url.xlsx,Industry
IND_C1028B2F41B8,Industry,后道封测）,后道封测）,company-info_with_url.xlsx,Industry
IND_5B5A4301BF97,Industry,复杂工业控制,复杂工业控制,company-info_with_url.xlsx,Industry
IND_E54189C711A5,Industry,光伏行业,光伏行业,company-info_with_url.xlsx,Industry
IND_E0E902D603A7,Industry,集成电路等高端制造,集成电路等高端制造,company-info_with_url.xlsx,Industry
IND_38AEFD4E8DC5,Industry,工业制造业。,工业制造业。,company-info_with_url.xlsx,Industry
SCN_46F4C7BA566F,Scenario,聚时科技（上海）有限公司为集成电路,聚时科技（上海）有限公司为集成电路,company-info_with_url.xlsx,Scenario
SCN_E32A2358AAFC,Scenario,光伏等高端制造领域提供系列化的智能机器硬件设备产品与AI解决方案,光伏等高端制造领域提供系列化的智能机器硬件设备产品与ai解决方案,company-info_with_url.xlsx,Scenario
SCN_2A4D5FD9F348,Scenario,具体应用场景包括：芯片复杂检测,具体应用场景包括：芯片复杂检测,company-info_with_url.xlsx,Scenario
SCN_64237A06EDD1,Scenario,半导体晶圆缺陷检测与量测,半导体晶圆缺陷检测与量测,company-info_with_url.xlsx,Scenario
SCN_F9C4778728E7,Scenario,半导体制程质量分析与良率管理,半导体制程质量分析与良率管理,company-info_with_url.xlsx,Scenario
SCN_A3DAD7B4538C,Scenario,光伏行业AI检测,光伏行业ai检测,company-info_with_url.xlsx,Scenario
SCN_9B62D9E46E42,Scenario,机器人视觉控制,机器人视觉控制,company-info_with_url.xlsx,Scenario
SCN_8883D6CC1D3A,Scenario,重型机器智能系统,重型机器智能系统,company-info_with_url.xlsx,Scenario
SCN_792982D9B94E,Scenario,以及拆装集装箱等工业场景。,以及拆装集装箱等工业场景。,company-info_with_url.xlsx,Scenario
SUP_D4A4E968ACE2,Supplier,AI芯片供应商（寒武纪,ai芯片供应商（寒武纪,company-info_with_url.xlsx,Supplier
SUP_4486B629163E,Supplier,华为昇腾）,华为昇腾）,company-info_with_url.xlsx,Supplier
SUP_DC5907E77D94,Supplier,深度学习软件供应商,深度学习软件供应商,company-info_with_url.xlsx,Supplier
DEM_E1B67FB3DE40,DemandTag,资金用于持续完善产品矩阵,资金用于持续完善产品矩阵,company-info_with_url.xlsx,DemandTag
DEM_A35AA50B87CC,DemandTag,人才引进,人才引进,company-info_with_url.xlsx,DemandTag
DEM_AB78CC9906A6,DemandTag,业务扩张,业务扩张,company-info_with_url.xlsx,DemandTag
DEM_530070B845ED,DemandTag,强化产品大规模交付能力及完善供应链体系。,强化产品大规模交付能力及完善供应链体系。,company-info_with_url.xlsx,DemandTag
PROD_17D6B4348CAB,Product,循环流化床煤气化(CGAS)装备,循环流化床煤气化(cgas)装备,company-info_with_url.xlsx,Product
PROD_F4826E7D8AC1,Product,EPC工程建设服务,epc工程建设服务,company-info_with_url.xlsx,Product
CAP_67952C33FD67,Capability,循环流化床煤气化技术（CGAS）研发与应用,循环流化床煤气化技术（cgas）研发与应用,company-info_with_url.xlsx,Capability
CAP_1BEB179C500D,Capability,装备制造,装备制造,company-info_with_url.xlsx,Capability
CAP_C64E8D546680,Capability,EPC工程建设及全生命周期跟踪服务。基于CGAS技术打造出气化,epc工程建设及全生命周期跟踪服务。基于cgas技术打造出气化,company-info_with_url.xlsx,Capability
CAP_4DF296E1160C,Capability,环保,环保,company-info_with_url.xlsx,Capability
CAP_4E857E5966C5,Capability,工程设计三条业务线,工程设计三条业务线,company-info_with_url.xlsx,Capability
IND_B868470ACA8C,Industry,煤气化（煤制气）,煤气化（煤制气）,company-info_with_url.xlsx,Industry
IND_3BA0C852FDF5,Industry,环保（飞灰处理,环保（飞灰处理,company-info_with_url.xlsx,Industry
IND_73AF7605FBF6,Industry,污泥处理,污泥处理,company-info_with_url.xlsx,Industry
IND_AE6C590C9D35,Industry,危废处理）,危废处理）,company-info_with_url.xlsx,Industry
SCN_4A6BE2672C19,Scenario,煤制气,煤制气,company-info_with_url.xlsx,Scenario
SCN_2E46C7FFB6FD,Scenario,环保领域的飞灰处理,环保领域的飞灰处理,company-info_with_url.xlsx,Scenario
SCN_DC7AF05FE927,Scenario,污泥焚烧,污泥焚烧,company-info_with_url.xlsx,Scenario
SCN_3BF72D976D8C,Scenario,危废处理,危废处理,company-info_with_url.xlsx,Scenario
SUP_4F7B0E710B21,Supplier,煤气化炉核心材料供应商,煤气化炉核心材料供应商,company-info_with_url.xlsx,Supplier
SUP_F767ECE0E802,Supplier,耐火材料供应商,耐火材料供应商,company-info_with_url.xlsx,Supplier
SUP_AF819F870F16,Supplier,气化剂供应,气化剂供应,company-info_with_url.xlsx,Supplier
DEM_B2A8D63B4FA3,DemandTag,本次融资用途：1. 研发投入,本次融资用途：1. 研发投入,company-info_with_url.xlsx,DemandTag
DEM_1832E34F3D11,DemandTag,2. 市场开拓,2. 市场开拓,company-info_with_url.xlsx,DemandTag
DEM_439F6F4EB166,DemandTag,3. 补充流动资金。,3. 补充流动资金。,company-info_with_url.xlsx,DemandTag
PROD_A48A32178379,Product,电池金属及稀贵金属资源材料循环利用的全套解决方案,电池金属及稀贵金属资源材料循环利用的全套解决方案,company-info_with_url.xlsx,Product
PROD_BBDF87F8BDF3,Product,新型分离体系,新型分离体系,company-info_with_url.xlsx,Product
PROD_81CE1AC5D0B9,Product,智能化装备制造,智能化装备制造,company-info_with_url.xlsx,Product
PROD_0A598EC6A2CE,Product,极短湿法解决方案,极短湿法解决方案,company-info_with_url.xlsx,Product
PROD_814F22C19F58,Product,可将报废动力电池逆向制造,可将报废动力电池逆向制造,company-info_with_url.xlsx,Product
PROD_38A9BDFEF8A6,Product,直接回收制备为电池级材料,直接回收制备为电池级材料,company-info_with_url.xlsx,Product
PROD_51FAEE6A5EEA,Product,实现电池材料的短程闭环,实现电池材料的短程闭环,company-info_with_url.xlsx,Product
CAP_9AB9744D3033,Capability,电池金属及稀贵金属循环利用全套解决方案,电池金属及稀贵金属循环利用全套解决方案,company-info_with_url.xlsx,Capability
IND_29A9808D6363,Industry,新能源（动力电池回收）,新能源（动力电池回收）,company-info_with_url.xlsx,Industry
IND_BC8FF812E29C,Industry,资源循环利用。,资源循环利用。,company-info_with_url.xlsx,Industry
SCN_9F3BC933190E,Scenario,退役动力电池回收再生,退役动力电池回收再生,company-info_with_url.xlsx,Scenario
SCN_950929354300,Scenario,将电池中90%以上的金属再生为电池级产品,将电池中90%以上的金属再生为电池级产品,company-info_with_url.xlsx,Scenario
SCN_9355E94BB49E,Scenario,氢燃料电池,氢燃料电池,company-info_with_url.xlsx,Scenario
SCN_D7B2AF7AB650,Scenario,固态电池的回收工艺,固态电池的回收工艺,company-info_with_url.xlsx,Scenario
SCN_AE25D4420CAF,Scenario,红土镍矿等资源提取。,红土镍矿等资源提取。,company-info_with_url.xlsx,Scenario
SUP_950F58F78E7E,Supplier,湿法冶金设备供应商,湿法冶金设备供应商,company-info_with_url.xlsx,Supplier
SUP_0E6778416370,Supplier,化学萃取剂供应商,化学萃取剂供应商,company-info_with_url.xlsx,Supplier
SUP_72A2D93B4EE9,Supplier,镍钴锂原材料供应商（华友钴业,镍钴锂原材料供应商（华友钴业,company-info_with_url.xlsx,Supplier
SUP_2B31399861D9,Supplier,宁德时代）,宁德时代）,company-info_with_url.xlsx,Supplier
SUP_3B2A18ECA5A2,Supplier,环保处理设备供应商,环保处理设备供应商,company-info_with_url.xlsx,Supplier
DEM_B1601E647B29,DemandTag,资金（近期完成B轮融资）,资金（近期完成b轮融资）,company-info_with_url.xlsx,DemandTag
PROD_E720FF63DD75,Product,首创国产IPT（Information Pipe Technology）技术,首创国产ipt（information pipe technology）技术,company-info_with_url.xlsx,Product
PROD_98B49E17D165,Product,即智慧能源系统底层智能物联网分布式测控技术。主要产品“虚拟电厂软硬件系统”,即智慧能源系统底层智能物联网分布式测控技术。主要产品“虚拟电厂软硬件系统”,company-info_with_url.xlsx,Product
PROD_75FC7CB452CE,Product,“智慧园区软硬件系统”,“智慧园区软硬件系统”,company-info_with_url.xlsx,Product
PROD_97B46E66F697,Product,“风电波动制氢控制系统”,“风电波动制氢控制系统”,company-info_with_url.xlsx,Product
PROD_7A784BE2B551,Product,“电解槽小室电压精准检测设备”等,“电解槽小室电压精准检测设备”等,company-info_with_url.xlsx,Product
CAP_BE40F0668BF4,Capability,IPT智慧能源系统底层物联网分布式测控技术,ipt智慧能源系统底层物联网分布式测控技术,company-info_with_url.xlsx,Capability
IND_AA3A641E741B,Industry,人工智能基础软件领域,人工智能基础软件领域,company-info_with_url.xlsx,Industry
IND_736EC67F8AA0,Industry,支撑大模型行业发展。,支撑大模型行业发展。,company-info_with_url.xlsx,Industry
SCN_476ECA76BEA6,Scenario,降低大模型在各领域落地部署的门槛,降低大模型在各领域落地部署的门槛,company-info_with_url.xlsx,Scenario
SCN_6BD3530E0D1D,Scenario,为客户提供算力充沛,为客户提供算力充沛,company-info_with_url.xlsx,Scenario
SCN_4C788E786945,Scenario,功能完备,功能完备,company-info_with_url.xlsx,Scenario
SCN_918DD1EDC9D1,Scenario,性能极智的人工智能基础软件解决方案。,性能极智的人工智能基础软件解决方案。,company-info_with_url.xlsx,Scenario
SUP_FEB338630301,Supplier,AI模型训练服务器供应商,ai模型训练服务器供应商,company-info_with_url.xlsx,Supplier
SUP_B415B24785C6,Supplier,GPU芯片供应商,gpu芯片供应商,company-info_with_url.xlsx,Supplier
SUP_4778A481A1D0,Supplier,云计算服务供应商,云计算服务供应商,company-info_with_url.xlsx,Supplier
PROD_1D5EE606CF63,Product,具备单一系列卫星百颗以上批产经验,具备单一系列卫星百颗以上批产经验,company-info_with_url.xlsx,Product
CAP_C7DA75D13767,Capability,遥感卫星研制,遥感卫星研制,company-info_with_url.xlsx,Capability
CAP_FC3B6651ACCE,Capability,高清光学载荷研制,高清光学载荷研制,company-info_with_url.xlsx,Capability
CAP_A6CF3B955C97,Capability,卫星遥感信息服务,卫星遥感信息服务,company-info_with_url.xlsx,Capability
CAP_651F98385CD2,Capability,通信卫星平台研制,通信卫星平台研制,company-info_with_url.xlsx,Capability
CAP_337739F1148B,Capability,自主建设并运营管理全球最大的亚米级商业遥感卫星星座“吉林一号”,自主建设并运营管理全球最大的亚米级商业遥感卫星星座“吉林一号”,company-info_with_url.xlsx,Capability
CAP_317A783D819A,Capability,依托星座数据训练自有遥感AI大模型,依托星座数据训练自有遥感ai大模型,company-info_with_url.xlsx,Capability
IND_6731DCC544B6,Industry,遥感卫星数据及应用服务,遥感卫星数据及应用服务,company-info_with_url.xlsx,Industry
IND_48410594920E,Industry,通信卫星平台,通信卫星平台,company-info_with_url.xlsx,Industry
SCN_2A2937C11162,Scenario,提供高时间分辨率,提供高时间分辨率,company-info_with_url.xlsx,Scenario
SCN_557690A4DC55,Scenario,高空间分辨率,高空间分辨率,company-info_with_url.xlsx,Scenario
SCN_BE0C46E5F24F,Scenario,高光谱分辨率,高光谱分辨率,company-info_with_url.xlsx,Scenario
SCN_30BD9A8E1A2F,Scenario,快速广域覆盖的卫星遥感数据以及以卫星遥感数据为基础的空间信息综合应用服务,快速广域覆盖的卫星遥感数据以及以卫星遥感数据为基础的空间信息综合应用服务,company-info_with_url.xlsx,Scenario
CUS_2F798F6A761C,Customer,科研院所,科研院所,company-info_with_url.xlsx,Customer
CUS_DA791817E2A0,Customer,制造企业。网络信息未补充。,制造企业。网络信息未补充。,company-info_with_url.xlsx,Customer
SUP_919CA01437FC,Supplier,卫星光学镜头供应商,卫星光学镜头供应商,company-info_with_url.xlsx,Supplier
SUP_EC730FC864E5,Supplier,CMOS传感器供应商（长光辰芯）,cmos传感器供应商（长光辰芯）,company-info_with_url.xlsx,Supplier
SUP_EB2BEEB727FB,Supplier,卫星平台结构件供应商,卫星平台结构件供应商,company-info_with_url.xlsx,Supplier
SUP_C14A13F4AC39,Supplier,火箭发射服务商,火箭发射服务商,company-info_with_url.xlsx,Supplier
DEM_4F358F389188,DemandTag,融资（Pre-IPO轮融资,融资（pre-ipo轮融资,company-info_with_url.xlsx,DemandTag
DEM_796F10D86B95,DemandTag,投前估值110亿元,投前估值110亿元,company-info_with_url.xlsx,DemandTag
DEM_3C51BD39C1F9,DemandTag,融资总金额10-20亿,融资总金额10-20亿,company-info_with_url.xlsx,DemandTag
DEM_0265B6114AF8,DemandTag,股东向上穿透不能有任何外资成分）,股东向上穿透不能有任何外资成分）,company-info_with_url.xlsx,DemandTag
PROD_0A73F0207C73,Product,遥感数据产品（光学+SAR融合遥感）,遥感数据产品（光学+sar融合遥感）,company-info_with_url.xlsx,Product
CAP_33BDF9C06319,Capability,以海量遥感卫星数据分析为核心技术,以海量遥感卫星数据分析为核心技术,company-info_with_url.xlsx,Capability
CAP_AA56832B776A,Capability,具备遥感影像0-7级的处理能力,具备遥感影像0-7级的处理能力,company-info_with_url.xlsx,Capability
CAP_BE1590E9BE1A,Capability,擅长根据场景落地不同的遥感数据产品。行业内首家推出光学+SAR融合遥感数据产品的公司。自主研发并成功发射SAR,擅长根据场景落地不同的遥感数据产品。行业内首家推出光学+sar融合遥感数据产品的公司。自主研发并成功发射sar,company-info_with_url.xlsx,Capability
CAP_E804F9FDA18A,Capability,光学,光学,company-info_with_url.xlsx,Capability
CAP_A313DCF61C2C,Capability,红外卫星,红外卫星,company-info_with_url.xlsx,Capability
CAP_9AEAE533619B,Capability,具备同轨多手段遥感卫星星座,具备同轨多手段遥感卫星星座,company-info_with_url.xlsx,Capability
IND_3F9F7B31C516,Industry,基础设施建设,基础设施建设,company-info_with_url.xlsx,Industry
IND_A8DDE31615B7,Industry,保险,保险,company-info_with_url.xlsx,Industry
IND_AD362CE57761,Industry,交通路网,交通路网,company-info_with_url.xlsx,Industry
IND_65E0EB515D0E,Industry,农业,农业,company-info_with_url.xlsx,Industry
IND_84BE0AA6181F,Industry,城市监测（如建筑工程,城市监测（如建筑工程,company-info_with_url.xlsx,Industry
IND_BD325A2D9B4A,Industry,路网工程,路网工程,company-info_with_url.xlsx,Industry
IND_6EA1915AA3C7,Industry,城市夜光,城市夜光,company-info_with_url.xlsx,Industry
IND_A89DA842EDA1,Industry,钢铁产量,钢铁产量,company-info_with_url.xlsx,Industry
IND_762AEEE2AA3E,Industry,大豆产量监测）等传统行业。,大豆产量监测）等传统行业。,company-info_with_url.xlsx,Industry
SCN_57374B2336DF,Scenario,1. 对重点地区的建筑工程,1. 对重点地区的建筑工程,company-info_with_url.xlsx,Scenario
SCN_89A55B9D4E1C,Scenario,路网工程,路网工程,company-info_with_url.xlsx,Scenario
SCN_DC9D1C00BE29,Scenario,城市夜光,城市夜光,company-info_with_url.xlsx,Scenario
SCN_2DBA250EB676,Scenario,钢铁产量,钢铁产量,company-info_with_url.xlsx,Scenario
SCN_BE60153F40FD,Scenario,大豆产量等进行定期监测和分类量化统计。2. 为金融机构判断各地区经济及产业发展变化提供前瞻性参考依据。3. 基础设施环境监测,大豆产量等进行定期监测和分类量化统计。2. 为金融机构判断各地区经济及产业发展变化提供前瞻性参考依据。3. 基础设施环境监测,company-info_with_url.xlsx,Scenario
SCN_9F78A2ABC5CD,Scenario,农业险数据支持,农业险数据支持,company-info_with_url.xlsx,Scenario
SCN_39011F964565,Scenario,工程运营安全监测。,工程运营安全监测。,company-info_with_url.xlsx,Scenario
SUP_BEFB24EF4812,Supplier,遥感卫星数据供应商（长光卫星,遥感卫星数据供应商（长光卫星,company-info_with_url.xlsx,Supplier
SUP_630521C35AA6,Supplier,资源卫星中心）,资源卫星中心）,company-info_with_url.xlsx,Supplier
SUP_953A09E22504,Supplier,高性能计算GPU供应商,高性能计算gpu供应商,company-info_with_url.xlsx,Supplier
SUP_862A73058B05,Supplier,地理信息平台供应商,地理信息平台供应商,company-info_with_url.xlsx,Supplier
DEM_21A284354766,DemandTag,根据其“已获A轮”及业务扩展描述,根据其“已获a轮”及业务扩展描述,company-info_with_url.xlsx,DemandTag
DEM_4E535EE912D7,DemandTag,可能最需要资金资源（用于后续卫星组网,可能最需要资金资源（用于后续卫星组网,company-info_with_url.xlsx,DemandTag
DEM_92117CD2E2F9,DemandTag,技术研发,技术研发,company-info_with_url.xlsx,DemandTag
DEM_5D09C7FFADC2,DemandTag,市场拓展）以及优质的行业客户资源（特别是金融,市场拓展）以及优质的行业客户资源（特别是金融,company-info_with_url.xlsx,DemandTag
DEM_07DD260587F1,DemandTag,政府,政府,company-info_with_url.xlsx,DemandTag
DEM_EFE40AF9CA0D,DemandTag,大型企业等）。,大型企业等）。,company-info_with_url.xlsx,DemandTag
PROD_DB97E15EDBEA,Product,千帆星座低轨卫星通信服务,千帆星座低轨卫星通信服务,company-info_with_url.xlsx,Product
CAP_25F223E17274,Capability,运营“千帆星座”低轨卫星星座,运营“千帆星座”低轨卫星星座,company-info_with_url.xlsx,Capability
CAP_D2ED8ED01097,Capability,使用Ku,使用ku,company-info_with_url.xlsx,Capability
CAP_9D976C67BCF7,Capability,Q,q,company-info_with_url.xlsx,Capability
CAP_C8F3FC1DB51C,Capability,V等频段载荷,v等频段载荷,company-info_with_url.xlsx,Capability
CAP_794A104EB86D,Capability,提供卫星通信系统,提供卫星通信系统,company-info_with_url.xlsx,Capability
CAP_27E040FAF169,Capability,卫星地面系统科技,卫星地面系统科技,company-info_with_url.xlsx,Capability
CAP_C261187748E7,Capability,光电科技,光电科技,company-info_with_url.xlsx,Capability
CAP_41E77CE89066,Capability,机电科技,机电科技,company-info_with_url.xlsx,Capability
CAP_524C05E72D30,Capability,物联网技术,物联网技术,company-info_with_url.xlsx,Capability
CAP_12194B07C80A,Capability,宽带无线移动通信系统领域内的技术开发与服务,宽带无线移动通信系统领域内的技术开发与服务,company-info_with_url.xlsx,Capability
CAP_6ADBE7BFC2B1,Capability,卫星导航多模增强应用服务系统集成,卫星导航多模增强应用服务系统集成,company-info_with_url.xlsx,Capability
CAP_E8420E2EA50D,Capability,地理遥感信息服务,地理遥感信息服务,company-info_with_url.xlsx,Capability
CAP_E598BABF678C,Capability,卫星技术综合应用系统集成,卫星技术综合应用系统集成,company-info_with_url.xlsx,Capability
CAP_89D75E58E372,Capability,测绘服务,测绘服务,company-info_with_url.xlsx,Capability
CAP_50F605C3008F,Capability,卫星遥感应用系统集成,卫星遥感应用系统集成,company-info_with_url.xlsx,Capability
CAP_014B1022DD4B,Capability,卫星遥感数据处理,卫星遥感数据处理,company-info_with_url.xlsx,Capability
IND_658BF5EF56F5,Industry,卫星互联网,卫星互联网,company-info_with_url.xlsx,Industry
IND_6F34A27E6B26,Industry,地理遥感,地理遥感,company-info_with_url.xlsx,Industry
IND_5797459DB72B,Industry,测绘,测绘,company-info_with_url.xlsx,Industry
IND_EA073AAA3B25,Industry,宽带无线移动通信。,宽带无线移动通信。,company-info_with_url.xlsx,Industry
SCN_2B352928AA12,Scenario,为全球用户提供低延时,为全球用户提供低延时,company-info_with_url.xlsx,Scenario
SCN_59D150F4E694,Scenario,高速率及高可靠性的卫星（宽带）互联网服务,高速率及高可靠性的卫星（宽带）互联网服务,company-info_with_url.xlsx,Scenario
SCN_65276E2D56F4,Scenario,提供卫星通信,提供卫星通信,company-info_with_url.xlsx,Scenario
SCN_92A60E8F8268,Scenario,导航,导航,company-info_with_url.xlsx,Scenario
SCN_309B095BAF99,Scenario,遥感等综合应用解决方案。,遥感等综合应用解决方案。,company-info_with_url.xlsx,Scenario
SUP_DBB1FB1640D0,Supplier,商业火箭发射服务商,商业火箭发射服务商,company-info_with_url.xlsx,Supplier
SUP_19EDBA63F5B4,Supplier,卫星制造供应商,卫星制造供应商,company-info_with_url.xlsx,Supplier
SUP_A7281691C375,Supplier,地面站设备供应商,地面站设备供应商,company-info_with_url.xlsx,Supplier
DEM_821C67B0DB9E,DemandTag,资金（用于星座大规模建设与部署）,资金（用于星座大规模建设与部署）,company-info_with_url.xlsx,DemandTag
DEM_087776F66710,DemandTag,频谱及轨道资源,频谱及轨道资源,company-info_with_url.xlsx,DemandTag
DEM_4AFAAA4D0049,DemandTag,商业合作伙伴及客户。,商业合作伙伴及客户。,company-info_with_url.xlsx,DemandTag
PROD_CE0265E8586F,Product,专注于碘工质射频离子和全碘霍尔电推进系统,专注于碘工质射频离子和全碘霍尔电推进系统,company-info_with_url.xlsx,Product
PROD_5443B9CA50FC,Product,国内唯一完成新型固态碘微推进器原理样机研制的团队,国内唯一完成新型固态碘微推进器原理样机研制的团队,company-info_with_url.xlsx,Product
CAP_B4C8B6E1BC01,Capability,微小卫星姿态控制电推进器,微小卫星姿态控制电推进器,company-info_with_url.xlsx,Capability
CAP_7D25BB9E8CA2,Capability,自主研发多项卫星推进技术,自主研发多项卫星推进技术,company-info_with_url.xlsx,Capability
CAP_108EB8797C29,Capability,高难度可变频射频电源技术,高难度可变频射频电源技术,company-info_with_url.xlsx,Capability
CAP_128FA3379612,Capability,空心阴极技术,空心阴极技术,company-info_with_url.xlsx,Capability
CAP_6C9591976F8E,Capability,射频离子推进技术,射频离子推进技术,company-info_with_url.xlsx,Capability
IND_443354BBB138,Industry,航天航空,航天航空,company-info_with_url.xlsx,Industry
IND_F9D3B0A91F18,Industry,微小卫星制造与运营。,微小卫星制造与运营。,company-info_with_url.xlsx,Industry
SCN_B687693170D0,Scenario,微小卫星的姿态控制,微小卫星的姿态控制,company-info_with_url.xlsx,Scenario
SCN_27B851FC8A24,Scenario,轨道维持与调整等推进任务。,轨道维持与调整等推进任务。,company-info_with_url.xlsx,Scenario
SUP_F033F1953BBD,Supplier,卫星推进系统核心零部件供应商,卫星推进系统核心零部件供应商,company-info_with_url.xlsx,Supplier
SUP_F799C4B5E0AF,Supplier,推进剂原材料供应商,推进剂原材料供应商,company-info_with_url.xlsx,Supplier
SUP_A6F69ADBD428,Supplier,真空阀门供应商,真空阀门供应商,company-info_with_url.xlsx,Supplier
DEM_CD6B8E3917D5,DemandTag,暂无（公开信息未明确提及）。,暂无（公开信息未明确提及）。,company-info_with_url.xlsx,DemandTag
PROD_86B00201EB93,Product,高精度光学镜片,高精度光学镜片,company-info_with_url.xlsx,Product
PROD_21522AF9EBF0,Product,光学系统（全流程设计产品）,光学系统（全流程设计产品）,company-info_with_url.xlsx,Product
CAP_FB558D3645AE,Capability,高精度光学系统与镜片制造,高精度光学系统与镜片制造,company-info_with_url.xlsx,Capability
CAP_B782D8133FDA,Capability,高精度车削技术,高精度车削技术,company-info_with_url.xlsx,Capability
CAP_BDA44EFC90BB,Capability,高精度自由曲面加工和检测,高精度自由曲面加工和检测,company-info_with_url.xlsx,Capability
CAP_4CD59330E323,Capability,高损伤阈值紫外镀膜技术,高损伤阈值紫外镀膜技术,company-info_with_url.xlsx,Capability
CAP_93D730C0DC2A,Capability,光学系统全流程设计能力,光学系统全流程设计能力,company-info_with_url.xlsx,Capability
CAP_D9BE671AF407,Capability,球面,球面,company-info_with_url.xlsx,Capability
CAP_69952EDE673D,Capability,非球面,非球面,company-info_with_url.xlsx,Capability
CAP_5C0F675A57B7,Capability,自由面,自由面,company-info_with_url.xlsx,Capability
CAP_12D2BD2AAD35,Capability,平面棱镜及复杂光学结构元件制造,平面棱镜及复杂光学结构元件制造,company-info_with_url.xlsx,Capability
IND_1055D9BCB8C8,Industry,高精度检测。,高精度检测。,company-info_with_url.xlsx,Industry
SCN_0C9B290DE54D,Scenario,光刻机光学系统（曝光系统,光刻机光学系统（曝光系统,company-info_with_url.xlsx,Scenario
SCN_60D4F6E65DD1,Scenario,照明系统）,照明系统）,company-info_with_url.xlsx,Scenario
SCN_EEF738E75C31,Scenario,卫星激光通讯（高精度离轴非球面）,卫星激光通讯（高精度离轴非球面）,company-info_with_url.xlsx,Scenario
SCN_748151273794,Scenario,高精度检测系统,高精度检测系统,company-info_with_url.xlsx,Scenario
SCN_86FCD61F2196,Scenario,成像系统,成像系统,company-info_with_url.xlsx,Scenario
SCN_0866F50C6B11,Scenario,激光照明系统,激光照明系统,company-info_with_url.xlsx,Scenario
SCN_22F4F6D1036F,Scenario,显微物镜系统。,显微物镜系统。,company-info_with_url.xlsx,Scenario
SUP_66E707B8F78B,Supplier,光学显微镜镜头供应商,光学显微镜镜头供应商,company-info_with_url.xlsx,Supplier
SUP_BECB0E484AC5,Supplier,精密光学元件供应商,精密光学元件供应商,company-info_with_url.xlsx,Supplier
DEM_FDE5F7C79B77,DemandTag,高端人才（光学设计,高端人才（光学设计,company-info_with_url.xlsx,DemandTag
DEM_78738AAF0CA0,DemandTag,精密制造）,精密制造）,company-info_with_url.xlsx,DemandTag
DEM_852A4BAF15DE,DemandTag,稳定且高端的原材料,稳定且高端的原材料,company-info_with_url.xlsx,DemandTag
DEM_ED1F69D50E65,DemandTag,设备供应链,设备供应链,company-info_with_url.xlsx,DemandTag
DEM_653B192DB8AC,DemandTag,市场订单（尤其在半导体光刻等尖端领域）,市场订单（尤其在半导体光刻等尖端领域）,company-info_with_url.xlsx,DemandTag
DEM_49A0B03E7700,DemandTag,应对国际技术封锁的自主技术突破与知识产权布局。,应对国际技术封锁的自主技术突破与知识产权布局。,company-info_with_url.xlsx,DemandTag
PROD_8ECACDD86C49,Product,低成本卫星整星与部组件,低成本卫星整星与部组件,company-info_with_url.xlsx,Product
PROD_744FA8C53241,Product,卫星ODM服务,卫星odm服务,company-info_with_url.xlsx,Product
CAP_3E1064D6C066,Capability,低成本高可靠高性能的卫星产品,低成本高可靠高性能的卫星产品,company-info_with_url.xlsx,Capability
CAP_07E07CDB9494,Capability,创新卫星互联网解决方案,创新卫星互联网解决方案,company-info_with_url.xlsx,Capability
CAP_06A3B86B4757,Capability,卫星整星与部组件的设计,卫星整星与部组件的设计,company-info_with_url.xlsx,Capability
CAP_CFB7FD1D8AEE,Capability,研发,研发,company-info_with_url.xlsx,Capability
CAP_CED124D13B6A,Capability,组装及生产,组装及生产,company-info_with_url.xlsx,Capability
CAP_9576ADE257C2,Capability,卫星全流程解决方案,卫星全流程解决方案,company-info_with_url.xlsx,Capability
CAP_F16CF1B4DF14,Capability,卫星ODM服务,卫星odm服务,company-info_with_url.xlsx,Capability
CAP_AE3C8A394152,Capability,数字化设计和仿真工具,数字化设计和仿真工具,company-info_with_url.xlsx,Capability
IND_27C5D1C08AED,Industry,卫星遥感,卫星遥感,company-info_with_url.xlsx,Industry
IND_951C0BB8C322,Industry,卫星导航,卫星导航,company-info_with_url.xlsx,Industry
SCN_B6187A5584DD,Scenario,星座布局与覆盖性分析,星座布局与覆盖性分析,company-info_with_url.xlsx,Scenario
SCN_9EAC99186C81,Scenario,卫星总体及分系统设计,卫星总体及分系统设计,company-info_with_url.xlsx,Scenario
SCN_AD7E71B3317B,Scenario,卫星全流程批量制造,卫星全流程批量制造,company-info_with_url.xlsx,Scenario
SCN_F1EB1D08331B,Scenario,通信,通信,company-info_with_url.xlsx,Scenario
SCN_92845A9D2E9C,Scenario,遥感,遥感,company-info_with_url.xlsx,Scenario
SCN_63EF719593D9,Scenario,导航等不同应用需求的卫星设计与制造。,导航等不同应用需求的卫星设计与制造。,company-info_with_url.xlsx,Scenario
SUP_B16A265F28C2,Supplier,卫星结构件供应商,卫星结构件供应商,company-info_with_url.xlsx,Supplier
SUP_0ECE930004D5,Supplier,复合材料供应商,复合材料供应商,company-info_with_url.xlsx,Supplier
SUP_6202E02D7AB5,Supplier,卫星装配设备供应商,卫星装配设备供应商,company-info_with_url.xlsx,Supplier
DEM_BA734F9911EA,DemandTag,资金（根据网络信息,资金（根据网络信息,company-info_with_url.xlsx,DemandTag
DEM_EBB53D094DA4,DemandTag,近期完成了A轮及A+轮融资,近期完成了a轮及a+轮融资,company-info_with_url.xlsx,DemandTag
DEM_0C61CBAEC426,DemandTag,总额超10亿元）。,总额超10亿元）。,company-info_with_url.xlsx,DemandTag
PROD_E72445B8ED32,Product,成像光谱芯片（下一代CMOS图像传感器）,成像光谱芯片（下一代cmos图像传感器）,company-info_with_url.xlsx,Product
PROD_0E3B518270DF,Product,采用自研的“调制,采用自研的“调制,company-info_with_url.xlsx,Product
PROD_CAEDB41D8F76,Product,解调”技术体系及计算重建型光谱CIS（“调制+解调”）,解调”技术体系及计算重建型光谱cis（“调制+解调”）,company-info_with_url.xlsx,Product
PROD_6CAE69CD3F1E,Product,用材料+芯片工艺+算法替代传统分光器件,用材料+芯片工艺+算法替代传统分光器件,company-info_with_url.xlsx,Product
PROD_58A0CC86ABE2,Product,在CMOS芯片上同时实现成像和光谱功能。产品矩阵芯片,在cmos芯片上同时实现成像和光谱功能。产品矩阵芯片,company-info_with_url.xlsx,Product
PROD_2C00904273A9,Product,光谱相机（多光谱,光谱相机（多光谱,company-info_with_url.xlsx,Product
PROD_5F1243FBC4AC,Product,高光谱）。光谱范围：现有技术300-1000nm,高光谱）。光谱范围：现有技术300-1000nm,company-info_with_url.xlsx,Product
PROD_B26FD1F5D1F1,Product,新技术2800-1700nm,新技术2800-1700nm,company-info_with_url.xlsx,Product
CAP_536709466B7D,Capability,成像光谱芯片技术（计算重建型光谱CIS）,成像光谱芯片技术（计算重建型光谱cis）,company-info_with_url.xlsx,Capability
IND_F6AC2425F0FE,Industry,消费电子（智能手机）,消费电子（智能手机）,company-info_with_url.xlsx,Industry
IND_242DAC8D61B5,Industry,AIOT（智能家居,aiot（智能家居,company-info_with_url.xlsx,Industry
IND_37925C7700F8,Industry,智能门锁,智能门锁,company-info_with_url.xlsx,Industry
IND_3DBABD916B96,Industry,智能投影仪,智能投影仪,company-info_with_url.xlsx,Industry
IND_62EF1607862F,Industry,扫地机,扫地机,company-info_with_url.xlsx,Industry
IND_128840A94A02,Industry,擦窗机,擦窗机,company-info_with_url.xlsx,Industry
IND_CE781233F89A,Industry,冰箱等）,冰箱等）,company-info_with_url.xlsx,Industry
IND_77529F8BE43E,Industry,医疗设备,医疗设备,company-info_with_url.xlsx,Industry
IND_E53E70F3EA93,Industry,农业（无人机）,农业（无人机）,company-info_with_url.xlsx,Industry
IND_1DFF1BD188E6,Industry,工业（PCB检测）,工业（pcb检测）,company-info_with_url.xlsx,Industry
IND_A19A68A530BD,Industry,汽车电子。,汽车电子。,company-info_with_url.xlsx,Industry
SCN_765496DDEDAC,Scenario,手机辅摄（更准确的颜色,手机辅摄（更准确的颜色,company-info_with_url.xlsx,Scenario
SCN_ECF706600352,Scenario,真假人脸检测）,真假人脸检测）,company-info_with_url.xlsx,Scenario
SCN_0395067DD8A9,Scenario,扫地机（地面污渍识别检测,扫地机（地面污渍识别检测,company-info_with_url.xlsx,Scenario
SCN_F17830E45C0E,Scenario,地板材质识别）,地板材质识别）,company-info_with_url.xlsx,Scenario
SCN_5F495EAEB92A,Scenario,智能家居（食物成熟度检测等）,智能家居（食物成熟度检测等）,company-info_with_url.xlsx,Scenario
SCN_0198AC989CC3,Scenario,农业监测,农业监测,company-info_with_url.xlsx,Scenario
SCN_17DFD624D4A3,Scenario,工业检测。,工业检测。,company-info_with_url.xlsx,Scenario
SUP_080E11210C95,Supplier,光谱仪核心元器件供应商,光谱仪核心元器件供应商,company-info_with_url.xlsx,Supplier
SUP_4B5820D953FF,Supplier,光谱数据分析软件供应商,光谱数据分析软件供应商,company-info_with_url.xlsx,Supplier
PROD_D553E9F11959,Product,硅碳复合负极材料,硅碳复合负极材料,company-info_with_url.xlsx,Product
PROD_4E7939E59228,Product,氧化铁负极材料,氧化铁负极材料,company-info_with_url.xlsx,Product
CAP_13BF68349587,Capability,硅碳负极材料,硅碳负极材料,company-info_with_url.xlsx,Capability
CAP_B77329580752,Capability,氧化铁负极材料,氧化铁负极材料,company-info_with_url.xlsx,Capability
CAP_6AD2E69DA8AF,Capability,能酸埋负极材料及相应电芯,能酸埋负极材料及相应电芯,company-info_with_url.xlsx,Capability
CAP_9AA32DFFBA80,Capability,独创兼具高比容量和循环稳定性的硅碳复合负极材料及制备方法,独创兼具高比容量和循环稳定性的硅碳复合负极材料及制备方法,company-info_with_url.xlsx,Capability
CAP_B0C21A76F233,Capability,产品“富硅”负极,产品“富硅”负极,company-info_with_url.xlsx,Capability
CAP_14F80151F4F5,Capability,硅碳负极,硅碳负极,company-info_with_url.xlsx,Capability
CAP_9A7AE98064ED,Capability,硅氧负极和纳米硅粉,硅氧负极和纳米硅粉,company-info_with_url.xlsx,Capability
IND_452A5A587E1C,Industry,动力电池行业,动力电池行业,company-info_with_url.xlsx,Industry
IND_8C4F63613E73,Industry,储能电池行业。,储能电池行业。,company-info_with_url.xlsx,Industry
SCN_E382318CC2CF,Scenario,动力电池负极材料,动力电池负极材料,company-info_with_url.xlsx,Scenario
SCN_5603BC8225E6,Scenario,储能电池。,储能电池。,company-info_with_url.xlsx,Scenario
SUP_5F93086DC198,Supplier,固态锂电池核心材料供应商,固态锂电池核心材料供应商,company-info_with_url.xlsx,Supplier
SUP_945ABB4B3AC6,Supplier,固态电解质供应商,固态电解质供应商,company-info_with_url.xlsx,Supplier
SUP_7903967B0585,Supplier,锂资源供应商,锂资源供应商,company-info_with_url.xlsx,Supplier
DEM_AE30B53FF3AC,DemandTag,基于Pre-A轮融资阶段及业务描述,基于pre-a轮融资阶段及业务描述,company-info_with_url.xlsx,DemandTag
DEM_3650AB639BD9,DemandTag,可能需要的资源包括：扩大生产和市场推广的资金,可能需要的资源包括：扩大生产和市场推广的资金,company-info_with_url.xlsx,DemandTag
DEM_8692F322C557,DemandTag,大规模订单以验证和提升量产稳定性。,大规模订单以验证和提升量产稳定性。,company-info_with_url.xlsx,DemandTag
PROD_19FDD0D4CEAD,Product,专注于光纤激光,专注于光纤激光,company-info_with_url.xlsx,Product
PROD_E2A1FC25E523,Product,光纤传感等特种应用领域的光电器件及模块。核心产品保偏光纤,光纤传感等特种应用领域的光电器件及模块。核心产品保偏光纤,company-info_with_url.xlsx,Product
PROD_709ED7595770,Product,SESAM,sesam,company-info_with_url.xlsx,Product
PROD_CFA67852C31F,Product,PM隔离器,pm隔离器,company-info_with_url.xlsx,Product
PROD_77106F66B451,Product,准直器,准直器,company-info_with_url.xlsx,Product
PROD_C8CEE03F48BF,Product,波分复用器,波分复用器,company-info_with_url.xlsx,Product
PROD_24AC2C868926,Product,窄线宽激光器DFB,窄线宽激光器dfb,company-info_with_url.xlsx,Product
PROD_6186A4B0E2D6,Product,APD前置放大器模块,apd前置放大器模块,company-info_with_url.xlsx,Product
PROD_3D9130D4A8A5,Product,声光调制器,声光调制器,company-info_with_url.xlsx,Product
PROD_5E68160CD7DF,Product,射频驱动器,射频驱动器,company-info_with_url.xlsx,Product
PROD_0E9270084241,Product,光纤环,光纤环,company-info_with_url.xlsx,Product
PROD_E5C7816B9907,Product,空间器件,空间器件,company-info_with_url.xlsx,Product
PROD_ED74C2D618F9,Product,微光学器件,微光学器件,company-info_with_url.xlsx,Product
PROD_6932DD7ECC07,Product,拉锥器件,拉锥器件,company-info_with_url.xlsx,Product
PROD_7F786A20F2D2,Product,蝶形器件,蝶形器件,company-info_with_url.xlsx,Product
PROD_70206E28AA31,Product,TO器件,to器件,company-info_with_url.xlsx,Product
PROD_36C93A71D164,Product,激光器件和传感器,激光器件和传感器,company-info_with_url.xlsx,Product
PROD_34B414529342,Product,激光器整机,激光器整机,company-info_with_url.xlsx,Product
PROD_DB3911435896,Product,激光器模块,激光器模块,company-info_with_url.xlsx,Product
PROD_5CF8EBC75096,Product,光模块,光模块,company-info_with_url.xlsx,Product
PROD_B55B02BA24C1,Product,光电模块等。致力于“传感应用”,光电模块等。致力于“传感应用”,company-info_with_url.xlsx,Product
PROD_B7FEEA042237,Product,“激光应用”,“激光应用”,company-info_with_url.xlsx,Product
PROD_A985C8FD482C,Product,“卫星应用”及“十四五国家重点项⽬”领域的特种器件和模块的一站式供应,“卫星应用”及“十四五国家重点项⽬”领域的特种器件和模块的一站式供应,company-info_with_url.xlsx,Product
CAP_038E9DED7A3D,Capability,光纤激光与光纤传感特种光电器件技术,光纤激光与光纤传感特种光电器件技术,company-info_with_url.xlsx,Capability
IND_CFA92B6EE48C,Industry,海底探测,海底探测,company-info_with_url.xlsx,Industry
IND_58F1DFF9C272,Industry,油气资源勘探,油气资源勘探,company-info_with_url.xlsx,Industry
IND_D12F48E834F2,Industry,工业激光。,工业激光。,company-info_with_url.xlsx,Industry
SCN_DBA990DC0367,Scenario,国防装备,国防装备,company-info_with_url.xlsx,Scenario
SCN_29709BC5C6E1,Scenario,航空航天设备,航空航天设备,company-info_with_url.xlsx,Scenario
SCN_BFC13B11285E,Scenario,海底探测设备,海底探测设备,company-info_with_url.xlsx,Scenario
SCN_5E611229B82D,Scenario,高端装备制造,高端装备制造,company-info_with_url.xlsx,Scenario
SCN_D8A938A6E77C,Scenario,油气资源勘探设备,油气资源勘探设备,company-info_with_url.xlsx,Scenario
SCN_1DE1D7A1FC41,Scenario,激光测距,激光测距,company-info_with_url.xlsx,Scenario
SCN_F2F883B0EAF0,Scenario,测风,测风,company-info_with_url.xlsx,Scenario
SCN_065AE68E07C9,Scenario,测速系统,测速系统,company-info_with_url.xlsx,Scenario
SCN_C7B998DA9F68,Scenario,超快光纤激光系统。,超快光纤激光系统。,company-info_with_url.xlsx,Scenario
SUP_670A289E4D11,Supplier,光纤激光器核心器件供应商,光纤激光器核心器件供应商,company-info_with_url.xlsx,Supplier
SUP_D30F8DFEF50D,Supplier,光纤放大器供应商,光纤放大器供应商,company-info_with_url.xlsx,Supplier
SUP_C3D4F3716D84,Supplier,光学隔离器供应商,光学隔离器供应商,company-info_with_url.xlsx,Supplier
DEM_C7A3FF91FD83,DemandTag,基于其高成长性及千亿级市场空间的描述,基于其高成长性及千亿级市场空间的描述,company-info_with_url.xlsx,DemandTag
DEM_7465DEA85427,DemandTag,规模化生产资金及产业链上下游战略合作资源,规模化生产资金及产业链上下游战略合作资源,company-info_with_url.xlsx,DemandTag
DEM_5F6968A48425,DemandTag,以加速企业腾飞。,以加速企业腾飞。,company-info_with_url.xlsx,DemandTag
PROD_5AEB5C52DCC5,Product,数字信号处理器（DSP）芯片及解决方案,数字信号处理器（dsp）芯片及解决方案,company-info_with_url.xlsx,Product
PROD_99699982264E,Product,采用自主创新架构,采用自主创新架构,company-info_with_url.xlsx,Product
CAP_F40FA6C4C9BC,Capability,数字信号处理器(DSP)芯片自主创新架构,数字信号处理器(dsp)芯片自主创新架构,company-info_with_url.xlsx,Capability
SCN_05FB205CBAC9,Scenario,面向工业控制,面向工业控制,company-info_with_url.xlsx,Scenario
SCN_73C0127906BE,Scenario,新能源,新能源,company-info_with_url.xlsx,Scenario
SCN_6959014D323D,Scenario,电动汽车,电动汽车,company-info_with_url.xlsx,Scenario
SCN_7B378B69659F,Scenario,轨道交通等领域的高性能数字信号处理,轨道交通等领域的高性能数字信号处理,company-info_with_url.xlsx,Scenario
SUP_E196BF107166,Supplier,MEMS传感器芯片代工厂,mems传感器芯片代工厂,company-info_with_url.xlsx,Supplier
SUP_D5888110F754,Supplier,传感器封装材料供应商,传感器封装材料供应商,company-info_with_url.xlsx,Supplier
PROD_320DDA530E94,Product,晶圆级微铸造金属微结构器件（MEMS-Casting™）,晶圆级微铸造金属微结构器件（mems-casting™）,company-info_with_url.xlsx,Product
CAP_7D3BBE33519D,Capability,晶圆级微铸造成型技术（MEMS-Casting™）,晶圆级微铸造成型技术（mems-casting™）,company-info_with_url.xlsx,Capability
CAP_9E4BE57D6C13,Capability,以硅片作为模具的压铸成型技术,以硅片作为模具的压铸成型技术,company-info_with_url.xlsx,Capability
CAP_18B9E8DDAC47,Capability,用于制造几十到几百微米尺度的复杂金属结构,用于制造几十到几百微米尺度的复杂金属结构,company-info_with_url.xlsx,Capability
IND_DCDEE33C2D80,Industry,半导体先进封装,半导体先进封装,company-info_with_url.xlsx,Industry
IND_B37C52BCC9C2,Industry,MEMS（微机电系统）器件,mems（微机电系统）器件,company-info_with_url.xlsx,Industry
IND_72CCC166AC83,Industry,射频组件。,射频组件。,company-info_with_url.xlsx,Industry
SCN_DDB4D6388D66,Scenario,半导体封装中的金属互连与结构制造,半导体封装中的金属互连与结构制造,company-info_with_url.xlsx,Scenario
SCN_72FEADABF930,Scenario,MEMS线圈（如用于磁通门传感器）,mems线圈（如用于磁通门传感器）,company-info_with_url.xlsx,Scenario
SCN_A7C243BD29F4,Scenario,MEMS器件,mems器件,company-info_with_url.xlsx,Scenario
SCN_6F308D673C84,Scenario,射频组件,射频组件,company-info_with_url.xlsx,Scenario
SCN_0504646A9FA6,Scenario,微电机应用（如超薄散热风扇）。,微电机应用（如超薄散热风扇）。,company-info_with_url.xlsx,Scenario
CUS_D0F7AC970622,Customer,应用于12万余家口腔医院门诊,应用于12万余家口腔医院门诊,company-info_with_url.xlsx,Customer
CUS_2FF1598A1EB1,Customer,100余万把诊室牙椅及400余家义齿,100余万把诊室牙椅及400余家义齿,company-info_with_url.xlsx,Customer
SUP_917CB62B9F3A,Supplier,MEMS芯片代工厂,mems芯片代工厂,company-info_with_url.xlsx,Supplier
DEM_72A8092FE383,DemandTag,资金（用于中试线建设和规模化量产）,资金（用于中试线建设和规模化量产）,company-info_with_url.xlsx,DemandTag
DEM_C8BC8F012D9F,DemandTag,产业合作伙伴（以拓展应用领域和客户）,产业合作伙伴（以拓展应用领域和客户）,company-info_with_url.xlsx,DemandTag
DEM_B02825F3670D,DemandTag,生产管理与市场拓展人才。,生产管理与市场拓展人才。,company-info_with_url.xlsx,DemandTag
PROD_8DB08DFFD0D5,Product,二代像增强器,二代像增强器,company-info_with_url.xlsx,Product
PROD_0AD7D0031053,Product,超二代像增强器,超二代像增强器,company-info_with_url.xlsx,Product
PROD_27F88398C354,Product,三代像增强器,三代像增强器,company-info_with_url.xlsx,Product
PROD_40340816FC6D,Product,超快像增强器,超快像增强器,company-info_with_url.xlsx,Product
PROD_5C8BF7A39FF3,Product,微通道板光子探测器（MCP - PMT）,微通道板光子探测器（mcp - pmt）,company-info_with_url.xlsx,Product
PROD_D391BCB2ACEA,Product,硅光电倍增管（SiPM）,硅光电倍增管（sipm）,company-info_with_url.xlsx,Product
PROD_D74641844043,Product,日盲紫外像增强器,日盲紫外像增强器,company-info_with_url.xlsx,Product
PROD_4D86553696C1,Product,光三维成像雷达,光三维成像雷达,company-info_with_url.xlsx,Product
PROD_87A2093031CF,Product,光测风雷达,光测风雷达,company-info_with_url.xlsx,Product
CAP_3EB72FFA7FEB,Capability,光电探测器件设计与制造原子层沉积微通道板（ALD - MCP）,光电探测器件设计与制造原子层沉积微通道板（ald - mcp）,company-info_with_url.xlsx,Capability
CAP_D35F0A2E50B7,Capability,光电探测器件及系统解决方案。光成像模块,光电探测器件及系统解决方案。光成像模块,company-info_with_url.xlsx,Capability
IND_5046FE26ED10,Industry,安防安检,安防安检,company-info_with_url.xlsx,Industry
IND_8461E19A2F2C,Industry,科学研究,科学研究,company-info_with_url.xlsx,Industry
IND_1972495C7CEE,Industry,工业自动化,工业自动化,company-info_with_url.xlsx,Industry
IND_6FED2E4C02D0,Industry,机器视觉,机器视觉,company-info_with_url.xlsx,Industry
IND_267F377670A7,Industry,虚拟现实,虚拟现实,company-info_with_url.xlsx,Industry
IND_BC3E50883B86,Industry,军工国防（根据支点投资信息）。,军工国防（根据支点投资信息）。,company-info_with_url.xlsx,Industry
SCN_2E7DF3A5300B,Scenario,低照度夜间成像,低照度夜间成像,company-info_with_url.xlsx,Scenario
SCN_F2B594DB81C0,Scenario,激光测风,激光测风,company-info_with_url.xlsx,Scenario
SCN_B4C6715043CD,Scenario,激光三维成像,激光三维成像,company-info_with_url.xlsx,Scenario
SCN_A830FC9528F9,Scenario,新一代光电探测器件应用（如光谱分析,新一代光电探测器件应用（如光谱分析,company-info_with_url.xlsx,Scenario
SCN_A7ECD099CE2C,Scenario,精密测量）。,精密测量）。,company-info_with_url.xlsx,Scenario
SUP_9C7BC158ABEC,Supplier,精密机械加工设备供应商,精密机械加工设备供应商,company-info_with_url.xlsx,Supplier
SUP_B9DF9F4FD11E,Supplier,特种金属材料供应商,特种金属材料供应商,company-info_with_url.xlsx,Supplier
SUP_D9E34C3FDA57,Supplier,计量检测设备供应商,计量检测设备供应商,company-info_with_url.xlsx,Supplier
DEM_DD30E68A75AD,DemandTag,根据处于B轮融资阶段及业务拓展情况,根据处于b轮融资阶段及业务拓展情况,company-info_with_url.xlsx,DemandTag
DEM_A785ECB841CE,DemandTag,高端人才（尤其是研发与销售）,高端人才（尤其是研发与销售）,company-info_with_url.xlsx,DemandTag
DEM_29A8531B6839,DemandTag,供应链资源及战略合作伙伴。,供应链资源及战略合作伙伴。,company-info_with_url.xlsx,DemandTag
PROD_1B627F104B93,Product,人形机器人关节模组用磁编码器,人形机器人关节模组用磁编码器,company-info_with_url.xlsx,Product
PROD_B520756D098B,Product,24位分辨率,24位分辨率,company-info_with_url.xlsx,Product
PROD_799F9CB84F29,Product,中空设计,中空设计,company-info_with_url.xlsx,Product
CAP_32F9EC303773,Capability,图案式磁编码器技术,图案式磁编码器技术,company-info_with_url.xlsx,Capability
SUP_E2970EA87A3E,Supplier,超硬材料供应商（金刚石,超硬材料供应商（金刚石,company-info_with_url.xlsx,Supplier
SUP_190C0C02CFA6,Supplier,立方氮化硼）,立方氮化硼）,company-info_with_url.xlsx,Supplier
SUP_95E10684132F,Supplier,磨削加工设备供应商,磨削加工设备供应商,company-info_with_url.xlsx,Supplier
PROD_8542E7AC1940,Product,ORCA物理AI仿真系统,orca物理ai仿真系统,company-info_with_url.xlsx,Product
PROD_D4187082DFC7,Product,ORCA高保真引擎,orca高保真引擎,company-info_with_url.xlsx,Product
CAP_481BC32D69A2,Capability,物理AI仿真系统ORCA（国内首个）,物理ai仿真系统orca（国内首个）,company-info_with_url.xlsx,Capability
CAP_7A1627E8252D,Capability,物理AI仿真系统一体机,物理ai仿真系统一体机,company-info_with_url.xlsx,Capability
CAP_035F0E6F7256,Capability,ORCA高保真引擎,orca高保真引擎,company-info_with_url.xlsx,Capability
CAP_78BD95226340,Capability,软件协同技术,软件协同技术,company-info_with_url.xlsx,Capability
IND_C67B24D80DE0,Industry,数字工厂,数字工厂,company-info_with_url.xlsx,Industry
IND_5EE2B33D8594,Industry,仓储物流,仓储物流,company-info_with_url.xlsx,Industry
IND_D35FB503F4F6,Industry,家庭服务,家庭服务,company-info_with_url.xlsx,Industry
IND_3472A6697A82,Industry,具身智能,具身智能,company-info_with_url.xlsx,Industry
IND_A0ACC2735BBF,Industry,低空经济,低空经济,company-info_with_url.xlsx,Industry
SCN_C6836EEE1D0A,Scenario,为智能制造,为智能制造,company-info_with_url.xlsx,Scenario
SCN_1E77BA63902D,Scenario,数字工厂,数字工厂,company-info_with_url.xlsx,Scenario
SCN_6EC1E9575D32,Scenario,仓储物流,仓储物流,company-info_with_url.xlsx,Scenario
SCN_4576045E7451,Scenario,家庭服务等领域打造物理级精准数字仿真平台,家庭服务等领域打造物理级精准数字仿真平台,company-info_with_url.xlsx,Scenario
SCN_EDF52C1AFAD3,Scenario,在具身智能,在具身智能,company-info_with_url.xlsx,Scenario
SCN_99C93B0E30EF,Scenario,自动驾驶,自动驾驶,company-info_with_url.xlsx,Scenario
SCN_999AFBC71612,Scenario,低空经济等核心场景中构建专业物理AI训练道场,低空经济等核心场景中构建专业物理ai训练道场,company-info_with_url.xlsx,Scenario
SCN_37C91B334BCD,Scenario,用于高精度数字环境搭建,用于高精度数字环境搭建,company-info_with_url.xlsx,Scenario
SCN_BC09574A89F9,Scenario,深度物理仿真,深度物理仿真,company-info_with_url.xlsx,Scenario
SCN_9BBC4FD47BDD,Scenario,设计与运行参数优化,设计与运行参数优化,company-info_with_url.xlsx,Scenario
DEM_AAF5AB2BED80,DemandTag,行业深度合作伙伴,行业深度合作伙伴,company-info_with_url.xlsx,DemandTag
DEM_D12C7A25286C,DemandTag,资金（已完成天使轮,资金（已完成天使轮,company-info_with_url.xlsx,DemandTag
DEM_0AA20869A373,DemandTag,可能需后续轮次支持发展）,可能需后续轮次支持发展）,company-info_with_url.xlsx,DemandTag
PROD_527EA0036C3C,Product,高功率半导体激光表面处理设备,高功率半导体激光表面处理设备,company-info_with_url.xlsx,Product
PROD_4C551F229E78,Product,激光熔覆合金粉末,激光熔覆合金粉末,company-info_with_url.xlsx,Product
CAP_82C8989891E2,Capability,高功率智能化半导体激光表面处理设备,高功率智能化半导体激光表面处理设备,company-info_with_url.xlsx,Capability
CAP_BD67B1FF42EE,Capability,激光熔覆合金粉末,激光熔覆合金粉末,company-info_with_url.xlsx,Capability
CAP_B743EA323A10,Capability,激光特种加工及再制造（零部件修复）技术,激光特种加工及再制造（零部件修复）技术,company-info_with_url.xlsx,Capability
IND_F1D1803A2EF8,Industry,具体应用于需要进行零部件修复,具体应用于需要进行零部件修复,company-info_with_url.xlsx,Industry
IND_E6D865103A1E,Industry,再制造及金属材料表面处理的工业领域,再制造及金属材料表面处理的工业领域,company-info_with_url.xlsx,Industry
SCN_063DADFC2528,Scenario,激光特种加工,激光特种加工,company-info_with_url.xlsx,Scenario
SCN_E09D38DC1C16,Scenario,零部件再制造与修复,零部件再制造与修复,company-info_with_url.xlsx,Scenario
SCN_BB730AE8DDFA,Scenario,金属材料表面处理,金属材料表面处理,company-info_with_url.xlsx,Scenario
CUS_2211585EA3BB,Customer,上万家用电企业提供服务,上万家用电企业提供服务,company-info_with_url.xlsx,Customer
SUP_D9C631853690,Supplier,金属粉末供应商,金属粉末供应商,company-info_with_url.xlsx,Supplier
PROD_4F8F86C44BFD,Product,集成电路芯片（推测）,集成电路芯片（推测）,company-info_with_url.xlsx,Product
CAP_AD3B3D4EF2FE,Capability,相变直写光刻设备（100nm,相变直写光刻设备（100nm,company-info_with_url.xlsx,Capability
CAP_3E5C94E9C2BD,Capability,50nm超分辨纳米光刻）,50nm超分辨纳米光刻）,company-info_with_url.xlsx,Capability
CAP_E1016FE3F2AD,Capability,光互连与半导体微纳加工,光互连与半导体微纳加工,company-info_with_url.xlsx,Capability
IND_5725F1D10D39,Industry,光子技术融合产业,光子技术融合产业,company-info_with_url.xlsx,Industry
SCN_E0AD27EFE869,Scenario,半导体产业链技术支持与服务,半导体产业链技术支持与服务,company-info_with_url.xlsx,Scenario
SCN_8D0FF503C862,Scenario,光子芯片相关产业,光子芯片相关产业,company-info_with_url.xlsx,Scenario
SUP_F3700D4F7D75,Supplier,硅光子代工厂,硅光子代工厂,company-info_with_url.xlsx,Supplier
DEM_495444A26B66,DemandTag,股权投资资金（如政府产业基金）,股权投资资金（如政府产业基金）,company-info_with_url.xlsx,DemandTag
DEM_DEA1D6298D77,DemandTag,核心技术落地支持,核心技术落地支持,company-info_with_url.xlsx,DemandTag
PROD_5E000F072CC9,Product,无铁芯直驱柔性环形传输线（心脏CT用）,无铁芯直驱柔性环形传输线（心脏ct用）,company-info_with_url.xlsx,Product
CAP_97A616757C8D,Capability,无铁芯直驱柔性环形传输线技术及相关软硬件,无铁芯直驱柔性环形传输线技术及相关软硬件,company-info_with_url.xlsx,Capability
SUP_7DBA5A2518AF,Supplier,冠脉CT影像设备供应商,冠脉ct影像设备供应商,company-info_with_url.xlsx,Supplier
SUP_2C2CBB677F43,Supplier,医用GPU供应商,医用gpu供应商,company-info_with_url.xlsx,Supplier
SUP_778F41869AA7,Supplier,血管造影机供应商,血管造影机供应商,company-info_with_url.xlsx,Supplier
PROD_534B77F0588B,Product,超导低温设备,超导低温设备,company-info_with_url.xlsx,Product
CAP_73F1FAF4F1A9,Capability,超导技术解决方案,超导技术解决方案,company-info_with_url.xlsx,Capability
CAP_6B45E10E0272,Capability,实验室,实验室,company-info_with_url.xlsx,Capability
CAP_FCA8710E1CA6,Capability,工业应用及特殊场合应用的超导,工业应用及特殊场合应用的超导,company-info_with_url.xlsx,Capability
CAP_EB3C90B2364A,Capability,低温设备的研发,低温设备的研发,company-info_with_url.xlsx,Capability
CAP_0DDA688E9C89,Capability,制造和销售,制造和销售,company-info_with_url.xlsx,Capability
IND_304FB89865DE,Industry,通用设备制造,通用设备制造,company-info_with_url.xlsx,Industry
IND_4EC0A58BD7FD,Industry,电气机械,电气机械,company-info_with_url.xlsx,Industry
IND_820988984A50,Industry,电力设备,电力设备,company-info_with_url.xlsx,Industry
IND_8F1EBB587E9A,Industry,科研实验室,科研实验室,company-info_with_url.xlsx,Industry
IND_9C6BBBFD4425,Industry,工业应用,工业应用,company-info_with_url.xlsx,Industry
SCN_F229D69CC757,Scenario,工业应用及特殊场合的超导,工业应用及特殊场合的超导,company-info_with_url.xlsx,Scenario
SCN_866CBF3E8E92,Scenario,低温设备应用,低温设备应用,company-info_with_url.xlsx,Scenario
SUP_23F088521694,Supplier,超导材料供应商,超导材料供应商,company-info_with_url.xlsx,Supplier
SUP_F87BB7E6AC74,Supplier,超导磁体供应商,超导磁体供应商,company-info_with_url.xlsx,Supplier
DEM_63FF9E9B088B,DemandTag,融资（已获A轮及A+轮,融资（已获a轮及a+轮,company-info_with_url.xlsx,DemandTag
DEM_A2466E50023D,DemandTag,由中科创星,由中科创星,company-info_with_url.xlsx,DemandTag
DEM_596AFD478E10,DemandTag,兴富资本,兴富资本,company-info_with_url.xlsx,DemandTag
DEM_A9E7D7F6DED5,DemandTag,合肥创新投资,合肥创新投资,company-info_with_url.xlsx,DemandTag
DEM_A5E0BD78B627,DemandTag,江铜投资等投资）,江铜投资等投资）,company-info_with_url.xlsx,DemandTag
PROD_CAEE01CFFCE2,Product,聚焦新兴能源技术（如光伏,聚焦新兴能源技术（如光伏,company-info_with_url.xlsx,Product
PROD_AD2072375144,Product,储能）,储能）,company-info_with_url.xlsx,Product
PROD_61263757B956,Product,海洋工程装备研发（含模块化设计,海洋工程装备研发（含模块化设计,company-info_with_url.xlsx,Product
PROD_3F8D1386B05C,Product,余热利用技术）,余热利用技术）,company-info_with_url.xlsx,Product
CAP_0096FFEDBC1A,Capability,新兴能源技术（光伏,新兴能源技术（光伏,company-info_with_url.xlsx,Capability
CAP_4F8C0D3B97E0,Capability,储能）,储能）,company-info_with_url.xlsx,Capability
IND_8C575FA014D9,Industry,海洋工程,海洋工程,company-info_with_url.xlsx,Industry
SCN_0D41C8678D5E,Scenario,储能系统,储能系统,company-info_with_url.xlsx,Scenario
SCN_2063F5BE9822,Scenario,海洋工程装备,海洋工程装备,company-info_with_url.xlsx,Scenario
SUP_AF129073EAB2,Supplier,碲化镉薄膜太阳能电池原材料供应商,碲化镉薄膜太阳能电池原材料供应商,company-info_with_url.xlsx,Supplier
SUP_B0C65E7639CA,Supplier,玻璃基板供应商,玻璃基板供应商,company-info_with_url.xlsx,Supplier
SUP_188C8DED2C68,Supplier,薄膜沉积设备供应商,薄膜沉积设备供应商,company-info_with_url.xlsx,Supplier
DEM_3C62B5B50C6C,DemandTag,A轮融资（投资方：中科创星）,a轮融资（投资方：中科创星）,company-info_with_url.xlsx,DemandTag
PROD_EF2527803B2F,Product,政警智能技术服务,政警智能技术服务,company-info_with_url.xlsx,Product
CAP_3D706255A872,Capability,以垂直领域内外网数据为“护城河”,以垂直领域内外网数据为“护城河”,company-info_with_url.xlsx,Capability
CAP_523D711693CA,Capability,为政警提供智能技术服务,为政警提供智能技术服务,company-info_with_url.xlsx,Capability
IND_55A631C85C62,Industry,电信,电信,company-info_with_url.xlsx,Industry
IND_4565F76D7C9F,Industry,广播电视和卫星传输服务,广播电视和卫星传输服务,company-info_with_url.xlsx,Industry
IND_7C60D541F4FD,Industry,政警领域。,政警领域。,company-info_with_url.xlsx,Industry
SCN_122193529C7C,Scenario,为政警领域提供智能技术服务。,为政警领域提供智能技术服务。,company-info_with_url.xlsx,Scenario
SUP_8E4704B0AB7B,Supplier,卫星数据处理服务器供应商,卫星数据处理服务器供应商,company-info_with_url.xlsx,Supplier
SUP_DDF64BDD71B1,Supplier,地理信息系统软件供应商,地理信息系统软件供应商,company-info_with_url.xlsx,Supplier
DEM_DA20FBFF01F8,DemandTag,根据投资建议书内容,根据投资建议书内容,company-info_with_url.xlsx,DemandTag
DEM_9DA259858F0B,DemandTag,推测为融资。,推测为融资。,company-info_with_url.xlsx,DemandTag
PROD_348EED46D992,Product,CSP-LEDs芯片级封装LED及模组,csp-leds芯片级封装led及模组,company-info_with_url.xlsx,Product
CAP_CCBF18D53F7E,Capability,专注于CSP-LEDs（芯片级封装LED）及其模组的设计与制造,专注于csp-leds（芯片级封装led）及其模组的设计与制造,company-info_with_url.xlsx,Capability
IND_8D34E6BF881A,Industry,半导体照明行业,半导体照明行业,company-info_with_url.xlsx,Industry
SCN_5F2CDF280876,Scenario,半导体照明,半导体照明,company-info_with_url.xlsx,Scenario
CUS_76C0713DFFCE,Customer,在合成氨,在合成氨,company-info_with_url.xlsx,Customer
CUS_B11ED0DC52BF,Customer,工业燃气,工业燃气,company-info_with_url.xlsx,Customer
CUS_5B0734E00A78,Customer,固定床气化间接冷却升级改造,固定床气化间接冷却升级改造,company-info_with_url.xlsx,Customer
CUS_7D087B9F99FE,Customer,气化飞灰资源化利用等业务方面实现了规模化收入,气化飞灰资源化利用等业务方面实现了规模化收入,company-info_with_url.xlsx,Customer
DEM_9D580AC554BC,DemandTag,投资（已完成天使轮,投资（已完成天使轮,company-info_with_url.xlsx,DemandTag
DEM_5F4923DB2E98,DemandTag,A轮融资）,a轮融资）,company-info_with_url.xlsx,DemandTag
PROD_6694592C7F3F,Product,粒子放疗技术产品（待查）,粒子放疗技术产品（待查）,company-info_with_url.xlsx,Product
CAP_0EDD8B511B1F,Capability,科近泰基新技术（待查,科近泰基新技术（待查,company-info_with_url.xlsx,Capability
SUP_2FE03A131C0F,Supplier,重离子加速器核心设备供应商,重离子加速器核心设备供应商,company-info_with_url.xlsx,Supplier
SUP_B105B8CC0B1A,Supplier,超导磁铁供应商,超导磁铁供应商,company-info_with_url.xlsx,Supplier
SUP_41A5A232D665,Supplier,真空系统供应商,真空系统供应商,company-info_with_url.xlsx,Supplier
DEM_340B62EC55A4,DemandTag,融资（根据投资建议书及网络信息推断）,融资（根据投资建议书及网络信息推断）,company-info_with_url.xlsx,DemandTag
PROD_667AB57FDAD5,Product,小型模块化核反应堆(SMR)设计方案,小型模块化核反应堆(smr)设计方案,company-info_with_url.xlsx,Product
CAP_4D77D91C3E96,Capability,小型模块化核反应堆（SMR）的研发设计及产业化,小型模块化核反应堆（smr）的研发设计及产业化,company-info_with_url.xlsx,Capability
IND_3EEC2197C9B1,Industry,核能,核能,company-info_with_url.xlsx,Industry
SCN_EE7C5A0E8943,Scenario,助力全球能源转型,助力全球能源转型,company-info_with_url.xlsx,Scenario
SCN_ED3CDF0B6D4E,Scenario,提供清洁能源解决方案,提供清洁能源解决方案,company-info_with_url.xlsx,Scenario
CUS_6DF52F8BFCB3,Customer,包括以“五大六小”为代表的发电,包括以“五大六小”为代表的发电,company-info_with_url.xlsx,Customer
CUS_7FDDAE189C92,Customer,电网领域的头部聚合商和集成商,电网领域的头部聚合商和集成商,company-info_with_url.xlsx,Customer
CUS_4D9208A9614C,Customer,具体已与国家电网,具体已与国家电网,company-info_with_url.xlsx,Customer
CUS_E02E348694D6,Customer,中国远洋海运集团,中国远洋海运集团,company-info_with_url.xlsx,Customer
CUS_CBCDB060C862,Customer,金风科技,金风科技,company-info_with_url.xlsx,Customer
CUS_DBD1D0A5D732,Customer,中国石油等头部客户达成合作,中国石油等头部客户达成合作,company-info_with_url.xlsx,Customer
DEM_F834B94355F9,DemandTag,资金（已完成首轮融资）,资金（已完成首轮融资）,company-info_with_url.xlsx,DemandTag
DEM_AD2DD556CCB3,DemandTag,人才（正在招聘）,人才（正在招聘）,company-info_with_url.xlsx,DemandTag
PROD_91EB2CA683EC,Product,甚小口径终端地球站通信设备,甚小口径终端地球站通信设备,company-info_with_url.xlsx,Product
CAP_9C8164F72DC9,Capability,国内甚小口径终端地球站通信业务,国内甚小口径终端地球站通信业务,company-info_with_url.xlsx,Capability
IND_6C3B41FFC6AB,Industry,通信设备,通信设备,company-info_with_url.xlsx,Industry
SCN_79E8C7235469,Scenario,国内卫星通信服务,国内卫星通信服务,company-info_with_url.xlsx,Scenario
SUP_84BD1DCA93D6,Supplier,卫星通信载荷供应商,卫星通信载荷供应商,company-info_with_url.xlsx,Supplier
SUP_0718DC899EB9,Supplier,Ka,ka,company-info_with_url.xlsx,Supplier
SUP_CF1DDCCEFCC0,Supplier,Ku波段射频元器件供应商,ku波段射频元器件供应商,company-info_with_url.xlsx,Supplier
SUP_58A24D7732BC,Supplier,相控阵天线供应商,相控阵天线供应商,company-info_with_url.xlsx,Supplier
DEM_EC82C5DDD001,DemandTag,根据PDF中提及“投资建议书”及网络信息显示为“A轮”阶段,根据pdf中提及“投资建议书”及网络信息显示为“a轮”阶段,company-info_with_url.xlsx,DemandTag
DEM_7ACC003A47C2,DemandTag,推测当前最需要融资等资金资源。,推测当前最需要融资等资金资源。,company-info_with_url.xlsx,DemandTag
PROD_0C15C85E2A7F,Product,鹏钛存储 - PCIe5.0,鹏钛存储 - pcie5.0,company-info_with_url.xlsx,Product
PROD_7647C39C8808,Product,CXL存储控制芯片,cxl存储控制芯片,company-info_with_url.xlsx,Product
PROD_374731B72677,Product,国家强信创存储解决方案,国家强信创存储解决方案,company-info_with_url.xlsx,Product
CAP_FC787893F1E3,Capability,PCIe 5.0,pcie 5.0,company-info_with_url.xlsx,Capability
CAP_C7ABEC2E0E5F,Capability,6.0存储控制芯片技术,6.0存储控制芯片技术,company-info_with_url.xlsx,Capability
SUP_57247D6390B1,Supplier,3D打印钛合金粉末供应商,3d打印钛合金粉末供应商,company-info_with_url.xlsx,Supplier
SUP_0D6EEEB1393A,Supplier,金属3D打印设备供应商,金属3d打印设备供应商,company-info_with_url.xlsx,Supplier
SUP_0411F75DEAF8,Supplier,后处理设备供应商,后处理设备供应商,company-info_with_url.xlsx,Supplier
DEM_513F49E9EB63,DemandTag,投资（根据PDF中“投资建议书”及投资方“北京中科创星服硬科技创业投资合伙企业”推断）,投资（根据pdf中“投资建议书”及投资方“北京中科创星服硬科技创业投资合伙企业”推断）,company-info_with_url.xlsx,DemandTag
PROD_B6E318751D66,Product,侵入式脑机接口整体解决方案,侵入式脑机接口整体解决方案,company-info_with_url.xlsx,Product
CAP_1290D68B4BD3,Capability,侵入式脑机接口技术,侵入式脑机接口技术,company-info_with_url.xlsx,Capability
CAP_E83BA554130B,Capability,提供整体解决方案,提供整体解决方案,company-info_with_url.xlsx,Capability
IND_83E21542FE63,Industry,脑科学,脑科学,company-info_with_url.xlsx,Industry
IND_98CE226CC0DB,Industry,神经工程,神经工程,company-info_with_url.xlsx,Industry
SUP_52ED8D7B0C7E,Supplier,脑电信号采集芯片供应商,脑电信号采集芯片供应商,company-info_with_url.xlsx,Supplier
SUP_9864AC6AC807,Supplier,电极材料供应商,电极材料供应商,company-info_with_url.xlsx,Supplier
SUP_329A978CCA3E,Supplier,信号处理算法供应商,信号处理算法供应商,company-info_with_url.xlsx,Supplier
DEM_F958177815F6,DemandTag,研发人才,研发人才,company-info_with_url.xlsx,DemandTag
DEM_A04ABCA6F0FB,DemandTag,产业合作伙伴,产业合作伙伴,company-info_with_url.xlsx,DemandTag
DEM_3D152DF51D66,DemandTag,临床试验资源,临床试验资源,company-info_with_url.xlsx,DemandTag
PROD_B19BB46B91E1,Product,半导体解决方案,半导体解决方案,company-info_with_url.xlsx,Product
PROD_8B90E85F6F34,Product,汽车电子IC芯片,汽车电子ic芯片,company-info_with_url.xlsx,Product
CAP_FFE71BDA1635,Capability,汽车电子IC芯片设计,汽车电子ic芯片设计,company-info_with_url.xlsx,Capability
SCN_55691AA370A1,Scenario,汽车电子芯片应用,汽车电子芯片应用,company-info_with_url.xlsx,Scenario
SCN_AD99A3155764,Scenario,具体应用国家包括德国,具体应用国家包括德国,company-info_with_url.xlsx,Scenario
SCN_76D21960B5DE,Scenario,法国,法国,company-info_with_url.xlsx,Scenario
SCN_69C232B5D956,Scenario,意大利和美国,意大利和美国,company-info_with_url.xlsx,Scenario
SUP_74146B2D944A,Supplier,磁传感器芯片代工厂,磁传感器芯片代工厂,company-info_with_url.xlsx,Supplier
DEM_C730B7E53D85,DemandTag,投资（根据PDF中“投资建议书”及融资历史推断）,投资（根据pdf中“投资建议书”及融资历史推断）,company-info_with_url.xlsx,DemandTag
PROD_A2ED5576174E,Product,可编程蛋白递送载体（eCIS递送平台）,可编程蛋白递送载体（ecis递送平台）,company-info_with_url.xlsx,Product
CAP_7D45EF38A516,Capability,新型可编程蛋白递送载体（eCIS递送平台）,新型可编程蛋白递送载体（ecis递送平台）,company-info_with_url.xlsx,Capability
IND_127724186701,Industry,生物医药,生物医药,company-info_with_url.xlsx,Industry
SUP_5EC8EE3E7CEA,Supplier,生物药原材料供应商,生物药原材料供应商,company-info_with_url.xlsx,Supplier
SUP_2966E4E3D181,Supplier,细胞培养基供应商,细胞培养基供应商,company-info_with_url.xlsx,Supplier
SUP_0DA3BF8A2BFB,Supplier,实验耗材供应商,实验耗材供应商,company-info_with_url.xlsx,Supplier
DEM_2971AF4A61A9,DemandTag,资金（近期完成天使轮融资）,资金（近期完成天使轮融资）,company-info_with_url.xlsx,DemandTag
DEM_8DB110BDE3D5,DemandTag,可能还包括研发合作,可能还包括研发合作,company-info_with_url.xlsx,DemandTag
DEM_9DB082B8392A,DemandTag,人才等,人才等,company-info_with_url.xlsx,DemandTag
PROD_6F08A3BBAA9A,Product,激光器,激光器,company-info_with_url.xlsx,Product
PROD_2A4974A013B7,Product,PLC,plc,company-info_with_url.xlsx,Product
PROD_40AE08504E30,Product,C,c,company-info_with_url.xlsx,Product
PROD_FE6B5E234C47,Product,DWDM,dwdm,company-info_with_url.xlsx,Product
PROD_06A5DE672C64,Product,AWG等光学器件,awg等光学器件,company-info_with_url.xlsx,Product
CAP_BF902F84E2E7,Capability,激光器,激光器,company-info_with_url.xlsx,Capability
CAP_0878B2F70DE4,Capability,PLC,plc,company-info_with_url.xlsx,Capability
CAP_54C431D73CE9,Capability,C,c,company-info_with_url.xlsx,Capability
CAP_8DAE03050B0F,Capability,DWDM,dwdm,company-info_with_url.xlsx,Capability
CAP_28265D477DF6,Capability,无热,无热,company-info_with_url.xlsx,Capability
CAP_9C7BD4735B9F,Capability,有热AWG等光学器件,有热awg等光学器件,company-info_with_url.xlsx,Capability
CAP_1B2A202A59CC,Capability,提供光学产品设计的定制,提供光学产品设计的定制,company-info_with_url.xlsx,Capability
CAP_2BF3A3FD16A5,Capability,样品,样品,company-info_with_url.xlsx,Capability
CAP_DCC6546BD5F7,Capability,小批量生产和量产服务,小批量生产和量产服务,company-info_with_url.xlsx,Capability
IND_A9B443DB702A,Industry,先进制造,先进制造,company-info_with_url.xlsx,Industry
SCN_6480890FE062,Scenario,通讯使用的选择波长激光器,通讯使用的选择波长激光器,company-info_with_url.xlsx,Scenario
SCN_098C5BB9FBB4,Scenario,窄线宽激光器,窄线宽激光器,company-info_with_url.xlsx,Scenario
SCN_D74CDEF57E04,Scenario,宽带激光器,宽带激光器,company-info_with_url.xlsx,Scenario
SCN_E3EDD083A590,Scenario,波长相关器件等,波长相关器件等,company-info_with_url.xlsx,Scenario
SUP_579CD8FE8CC1,Supplier,光纤激光器芯片供应商,光纤激光器芯片供应商,company-info_with_url.xlsx,Supplier
SUP_4EDDBBD68221,Supplier,泵浦激光二极管供应商,泵浦激光二极管供应商,company-info_with_url.xlsx,Supplier
DEM_F7AB60A4AA58,DemandTag,融资支持（曾获超亿元战略融资）,融资支持（曾获超亿元战略融资）,company-info_with_url.xlsx,DemandTag
PROD_9ACDF42CA80F,Product,存储芯片及存储系统,存储芯片及存储系统,company-info_with_url.xlsx,Product
CAP_644C226BA00D,Capability,存储芯片及存储系统设计研发,存储芯片及存储系统设计研发,company-info_with_url.xlsx,Capability
IND_4F4A14CEF24C,Industry,工业轨道,工业轨道,company-info_with_url.xlsx,Industry
IND_84FAE55B47C2,Industry,交通物联网等高可靠性存储应用领域,交通物联网等高可靠性存储应用领域,company-info_with_url.xlsx,Industry
SCN_586A53CC52A0,Scenario,商业航天,商业航天,company-info_with_url.xlsx,Scenario
SCN_9833EB3F6058,Scenario,高可靠性工业存储,高可靠性工业存储,company-info_with_url.xlsx,Scenario
SUP_A616319855CF,Supplier,卫星数据存储系统供应商,卫星数据存储系统供应商,company-info_with_url.xlsx,Supplier
SUP_459D5C91B562,Supplier,星载计算机芯片供应商,星载计算机芯片供应商,company-info_with_url.xlsx,Supplier
SUP_E406128A4C23,Supplier,固态存储器供应商,固态存储器供应商,company-info_with_url.xlsx,Supplier
DEM_436E2C7B5BAD,DemandTag,融资（根据网络信息,融资（根据网络信息,company-info_with_url.xlsx,DemandTag
DEM_51659D1F1FE6,DemandTag,近期完成A轮融资,近期完成a轮融资,company-info_with_url.xlsx,DemandTag
DEM_0102D38D2D8C,DemandTag,资金用于技术革新）,资金用于技术革新）,company-info_with_url.xlsx,DemandTag
PROD_3F8AD46D4754,Product,微流控自动化生物智造装备,微流控自动化生物智造装备,company-info_with_url.xlsx,Product
PROD_6CB173180E9B,Product,单细胞多组学仪器,单细胞多组学仪器,company-info_with_url.xlsx,Product
CAP_D6D0F6C1FB8B,Capability,自主研发生命科学仪器与生物智造装备（包括生物制药装备）,自主研发生命科学仪器与生物智造装备（包括生物制药装备）,company-info_with_url.xlsx,Capability
CAP_0A55A85C98C9,Capability,提供微流控,提供微流控,company-info_with_url.xlsx,Capability
CAP_BC78B1CD0643,Capability,自动化,自动化,company-info_with_url.xlsx,Capability
CAP_5F11F0EDF973,Capability,智能化,智能化,company-info_with_url.xlsx,Capability
CAP_CB61EBC0BEFD,Capability,系统级解决方案。具体涵盖单细胞多组学底层技术（单细胞转录组,系统级解决方案。具体涵盖单细胞多组学底层技术（单细胞转录组,company-info_with_url.xlsx,Capability
CAP_20CA7CA7AE5E,Capability,成像流式细胞仪,成像流式细胞仪,company-info_with_url.xlsx,Capability
CAP_A9212EAC9464,Capability,空间组学）,空间组学）,company-info_with_url.xlsx,Capability
CAP_B80D43725322,Capability,抗体自动化高通量开发系统,抗体自动化高通量开发系统,company-info_with_url.xlsx,Capability
CAP_53B6D8403A04,Capability,细胞基因治疗（CGT）自动化制备系统,细胞基因治疗（cgt）自动化制备系统,company-info_with_url.xlsx,Capability
CAP_191025F74C52,Capability,自动化干细胞培养制备系统,自动化干细胞培养制备系统,company-info_with_url.xlsx,Capability
CAP_5CBA180FDBC5,Capability,生物安全装备,生物安全装备,company-info_with_url.xlsx,Capability
CAP_1F829573D8AB,Capability,以及相关的配套生物芯片,以及相关的配套生物芯片,company-info_with_url.xlsx,Capability
CAP_398D834CCBB5,Capability,试剂耗材和人工智能技术,试剂耗材和人工智能技术,company-info_with_url.xlsx,Capability
IND_9F696BEDF74A,Industry,生物制造,生物制造,company-info_with_url.xlsx,Industry
IND_72861CF828D7,Industry,生命科学仪器与生物制药装备行业,生命科学仪器与生物制药装备行业,company-info_with_url.xlsx,Industry
IND_B56993EF0CE1,Industry,具体服务于抗体药,具体服务于抗体药,company-info_with_url.xlsx,Industry
IND_3E120F841167,Industry,细胞基因治疗等生物医药行业。,细胞基因治疗等生物医药行业。,company-info_with_url.xlsx,Industry
SCN_208A50BC6FE4,Scenario,生命科学仪器与生物制药,生命科学仪器与生物制药,company-info_with_url.xlsx,Scenario
SCN_6CD220804E83,Scenario,智造装备的研发与生产,智造装备的研发与生产,company-info_with_url.xlsx,Scenario
SCN_1CBF88F52206,Scenario,为抗体药,为抗体药,company-info_with_url.xlsx,Scenario
SCN_46E80BB7D8A1,Scenario,细胞基因治疗等生物医药行业降本增效,细胞基因治疗等生物医药行业降本增效,company-info_with_url.xlsx,Scenario
SCN_1D9588F09562,Scenario,攻克中国生命科学仪器与生物医药装备领域卡脖子难题,攻克中国生命科学仪器与生物医药装备领域卡脖子难题,company-info_with_url.xlsx,Scenario
SCN_0D860C0C6092,Scenario,守护生物安全。,守护生物安全。,company-info_with_url.xlsx,Scenario
SUP_031DC5CF9B65,Supplier,医疗传感器供应商,医疗传感器供应商,company-info_with_url.xlsx,Supplier
SUP_BA2307D886BC,Supplier,POCT诊断试剂供应商,poct诊断试剂供应商,company-info_with_url.xlsx,Supplier
SUP_974F8F7086ED,Supplier,芯片原材料供应商,芯片原材料供应商,company-info_with_url.xlsx,Supplier
DEM_E2CD090504F0,DemandTag,资金（用于加速技术研发,资金（用于加速技术研发,company-info_with_url.xlsx,DemandTag
DEM_1CED9210622A,DemandTag,产品产业化）,产品产业化）,company-info_with_url.xlsx,DemandTag
PROD_4F5C55F6E564,Product,原子级芯片制造和异质集成技术产品,原子级芯片制造和异质集成技术产品,company-info_with_url.xlsx,Product
CAP_4BE35CEBA4E9,Capability,专注于超越摩尔的原子级芯片制造和异质集成技术,专注于超越摩尔的原子级芯片制造和异质集成技术,company-info_with_url.xlsx,Capability
SCN_0CAA9C0A497E,Scenario,超低功耗,超低功耗,company-info_with_url.xlsx,Scenario
SCN_A4E536288209,Scenario,边缘算力,边缘算力,company-info_with_url.xlsx,Scenario
SCN_7893F061F817,Scenario,高灵敏传感及抗辐照芯片等关键应用场景,高灵敏传感及抗辐照芯片等关键应用场景,company-info_with_url.xlsx,Scenario
SUP_70770CE9B5FB,Supplier,半导体设备零部件供应商,半导体设备零部件供应商,company-info_with_url.xlsx,Supplier
SUP_B99952FCD72E,Supplier,精密机械加工供应商,精密机械加工供应商,company-info_with_url.xlsx,Supplier
SUP_3D6B63AFDFC6,Supplier,材料供应商,材料供应商,company-info_with_url.xlsx,Supplier
DEM_C5005CBBE517,DemandTag,资金（根据其处于天使轮融资阶段判断）,资金（根据其处于天使轮融资阶段判断）,company-info_with_url.xlsx,DemandTag
PROD_F500A338E5FF,Product,新型烧结材料（高功率半导体连接封装用）,新型烧结材料（高功率半导体连接封装用）,company-info_with_url.xlsx,Product
CAP_64494786F3D5,Capability,基于香港大学在金属材料领域技术突破,基于香港大学在金属材料领域技术突破,company-info_with_url.xlsx,Capability
CAP_F00ADFAF115C,Capability,针对高功率半导体的连接封装散热,针对高功率半导体的连接封装散热,company-info_with_url.xlsx,Capability
CAP_A16AC083D966,Capability,失效等痛点问题,失效等痛点问题,company-info_with_url.xlsx,Capability
CAP_AABA98436B3A,Capability,研发最新型烧结材料,研发最新型烧结材料,company-info_with_url.xlsx,Capability
IND_438F5691A8BF,Industry,高功率半导体封装,高功率半导体封装,company-info_with_url.xlsx,Industry
SCN_516035353034,Scenario,高功率半导体的连接封装散热,高功率半导体的连接封装散热,company-info_with_url.xlsx,Scenario
SUP_9DC4CA7417E9,Supplier,硅片原材料供应商,硅片原材料供应商,company-info_with_url.xlsx,Supplier
SUP_22D08F8926A6,Supplier,半导体级多晶硅供应商,半导体级多晶硅供应商,company-info_with_url.xlsx,Supplier
SUP_EADEF3019A84,Supplier,切割研磨材料供应商,切割研磨材料供应商,company-info_with_url.xlsx,Supplier
DEM_AFB05D8334DB,DemandTag,投资（根据投资建议书信息,投资（根据投资建议书信息,company-info_with_url.xlsx,DemandTag
DEM_AAE50F33622C,DemandTag,正在寻求融资）,正在寻求融资）,company-info_with_url.xlsx,DemandTag
PROD_6C82062BEB0D,Product,深圳市初创二期人工智能科技（待查,深圳市初创二期人工智能科技（待查,company-info_with_url.xlsx,Product
CAP_A5E145B72D7D,Capability,人工智能技术（投资机构,人工智能技术（投资机构,company-info_with_url.xlsx,Capability
CAP_01BDB982DF5F,Capability,无核心技术）,无核心技术）,company-info_with_url.xlsx,Capability
IND_68C4E483AACE,Industry,人工智能领域,人工智能领域,company-info_with_url.xlsx,Industry
SUP_2FF44B1CFE18,Supplier,AI服务器供应商,ai服务器供应商,company-info_with_url.xlsx,Supplier
SUP_5190DE84C4FD,Supplier,数据标注服务供应商,数据标注服务供应商,company-info_with_url.xlsx,Supplier
DEM_74C4E9FD38B8,DemandTag,基金募集,基金募集,company-info_with_url.xlsx,DemandTag
DEM_B347637C9A9A,DemandTag,单一投资人最低投资金额100万元人民币。,单一投资人最低投资金额100万元人民币。,company-info_with_url.xlsx,DemandTag
PROD_704DECE0D224,Product,上海欧科汀能源科技（待查,上海欧科汀能源科技（待查,company-info_with_url.xlsx,Product
CAP_0269273695D6,Capability,新能源材料技术（专用化学品,新能源材料技术（专用化学品,company-info_with_url.xlsx,Capability
CAP_EB5BFC7F6121,Capability,金属材料,金属材料,company-info_with_url.xlsx,Capability
CAP_9D517611AA73,Capability,新型催化材料）,新型催化材料）,company-info_with_url.xlsx,Capability
IND_441C237B612A,Industry,能源科技,能源科技,company-info_with_url.xlsx,Industry
SUP_5C02FB1716D2,Supplier,储能PCS核心元器件供应商,储能pcs核心元器件供应商,company-info_with_url.xlsx,Supplier
SUP_6AD837FF9BA2,Supplier,功率半导体供应商,功率半导体供应商,company-info_with_url.xlsx,Supplier
SUP_E96DE9C9D0ED,Supplier,电容电感供应商,电容电感供应商,company-info_with_url.xlsx,Supplier
DEM_F2EB43EE425B,DemandTag,投资,投资,company-info_with_url.xlsx,DemandTag
PROD_E6233D85F10D,Product,北京基点起源 - 具身智能机器人（2025年新成立,北京基点起源 - 具身智能机器人（2025年新成立,company-info_with_url.xlsx,Product
PROD_D1FC9FAA365B,Product,创新工场领投天使轮）,创新工场领投天使轮）,company-info_with_url.xlsx,Product
CAP_6AF73BED15F3,Capability,人工智能技术（未查到具体核心技术）,人工智能技术（未查到具体核心技术）,company-info_with_url.xlsx,Capability
SUP_E4AB30289B90,Supplier,高精度定位芯片供应商,高精度定位芯片供应商,company-info_with_url.xlsx,Supplier
SUP_D8D19F474601,Supplier,GNSS模块供应商,gnss模块供应商,company-info_with_url.xlsx,Supplier
DEM_9B0EF80745CA,DemandTag,融资,融资,company-info_with_url.xlsx,DemandTag
PROD_2E3B9856A415,Product,DPU芯片,dpu芯片,company-info_with_url.xlsx,Product
PROD_9F743B9BD898,Product,核心处理器芯片,核心处理器芯片,company-info_with_url.xlsx,Product
PROD_DCAAFE70492C,Product,专用数据处理架构,专用数据处理架构,company-info_with_url.xlsx,Product
CAP_A7E73C9A7AF6,Capability,DPU芯片,dpu芯片,company-info_with_url.xlsx,Capability
CAP_A8013E190655,Capability,专用数据处理架构,专用数据处理架构,company-info_with_url.xlsx,Capability
IND_879E18574ABE,Industry,高性能计算,高性能计算,company-info_with_url.xlsx,Industry
SCN_F7508C4EDF34,Scenario,数据中心,数据中心,company-info_with_url.xlsx,Scenario
SCN_0DA1B4B70758,Scenario,网络处理,网络处理,company-info_with_url.xlsx,Scenario
SCN_8864E5B91674,Scenario,存储加速等需要高性能数据处理和卸载的场景,存储加速等需要高性能数据处理和卸载的场景,company-info_with_url.xlsx,Scenario
CUS_A654DC632663,Customer,数据中心,数据中心,company-info_with_url.xlsx,Customer
CUS_100EFC6F260B,Customer,云计算,云计算,company-info_with_url.xlsx,Customer
CUS_164D646D2F58,Customer,金融计算等领域企业客户,金融计算等领域企业客户,company-info_with_url.xlsx,Customer
CUS_765316C8BA4C,Customer,产品应用于高性能计算场景,产品应用于高性能计算场景,company-info_with_url.xlsx,Customer
SUP_DAB8DA68643B,Supplier,DPU芯片,dpu芯片,company-info_with_url.xlsx,Supplier
SUP_F8D1011B9740,Supplier,IP核供应商,ip核供应商,company-info_with_url.xlsx,Supplier
DEM_27B801677E91,DemandTag,资金（B轮融资阶段）,资金（b轮融资阶段）,company-info_with_url.xlsx,DemandTag
DEM_CA3B34DF6637,DemandTag,高端人才,高端人才,company-info_with_url.xlsx,DemandTag
PROD_553E2D0D27C8,Product,无线智能感知产品,无线智能感知产品,company-info_with_url.xlsx,Product
CAP_B93CF648A512,Capability,无线智能感知产品,无线智能感知产品,company-info_with_url.xlsx,Capability
CAP_C6447A125615,Capability,专注于智能路由器,专注于智能路由器,company-info_with_url.xlsx,Capability
CAP_90F15A34F78B,Capability,安防监控,安防监控,company-info_with_url.xlsx,Capability
CAP_CEFEF586A850,Capability,系统集成,系统集成,company-info_with_url.xlsx,Capability
IND_D128020A38B4,Industry,智能家居,智能家居,company-info_with_url.xlsx,Industry
IND_EEEEC27A2A32,Industry,系统集成,系统集成,company-info_with_url.xlsx,Industry
SCN_A987ED203F03,Scenario,智能路由器,智能路由器,company-info_with_url.xlsx,Scenario
SUP_31EA7607C31B,Supplier,无线通信模组供应商（WiFi,无线通信模组供应商（wifi,company-info_with_url.xlsx,Supplier
SUP_E998A7D04A0D,Supplier,ZigBee）,zigbee）,company-info_with_url.xlsx,Supplier
SUP_5701E9A99A2B,Supplier,传感器芯片供应商,传感器芯片供应商,company-info_with_url.xlsx,Supplier
DEM_68B368FA6B8A,DemandTag,投资（根据投资建议书及Pre-A轮融资状态判断）,投资（根据投资建议书及pre-a轮融资状态判断）,company-info_with_url.xlsx,DemandTag
PROD_6DD3A68BD426,Product,固体运载火箭,固体运载火箭,company-info_with_url.xlsx,Product
PROD_BA42FD6554FB,Product,火箭发动机,火箭发动机,company-info_with_url.xlsx,Product
CAP_D06537B3A9F6,Capability,固体运载火箭,固体运载火箭,company-info_with_url.xlsx,Capability
CAP_FA17477CEA04,Capability,火箭发动机,火箭发动机,company-info_with_url.xlsx,Capability
CAP_2CFBC3A50357,Capability,航天高端零部组件的研发与制造,航天高端零部组件的研发与制造,company-info_with_url.xlsx,Capability
IND_1E9FB87BEE8E,Industry,军民融合领域,军民融合领域,company-info_with_url.xlsx,Industry
SCN_5230EF4D7790,Scenario,航天产品研发,航天产品研发,company-info_with_url.xlsx,Scenario
SCN_D4F63F0D6655,Scenario,制造,制造,company-info_with_url.xlsx,Scenario
CUS_FA2EEAA9667E,Customer,欣旺达等下游客户供应链,欣旺达等下游客户供应链,company-info_with_url.xlsx,Customer
SUP_086470027002,Supplier,信息不足,信息不足,company-info_with_url.xlsx,Supplier
SUP_3787ABD5F5F5,Supplier,但公司已完成上游产业并购整合,但公司已完成上游产业并购整合,company-info_with_url.xlsx,Supplier
SUP_3CE02763A077,Supplier,具备产业链闭环能力,具备产业链闭环能力,company-info_with_url.xlsx,Supplier
DEM_7D094B18DB25,DemandTag,融资（近期完成C轮融资）,融资（近期完成c轮融资）,company-info_with_url.xlsx,DemandTag
PROD_ECB664F66952,Product,AI芯片,ai芯片,company-info_with_url.xlsx,Product
PROD_3A69021A8CF6,Product,RISC-V AI芯片,risc-v ai芯片,company-info_with_url.xlsx,Product
PROD_4768802E6A27,Product,物端超微计算机,物端超微计算机,company-info_with_url.xlsx,Product
PROD_577EF1D558D9,Product,智能操作系统,智能操作系统,company-info_with_url.xlsx,Product
PROD_CE9B83A30AF6,Product,设备云服务,设备云服务,company-info_with_url.xlsx,Product
CAP_54EC2AB658EC,Capability,AI芯片,ai芯片,company-info_with_url.xlsx,Capability
CAP_55092F879D41,Capability,RISC-V AI芯片,risc-v ai芯片,company-info_with_url.xlsx,Capability
CAP_DAA421E4D67A,Capability,物端超微计算技术,物端超微计算技术,company-info_with_url.xlsx,Capability
IND_54E95BC2CBB5,Industry,物联网（IoT）,物联网（iot）,company-info_with_url.xlsx,Industry
IND_754A5940A97C,Industry,万物智联,万物智联,company-info_with_url.xlsx,Industry
SUP_251B08B6D7DB,Supplier,物联网芯片原材料供应商,物联网芯片原材料供应商,company-info_with_url.xlsx,Supplier
SUP_D8666D0A4815,Supplier,RISC-V处理器IP授权供应商,risc-v处理器ip授权供应商,company-info_with_url.xlsx,Supplier
SUP_528C395D7B96,Supplier,传感器模组供应商（海思,传感器模组供应商（海思,company-info_with_url.xlsx,Supplier
SUP_4D87CF8F6626,Supplier,乐鑫）,乐鑫）,company-info_with_url.xlsx,Supplier
PROD_57573032CD59,Product,光纤温度,光纤温度,company-info_with_url.xlsx,Product
PROD_80301747CB32,Product,压力传感器,压力传感器,company-info_with_url.xlsx,Product
CAP_AD37C4CBC2C0,Capability,北京佰为深科技 - 点式光纤传感技术,北京佰为深科技 - 点式光纤传感技术,company-info_with_url.xlsx,Capability
IND_0CB3D5585F1C,Industry,其他生物技术,其他生物技术,company-info_with_url.xlsx,Industry
SUP_2D8FB595F758,Supplier,光纤光栅传感器原材料供应商,光纤光栅传感器原材料供应商,company-info_with_url.xlsx,Supplier
SUP_19062136B0D6,Supplier,解调仪核心元器件供应商,解调仪核心元器件供应商,company-info_with_url.xlsx,Supplier
DEM_F3A21FFA0EB0,DemandTag,投资（根据投资建议书及C轮,投资（根据投资建议书及c轮,company-info_with_url.xlsx,DemandTag
DEM_7B68E67D0462,DemandTag,B+轮融资状态推断）,b+轮融资状态推断）,company-info_with_url.xlsx,DemandTag
PROD_91A7DEADD707,Product,AI视觉全栈能力,ai视觉全栈能力,company-info_with_url.xlsx,Product
PROD_2564410988DB,Product,SeetaFace人脸识别与感知计算解决方案,seetaface人脸识别与感知计算解决方案,company-info_with_url.xlsx,Product
CAP_710309D0B036,Capability,AI视觉感知计算技术,ai视觉感知计算技术,company-info_with_url.xlsx,Capability
CAP_42879837479A,Capability,SeetaFace人脸识别,seetaface人脸识别,company-info_with_url.xlsx,Capability
IND_C10D7ABC6E71,Industry,零售,零售,company-info_with_url.xlsx,Industry
SCN_43484A3FED75,Scenario,为国民经济主战场行业提供一站式人工智能基础设施服务,为国民经济主战场行业提供一站式人工智能基础设施服务,company-info_with_url.xlsx,Scenario
SUP_70C8D7C833BC,Supplier,AI算法授权供应商,ai算法授权供应商,company-info_with_url.xlsx,Supplier
SUP_D985B154F208,Supplier,深度学习框架供应商,深度学习框架供应商,company-info_with_url.xlsx,Supplier
SUP_A4BB6DF27352,Supplier,GPU服务器供应商,gpu服务器供应商,company-info_with_url.xlsx,Supplier
SUP_615D075372A5,Supplier,摄像头模组供应商,摄像头模组供应商,company-info_with_url.xlsx,Supplier
DEM_1B20FFD202E5,DemandTag,根据其为Pre-A+轮融资阶段判断,根据其为pre-a+轮融资阶段判断,company-info_with_url.xlsx,DemandTag
DEM_21E848AC7BB2,DemandTag,可能最需要资金资源以加速市场拓展和技术迭代。,可能最需要资金资源以加速市场拓展和技术迭代。,company-info_with_url.xlsx,DemandTag
PROD_065999E96970,Product,心脑血管,心脑血管,company-info_with_url.xlsx,Product
PROD_D5842A42B39A,Product,脑胶质瘤创新药,脑胶质瘤创新药,company-info_with_url.xlsx,Product
CAP_381763B3429B,Capability,北京茵诺医药 - 主动靶向纳米药物递送技术,北京茵诺医药 - 主动靶向纳米药物递送技术,company-info_with_url.xlsx,Capability
IND_D62F8C3B3511,Industry,医药行业,医药行业,company-info_with_url.xlsx,Industry
IND_9360EACF363D,Industry,具体为动脉粥样硬化等心脑血管疾病治疗,具体为动脉粥样硬化等心脑血管疾病治疗,company-info_with_url.xlsx,Industry
IND_469A1BF1564C,Industry,肿瘤治疗（如脑胶质瘤）,肿瘤治疗（如脑胶质瘤）,company-info_with_url.xlsx,Industry
SCN_D642791A68EF,Scenario,动脉粥样硬化（AS）疾病的诊断与治疗,动脉粥样硬化（as）疾病的诊断与治疗,company-info_with_url.xlsx,Scenario
SCN_B144A88AA1A2,Scenario,包括冠状动脉粥样硬化性疾病（冠心病,包括冠状动脉粥样硬化性疾病（冠心病,company-info_with_url.xlsx,Scenario
SCN_3D78BC261D48,Scenario,心肌梗死）,心肌梗死）,company-info_with_url.xlsx,Scenario
SCN_160345B8AF51,Scenario,脑动脉粥样硬化性疾病（脑卒中）,脑动脉粥样硬化性疾病（脑卒中）,company-info_with_url.xlsx,Scenario
SCN_5EFB07B00409,Scenario,外周动脉粥样硬化性疾病的靶向药物治疗,外周动脉粥样硬化性疾病的靶向药物治疗,company-info_with_url.xlsx,Scenario
SUP_4234875B91E4,Supplier,脂质体纳米载体原材料供应商（磷脂,脂质体纳米载体原材料供应商（磷脂,company-info_with_url.xlsx,Supplier
SUP_D18E0AAEBF95,Supplier,胆固醇）,胆固醇）,company-info_with_url.xlsx,Supplier
SUP_C2161CE22227,Supplier,心脑血管药物API供应商,心脑血管药物api供应商,company-info_with_url.xlsx,Supplier
SUP_5F8CDD8AD187,Supplier,生物实验耗材供应商,生物实验耗材供应商,company-info_with_url.xlsx,Supplier
PROD_C15E9F8AC003,Product,AMINER知识计算与科技情报引擎,aminer知识计算与科技情报引擎,company-info_with_url.xlsx,Product
CAP_9C568BE44ACF,Capability,知识计算与科技情报引擎（AMINER）,知识计算与科技情报引擎（aminer）,company-info_with_url.xlsx,Capability
CAP_E4B3903C0649,Capability,涵盖跨媒体科技知识图谱构建技术,涵盖跨媒体科技知识图谱构建技术,company-info_with_url.xlsx,Capability
CAP_61C64D053CDE,Capability,情报网络的隐含关联挖掘,情报网络的隐含关联挖掘,company-info_with_url.xlsx,Capability
CAP_C723F9D22709,Capability,基于立体画像的多维科技情报快速匹配,基于立体画像的多维科技情报快速匹配,company-info_with_url.xlsx,Capability
CAP_2A429864684E,Capability,并提供知识计算开放平台,并提供知识计算开放平台,company-info_with_url.xlsx,Capability
SUP_2E48CDC038A8,Supplier,量子计算云平台服务供应商,量子计算云平台服务供应商,company-info_with_url.xlsx,Supplier
PROD_C7C5ADAC4CAA,Product,智能安防,智能安防,company-info_with_url.xlsx,Product
PROD_37E9D5651AEF,Product,监控设备,监控设备,company-info_with_url.xlsx,Product
PROD_F1EBF157B820,Product,CCD摄像机,ccd摄像机,company-info_with_url.xlsx,Product
CAP_5350B79548E3,Capability,智能安防监控技术,智能安防监控技术,company-info_with_url.xlsx,Capability
SUP_B25454ECB40E,Supplier,视频处理芯片供应商,视频处理芯片供应商,company-info_with_url.xlsx,Supplier
SUP_EC2413CF9020,Supplier,视频编码软件供应商,视频编码软件供应商,company-info_with_url.xlsx,Supplier
PROD_2BCC5D6C6382,Product,机器翻译系统,机器翻译系统,company-info_with_url.xlsx,Product
PROD_D768070154DA,Product,多语言信息分析与处理服务与解决方案,多语言信息分析与处理服务与解决方案,company-info_with_url.xlsx,Product
CAP_337298F76469,Capability,机器翻译与多语言信息分析处理技术,机器翻译与多语言信息分析处理技术,company-info_with_url.xlsx,Capability
IND_965810F1D4B3,Industry,军队,军队,company-info_with_url.xlsx,Industry
SCN_6AE1AE9CFC91,Scenario,跨语言,跨语言,company-info_with_url.xlsx,Scenario
SCN_5BEA127880B6,Scenario,跨领域信息处理,跨领域信息处理,company-info_with_url.xlsx,Scenario
SCN_197C44D3C849,Scenario,多语言机器翻译,多语言机器翻译,company-info_with_url.xlsx,Scenario
SUP_2C26F9F0D6E2,Supplier,自然语言处理算法授权供应商,自然语言处理算法授权供应商,company-info_with_url.xlsx,Supplier
DEM_E417AC2CF763,DemandTag,投资（根据投资建议书及A轮融资状态推断）,投资（根据投资建议书及a轮融资状态推断）,company-info_with_url.xlsx,DemandTag
PROD_E9F4EBCCB3CE,Product,重构机器的视觉大脑和群体智能,重构机器的视觉大脑和群体智能,company-info_with_url.xlsx,Product
PROD_8D86DF5010CA,Product,致力于机器人智能革命,致力于机器人智能革命,company-info_with_url.xlsx,Product
PROD_0E26EC9B3C36,Product,提供机器视觉解决方案,提供机器视觉解决方案,company-info_with_url.xlsx,Product
CAP_E86E03180BFE,Capability,机器视觉解决方案,机器视觉解决方案,company-info_with_url.xlsx,Capability
CAP_32D433DB9508,Capability,机器人智能技术,机器人智能技术,company-info_with_url.xlsx,Capability
PROD_8A4CF068E7B3,Product,固态储氢技术产品,固态储氢技术产品,company-info_with_url.xlsx,Product
CAP_B611C902355F,Capability,固态储氢技术,固态储氢技术,company-info_with_url.xlsx,Capability
IND_FA4D1AD024F7,Industry,储氢,储氢,company-info_with_url.xlsx,Industry
SUP_ED602667727B,Supplier,稀土储氢材料供应商,稀土储氢材料供应商,company-info_with_url.xlsx,Supplier
SUP_09509CF1CAD7,Supplier,镁基储氢材料供应商,镁基储氢材料供应商,company-info_with_url.xlsx,Supplier
SUP_FC4698856A39,Supplier,氢气压缩机供应商,氢气压缩机供应商,company-info_with_url.xlsx,Supplier
PROD_F03313F7206A,Product,碳化硅单晶衬底,碳化硅单晶衬底,company-info_with_url.xlsx,Product
CAP_13518A3EF248,Capability,第三代半导体碳化硅单晶衬底及相关产品的研发,第三代半导体碳化硅单晶衬底及相关产品的研发,company-info_with_url.xlsx,Capability
IND_607DEF657001,Industry,具体包括微电子,具体包括微电子,company-info_with_url.xlsx,Industry
IND_E9881A939332,Industry,光电子等,光电子等,company-info_with_url.xlsx,Industry
SCN_7CCB5F7DDF97,Scenario,半导体市场所需的碳化硅晶片,半导体市场所需的碳化硅晶片,company-info_with_url.xlsx,Scenario
SUP_155285798D70,Supplier,碳化硅粉原材料（石英,碳化硅粉原材料（石英,company-info_with_url.xlsx,Supplier
SUP_79E3D72A2D9A,Supplier,石油焦）,石油焦）,company-info_with_url.xlsx,Supplier
SUP_C930DFD19A3B,Supplier,高纯石墨耗材（国产化）,高纯石墨耗材（国产化）,company-info_with_url.xlsx,Supplier
SUP_D2423366CFDC,Supplier,单晶生长炉设备供应商（国产化）,单晶生长炉设备供应商（国产化）,company-info_with_url.xlsx,Supplier
SUP_1A879BA51F8D,Supplier,切割研磨抛光材料供应商,切割研磨抛光材料供应商,company-info_with_url.xlsx,Supplier
PROD_7FF2DA54A825,Product,纳米孔径分析仪,纳米孔径分析仪,company-info_with_url.xlsx,Product
PROD_D5CE4670575C,Product,蚀刻机,蚀刻机,company-info_with_url.xlsx,Product
PROD_864390F58447,Product,镀膜机等半导体设备,镀膜机等半导体设备,company-info_with_url.xlsx,Product
CAP_C69C2E9770C0,Capability,纳米孔径分析仪,纳米孔径分析仪,company-info_with_url.xlsx,Capability
CAP_77F678C9CE0B,Capability,蚀刻机,蚀刻机,company-info_with_url.xlsx,Capability
CAP_27EF4B065D38,Capability,镀膜机等半导体设备,镀膜机等半导体设备,company-info_with_url.xlsx,Capability
IND_DA1DE7F49593,Industry,半导体制造,半导体制造,company-info_with_url.xlsx,Industry
SCN_9E96F09FC534,Scenario,半导体制造工艺中的纳米孔径分析,半导体制造工艺中的纳米孔径分析,company-info_with_url.xlsx,Scenario
SCN_34D890C73256,Scenario,蚀刻,蚀刻,company-info_with_url.xlsx,Scenario
SCN_E79A93BFD90D,Scenario,镀膜等环节,镀膜等环节,company-info_with_url.xlsx,Scenario
SUP_5512F99964B2,Supplier,半导体ALD设备核心零部件供应商,半导体ald设备核心零部件供应商,company-info_with_url.xlsx,Supplier
SUP_0D9A4AE47A9B,Supplier,真空泵供应商,真空泵供应商,company-info_with_url.xlsx,Supplier
SUP_E9C17C443E37,Supplier,加热元器件供应商,加热元器件供应商,company-info_with_url.xlsx,Supplier
PROD_64F55FDA9C5E,Product,北京诺福熙基因科技（待查,北京诺福熙基因科技（待查,company-info_with_url.xlsx,Product
CAP_C92CB1272092,Capability,基因技术（公司已注销）,基因技术（公司已注销）,company-info_with_url.xlsx,Capability
SUP_8BB9FFCDB1A6,Supplier,基因测序试剂原材料供应商,基因测序试剂原材料供应商,company-info_with_url.xlsx,Supplier
SUP_A1A81DC0ADCD,Supplier,NGS建库试剂盒供应商,ngs建库试剂盒供应商,company-info_with_url.xlsx,Supplier
SUP_2169005108F7,Supplier,测序芯片供应商,测序芯片供应商,company-info_with_url.xlsx,Supplier
PROD_DA7D3B049F26,Product,人工智能产品及解决方案,人工智能产品及解决方案,company-info_with_url.xlsx,Product
PROD_0D6E855CBA0C,Product,聚焦新能源换电业务,聚焦新能源换电业务,company-info_with_url.xlsx,Product
CAP_8B957828F1E8,Capability,人工智能产品及解决方案,人工智能产品及解决方案,company-info_with_url.xlsx,Capability
CAP_34A956170306,Capability,换电业务技术,换电业务技术,company-info_with_url.xlsx,Capability
IND_380B5A3B0386,Industry,新能源（换电）,新能源（换电）,company-info_with_url.xlsx,Industry
IND_499D580C1067,Industry,计算机软件,计算机软件,company-info_with_url.xlsx,Industry
SCN_570149E46D10,Scenario,新能源光储充换电,新能源光储充换电,company-info_with_url.xlsx,Scenario
SCN_B44C7F035415,Scenario,计算机系统服务,计算机系统服务,company-info_with_url.xlsx,Scenario
SCN_6682DFE8A9E9,Scenario,应用软件服务,应用软件服务,company-info_with_url.xlsx,Scenario
SUP_6C4D901DC10A,Supplier,新能源汽车电池供应商（宁德时代,新能源汽车电池供应商（宁德时代,company-info_with_url.xlsx,Supplier
SUP_110D0981C345,Supplier,比亚迪）,比亚迪）,company-info_with_url.xlsx,Supplier
SUP_5C5C0E460A70,Supplier,充电桩核心设备供应商,充电桩核心设备供应商,company-info_with_url.xlsx,Supplier
SUP_DF4B94AD87EA,Supplier,储能电池供应商（阳光电源）,储能电池供应商（阳光电源）,company-info_with_url.xlsx,Supplier
SUP_936C53CBEB71,Supplier,换电站控制系统芯片供应商,换电站控制系统芯片供应商,company-info_with_url.xlsx,Supplier
PROD_53F8A3E44B02,Product,量子传感器,量子传感器,company-info_with_url.xlsx,Product
PROD_891D4851785B,Product,冷原子绝对重力仪,冷原子绝对重力仪,company-info_with_url.xlsx,Product
CAP_E65D732BFEB4,Capability,量子传感器及其核心器件,量子传感器及其核心器件,company-info_with_url.xlsx,Capability
CAP_289F19B5B0C8,Capability,中性原子量子计算,中性原子量子计算,company-info_with_url.xlsx,Capability
CAP_7130E6DE8B9F,Capability,冷原子绝对重力仪等量子技术产品,冷原子绝对重力仪等量子技术产品,company-info_with_url.xlsx,Capability
IND_7009C0CB6338,Industry,企业研发部门,企业研发部门,company-info_with_url.xlsx,Industry
IND_AC696A6D0E3F,Industry,工业生产,工业生产,company-info_with_url.xlsx,Industry
IND_154DBBD998FD,Industry,教育科普,教育科普,company-info_with_url.xlsx,Industry
SCN_DD69029C15CF,Scenario,量子精密测量,量子精密测量,company-info_with_url.xlsx,Scenario
SCN_C1FB992A965B,Scenario,量子计算硬件研发,量子计算硬件研发,company-info_with_url.xlsx,Scenario
SCN_A58409BA3AE2,Scenario,重力测量,重力测量,company-info_with_url.xlsx,Scenario
SUP_7F296DF80079,Supplier,原子量子计算核心元器件供应商,原子量子计算核心元器件供应商,company-info_with_url.xlsx,Supplier
SUP_117C3608BEF6,Supplier,超导量子比特原材料供应商,超导量子比特原材料供应商,company-info_with_url.xlsx,Supplier
DEM_9743AB3BCB39,DemandTag,战略融资,战略融资,company-info_with_url.xlsx,DemandTag
DEM_3233D5BEA3E9,DemandTag,用于量子计算硬件研发加速,用于量子计算硬件研发加速,company-info_with_url.xlsx,DemandTag
DEM_8DB0337826AE,DemandTag,新产品与新技术迭代,新产品与新技术迭代,company-info_with_url.xlsx,DemandTag
PROD_0D8BD80D989C,Product,气体扩散层和高性能碳材料,气体扩散层和高性能碳材料,company-info_with_url.xlsx,Product
PROD_B9E4044B1D7D,Product,燃料电池和制氢电池用的炭纸和气体扩散层,燃料电池和制氢电池用的炭纸和气体扩散层,company-info_with_url.xlsx,Product
CAP_91564DFCE58E,Capability,气体扩散层和高性能碳材料技术,气体扩散层和高性能碳材料技术,company-info_with_url.xlsx,Capability
SUP_247F9E3D6E0B,Supplier,AI边缘计算芯片供应商,ai边缘计算芯片供应商,company-info_with_url.xlsx,Supplier
PROD_AD30DA7DDB37,Product,煤制油技术转让,煤制油技术转让,company-info_with_url.xlsx,Product
PROD_AACF7AEE12C3,Product,催化剂,催化剂,company-info_with_url.xlsx,Product
CAP_717351097DAD,Capability,煤制油技术研发,煤制油技术研发,company-info_with_url.xlsx,Capability
CAP_EFC9C3CC6234,Capability,产业化技术转让,产业化技术转让,company-info_with_url.xlsx,Capability
CAP_ED14FEB71D2F,Capability,催化剂生产与销售,催化剂生产与销售,company-info_with_url.xlsx,Capability
CAP_51CD21F53583,Capability,煤制油专有设备的研制与开发,煤制油专有设备的研制与开发,company-info_with_url.xlsx,Capability
CAP_9F2C7F51CFE5,Capability,能源化工和煤化工设计,能源化工和煤化工设计,company-info_with_url.xlsx,Capability
CAP_55C70A641421,Capability,工程总承包,工程总承包,company-info_with_url.xlsx,Capability
IND_112D7DEA8444,Industry,能源化工,能源化工,company-info_with_url.xlsx,Industry
SCN_EEA79B525FF7,Scenario,煤制油项目的技术研发,煤制油项目的技术研发,company-info_with_url.xlsx,Scenario
SCN_30F2F13344E0,Scenario,工程总承包,工程总承包,company-info_with_url.xlsx,Scenario
SCN_69A7CA7B9C1B,Scenario,催化剂供应与技术服务,催化剂供应与技术服务,company-info_with_url.xlsx,Scenario
SUP_B7BCB20F1F01,Supplier,耐火砖供应商,耐火砖供应商,company-info_with_url.xlsx,Supplier
SUP_5D5779ECA452,Supplier,煤化工催化剂原材料供应商,煤化工催化剂原材料供应商,company-info_with_url.xlsx,Supplier
DEM_F5E96C6C7369,DemandTag,资本支持（已完成E轮数十亿人民币融资）,资本支持（已完成e轮数十亿人民币融资）,company-info_with_url.xlsx,DemandTag
PROD_0795993CE34A,Product,NK细胞免疫检验点抑制剂,nk细胞免疫检验点抑制剂,company-info_with_url.xlsx,Product
PROD_6F3A001A7265,Product,多功能抗体,多功能抗体,company-info_with_url.xlsx,Product
CAP_BC7C93AB3080,Capability,专注于源头创新免疫药物开发,专注于源头创新免疫药物开发,company-info_with_url.xlsx,Capability
CAP_2E2321C3D58A,Capability,聚焦NK细胞免疫检验点抑制剂,聚焦nk细胞免疫检验点抑制剂,company-info_with_url.xlsx,Capability
CAP_D1D4C331784B,Capability,多功能抗体,多功能抗体,company-info_with_url.xlsx,Capability
CAP_73AC613EEEF8,Capability,双特异性抗体,双特异性抗体,company-info_with_url.xlsx,Capability
CAP_DB3FE24F3BF5,Capability,免疫缀合物,免疫缀合物,company-info_with_url.xlsx,Capability
CAP_AE0EB13E59FF,Capability,免疫调节剂等,免疫调节剂等,company-info_with_url.xlsx,Capability
IND_DA3D63D97DED,Industry,具体为肿瘤免疫治疗领域。,具体为肿瘤免疫治疗领域。,company-info_with_url.xlsx,Industry
SCN_F70F59D6F2FB,Scenario,肿瘤免疫治疗。,肿瘤免疫治疗。,company-info_with_url.xlsx,Scenario
SUP_251F6F369D47,Supplier,抗体表达细胞株供应商,抗体表达细胞株供应商,company-info_with_url.xlsx,Supplier
SUP_046E715CBE2E,Supplier,细胞培养基供应商（Gibco,细胞培养基供应商（gibco,company-info_with_url.xlsx,Supplier
SUP_248ABB8BB382,Supplier,赛默飞）,赛默飞）,company-info_with_url.xlsx,Supplier
SUP_5B32C1EF154E,Supplier,蛋白纯化填料供应商（GE,蛋白纯化填料供应商（ge,company-info_with_url.xlsx,Supplier
SUP_D66BA3BF58CB,Supplier,Cytiva）,cytiva）,company-info_with_url.xlsx,Supplier
DEM_EFC93CFE44E7,DemandTag,用于源头创新免疫药物的研发,用于源头创新免疫药物的研发,company-info_with_url.xlsx,DemandTag
DEM_5F3166988408,DemandTag,产品注册上市及团队升级。,产品注册上市及团队升级。,company-info_with_url.xlsx,DemandTag
PROD_47A4FC4F7633,Product,眼科基因治疗药物,眼科基因治疗药物,company-info_with_url.xlsx,Product
CAP_46902B3A1949,Capability,聚焦眼科疾病的基因治疗药物开发和基因编辑技术研发,聚焦眼科疾病的基因治疗药物开发和基因编辑技术研发,company-info_with_url.xlsx,Capability
CAP_53F11DCE54B7,Capability,服务,服务,company-info_with_url.xlsx,Capability
IND_350556C7CF92,Industry,具体为眼科疾病治疗领域。,具体为眼科疾病治疗领域。,company-info_with_url.xlsx,Industry
SCN_9D14C8D20CCC,Scenario,眼科疾病的基因治疗。,眼科疾病的基因治疗。,company-info_with_url.xlsx,Scenario
SUP_159F4C0653BB,Supplier,AAV病毒载体供应商,aav病毒载体供应商,company-info_with_url.xlsx,Supplier
SUP_DF61008D684F,Supplier,基因编辑工具原材料供应商,基因编辑工具原材料供应商,company-info_with_url.xlsx,Supplier
SUP_61A76EC37525,Supplier,生物反应器供应商,生物反应器供应商,company-info_with_url.xlsx,Supplier
DEM_7E7E981873E4,DemandTag,用于支持核心产品管线的临床前及临床研究。,用于支持核心产品管线的临床前及临床研究。,company-info_with_url.xlsx,DemandTag
PROD_0742EFBB77BF,Product,激光熔覆修复服务,激光熔覆修复服务,company-info_with_url.xlsx,Product
PROD_D1AAB996FFA2,Product,激光表面改性产品,激光表面改性产品,company-info_with_url.xlsx,Product
CAP_5BC681562025,Capability,激光熔覆技术（激光表面处理和再制造技术）,激光熔覆技术（激光表面处理和再制造技术）,company-info_with_url.xlsx,Capability
CAP_CBD87C6B1D28,Capability,用于机械零部件和设备的激光修复及表面激光改性,用于机械零部件和设备的激光修复及表面激光改性,company-info_with_url.xlsx,Capability
SUP_177050F15DAF,Supplier,红外探测器芯片供应商,红外探测器芯片供应商,company-info_with_url.xlsx,Supplier
SUP_098B48456ABC,Supplier,光学锗透镜供应商,光学锗透镜供应商,company-info_with_url.xlsx,Supplier
SUP_E46209A23773,Supplier,红外光学材料供应商,红外光学材料供应商,company-info_with_url.xlsx,Supplier
PROD_676B0A12D800,Product,语音智能处理产品,语音智能处理产品,company-info_with_url.xlsx,Product
PROD_4676C6CA354B,Product,视频图像智能处理产品,视频图像智能处理产品,company-info_with_url.xlsx,Product
CAP_8205DD1B44DF,Capability,以语音智能处理技术为核心,以语音智能处理技术为核心,company-info_with_url.xlsx,Capability
CAP_A49B87023762,Capability,以文本,以文本,company-info_with_url.xlsx,Capability
CAP_2B8F9881C84A,Capability,视频,视频,company-info_with_url.xlsx,Capability
CAP_C8926FF8CC97,Capability,图像智能处理技术为配套的系列应用产品与解决方案,图像智能处理技术为配套的系列应用产品与解决方案,company-info_with_url.xlsx,Capability
IND_61B0BFB6AD3A,Industry,广电,广电,company-info_with_url.xlsx,Industry
IND_7AF2BF88898B,Industry,移动互联网等行业,移动互联网等行业,company-info_with_url.xlsx,Industry
SUP_09F49CB93A9C,Supplier,语音识别算法授权供应商,语音识别算法授权供应商,company-info_with_url.xlsx,Supplier
PROD_CB028D3E1707,Product,高功率脉冲碟片激光器,高功率脉冲碟片激光器,company-info_with_url.xlsx,Product
CAP_A75390E846C0,Capability,高功率脉冲碟片激光器及其核心器件的研发,高功率脉冲碟片激光器及其核心器件的研发,company-info_with_url.xlsx,Capability
CAP_4DF4AD4CB35B,Capability,生产及制造,生产及制造,company-info_with_url.xlsx,Capability
IND_89960F01A830,Industry,工业加工,工业加工,company-info_with_url.xlsx,Industry
IND_A69F5E1ABB5C,Industry,基础科研,基础科研,company-info_with_url.xlsx,Industry
SUP_A38234C7406B,Supplier,激光切割头供应商,激光切割头供应商,company-info_with_url.xlsx,Supplier
SUP_87733F41E01B,Supplier,光纤激光器供应商,光纤激光器供应商,company-info_with_url.xlsx,Supplier
SUP_FD9ACA59D9E4,Supplier,切割气体供应商,切割气体供应商,company-info_with_url.xlsx,Supplier
DEM_0C6BFD98E864,DemandTag,资金（本轮计划融资2500万元）,资金（本轮计划融资2500万元）,company-info_with_url.xlsx,DemandTag
PROD_4BFB61FB237A,Product,主要产品线服务器Risc-V CPU处理器芯片,主要产品线服务器risc-v cpu处理器芯片,company-info_with_url.xlsx,Product
PROD_17EC5F86158E,Product,DF-GPU加速器芯片,df-gpu加速器芯片,company-info_with_url.xlsx,Product
PROD_716CDF345D67,Product,RES(Risc-V Edge Server)边缘服务器芯片,res(risc-v edge server)边缘服务器芯片,company-info_with_url.xlsx,Product
CAP_60EFE32DF9DC,Capability,基于开放指令集Risc-V高性能服务器处理器芯片,基于开放指令集risc-v高性能服务器处理器芯片,company-info_with_url.xlsx,Capability
CAP_7D8E539E6F93,Capability,DF-GPU及加速芯片的设计,df-gpu及加速芯片的设计,company-info_with_url.xlsx,Capability
CAP_BD2EEA091753,Capability,销售及服务,销售及服务,company-info_with_url.xlsx,Capability
IND_704BD8F2A26C,Industry,XC市场,xc市场,company-info_with_url.xlsx,Industry
IND_6F5CA3F58F56,Industry,产业互联网市场,产业互联网市场,company-info_with_url.xlsx,Industry
IND_B807A3DACD3C,Industry,云计算市场以及海外市场,云计算市场以及海外市场,company-info_with_url.xlsx,Industry
SUP_3526253ECF53,Supplier,存储控制芯片代工厂,存储控制芯片代工厂,company-info_with_url.xlsx,Supplier
SUP_F8BE28CF93F8,Supplier,NAND Flash供应商,nand flash供应商,company-info_with_url.xlsx,Supplier
PROD_03A9E3EAB5EC,Product,高折射透明陶瓷,高折射透明陶瓷,company-info_with_url.xlsx,Product
CAP_2328C5F20EDC,Capability,高折射透明陶瓷材料,高折射透明陶瓷材料,company-info_with_url.xlsx,Capability
SCN_BB904713104B,Scenario,手表盖板材料,手表盖板材料,company-info_with_url.xlsx,Scenario
SCN_0B191346E396,Scenario,电子产品基板,电子产品基板,company-info_with_url.xlsx,Scenario
SCN_93E9393F15EB,Scenario,盖板材料,盖板材料,company-info_with_url.xlsx,Scenario
SCN_0B10FDFAA679,Scenario,超薄高清透镜组材料,超薄高清透镜组材料,company-info_with_url.xlsx,Scenario
SCN_408B26F5D35F,Scenario,AR光波导基板,ar光波导基板,company-info_with_url.xlsx,Scenario
SUP_F8F6558EAD2B,Supplier,高折射透明陶瓷原材料供应商,高折射透明陶瓷原材料供应商,company-info_with_url.xlsx,Supplier
SUP_F86A5AF2D950,Supplier,氧化锆粉体供应商,氧化锆粉体供应商,company-info_with_url.xlsx,Supplier
SUP_C029FF446F26,Supplier,精密光学加工设备供应商,精密光学加工设备供应商,company-info_with_url.xlsx,Supplier
PROD_90CC6E2F9AFE,Product,智能超灵敏结构光超分辨显微镜,智能超灵敏结构光超分辨显微镜,company-info_with_url.xlsx,Product
CAP_4812FC1DDF47,Capability,智能超灵敏结构光超分辨显微镜,智能超灵敏结构光超分辨显微镜,company-info_with_url.xlsx,Capability
SCN_DF6BA4DC3CFF,Scenario,基础研究,基础研究,company-info_with_url.xlsx,Scenario
SCN_0B4371BF6D1B,Scenario,对症药物筛选,对症药物筛选,company-info_with_url.xlsx,Scenario
SCN_3EB4DC760FB7,Scenario,高通量高内涵药物筛选,高通量高内涵药物筛选,company-info_with_url.xlsx,Scenario
SUP_7383CCC09C4C,Supplier,高速相机供应商,高速相机供应商,company-info_with_url.xlsx,Supplier
SUP_BAB656B3FA26,Supplier,光学显微镜核心元器件供应商,光学显微镜核心元器件供应商,company-info_with_url.xlsx,Supplier
SUP_24B646A83A87,Supplier,图像采集卡供应商,图像采集卡供应商,company-info_with_url.xlsx,Supplier
PROD_BE3237C0DEE0,Product,三元正极材料（高镍,三元正极材料（高镍,company-info_with_url.xlsx,Product
PROD_01CE0040C30E,Product,NCMA,ncma,company-info_with_url.xlsx,Product
PROD_D65CA4DB9D09,Product,富锂体系）,富锂体系）,company-info_with_url.xlsx,Product
CAP_12F0037F3001,Capability,四种体系的三元正极材料：中低镍,四种体系的三元正极材料：中低镍,company-info_with_url.xlsx,Capability
CAP_1F5D210CD3D9,Capability,高镍体系,高镍体系,company-info_with_url.xlsx,Capability
CAP_23F7F4AC624B,Capability,NCMA体系,ncma体系,company-info_with_url.xlsx,Capability
CAP_62132594E5ED,Capability,富锂体系,富锂体系,company-info_with_url.xlsx,Capability
CAP_DAADA740784C,Capability,低成本工艺体系,低成本工艺体系,company-info_with_url.xlsx,Capability
CAP_2A0505CCB5B1,Capability,具体技术纳米包覆超高镍正极技术,具体技术纳米包覆超高镍正极技术,company-info_with_url.xlsx,Capability
CAP_7DE5CFDCA43C,Capability,单晶正极技术,单晶正极技术,company-info_with_url.xlsx,Capability
CAP_2E26792EEA2D,Capability,富锂锰基材料技术,富锂锰基材料技术,company-info_with_url.xlsx,Capability
CAP_486724D49C69,Capability,低成本合成技术,低成本合成技术,company-info_with_url.xlsx,Capability
IND_0551132E92A1,Industry,新能源汽车产业（用于动力电池正极材料）,新能源汽车产业（用于动力电池正极材料）,company-info_with_url.xlsx,Industry
SUP_B5C94BD6B0E5,Supplier,固态电解质材料供应商,固态电解质材料供应商,company-info_with_url.xlsx,Supplier
SUP_0D159AA745B6,Supplier,氧化物陶瓷供应商,氧化物陶瓷供应商,company-info_with_url.xlsx,Supplier
DEM_4F02C190F5BE,DemandTag,资金（本轮融资4500万元）,资金（本轮融资4500万元）,company-info_with_url.xlsx,DemandTag
PROD_DD1508B481DB,Product,先进钠离子电池的研发和生产,先进钠离子电池的研发和生产,company-info_with_url.xlsx,Product
PROD_BF5C8D0CC871,Product,高钠含量P2相锰基正极材料技术,高钠含量p2相锰基正极材料技术,company-info_with_url.xlsx,Product
PROD_4DCBE0C24C26,Product,高容量钠电碳基负极材料技术,高容量钠电碳基负极材料技术,company-info_with_url.xlsx,Product
PROD_1C05FA6C19E5,Product,高安全钠电专用电解液技术,高安全钠电专用电解液技术,company-info_with_url.xlsx,Product
CAP_F0478CDA572C,Capability,先进钠离子电池技术（含P2相锰基正极,先进钠离子电池技术（含p2相锰基正极,company-info_with_url.xlsx,Capability
CAP_1C100969150C,Capability,钠电碳基负极,钠电碳基负极,company-info_with_url.xlsx,Capability
IND_97F1053C9F18,Industry,储能,储能,company-info_with_url.xlsx,Industry
SUP_F88BD29CF2AE,Supplier,钠离子电池正极材料供应商,钠离子电池正极材料供应商,company-info_with_url.xlsx,Supplier
SUP_E7F1F1BAFD25,Supplier,硬碳负极材料供应商,硬碳负极材料供应商,company-info_with_url.xlsx,Supplier
SUP_936A453D9C8F,Supplier,电解液供应商,电解液供应商,company-info_with_url.xlsx,Supplier
PROD_EE15B0948D53,Product,金属3D打印设备（BLT-S系列,金属3d打印设备（blt-s系列,company-info_with_url.xlsx,Product
PROD_567CC82DB80C,Product,BLT-C系列,blt-c系列,company-info_with_url.xlsx,Product
PROD_631C8CCCA39F,Product,BLT-A系列等） 金属3D打印定制化产品（航空航天发动机部件,blt-a系列等） 金属3d打印定制化产品（航空航天发动机部件,company-info_with_url.xlsx,Product
PROD_B6491BBAA3FC,Product,汽车零部件,汽车零部件,company-info_with_url.xlsx,Product
PROD_4EAF4491ABEA,Product,消费电子件等） 金属粉末材料（钛合金,消费电子件等） 金属粉末材料（钛合金,company-info_with_url.xlsx,Product
PROD_46D943113CDC,Product,铝合金,铝合金,company-info_with_url.xlsx,Product
PROD_A0C32C973B40,Product,高温合金,高温合金,company-info_with_url.xlsx,Product
PROD_70D4C92E9DEE,Product,钴铬合金,钴铬合金,company-info_with_url.xlsx,Product
PROD_E1895798C242,Product,不锈钢等） 3D打印工艺设计开发与技术服,不锈钢等） 3d打印工艺设计开发与技术服,company-info_with_url.xlsx,Product
CAP_EA2BC0AF9874,Capability,金属增材制造（3D打印）全产业链核心技术： - 选区激光熔化（SLM）工艺 - 激光定向能量沉积（DED）工艺 - 自研BLT系列金属3D打印设备整机设计与集成 - 金属粉末材料制备工艺 - 大尺寸复杂结构件激光增材制造工艺,金属增材制造（3d打印）全产业链核心技术： - 选区激光熔化（slm）工艺 - 激光定向能量沉积（ded）工艺 - 自研blt系列金属3d打印设备整机设计与集成 - 金属粉末材料制备工艺 - 大尺寸复杂结构件激光增材制造工艺,company-info_with_url.xlsx,Capability
IND_88D37EED7AD0,Industry,工业模具,工业模具,company-info_with_url.xlsx,Industry
IND_89E039331502,Industry,医疗牙科,医疗牙科,company-info_with_url.xlsx,Industry
IND_602150C67E4C,Industry,科研教育,科研教育,company-info_with_url.xlsx,Industry
SCN_2ACF701BC9BD,Scenario,火箭发动机关键部件增材制造 航空航天复杂结构件轻量化制造 汽车零部件小批量快速制造 消费电子钛合金精密结构件（手机中框等） 工业模具随形冷却水道制造,火箭发动机关键部件增材制造 航空航天复杂结构件轻量化制造 汽车零部件小批量快速制造 消费电子钛合金精密结构件（手机中框等） 工业模具随形冷却水道制造,company-info_with_url.xlsx,Scenario
CUS_0F9E5E5826AD,Customer,空客（A350飞机零件联合研制） 西门子（战略合作） 蓝箭航天（朱雀二号,空客（a350飞机零件联合研制） 西门子（战略合作） 蓝箭航天（朱雀二号,company-info_with_url.xlsx,Customer
CUS_FEA3C9AEE52D,Customer,三号火箭发动机部件） 天回航天（火箭发动机试车件） OPPO（消费电子钛合金部件） 中国商飞,三号火箭发动机部件） 天回航天（火箭发动机试车件） oppo（消费电子钛合金部件） 中国商飞,company-info_with_url.xlsx,Customer
CUS_B9384655DB6B,Customer,中国航天科技集团等 全球3100+家客户,中国航天科技集团等 全球3100+家客户,company-info_with_url.xlsx,Customer
CUS_C34F8DA44A0A,Customer,覆盖航空航天,覆盖航空航天,company-info_with_url.xlsx,Customer
CUS_E4C1538F33C8,Customer,汽车,汽车,company-info_with_url.xlsx,Customer
CUS_4CDDDF4B469D,Customer,科研等领域,科研等领域,company-info_with_url.xlsx,Customer
SUP_8A6B3FFEFDED,Supplier,激光器供应商（光纤激光器） 光学元器件供应商 精密机械加工供应商 粉末材料供应商,激光器供应商（光纤激光器） 光学元器件供应商 精密机械加工供应商 粉末材料供应商,company-info_with_url.xlsx,Supplier
DEM_44FEA1252FFC,DemandTag,市场拓展资源（将技术应用于更广泛的商业和工业场景） 产业链合作伙伴（上游激光器供应商,市场拓展资源（将技术应用于更广泛的商业和工业场景） 产业链合作伙伴（上游激光器供应商,company-info_with_url.xlsx,DemandTag
DEM_5C1F0E0BADBF,DemandTag,下游行业应用伙伴）,下游行业应用伙伴）,company-info_with_url.xlsx,DemandTag
PROD_CE452F2FEA02,Product,基于独创的非天然途径生物合成技术,基于独创的非天然途径生物合成技术,company-info_with_url.xlsx,Product
PROD_D86B8198594E,Product,通过智能化生物合成线路设计,通过智能化生物合成线路设计,company-info_with_url.xlsx,Product
PROD_70C3421A2F18,Product,微生物菌株高通量构建,微生物菌株高通量构建,company-info_with_url.xlsx,Product
PROD_28996A376AE7,Product,智能发酵工艺与放大,智能发酵工艺与放大,company-info_with_url.xlsx,Product
PROD_BBC051C51F62,Product,酶催化转化,酶催化转化,company-info_with_url.xlsx,Product
PROD_0B0409F994E1,Product,产品纯化工艺优化,产品纯化工艺优化,company-info_with_url.xlsx,Product
PROD_47B761717D8E,Product,设备研发及过程集成,设备研发及过程集成,company-info_with_url.xlsx,Product
PROD_6DD3D2E25D9E,Product,实现高端化学品的绿色制造。具体产品丁二醇,实现高端化学品的绿色制造。具体产品丁二醇,company-info_with_url.xlsx,Product
PROD_E7C41333363D,Product,组氨酸,组氨酸,company-info_with_url.xlsx,Product
PROD_DA9C59E51127,Product,燕窝酸,燕窝酸,company-info_with_url.xlsx,Product
PROD_07939EF3E99B,Product,依克多因,依克多因,company-info_with_url.xlsx,Product
PROD_914374A9E399,Product,母乳低聚糖等,母乳低聚糖等,company-info_with_url.xlsx,Product
CAP_068424D96479,Capability,非天然途径生物合成技术,非天然途径生物合成技术,company-info_with_url.xlsx,Capability
IND_78A3A3DDAC5A,Industry,生物基材料,生物基材料,company-info_with_url.xlsx,Industry
IND_9481CDA71DEF,Industry,美容,美容,company-info_with_url.xlsx,Industry
IND_1CCEE700498E,Industry,食品功能成分,食品功能成分,company-info_with_url.xlsx,Industry
IND_750718A33AFD,Industry,大健康领域,大健康领域,company-info_with_url.xlsx,Industry
SUP_894F46EBE763,Supplier,生物基材料原材料供应商,生物基材料原材料供应商,company-info_with_url.xlsx,Supplier
SUP_9E2C7400C492,Supplier,发酵设备供应商,发酵设备供应商,company-info_with_url.xlsx,Supplier
SUP_63B8EEA41CD7,Supplier,酶催化剂供应商,酶催化剂供应商,company-info_with_url.xlsx,Supplier
PROD_19CCD5C8EFEB,Product,纳滤膜孔径精准调控技术（SARIP成膜控制技术）,纳滤膜孔径精准调控技术（sarip成膜控制技术）,company-info_with_url.xlsx,Product
PROD_7AFA92C9A657,Product,高通量新型结构纳滤膜制备技术（中间层原位构筑技术）,高通量新型结构纳滤膜制备技术（中间层原位构筑技术）,company-info_with_url.xlsx,Product
PROD_3E295A03B132,Product,耐强酸强碱纳滤膜制备技术（非聚酰胺体系化学结构）,耐强酸强碱纳滤膜制备技术（非聚酰胺体系化学结构）,company-info_with_url.xlsx,Product
PROD_E2DC6CD0203C,Product,绿色纳滤,绿色纳滤,company-info_with_url.xlsx,Product
PROD_4628DBE5BE90,Product,反渗透膜制备技术（界面催化成膜技术）。产品ART-Ultra-S系列工业水处理纳滤膜,反渗透膜制备技术（界面催化成膜技术）。产品art-ultra-s系列工业水处理纳滤膜,company-info_with_url.xlsx,Product
PROD_46EB4588214C,Product,ART-Ultra-H系列市政自来水处理纳滤膜,art-ultra-h系列市政自来水处理纳滤膜,company-info_with_url.xlsx,Product
PROD_457FEF54FC4E,Product,ART-Ultra-T系列特种纳滤膜,art-ultra-t系列特种纳滤膜,company-info_with_url.xlsx,Product
PROD_B35E1CFBE50D,Product,ART-Green系列绿色反渗透RO膜,art-green系列绿色反渗透ro膜,company-info_with_url.xlsx,Product
CAP_F0B25DC3C534,Capability,纳滤膜孔径精准调控技术(SARIP),纳滤膜孔径精准调控技术(sarip),company-info_with_url.xlsx,Capability
CAP_791906A100DE,Capability,高通量新型结构纳滤膜制备,高通量新型结构纳滤膜制备,company-info_with_url.xlsx,Capability
IND_21FC7B4BFF09,Industry,盐湖提锂,盐湖提锂,company-info_with_url.xlsx,Industry
IND_104C533FD1A1,Industry,市政自来水处理,市政自来水处理,company-info_with_url.xlsx,Industry
IND_5C023F8D84BA,Industry,终端净水处理,终端净水处理,company-info_with_url.xlsx,Industry
IND_985E8366CE06,Industry,生物制药,生物制药,company-info_with_url.xlsx,Industry
IND_7479877E3188,Industry,实验室研究,实验室研究,company-info_with_url.xlsx,Industry
IND_EBDE9085DED9,Industry,工业污水处理。,工业污水处理。,company-info_with_url.xlsx,Industry
SCN_15E6CD3F681D,Scenario,工业水处理（如煤化工,工业水处理（如煤化工,company-info_with_url.xlsx,Scenario
SCN_CB49011EC55C,Scenario,盐湖提锂）,盐湖提锂）,company-info_with_url.xlsx,Scenario
SCN_CB575E8041DE,Scenario,市政自来水处理,市政自来水处理,company-info_with_url.xlsx,Scenario
SCN_53E0582524F0,Scenario,终端净水处理（家庭,终端净水处理（家庭,company-info_with_url.xlsx,Scenario
SCN_C25C03388DEA,Scenario,社区,社区,company-info_with_url.xlsx,Scenario
SCN_023A158EFAC3,Scenario,饮品）,饮品）,company-info_with_url.xlsx,Scenario
SCN_FE684278A609,Scenario,特种分离（生物制药,特种分离（生物制药,company-info_with_url.xlsx,Scenario
SCN_B3CD400182FD,Scenario,实验室研究,实验室研究,company-info_with_url.xlsx,Scenario
SCN_89BC5EE2663B,Scenario,腐蚀介质分离）。,腐蚀介质分离）。,company-info_with_url.xlsx,Scenario
SUP_18C62F1B57A9,Supplier,聚酰亚胺薄膜原材料供应商,聚酰亚胺薄膜原材料供应商,company-info_with_url.xlsx,Supplier
SUP_48BEA3955C4F,Supplier,高分子材料供应商,高分子材料供应商,company-info_with_url.xlsx,Supplier
SUP_23BD3A206B54,Supplier,电子级化学品供应商,电子级化学品供应商,company-info_with_url.xlsx,Supplier
PROD_8DDF6D13B174,Product,生物质法二氧化硅（负碳技术产线）,生物质法二氧化硅（负碳技术产线）,company-info_with_url.xlsx,Product
CAP_B7AEBD631F98,Capability,全球首条碳中和方法制备二氧化硅产线,全球首条碳中和方法制备二氧化硅产线,company-info_with_url.xlsx,Capability
CAP_955503DEAC16,Capability,采用生物质（稻壳,采用生物质（稻壳,company-info_with_url.xlsx,Capability
CAP_B86C8897C1B6,Capability,秸秆）-二氧化碳法生产二氧化硅。技术为全球领先的负碳技术,秸秆）-二氧化碳法生产二氧化硅。技术为全球领先的负碳技术,company-info_with_url.xlsx,Capability
CAP_0530EA9FE906,Capability,利用稻壳灰和氢氧化钠反应生成硅酸钠,利用稻壳灰和氢氧化钠反应生成硅酸钠,company-info_with_url.xlsx,Capability
CAP_2F8655312335,Capability,再与二氧化碳反应生成二氧化硅和副产品碳酸钠及活性炭,再与二氧化碳反应生成二氧化硅和副产品碳酸钠及活性炭,company-info_with_url.xlsx,Capability
IND_067261B95FFC,Industry,轮胎,轮胎,company-info_with_url.xlsx,Industry
IND_1D79B54E8196,Industry,鞋材,鞋材,company-info_with_url.xlsx,Industry
IND_FBCAA5F9E55B,Industry,涂料,涂料,company-info_with_url.xlsx,Industry
IND_6A23141845FF,Industry,牙膏,牙膏,company-info_with_url.xlsx,Industry
IND_D57D295892FE,Industry,纸张,纸张,company-info_with_url.xlsx,Industry
IND_B06E910AA25D,Industry,饲料,饲料,company-info_with_url.xlsx,Industry
IND_82684738322E,Industry,硅橡胶,硅橡胶,company-info_with_url.xlsx,Industry
IND_01676938EBFD,Industry,兽药饲料,兽药饲料,company-info_with_url.xlsx,Industry
IND_A5394DE5CF78,Industry,食药妆,食药妆,company-info_with_url.xlsx,Industry
IND_CD780C9FB53F,Industry,催化剂载体,催化剂载体,company-info_with_url.xlsx,Industry
IND_5398A716DACB,Industry,开口剂,开口剂,company-info_with_url.xlsx,Industry
IND_4282E8AAACF6,Industry,防锈颜料,防锈颜料,company-info_with_url.xlsx,Industry
IND_D0214741A5A7,Industry,消光剂,消光剂,company-info_with_url.xlsx,Industry
IND_2EE132694A21,Industry,吸附剂,吸附剂,company-info_with_url.xlsx,Industry
IND_5DA5B05FA651,Industry,口腔护理添加剂等多个领域。,口腔护理添加剂等多个领域。,company-info_with_url.xlsx,Industry
SCN_B43EFCDC563A,Scenario,轮胎（作为补强剂,轮胎（作为补强剂,company-info_with_url.xlsx,Scenario
SCN_A6AC917360D7,Scenario,填充剂,填充剂,company-info_with_url.xlsx,Scenario
SCN_D1194153DF4C,Scenario,用于降低滚动阻力）,用于降低滚动阻力）,company-info_with_url.xlsx,Scenario
SCN_BE4FB2FCB9F5,Scenario,鞋材（补强剂,鞋材（补强剂,company-info_with_url.xlsx,Scenario
SCN_6A2701AD6318,Scenario,填充剂）,填充剂）,company-info_with_url.xlsx,Scenario
SCN_53720BB0394B,Scenario,涂料,涂料,company-info_with_url.xlsx,Scenario
SCN_C5D695462024,Scenario,牙膏（摩擦剂）,牙膏（摩擦剂）,company-info_with_url.xlsx,Scenario
SCN_28406E394149,Scenario,纸张,纸张,company-info_with_url.xlsx,Scenario
SCN_300CD7C9B954,Scenario,饲料（载体）,饲料（载体）,company-info_with_url.xlsx,Scenario
SCN_7042A5158EA3,Scenario,硅橡胶（补强剂）等。,硅橡胶（补强剂）等。,company-info_with_url.xlsx,Scenario
SUP_C6372747B25B,Supplier,硅纳米材料原材料供应商,硅纳米材料原材料供应商,company-info_with_url.xlsx,Supplier
SUP_53AF627305F9,Supplier,化学气相沉积设备供应商,化学气相沉积设备供应商,company-info_with_url.xlsx,Supplier
PROD_9100400B8F4B,Product,2. AI智能体（融合物理机制与机器学习,2. ai智能体（融合物理机制与机器学习,company-info_with_url.xlsx,Product
PROD_4B551C6F48E0,Product,可自动调用120+个经过实验验证的理论模型）,可自动调用120+个经过实验验证的理论模型）,company-info_with_url.xlsx,Product
CAP_28D4053CB45B,Capability,1. 全球首个百万级真实材料大数据平台（覆盖催化,1. 全球首个百万级真实材料大数据平台（覆盖催化,company-info_with_url.xlsx,Capability
CAP_49F16B2E208E,Capability,电池,电池,company-info_with_url.xlsx,Capability
CAP_3C3647F2DA6C,Capability,半导体,半导体,company-info_with_url.xlsx,Capability
CAP_2870AA9D8860,Capability,热电,热电,company-info_with_url.xlsx,Capability
CAP_C85CBA598514,Capability,超导等领域）,超导等领域）,company-info_with_url.xlsx,Capability
CAP_724A1E782E5C,Capability,3. 全自动实验室（高通量实验验证与闭环反馈算法）,3. 全自动实验室（高通量实验验证与闭环反馈算法）,company-info_with_url.xlsx,Capability
IND_C88C0B20316B,Industry,催化材料,催化材料,company-info_with_url.xlsx,Industry
IND_91B5F96DA9DC,Industry,能源材料,能源材料,company-info_with_url.xlsx,Industry
IND_E27468580E2F,Industry,氢能,氢能,company-info_with_url.xlsx,Industry
IND_6A997DD9F855,Industry,碳固定,碳固定,company-info_with_url.xlsx,Industry
IND_D49FD1CAD8FC,Industry,固态电池,固态电池,company-info_with_url.xlsx,Industry
IND_D2909D408371,Industry,光伏材料,光伏材料,company-info_with_url.xlsx,Industry
IND_CA6B81B8B7FB,Industry,环保材料,环保材料,company-info_with_url.xlsx,Industry
IND_DCBF5E107521,Industry,热电,热电,company-info_with_url.xlsx,Industry
IND_52D0620A511A,Industry,超导等新材料研发领域。,超导等新材料研发领域。,company-info_with_url.xlsx,Industry
SCN_B76FCD1E8F23,Scenario,1. 定制化材料设计与合成方案包（帮助企业进行发展方向决策,1. 定制化材料设计与合成方案包（帮助企业进行发展方向决策,company-info_with_url.xlsx,Scenario
SCN_372854DD83D7,Scenario,降低研发成本和耗时）,降低研发成本和耗时）,company-info_with_url.xlsx,Scenario
SCN_4A929F0194EE,Scenario,2. 定制化专有数据库（提供最新,2. 定制化专有数据库（提供最新,company-info_with_url.xlsx,Scenario
SCN_E606319C2418,Scenario,可靠,可靠,company-info_with_url.xlsx,Scenario
SCN_07898EDFD426,Scenario,海量的信息支持,海量的信息支持,company-info_with_url.xlsx,Scenario
SCN_A4D615B2CEE4,Scenario,含数据可视化与分析平台）。,含数据可视化与分析平台）。,company-info_with_url.xlsx,Scenario
SUP_64C1283CCC9F,Supplier,先进复合材料供应商,先进复合材料供应商,company-info_with_url.xlsx,Supplier
DEM_6FB35A804462,DemandTag,依托材料国家实验室（苏州）的资源,依托材料国家实验室（苏州）的资源,company-info_with_url.xlsx,DemandTag
DEM_8C7A1A66FF82,DemandTag,包括：项目经费支持,包括：项目经费支持,company-info_with_url.xlsx,DemandTag
DEM_897C49AA2475,DemandTag,人才经费支持,人才经费支持,company-info_with_url.xlsx,DemandTag
DEM_8C75B041DF16,DemandTag,科研经费支持,科研经费支持,company-info_with_url.xlsx,DemandTag
DEM_ED1D1BD856FF,DemandTag,高通量合成平台,高通量合成平台,company-info_with_url.xlsx,DemandTag
DEM_AAA58CADC1AD,DemandTag,自动合成实验室,自动合成实验室,company-info_with_url.xlsx,DemandTag
DEM_530B8546021B,DemandTag,世界顶级算力,世界顶级算力,company-info_with_url.xlsx,DemandTag
DEM_19F3858D34F5,DemandTag,顶级实验表征设备。,顶级实验表征设备。,company-info_with_url.xlsx,DemandTag
PROD_DBB7BFAE3E55,Product,锌基水系电池（安全储能电池）,锌基水系电池（安全储能电池）,company-info_with_url.xlsx,Product
CAP_20C98202ADBE,Capability,安全水系电池（锌基水系电池）,安全水系电池（锌基水系电池）,company-info_with_url.xlsx,Capability
CAP_1927A3A1ABB5,Capability,基于介孔材料技术,基于介孔材料技术,company-info_with_url.xlsx,Capability
CAP_E852A1ADCDE9,Capability,具备不燃烧,具备不燃烧,company-info_with_url.xlsx,Capability
CAP_49AD3ED19E47,Capability,不爆炸,不爆炸,company-info_with_url.xlsx,Capability
CAP_FF1B8B183F05,Capability,超温宽,超温宽,company-info_with_url.xlsx,Capability
CAP_A8CE412CF914,Capability,高功率等特点,高功率等特点,company-info_with_url.xlsx,Capability
IND_FB28899156F7,Industry,AI算力中的算力能源领域,ai算力中的算力能源领域,company-info_with_url.xlsx,Industry
IND_CDFD0DEEA934,Industry,具体为数据中心储能。,具体为数据中心储能。,company-info_with_url.xlsx,Industry
SCN_5AEDF1E72C1B,Scenario,数据中心储能系统,数据中心储能系统,company-info_with_url.xlsx,Scenario
SCN_CF27453B9A02,Scenario,用于平抑负荷,用于平抑负荷,company-info_with_url.xlsx,Scenario
SCN_CE803CC5D770,Scenario,调峰填谷,调峰填谷,company-info_with_url.xlsx,Scenario
SCN_04473F2DF80E,Scenario,应急备电。,应急备电。,company-info_with_url.xlsx,Scenario
SUP_5B0455B72C3E,Supplier,氢能燃料电池核心材料供应商,氢能燃料电池核心材料供应商,company-info_with_url.xlsx,Supplier
SUP_DECCFC81B6A7,Supplier,铂碳催化剂供应商,铂碳催化剂供应商,company-info_with_url.xlsx,Supplier
PROD_66B565925D74,Product,上海阿泰克生物 - ATTEC自噬-溶酶体靶向蛋白降解药物,上海阿泰克生物 - attec自噬-溶酶体靶向蛋白降解药物,company-info_with_url.xlsx,Product
PROD_0EBFF3B5B810,Product,新一代蛋白降解药物,新一代蛋白降解药物,company-info_with_url.xlsx,Product
CAP_3103CA0E3BF6,Capability,ATTEC蛋白自噬降解技术（源自复旦大学Nature论文）,attec蛋白自噬降解技术（源自复旦大学nature论文）,company-info_with_url.xlsx,Capability
SCN_391C91255E91,Scenario,针对帕金森病的药物ACTN1001,针对帕金森病的药物actn1001,company-info_with_url.xlsx,Scenario
SUP_B04B3327DF7E,Supplier,细胞治疗原材料供应商,细胞治疗原材料供应商,company-info_with_url.xlsx,Supplier
SUP_B348B7A9B745,Supplier,培养基供应商,培养基供应商,company-info_with_url.xlsx,Supplier
PROD_5B3638401801,Product,SynNeogen®技术平台,synneogen®技术平台,company-info_with_url.xlsx,Product
PROD_89D1DFCDA8D4,Product,一种全球首创的异源人工改造Fc嵌合分子疫苗平台,一种全球首创的异源人工改造fc嵌合分子疫苗平台,company-info_with_url.xlsx,Product
PROD_A80D96FEE822,Product,用于开发治疗性,用于开发治疗性,company-info_with_url.xlsx,Product
PROD_F75AA656B4CA,Product,预防性疫苗。平台支持开发针对病毒和肿瘤抗原的特异性免疫疗法,预防性疫苗。平台支持开发针对病毒和肿瘤抗原的特异性免疫疗法,company-info_with_url.xlsx,Product
PROD_6AFADF0B6C7B,Product,具体产品SN2001（慢性乙肝,具体产品sn2001（慢性乙肝,company-info_with_url.xlsx,Product
PROD_EFABF068F26B,Product,丁肝）,丁肝）,company-info_with_url.xlsx,Product
PROD_836C8AB91534,Product,SN3001C（前列腺癌）,sn3001c（前列腺癌）,company-info_with_url.xlsx,Product
PROD_EC02AB5093C6,Product,SN3004（卵巢癌）,sn3004（卵巢癌）,company-info_with_url.xlsx,Product
PROD_BB07E2F161D4,Product,SN3005（胰腺癌）,sn3005（胰腺癌）,company-info_with_url.xlsx,Product
PROD_141DA923D3F6,Product,SN2009A,sn2009a,company-info_with_url.xlsx,Product
PROD_B800CCBB763D,Product,B,b,company-info_with_url.xlsx,Product
PROD_AA04DDC21ED5,Product,AB（HPV宫颈癌）等,ab（hpv宫颈癌）等,company-info_with_url.xlsx,Product
CAP_FB6F8246A9ED,Capability,SynNeogen异源人工改造Fc嵌合分子疫苗平台,synneogen异源人工改造fc嵌合分子疫苗平台,company-info_with_url.xlsx,Capability
IND_8553D25EF2F4,Industry,具体为创新免疫疗法领域,具体为创新免疫疗法领域,company-info_with_url.xlsx,Industry
IND_79D50F8B493D,Industry,专注于难治性传染病和抗肿瘤治疗。,专注于难治性传染病和抗肿瘤治疗。,company-info_with_url.xlsx,Industry
SCN_2B600F4D6043,Scenario,用于治疗慢性乙肝,用于治疗慢性乙肝,company-info_with_url.xlsx,Scenario
SCN_1078D7682B6E,Scenario,丁肝,丁肝,company-info_with_url.xlsx,Scenario
SCN_B7C4674A8C02,Scenario,前列腺癌,前列腺癌,company-info_with_url.xlsx,Scenario
SCN_0B1FC8C58AEC,Scenario,卵巢癌,卵巢癌,company-info_with_url.xlsx,Scenario
SCN_777E5E23EBE3,Scenario,胰腺癌,胰腺癌,company-info_with_url.xlsx,Scenario
SCN_FD7278ACB398,Scenario,HPV宫颈癌等难治性肿瘤和传染病。,hpv宫颈癌等难治性肿瘤和传染病。,company-info_with_url.xlsx,Scenario
SUP_F75F69D9B38E,Supplier,疫苗佐剂原材料供应商,疫苗佐剂原材料供应商,company-info_with_url.xlsx,Supplier
SUP_114389FDF745,Supplier,生物反应袋供应商,生物反应袋供应商,company-info_with_url.xlsx,Supplier
SUP_4529717D1C1D,Supplier,纯化填料供应商,纯化填料供应商,company-info_with_url.xlsx,Supplier
DEM_1C90FA787B43,DemandTag,资金。融资目的是基于已有的积极数据,资金。融资目的是基于已有的积极数据,company-info_with_url.xlsx,DemandTag
DEM_5BDCB20B50B2,DemandTag,补充资金,补充资金,company-info_with_url.xlsx,DemandTag
DEM_AE6109A4A641,DemandTag,加速首发两个产品的临床试验,加速首发两个产品的临床试验,company-info_with_url.xlsx,DemandTag
DEM_1B69D3A25F98,DemandTag,扩大入组患者数量,扩大入组患者数量,company-info_with_url.xlsx,DemandTag
DEM_D08AB0A075B0,DemandTag,尽快获得有统计学意义的药效数据。,尽快获得有统计学意义的药效数据。,company-info_with_url.xlsx,DemandTag
PROD_7A2459E3D244,Product,毫米波人体安检技术,毫米波人体安检技术,company-info_with_url.xlsx,Product
PROD_E738B94F8F05,Product,毫米波芯片设计制造,毫米波芯片设计制造,company-info_with_url.xlsx,Product
PROD_67E2E0300051,Product,毫米波成像算法,毫米波成像算法,company-info_with_url.xlsx,Product
PROD_7DE1F425DD6E,Product,自动违禁品识别算法,自动违禁品识别算法,company-info_with_url.xlsx,Product
CAP_C0B525B31427,Capability,毫米波人体安检技术,毫米波人体安检技术,company-info_with_url.xlsx,Capability
IND_99B420705B07,Industry,安检,安检,company-info_with_url.xlsx,Industry
SCN_85895D3C9062,Scenario,人体安检,人体安检,company-info_with_url.xlsx,Scenario
SUP_6AABBA3EB55F,Supplier,毫米波雷达芯片供应商,毫米波雷达芯片供应商,company-info_with_url.xlsx,Supplier
PROD_077A2F3C7DE3,Product,轻手游发行核心优势：专注发行轻手游,轻手游发行核心优势：专注发行轻手游,company-info_with_url.xlsx,Product
PROD_34EC753BA1A8,Product,有一套系统化的单机发行模式,有一套系统化的单机发行模式,company-info_with_url.xlsx,Product
CAP_36262299FB7D,Capability,成熟的三网包技术,成熟的三网包技术,company-info_with_url.xlsx,Capability
CAP_F1E0894DFBFD,Capability,成熟的本地化技术,成熟的本地化技术,company-info_with_url.xlsx,Capability
CAP_745571F3F882,Capability,游戏机型适配的技术,游戏机型适配的技术,company-info_with_url.xlsx,Capability
CAP_26A46324F758,Capability,分享活动SDK社区平台为玩家提供游戏攻略,分享活动sdk社区平台为玩家提供游戏攻略,company-info_with_url.xlsx,Capability
CAP_03BFB966F6FF,Capability,分享,分享,company-info_with_url.xlsx,Capability
CAP_16BBC36E2564,Capability,交流,交流,company-info_with_url.xlsx,Capability
CAP_23035D1539E5,Capability,互动,互动,company-info_with_url.xlsx,Capability
CAP_93573A0FD079,Capability,获取用户大数据收集分析,获取用户大数据收集分析,company-info_with_url.xlsx,Capability
CAP_B7437AED6F03,Capability,做精细化运营,做精细化运营,company-info_with_url.xlsx,Capability
IND_1C10BC0C32BF,Industry,移动互联网手机游戏行业,移动互联网手机游戏行业,company-info_with_url.xlsx,Industry
IND_D03A87977783,Industry,具体为轻度手机游戏的发行和手游社区业务。,具体为轻度手机游戏的发行和手游社区业务。,company-info_with_url.xlsx,Industry
SCN_A90AA9268DD5,Scenario,将精品轻手游发行到各大渠道并占据用户量市场份额,将精品轻手游发行到各大渠道并占据用户量市场份额,company-info_with_url.xlsx,Scenario
SCN_F27D50B90A0E,Scenario,为渠道（如中国移动,为渠道（如中国移动,company-info_with_url.xlsx,Scenario
SCN_08B1A0D33F18,Scenario,百度,百度,company-info_with_url.xlsx,Scenario
SCN_71DAE099F77F,Scenario,腾讯等）提供产品进行联合发行,腾讯等）提供产品进行联合发行,company-info_with_url.xlsx,Scenario
SCN_BBBE89FFF13A,Scenario,与广告主合作,与广告主合作,company-info_with_url.xlsx,Scenario
SCN_A9C6A68821FD,Scenario,通过自身发行产品提升附加产品价值。,通过自身发行产品提升附加产品价值。,company-info_with_url.xlsx,Scenario
SUP_EBACE9D3668F,Supplier,数字内容制作软件供应商,数字内容制作软件供应商,company-info_with_url.xlsx,Supplier
SUP_2F31917FF320,Supplier,云服务器供应商,云服务器供应商,company-info_with_url.xlsx,Supplier
SUP_CB872B9ED328,Supplier,内容分发网络供应商,内容分发网络供应商,company-info_with_url.xlsx,Supplier
PROD_6C1230E1EECC,Product,西安蓝极医疗电子科技（待查,西安蓝极医疗电子科技（待查,company-info_with_url.xlsx,Product
CAP_6501927D03A9,Capability,医疗激光技术（未查到具体核心技术）,医疗激光技术（未查到具体核心技术）,company-info_with_url.xlsx,Capability
IND_D3C3403B1E1B,Industry,医疗激光,医疗激光,company-info_with_url.xlsx,Industry
SUP_CF14379F815E,Supplier,医用激光器核心元器件供应商,医用激光器核心元器件供应商,company-info_with_url.xlsx,Supplier
PROD_C5C80E312939,Product,酚酞基聚芳醚酮材料,酚酞基聚芳醚酮材料,company-info_with_url.xlsx,Product
CAP_0A370FA916C5,Capability,酚酞基聚芳醚酮,酚酞基聚芳醚酮,company-info_with_url.xlsx,Capability
IND_986750AAA8C6,Industry,航空航天（军用航空,航空航天（军用航空,company-info_with_url.xlsx,Industry
IND_83A82A318B9B,Industry,民用航空）,民用航空）,company-info_with_url.xlsx,Industry
IND_EE1F3D64367F,Industry,交通运输（新能源车）,交通运输（新能源车）,company-info_with_url.xlsx,Industry
IND_A83B92945FBC,Industry,能源工业（水电,能源工业（水电,company-info_with_url.xlsx,Industry
IND_A21DBD0EFF9E,Industry,核电）,核电）,company-info_with_url.xlsx,Industry
IND_A6BA1984F97D,Industry,电子信息（柔性线路板）,电子信息（柔性线路板）,company-info_with_url.xlsx,Industry
IND_2DB2F09461D3,Industry,工业领域（分离膜,工业领域（分离膜,company-info_with_url.xlsx,Industry
IND_E0F4CA3BED65,Industry,模压制品）,模压制品）,company-info_with_url.xlsx,Industry
SCN_207AC86ED0B2,Scenario,环氧树脂,环氧树脂,company-info_with_url.xlsx,Scenario
SCN_64A7A300FE74,Scenario,双马树脂增韧剂（用于飞机预浸料）,双马树脂增韧剂（用于飞机预浸料）,company-info_with_url.xlsx,Scenario
SCN_0D44E6359D39,Scenario,半成品棒材,半成品棒材,company-info_with_url.xlsx,Scenario
SCN_1E5D4337A5BF,Scenario,板,板,company-info_with_url.xlsx,Scenario
SCN_09E94E079E91,Scenario,丝,丝,company-info_with_url.xlsx,Scenario
SCN_F2122B0A76DC,Scenario,膜,膜,company-info_with_url.xlsx,Scenario
SCN_E8F7AFE85EA9,Scenario,工业污水处理管式分离膜,工业污水处理管式分离膜,company-info_with_url.xlsx,Scenario
SCN_54356AC09634,Scenario,水电轴承轴瓦涂层,水电轴承轴瓦涂层,company-info_with_url.xlsx,Scenario
SCN_199254B63B3B,Scenario,热塑性预浸料（汽车,热塑性预浸料（汽车,company-info_with_url.xlsx,Scenario
SCN_892516377830,Scenario,体育休闲）,体育休闲）,company-info_with_url.xlsx,Scenario
SCN_CA9FAA0973BB,Scenario,FPC柔性线路板基膜,fpc柔性线路板基膜,company-info_with_url.xlsx,Scenario
SUP_6F8D53D28CDE,Supplier,聚芳醚酮,聚芳醚酮,company-info_with_url.xlsx,Supplier
SUP_FCC63D0EBAC6,Supplier,PEEK原材料供应商,peek原材料供应商,company-info_with_url.xlsx,Supplier
SUP_70B0D7FA367C,Supplier,电子级化学品供应商（详细供应商暂无公开信息）,电子级化学品供应商（详细供应商暂无公开信息）,company-info_with_url.xlsx,Supplier
PROD_88DB22663746,Product,全钒液流电池系统,全钒液流电池系统,company-info_with_url.xlsx,Product
PROD_3582364C5DB1,Product,核心亮点是工业化产品的电流密度达到了400mA,核心亮点是工业化产品的电流密度达到了400ma,company-info_with_url.xlsx,Product
PROD_7046A6513A9A,Product,cm2,cm2,company-info_with_url.xlsx,Product
PROD_E1A24DF1A8F4,Product,产品的循环寿命超过20,产品的循环寿命超过20,company-info_with_url.xlsx,Product
PROD_8400F32569BC,Product,000次,000次,company-info_with_url.xlsx,Product
PROD_D8B325661FE6,Product,同功率产品的体积小于同类竞品至少30%。储备技术有机液流电池系统技术,同功率产品的体积小于同类竞品至少30%。储备技术有机液流电池系统技术,company-info_with_url.xlsx,Product
CAP_C50CEB95BFB7,Capability,全钒液流电池系统,全钒液流电池系统,company-info_with_url.xlsx,Capability
IND_E403541B48E7,Industry,长时储能领域,长时储能领域,company-info_with_url.xlsx,Industry
SCN_1FCD123DDCF3,Scenario,长时储能,长时储能,company-info_with_url.xlsx,Scenario
SCN_19F03E05B25D,Scenario,用于解决可再生能源（风电,用于解决可再生能源（风电,company-info_with_url.xlsx,Scenario
SCN_E8FC46C949FD,Scenario,光伏）发电的日内,光伏）发电的日内,company-info_with_url.xlsx,Scenario
SCN_B171C07EE0DF,Scenario,周内,周内,company-info_with_url.xlsx,Scenario
SCN_9734A124F732,Scenario,月内波动性问题。,月内波动性问题。,company-info_with_url.xlsx,Scenario
SUP_61FA8691135D,Supplier,锂电池回收材料供应商,锂电池回收材料供应商,company-info_with_url.xlsx,Supplier
SUP_D112E57134B4,Supplier,废旧电池拆解设备供应商,废旧电池拆解设备供应商,company-info_with_url.xlsx,Supplier
PROD_C8C83553F4E4,Product,专注于CNS新药研发,专注于cns新药研发,company-info_with_url.xlsx,Product
PROD_F2E4449AD0FB,Product,布局多款小分子靶向治疗药物。核心技术NeuGem TM平台（波士顿,布局多款小分子靶向治疗药物。核心技术neugem tm平台（波士顿,company-info_with_url.xlsx,Product
PROD_D315EAD4517C,Product,全球商务合作和临床开发）,全球商务合作和临床开发）,company-info_with_url.xlsx,Product
PROD_AB0E909F74A6,Product,NeuChime TM平台（上海,neuchime tm平台（上海,company-info_with_url.xlsx,Product
PROD_7DA6EA9236CF,Product,研发中心）。核心产品管线NS-136（mAChR4 PAM,研发中心）。核心产品管线ns-136（machr4 pam,company-info_with_url.xlsx,Product
PROD_4A641676CC4F,Product,适应症为精神分裂症,适应症为精神分裂症,company-info_with_url.xlsx,Product
PROD_C0FAE137F7CD,Product,阿尔茨海默病的精神症状）,阿尔茨海默病的精神症状）,company-info_with_url.xlsx,Product
PROD_FFE8D11F726B,Product,NS-087（M4 PAM,ns-087（m4 pam,company-info_with_url.xlsx,Product
PROD_83EC0F1E7125,Product,back-up）,back-up）,company-info_with_url.xlsx,Product
PROD_D8A01D9EA027,Product,NS-041（KCNQ2,ns-041（kcnq2,company-info_with_url.xlsx,Product
PROD_2D6595112BF4,Product,3激活,3激活,company-info_with_url.xlsx,Product
PROD_9CFAA8B136A7,Product,适应症为抑郁症,适应症为抑郁症,company-info_with_url.xlsx,Product
PROD_5490DB77141E,Product,癫痫）,癫痫）,company-info_with_url.xlsx,Product
PROD_656C76DB1230,Product,NS-015（神经可塑性调节,ns-015（神经可塑性调节,company-info_with_url.xlsx,Product
PROD_037155DA23EE,Product,适应症为难治性抑郁症）,适应症为难治性抑郁症）,company-info_with_url.xlsx,Product
PROD_9A54244D59DD,Product,NS-031（NMDAR,ns-031（nmdar,company-info_with_url.xlsx,Product
PROD_A1852E4C4D51,Product,NS-050（神经炎症,ns-050（神经炎症,company-info_with_url.xlsx,Product
PROD_5551FA653958,Product,适应症为阿尔兹海默症,适应症为阿尔兹海默症,company-info_with_url.xlsx,Product
PROD_CDBA8EEB82A6,Product,帕金森病）,帕金森病）,company-info_with_url.xlsx,Product
PROD_7F72AD4E9077,Product,NS-022（抑制Tau蛋白聚集,ns-022（抑制tau蛋白聚集,company-info_with_url.xlsx,Product
CAP_FBF69F32C8C9,Capability,CNS新药研发,cns新药研发,company-info_with_url.xlsx,Capability
CAP_65E6FAF2BF43,Capability,小分子靶向药物设计,小分子靶向药物设计,company-info_with_url.xlsx,Capability
IND_101D0098B83C,Industry,具体为中枢神经系统（CNS）疾病治疗药物研发。,具体为中枢神经系统（cns）疾病治疗药物研发。,company-info_with_url.xlsx,Industry
SCN_C870DE0D2B69,Scenario,用于治疗中枢神经系统疾病,用于治疗中枢神经系统疾病,company-info_with_url.xlsx,Scenario
SCN_179C5DE6CFBF,Scenario,包括精神分裂症,包括精神分裂症,company-info_with_url.xlsx,Scenario
SCN_1AD8350FDAEB,Scenario,阿尔茨海默病,阿尔茨海默病,company-info_with_url.xlsx,Scenario
SCN_888BE5962EF5,Scenario,抑郁症,抑郁症,company-info_with_url.xlsx,Scenario
SCN_9DCA98AE5BC1,Scenario,癫痫,癫痫,company-info_with_url.xlsx,Scenario
SCN_A8C6C9EA22BD,Scenario,帕金森病等。,帕金森病等。,company-info_with_url.xlsx,Scenario
SUP_44B3A634CDFB,Supplier,基因治疗载体供应商,基因治疗载体供应商,company-info_with_url.xlsx,Supplier
SUP_92A5BB56ACE9,Supplier,病毒纯化试剂供应商,病毒纯化试剂供应商,company-info_with_url.xlsx,Supplier
DEM_B0FFB7E22AB9,DemandTag,融资。本轮（PDF撰写时）融资方案为融资额3000万美元,融资。本轮（pdf撰写时）融资方案为融资额3000万美元,company-info_with_url.xlsx,DemandTag
DEM_48DAACE512C2,DemandTag,出让33.33%,出让33.33%,company-info_with_url.xlsx,DemandTag
DEM_B1411C16C227,DemandTag,投前估值6000万美元。,投前估值6000万美元。,company-info_with_url.xlsx,DemandTag
PROD_74334A37794A,Product,光电子芯片与器件中试服务,光电子芯片与器件中试服务,company-info_with_url.xlsx,Product
PROD_CA66FD307B8A,Product,工艺开发服务,工艺开发服务,company-info_with_url.xlsx,Product
PROD_5A5EDB163BE1,Product,封装测试服务,封装测试服务,company-info_with_url.xlsx,Product
PROD_5BC8516B4CF9,Product,共性技术平台服务,共性技术平台服务,company-info_with_url.xlsx,Product
PROD_7BB5405FF14A,Product,部分光电子器件产品,部分光电子器件产品,company-info_with_url.xlsx,Product
CAP_8DFCFE25EBFC,Capability,光电子共性技术平台,光电子共性技术平台,company-info_with_url.xlsx,Capability
CAP_A26426B73BF9,Capability,化合物半导体工艺,化合物半导体工艺,company-info_with_url.xlsx,Capability
CAP_4DC963BC4E0A,Capability,硅光,硅光,company-info_with_url.xlsx,Capability
CAP_EE3C070DBE62,Capability,光通信器件,光通信器件,company-info_with_url.xlsx,Capability
CAP_A9C17692CF31,Capability,微纳加工,微纳加工,company-info_with_url.xlsx,Capability
CAP_02EBF0E6F9FB,Capability,封装测试,封装测试,company-info_with_url.xlsx,Capability
CAP_2F27CE38AA90,Capability,中试转化平台能力,中试转化平台能力,company-info_with_url.xlsx,Capability
IND_6485B891A057,Industry,激光器件,激光器件,company-info_with_url.xlsx,Industry
IND_0B8310983C4E,Industry,传感探测,传感探测,company-info_with_url.xlsx,Industry
IND_5817C1CD3494,Industry,集成电路辅助工艺,集成电路辅助工艺,company-info_with_url.xlsx,Industry
IND_3C31DC4B9D8D,Industry,科研转化,科研转化,company-info_with_url.xlsx,Industry
SCN_235123DCE5F1,Scenario,工艺验证,工艺验证,company-info_with_url.xlsx,Scenario
SCN_B47DDD0AFAEE,Scenario,中试生产,中试生产,company-info_with_url.xlsx,Scenario
SCN_160796BC4308,Scenario,样品试制,样品试制,company-info_with_url.xlsx,Scenario
SCN_A9F9CFC241B1,Scenario,封装测试,封装测试,company-info_with_url.xlsx,Scenario
SCN_665B923AFA8F,Scenario,技术孵化,技术孵化,company-info_with_url.xlsx,Scenario
SCN_31AC5BA0DA6D,Scenario,成果转化,成果转化,company-info_with_url.xlsx,Scenario
CUS_9796A3E74DF3,Customer,以科研院所,以科研院所,company-info_with_url.xlsx,Customer
CUS_2292244CA770,Customer,初创企业,初创企业,company-info_with_url.xlsx,Customer
CUS_0C463F49A4ED,Customer,产业公司为主,产业公司为主,company-info_with_url.xlsx,Customer
CUS_CFE8969F67A0,Customer,具体客户名单公开有限,具体客户名单公开有限,company-info_with_url.xlsx,Customer
SUP_B77BD7BA7BD5,Supplier,上游可能包括半导体材料,上游可能包括半导体材料,company-info_with_url.xlsx,Supplier
SUP_C8FDE9A0D332,Supplier,设备,设备,company-info_with_url.xlsx,Supplier
SUP_2D3CCB7D41B7,Supplier,工艺耗材,工艺耗材,company-info_with_url.xlsx,Supplier
SUP_713E0D9A4686,Supplier,封装测试设备供应商,封装测试设备供应商,company-info_with_url.xlsx,Supplier
SUP_E1BC3C3E243E,Supplier,公开名单有限,公开名单有限,company-info_with_url.xlsx,Supplier
DEM_F5B8C98BA421,DemandTag,优质项目源,优质项目源,company-info_with_url.xlsx,DemandTag
DEM_86AC6C6B70E6,DemandTag,产业客户导入,产业客户导入,company-info_with_url.xlsx,DemandTag
DEM_6947D43BD659,DemandTag,持续资金投入,持续资金投入,company-info_with_url.xlsx,DemandTag
DEM_6BB251E9286E,DemandTag,设备升级,设备升级,company-info_with_url.xlsx,DemandTag
DEM_0BC8E2E2D1AB,DemandTag,上下游生态合作,上下游生态合作,company-info_with_url.xlsx,DemandTag
PROD_66B81CA1851B,Product,UCglass虚拟现实眼镜,ucglass虚拟现实眼镜,company-info_with_url.xlsx,Product
CAP_C4CBCEC64DF1,Capability,虚拟现实眼镜系统“UCglass”,虚拟现实眼镜系统“ucglass”,company-info_with_url.xlsx,Capability
CAP_1F8CD37AE3EF,Capability,将体感识别技术与虚拟现实技术相结合,将体感识别技术与虚拟现实技术相结合,company-info_with_url.xlsx,Capability
IND_341442E192CD,Industry,光电游戏机,光电游戏机,company-info_with_url.xlsx,Industry
IND_C0D0DD4C0096,Industry,体感游戏机,体感游戏机,company-info_with_url.xlsx,Industry
SCN_1BF53121963E,Scenario,运动游戏,运动游戏,company-info_with_url.xlsx,Scenario
SCN_B658F571794B,Scenario,看3D IMAX电影,看3d imax电影,company-info_with_url.xlsx,Scenario
SUP_04F95C225360,Supplier,VR显示模组供应商,vr显示模组供应商,company-info_with_url.xlsx,Supplier
SUP_C74A78497BE2,Supplier,光学透镜供应商,光学透镜供应商,company-info_with_url.xlsx,Supplier
DEM_610C74929896,DemandTag,用于支付人员工资,用于支付人员工资,company-info_with_url.xlsx,DemandTag
DEM_8DC0943B8864,DemandTag,产品众筹及视频,产品众筹及视频,company-info_with_url.xlsx,DemandTag
DEM_E4E4B3B1C446,DemandTag,照片拍摄等费用,照片拍摄等费用,company-info_with_url.xlsx,DemandTag
PROD_E57C5A63141E,Product,焊线机,焊线机,company-info_with_url.xlsx,Product
PROD_6E7D73AE579B,Product,固晶机,固晶机,company-info_with_url.xlsx,Product
PROD_5B680CC57F0F,Product,晶圆级,晶圆级,company-info_with_url.xlsx,Product
PROD_93E50F936CFF,Product,板级倒装机,板级倒装机,company-info_with_url.xlsx,Product
PROD_4EEA2B32B865,Product,扇出封装固晶装备,扇出封装固晶装备,company-info_with_url.xlsx,Product
PROD_5E6AD94D6209,Product,Mini,mini,company-info_with_url.xlsx,Product
PROD_0BFECB1B0BA8,Product,MicroLED巨量转移装备,microled巨量转移装备,company-info_with_url.xlsx,Product
PROD_F597D5121608,Product,SCARA晶圆机器人。高密度焊线机（ARROW IC）,scara晶圆机器人。高密度焊线机（arrow ic）,company-info_with_url.xlsx,Product
PROD_C717876F6688,Product,晶圆级倒装装备（AFC300WL）,晶圆级倒装装备（afc300wl）,company-info_with_url.xlsx,Product
PROD_7548CAA9FD35,Product,板级贴片设备（AD600PLP）,板级贴片设备（ad600plp）,company-info_with_url.xlsx,Product
PROD_AF634D777742,Product,高精度倒装,高精度倒装,company-info_with_url.xlsx,Product
PROD_2C9B9DD72B24,Product,固晶机（AFC100P）,固晶机（afc100p）,company-info_with_url.xlsx,Product
PROD_526E9262120E,Product,MicroLED巨量转移设备（AD600MT）等,microled巨量转移设备（ad600mt）等,company-info_with_url.xlsx,Product
CAP_D2BD6D011344,Capability,焊线机,焊线机,company-info_with_url.xlsx,Capability
CAP_BF6F23E2C742,Capability,固晶机等半导体封装装备,固晶机等半导体封装装备,company-info_with_url.xlsx,Capability
CAP_0C5FCF50549C,Capability,Mini,mini,company-info_with_url.xlsx,Capability
CAP_490E7F4CEAE4,Capability,MicroLED巨量转移技术,microled巨量转移技术,company-info_with_url.xlsx,Capability
IND_6FD46D1748C9,Industry,半导体封装,半导体封装,company-info_with_url.xlsx,Industry
IND_BA0FD4540D49,Industry,LED封装,led封装,company-info_with_url.xlsx,Industry
IND_C30F7CC02799,Industry,集成电路封装,集成电路封装,company-info_with_url.xlsx,Industry
IND_850D5E3F372E,Industry,Mini,mini,company-info_with_url.xlsx,Industry
IND_A090A8F5BE36,Industry,MicroLED显示制造。,microled显示制造。,company-info_with_url.xlsx,Industry
SCN_FA973F4FABCE,Scenario,半导体LED,半导体led,company-info_with_url.xlsx,Scenario
SCN_9468F7ABEA0A,Scenario,IC集成电路等产品的焊线封装流程,ic集成电路等产品的焊线封装流程,company-info_with_url.xlsx,Scenario
SCN_1104FCF39802,Scenario,晶圆级,晶圆级,company-info_with_url.xlsx,Scenario
SCN_EC01C00DDB66,Scenario,板级先进封装,板级先进封装,company-info_with_url.xlsx,Scenario
SCN_BAD3D2184FEB,Scenario,Mini,mini,company-info_with_url.xlsx,Scenario
SCN_9741FCCE1337,Scenario,MicroLED巨量转移。,microled巨量转移。,company-info_with_url.xlsx,Scenario
SUP_5D3E82F3264C,Supplier,半导体设备精密零部件供应商,半导体设备精密零部件供应商,company-info_with_url.xlsx,Supplier
SUP_6F4E4DA7E4DC,Supplier,加热器供应商,加热器供应商,company-info_with_url.xlsx,Supplier
PROD_B8A6AA1ED622,Product,3D摄像头衍射光学元件(DOE),3d摄像头衍射光学元件(doe),company-info_with_url.xlsx,Product
PROD_4564A4EF0072,Product,AR眼镜SRG光波导器件,ar眼镜srg光波导器件,company-info_with_url.xlsx,Product
PROD_D93E7255FE9B,Product,阵列光通信器件,阵列光通信器件,company-info_with_url.xlsx,Product
CAP_2BDE6FDA4450,Capability,纳米压印技术,纳米压印技术,company-info_with_url.xlsx,Capability
CAP_857FDC8657B8,Capability,晶圆级光学WLO制造技术,晶圆级光学wlo制造技术,company-info_with_url.xlsx,Capability
CAP_7B6CD279E98E,Capability,主要产品有3D摄像头用的衍射光学元件DOE,主要产品有3d摄像头用的衍射光学元件doe,company-info_with_url.xlsx,Capability
CAP_9F06E523CDB9,Capability,增强现实眼镜的SRG光波导器件,增强现实眼镜的srg光波导器件,company-info_with_url.xlsx,Capability
CAP_41F48B9DC806,Capability,以及阵列光通信器件等,以及阵列光通信器件等,company-info_with_url.xlsx,Capability
IND_E7A6F1EDE1BF,Industry,光电科技,光电科技,company-info_with_url.xlsx,Industry
IND_7D3334E63C67,Industry,软件科技,软件科技,company-info_with_url.xlsx,Industry
IND_5D8EE60B9939,Industry,智能科技领域,智能科技领域,company-info_with_url.xlsx,Industry
IND_41B3C731BB94,Industry,具体应用于3D成像,具体应用于3d成像,company-info_with_url.xlsx,Industry
IND_59951A11B5EF,Industry,增强现实（AR）眼镜,增强现实（ar）眼镜,company-info_with_url.xlsx,Industry
IND_D2DB4FDA2C2A,Industry,光通信等领域。,光通信等领域。,company-info_with_url.xlsx,Industry
SCN_9D4BEE836250,Scenario,3D摄像头,3d摄像头,company-info_with_url.xlsx,Scenario
SCN_AE3A132B675D,Scenario,增强现实（AR）眼镜,增强现实（ar）眼镜,company-info_with_url.xlsx,Scenario
SCN_FE9C204B3988,Scenario,光通信。,光通信。,company-info_with_url.xlsx,Scenario
CUS_3EC9C921ECF0,Customer,VR智能眼镜厂商,vr智能眼镜厂商,company-info_with_url.xlsx,Customer
CUS_2155CB35BB6A,Customer,手机厂商光场,手机厂商光场,company-info_with_url.xlsx,Customer
CUS_ECE7201E9107,Customer,HUD应用,hud应用,company-info_with_url.xlsx,Customer
CUS_65609DE5ADF0,Customer,累计融资近15亿元,累计融资近15亿元,company-info_with_url.xlsx,Customer
CUS_0D2CB92844AD,Customer,投资方含华为系,投资方含华为系,company-info_with_url.xlsx,Customer
CUS_1FCDBBD1B1B7,Customer,中信正业,中信正业,company-info_with_url.xlsx,Customer
CUS_DE3A281C4C23,Customer,云锋基金,云锋基金,company-info_with_url.xlsx,Customer
SUP_F231C37DFE33,Supplier,纳米压印模板供应商,纳米压印模板供应商,company-info_with_url.xlsx,Supplier
SUP_BE53D89C1750,Supplier,光学微结构原材料供应商,光学微结构原材料供应商,company-info_with_url.xlsx,Supplier
SUP_DE84E068FEC1,Supplier,晶圆级光学元件代工厂,晶圆级光学元件代工厂,company-info_with_url.xlsx,Supplier
DEM_4FDEF2B4BB9E,DemandTag,本轮融资5000万人民币,本轮融资5000万人民币,company-info_with_url.xlsx,DemandTag
DEM_09F29851C760,DemandTag,用于公司发展（具体用途见第六章,用于公司发展（具体用途见第六章,company-info_with_url.xlsx,DemandTag
DEM_101F2959A835,DemandTag,但PDF内容未提供具体细节）。,但pdf内容未提供具体细节）。,company-info_with_url.xlsx,DemandTag
PROD_BCEDF64ECE8F,Product,量子点免疫层析检测系统,量子点免疫层析检测系统,company-info_with_url.xlsx,Product
CAP_DCC4EEF10B03,Capability,量子点免疫层析检测系统,量子点免疫层析检测系统,company-info_with_url.xlsx,Capability
SUP_1C2C744F5036,Supplier,POCT诊断试剂原材料供应商,poct诊断试剂原材料供应商,company-info_with_url.xlsx,Supplier
SUP_69073FACC8C2,Supplier,荧光标记物供应商,荧光标记物供应商,company-info_with_url.xlsx,Supplier
SUP_053175E1B206,Supplier,硝酸纤维素膜供应商,硝酸纤维素膜供应商,company-info_with_url.xlsx,Supplier
PROD_1E6728EEFFB5,Product,MEMS液体流量传感器,mems液体流量传感器,company-info_with_url.xlsx,Product
CAP_382A3C5425C5,Capability,MEMS液体流量传感器技术,mems液体流量传感器技术,company-info_with_url.xlsx,Capability
SUP_038D974E5834,Supplier,微流控芯片原材料供应商（PDMS,微流控芯片原材料供应商（pdms,company-info_with_url.xlsx,Supplier
SUP_9B364022FCAE,Supplier,玻璃）,玻璃）,company-info_with_url.xlsx,Supplier
SUP_084BD66F1527,Supplier,微流控芯片代工厂,微流控芯片代工厂,company-info_with_url.xlsx,Supplier
SUP_64ABD8F0FD16,Supplier,精密模具供应商,精密模具供应商,company-info_with_url.xlsx,Supplier
PROD_48A188F5044C,Product,分布式驱动控制系统,分布式驱动控制系统,company-info_with_url.xlsx,Product
CAP_44314A6F5D8D,Capability,电动汽车及智能汽车的分布式驱动控制系统,电动汽车及智能汽车的分布式驱动控制系统,company-info_with_url.xlsx,Capability
CAP_8C89602B333C,Capability,车辆综合试验平台以及汽车零部件,车辆综合试验平台以及汽车零部件,company-info_with_url.xlsx,Capability
IND_979B9E125F71,Industry,电动汽车及智能汽车,电动汽车及智能汽车,company-info_with_url.xlsx,Industry
IND_83BACCDC2D6D,Industry,军用等特种行业,军用等特种行业,company-info_with_url.xlsx,Industry
SCN_D2F942033ED0,Scenario,电动汽车及智能汽车分布式驱动控制系统的设计与开发,电动汽车及智能汽车分布式驱动控制系统的设计与开发,company-info_with_url.xlsx,Scenario
SCN_EB02E9F546A6,Scenario,分布式驱动车辆实验平台的定制开发,分布式驱动车辆实验平台的定制开发,company-info_with_url.xlsx,Scenario
SCN_14591E81CB7A,Scenario,面向军用等特种行业的分布式驱动高速移动平台的研发和生产,面向军用等特种行业的分布式驱动高速移动平台的研发和生产,company-info_with_url.xlsx,Scenario
SUP_ADEDCE822C4F,Supplier,暂无公开供应商信息（建议查询官网或年报获取）,暂无公开供应商信息（建议查询官网或年报获取）,company-info_with_url.xlsx,Supplier
DEM_260B17D99A69,DemandTag,融资（本轮融资500万）,融资（本轮融资500万）,company-info_with_url.xlsx,DemandTag
PROD_68AD8286F292,Product,江苏一影医疗 - 智能术中影像设备,江苏一影医疗 - 智能术中影像设备,company-info_with_url.xlsx,Product
PROD_F08ED9E2FAA4,Product,数字化手术解决方案,数字化手术解决方案,company-info_with_url.xlsx,Product
CAP_4244C1DE6D9F,Capability,高端医疗影像技术,高端医疗影像技术,company-info_with_url.xlsx,Capability
CAP_D07FDD6B8408,Capability,数字化手术设备,数字化手术设备,company-info_with_url.xlsx,Capability
IND_01A93DB3FDEE,Industry,医学影像行业,医学影像行业,company-info_with_url.xlsx,Industry
IND_3796C6CDB99A,Industry,术中影像行业,术中影像行业,company-info_with_url.xlsx,Industry
SUP_CE5BE89988CA,Supplier,CT探测器供应商,ct探测器供应商,company-info_with_url.xlsx,Supplier
SUP_C3E57A9D6EAD,Supplier,X射线球管供应商,x射线球管供应商,company-info_with_url.xlsx,Supplier
SUP_BA9F4A656073,Supplier,医疗影像芯片供应商,医疗影像芯片供应商,company-info_with_url.xlsx,Supplier
PROD_07DADB12C3DB,Product,紫东太初大模型应用,紫东太初大模型应用,company-info_with_url.xlsx,Product
CAP_A3232A317F6D,Capability,紫东太初大模型,紫东太初大模型,company-info_with_url.xlsx,Capability
SUP_C3A7F5F6988A,Supplier,AI大模型训练服务器供应商,ai大模型训练服务器供应商,company-info_with_url.xlsx,Supplier
SUP_06680384C6D7,Supplier,GPU芯片供应商（华为昇腾,gpu芯片供应商（华为昇腾,company-info_with_url.xlsx,Supplier
SUP_2EA07B1C63E9,Supplier,英伟达）,英伟达）,company-info_with_url.xlsx,Supplier
SUP_5CDAE7390A64,Supplier,云计算平台供应商,云计算平台供应商,company-info_with_url.xlsx,Supplier
PROD_EDA61F123041,Product,调频连续波体制雷达,调频连续波体制雷达,company-info_with_url.xlsx,Product
PROD_5DE2378FF83C,Product,相控阵脉冲,相控阵脉冲,company-info_with_url.xlsx,Product
PROD_FE37986B1254,Product,连续波三坐标体制雷达,连续波三坐标体制雷达,company-info_with_url.xlsx,Product
PROD_B3F67B35A788,Product,24G,24g,company-info_with_url.xlsx,Product
PROD_3AE891BF0699,Product,W波段毫米波雷达,w波段毫米波雷达,company-info_with_url.xlsx,Product
PROD_2372B61CB8A3,Product,低空预警雷达,低空预警雷达,company-info_with_url.xlsx,Product
PROD_4C53E5820ACF,Product,场面监视雷达,场面监视雷达,company-info_with_url.xlsx,Product
PROD_6072BE942C61,Product,海空一体探测雷达,海空一体探测雷达,company-info_with_url.xlsx,Product
PROD_E9E72642FF83,Product,智能安防雷达,智能安防雷达,company-info_with_url.xlsx,Product
PROD_C9CC4048B775,Product,雷光一体智能电子哨兵雷达,雷光一体智能电子哨兵雷达,company-info_with_url.xlsx,Product
PROD_1D4685D22799,Product,无人机反制系统,无人机反制系统,company-info_with_url.xlsx,Product
PROD_846613171514,Product,机场跑道异物（FOD）智能探测系统,机场跑道异物（fod）智能探测系统,company-info_with_url.xlsx,Product
PROD_A38C370636EB,Product,要地预警防御系统,要地预警防御系统,company-info_with_url.xlsx,Product
PROD_8526C15BF26D,Product,移动式低空预警系统,移动式低空预警系统,company-info_with_url.xlsx,Product
PROD_BDF3854E2A03,Product,导引头系列,导引头系列,company-info_with_url.xlsx,Product
PROD_CAF27FA8DEDD,Product,测试系统系列。核心技术W波段毫米波雷达设计技术（国际领先）,测试系统系列。核心技术w波段毫米波雷达设计技术（国际领先）,company-info_with_url.xlsx,Product
PROD_1D3115142D9B,Product,调频连续波相控阵雷达总体技术（国内领先）,调频连续波相控阵雷达总体技术（国内领先）,company-info_with_url.xlsx,Product
PROD_8108696738EA,Product,低慢小目标处理算法技术（国内领先）,低慢小目标处理算法技术（国内领先）,company-info_with_url.xlsx,Product
PROD_CFEACF7F980D,Product,多源异构数据融合技术（国际领先）,多源异构数据融合技术（国际领先）,company-info_with_url.xlsx,Product
CAP_B69E973E408C,Capability,调频连续波雷达,调频连续波雷达,company-info_with_url.xlsx,Capability
CAP_A5938D021845,Capability,相控阵雷达,相控阵雷达,company-info_with_url.xlsx,Capability
CAP_360138549C81,Capability,毫米波雷达技术,毫米波雷达技术,company-info_with_url.xlsx,Capability
IND_3384E9EA46EF,Industry,军工（军民融合）,军工（军民融合）,company-info_with_url.xlsx,Industry
IND_3A27970C60F0,Industry,安防（要地安防,安防（要地安防,company-info_with_url.xlsx,Industry
IND_B6BCDE4BC6CF,Industry,边海防,边海防,company-info_with_url.xlsx,Industry
IND_F1AD886A8706,Industry,公共安全）,公共安全）,company-info_with_url.xlsx,Industry
IND_D2326B96EDCA,Industry,航空机场,航空机场,company-info_with_url.xlsx,Industry
IND_0CD977711981,Industry,监狱监所,监狱监所,company-info_with_url.xlsx,Industry
IND_E72DAC126477,Industry,旅游景区。,旅游景区。,company-info_with_url.xlsx,Industry
SCN_9C4A97A76E7D,Scenario,低空无人机反制,低空无人机反制,company-info_with_url.xlsx,Scenario
SCN_DE755051611B,Scenario,基地,基地,company-info_with_url.xlsx,Scenario
SCN_5D05EBEFAF23,Scenario,要地防御,要地防御,company-info_with_url.xlsx,Scenario
SCN_664CDA1A081B,Scenario,飞行安全监控,飞行安全监控,company-info_with_url.xlsx,Scenario
SCN_289A127E3EB2,Scenario,边海防监控,边海防监控,company-info_with_url.xlsx,Scenario
SCN_D3FD01CE0A36,Scenario,重要设施防护,重要设施防护,company-info_with_url.xlsx,Scenario
SCN_4A84F5AE38B7,Scenario,重要活动安保,重要活动安保,company-info_with_url.xlsx,Scenario
SCN_BF74B5C76957,Scenario,机场跑道异物探测,机场跑道异物探测,company-info_with_url.xlsx,Scenario
SCN_C718AB880546,Scenario,周界安防,周界安防,company-info_with_url.xlsx,Scenario
SCN_CB70A6916E34,Scenario,动态巡防与应急处置。,动态巡防与应急处置。,company-info_with_url.xlsx,Scenario
SUP_7A2A2F1DA922,Supplier,红外热成像探测器供应商,红外热成像探测器供应商,company-info_with_url.xlsx,Supplier
SUP_2E3732001C80,Supplier,图像处理芯片供应商,图像处理芯片供应商,company-info_with_url.xlsx,Supplier
PROD_7F9DD00CBF56,Product,中研宏科(上海) - 电力,中研宏科(上海) - 电力,company-info_with_url.xlsx,Product
PROD_07135ADF5B49,Product,机房,机房,company-info_with_url.xlsx,Product
PROD_997AFE9BC820,Product,变电站智能巡检机器人,变电站智能巡检机器人,company-info_with_url.xlsx,Product
PROD_70C92D010B8E,Product,低空经济标杆企业,低空经济标杆企业,company-info_with_url.xlsx,Product
CAP_3E80EECA0D2B,Capability,无人机AI应用平台技术,无人机ai应用平台技术,company-info_with_url.xlsx,Capability
IND_71D702656D76,Industry,智慧政务领域,智慧政务领域,company-info_with_url.xlsx,Industry
IND_550734B02AA4,Industry,主要为政府及相关政务部门,主要为政府及相关政务部门,company-info_with_url.xlsx,Industry
SCN_FCEDF96D3D86,Scenario,以政府财政大数据为切入点,以政府财政大数据为切入点,company-info_with_url.xlsx,Scenario
SCN_8E32E124A928,Scenario,为政务部门提供信息化综合服务,为政务部门提供信息化综合服务,company-info_with_url.xlsx,Scenario
SCN_F878D7F846A5,Scenario,包括技术开发,包括技术开发,company-info_with_url.xlsx,Scenario
SCN_F9F2EB08A35F,Scenario,项目实施,项目实施,company-info_with_url.xlsx,Scenario
SCN_CFE850AC6E82,Scenario,数据采集,数据采集,company-info_with_url.xlsx,Scenario
SCN_49A0F63D0020,Scenario,培训咨询及运维管理等软件技术服务,培训咨询及运维管理等软件技术服务,company-info_with_url.xlsx,Scenario
PROD_5CEFBCA33759,Product,IGBT芯片,igbt芯片,company-info_with_url.xlsx,Product
CAP_1B9160146614,Capability,IGBT芯片设计,igbt芯片设计,company-info_with_url.xlsx,Capability
SUP_7C2CDEFD8CED,Supplier,功率半导体芯片代工厂,功率半导体芯片代工厂,company-info_with_url.xlsx,Supplier
SUP_272B0100CFD1,Supplier,SiC材料供应商,sic材料供应商,company-info_with_url.xlsx,Supplier
PROD_564257A391C2,Product,医用超高分子量聚乙烯（UHMWPE）材料平台（高交联超高分子量聚乙烯型材,医用超高分子量聚乙烯（uhmwpe）材料平台（高交联超高分子量聚乙烯型材,company-info_with_url.xlsx,Product
PROD_1AD5EA26E874,Product,抗氧化超高分子量聚乙烯型材,抗氧化超高分子量聚乙烯型材,company-info_with_url.xlsx,Product
PROD_3A006469F972,Product,多孔聚乙烯面部填充假体,多孔聚乙烯面部填充假体,company-info_with_url.xlsx,Product
PROD_4BDDC4613DC9,Product,实验室滤芯,实验室滤芯,company-info_with_url.xlsx,Product
PROD_6BBD05AEDCC9,Product,医疗滤芯,医疗滤芯,company-info_with_url.xlsx,Product
PROD_E847ABCAB420,Product,超高分子量聚乙烯缝线等）,超高分子量聚乙烯缝线等）,company-info_with_url.xlsx,Product
PROD_53E3E5CE77C0,Product,医用聚氨酯材料平台（医用聚氨酯原料,医用聚氨酯材料平台（医用聚氨酯原料,company-info_with_url.xlsx,Product
PROD_BEC793714619,Product,聚氨酯导管,聚氨酯导管,company-info_with_url.xlsx,Product
PROD_2126C8D34C1D,Product,球囊,球囊,company-info_with_url.xlsx,Product
PROD_F2DEE8BCB48C,Product,覆膜等）,覆膜等）,company-info_with_url.xlsx,Product
PROD_C1DFD42EF45C,Product,医用聚醚醚酮（PEEK）材料平台（医用PEEK粒料,医用聚醚醚酮（peek）材料平台（医用peek粒料,company-info_with_url.xlsx,Product
PROD_A5B54C3C24DF,Product,PEEK棒材,peek棒材,company-info_with_url.xlsx,Product
PROD_989EFCBF52F5,Product,PEEK3D打印线,peek3d打印线,company-info_with_url.xlsx,Product
PROD_92DCBF225926,Product,碳纤维增强PEEK等）,碳纤维增强peek等）,company-info_with_url.xlsx,Product
CAP_1302D1F3F0CD,Capability,医用超高分子量聚乙烯(UHMWPE)材料平台,医用超高分子量聚乙烯(uhmwpe)材料平台,company-info_with_url.xlsx,Capability
IND_8DCA20C10462,Industry,具体为骨科植入物（如人工关节,具体为骨科植入物（如人工关节,company-info_with_url.xlsx,Industry
IND_5E4001F90323,Industry,脊柱融合器,脊柱融合器,company-info_with_url.xlsx,Industry
IND_35898CBC2B59,Industry,骨缺损填充体等）,骨缺损填充体等）,company-info_with_url.xlsx,Industry
SCN_52B95F5871D3,Scenario,人工关节（髋,人工关节（髋,company-info_with_url.xlsx,Scenario
SCN_BCC57FAFAC87,Scenario,膝,膝,company-info_with_url.xlsx,Scenario
SCN_6BD02DAB805D,Scenario,肩,肩,company-info_with_url.xlsx,Scenario
SCN_BBC27DF9D329,Scenario,肘等）的关节臼内衬,肘等）的关节臼内衬,company-info_with_url.xlsx,Scenario
SCN_31A9C3ECDAF1,Scenario,垫片,垫片,company-info_with_url.xlsx,Scenario
SCN_363B90D729B8,Scenario,脊柱融合器,脊柱融合器,company-info_with_url.xlsx,Scenario
SCN_70386003EB93,Scenario,骨缺损填充体,骨缺损填充体,company-info_with_url.xlsx,Scenario
SUP_BEE362B01A72,Supplier,医用级聚合物原材料供应商,医用级聚合物原材料供应商,company-info_with_url.xlsx,Supplier
SUP_C36D5DBC1F97,Supplier,植入物材料供应商,植入物材料供应商,company-info_with_url.xlsx,Supplier
PROD_CB04B7095137,Product,PLA聚乳酸,pla聚乳酸,company-info_with_url.xlsx,Product
PROD_023DAA322E6B,Product,生物基材料产品,生物基材料产品,company-info_with_url.xlsx,Product
CAP_6D9B2B799EAB,Capability,聚球菌一步法利用二氧化碳合成PLA,聚球菌一步法利用二氧化碳合成pla,company-info_with_url.xlsx,Capability
CAP_CDE4B79529D2,Capability,改性生物基材料（PLA等）,改性生物基材料（pla等）,company-info_with_url.xlsx,Capability
CAP_B6857794BE46,Capability,高温发酵平台（多元醇等）,高温发酵平台（多元醇等）,company-info_with_url.xlsx,Capability
IND_21759FF1DC43,Industry,可降解塑料,可降解塑料,company-info_with_url.xlsx,Industry
SUP_52304B5A4471,Supplier,AI模型训练算力供应商,ai模型训练算力供应商,company-info_with_url.xlsx,Supplier
SUP_E51AF19B7B71,Supplier,生物实验自动化设备供应商,生物实验自动化设备供应商,company-info_with_url.xlsx,Supplier
PROD_48C08D877445,Product,天然气压差发电制冷系统（100-10000kW）,天然气压差发电制冷系统（100-10000kw）,company-info_with_url.xlsx,Product
PROD_207784F1C7F4,Product,新型天然气余压梯级利用系统,新型天然气余压梯级利用系统,company-info_with_url.xlsx,Product
PROD_498212669518,Product,高转速高效小型向心透平设计技术,高转速高效小型向心透平设计技术,company-info_with_url.xlsx,Product
PROD_867BA0986CCD,Product,传动系统减震技术,传动系统减震技术,company-info_with_url.xlsx,Product
PROD_6B79B6A43E38,Product,系统防爆技术等,系统防爆技术等,company-info_with_url.xlsx,Product
CAP_9E0AD2DAFB39,Capability,天然气压差发电制冷系统技术,天然气压差发电制冷系统技术,company-info_with_url.xlsx,Capability
CAP_9A183D7BAE21,Capability,向心透平设计技术,向心透平设计技术,company-info_with_url.xlsx,Capability
IND_833B7AC4D717,Industry,天然气行业（生产,天然气行业（生产,company-info_with_url.xlsx,Industry
IND_5A642E4809B5,Industry,管网,管网,company-info_with_url.xlsx,Industry
IND_86AB1FB7C0F7,Industry,城市燃气）,城市燃气）,company-info_with_url.xlsx,Industry
IND_7B26E9290268,Industry,电力发电行业。,电力发电行业。,company-info_with_url.xlsx,Industry
SCN_49B73079AE16,Scenario,天然气分输站,天然气分输站,company-info_with_url.xlsx,Scenario
SCN_E94C759AD0ED,Scenario,门站,门站,company-info_with_url.xlsx,Scenario
SCN_0E10200CF94F,Scenario,调压站,调压站,company-info_with_url.xlsx,Scenario
SCN_9D1B1AD0EEEF,Scenario,储气库,储气库,company-info_with_url.xlsx,Scenario
SCN_E34FA9DD905D,Scenario,CNG,cng,company-info_with_url.xlsx,Scenario
SCN_C43BE353A5A2,Scenario,LNG站,lng站,company-info_with_url.xlsx,Scenario
SCN_C0C8D74FC41C,Scenario,大规模燃气用户,大规模燃气用户,company-info_with_url.xlsx,Scenario
SCN_B51FD60D9A56,Scenario,燃气电厂等场景的压力能回收利用,燃气电厂等场景的压力能回收利用,company-info_with_url.xlsx,Scenario
SCN_FEC1F180EE54,Scenario,实现调压,实现调压,company-info_with_url.xlsx,Scenario
SCN_425778DE448E,Scenario,发电,发电,company-info_with_url.xlsx,Scenario
SCN_AAD6C7F5D3E8,Scenario,产冷。,产冷。,company-info_with_url.xlsx,Scenario
SUP_EBED890EB165,Supplier,余热回收设备供应商,余热回收设备供应商,company-info_with_url.xlsx,Supplier
SUP_22A0AC35D048,Supplier,换热器材料供应商,换热器材料供应商,company-info_with_url.xlsx,Supplier
SUP_CD48647F48B7,Supplier,节能控制芯片供应商,节能控制芯片供应商,company-info_with_url.xlsx,Supplier
DEM_87219424FDEB,DemandTag,暂无（文档未明确提及）。,暂无（文档未明确提及）。,company-info_with_url.xlsx,DemandTag
PROD_C8DAA4F46687,Product,相变液冷机柜,相变液冷机柜,company-info_with_url.xlsx,Product
PROD_C8E351608F0E,Product,蒸发冷却变压器,蒸发冷却变压器,company-info_with_url.xlsx,Product
CAP_C55DDDEE3A4D,Capability,高效相变液冷技术,高效相变液冷技术,company-info_with_url.xlsx,Capability
CAP_106505D8F478,Capability,冷板式相变液冷机柜,冷板式相变液冷机柜,company-info_with_url.xlsx,Capability
CAP_C9FFD72117CF,Capability,背板式液冷机柜,背板式液冷机柜,company-info_with_url.xlsx,Capability
CAP_D9DEEC27D7AC,Capability,蒸发冷却变压器（电力变压器,蒸发冷却变压器（电力变压器,company-info_with_url.xlsx,Capability
CAP_EE75B5D45139,Capability,配电变压器,配电变压器,company-info_with_url.xlsx,Capability
CAP_E6D9DF37AFBB,Capability,塔筒变压器）等整体解决方案,塔筒变压器）等整体解决方案,company-info_with_url.xlsx,Capability
IND_8AA6E128EA43,Industry,数据中心（算力中心）,数据中心（算力中心）,company-info_with_url.xlsx,Industry
IND_5D8A718CE4A7,Industry,电网输配电领域（包括电力变压器,电网输配电领域（包括电力变压器,company-info_with_url.xlsx,Industry
IND_9DE708FF73B4,Industry,配电变压器等）,配电变压器等）,company-info_with_url.xlsx,Industry
SCN_BB22DDE36E09,Scenario,1. 数据中心：为超级计算机,1. 数据中心：为超级计算机,company-info_with_url.xlsx,Scenario
SCN_3668AE3EAB11,Scenario,高密度服务器（刀片式）,高密度服务器（刀片式）,company-info_with_url.xlsx,Scenario
SCN_2971E838CB6D,Scenario,高海拔宇宙线观测站（拉索）数据中心,高海拔宇宙线观测站（拉索）数据中心,company-info_with_url.xlsx,Scenario
SCN_B905E7ED0BDE,Scenario,原初引力波望远镜等提供散热解决方案。2. 电网输配电：用于国家电网廊坊供电公司,原初引力波望远镜等提供散热解决方案。2. 电网输配电：用于国家电网廊坊供电公司,company-info_with_url.xlsx,Scenario
SCN_5FD6FE341034,Scenario,国网江西省电力有限公司电力科学研究院,国网江西省电力有限公司电力科学研究院,company-info_with_url.xlsx,Scenario
SCN_450B1231D36B,Scenario,高速动车组牵引变压器,高速动车组牵引变压器,company-info_with_url.xlsx,Scenario
SCN_8B55B292CB52,Scenario,浙江金三角电力科技股份有限公司等场景的蒸发冷却变压器,浙江金三角电力科技股份有限公司等场景的蒸发冷却变压器,company-info_with_url.xlsx,Scenario
SUP_B6A6254E0F97,Supplier,卫星遥感数据供应商,卫星遥感数据供应商,company-info_with_url.xlsx,Supplier
SUP_B97D9B51615A,Supplier,高性能计算服务器供应商,高性能计算服务器供应商,company-info_with_url.xlsx,Supplier
SUP_82B4D2ED6750,Supplier,GPU供应商,gpu供应商,company-info_with_url.xlsx,Supplier
PROD_90F081D020BB,Product,核心产品车用风机,核心产品车用风机,company-info_with_url.xlsx,Product
PROD_24F043E3AD6B,Product,控制模块,控制模块,company-info_with_url.xlsx,Product
PROD_B187A27F788C,Product,热电半导体材料散热器件,热电半导体材料散热器件,company-info_with_url.xlsx,Product
PROD_B2243C11C845,Product,汽车座椅通风加热系统,汽车座椅通风加热系统,company-info_with_url.xlsx,Product
PROD_A2EC5D9EBDAF,Product,座椅热电空调系统,座椅热电空调系统,company-info_with_url.xlsx,Product
PROD_B00CA07CFCFD,Product,按摩腰托系统,按摩腰托系统,company-info_with_url.xlsx,Product
PROD_111DCC4162DB,Product,车载冰箱&加热制冷杯托,车载冰箱&加热制冷杯托,company-info_with_url.xlsx,Product
PROD_E514398C88C8,Product,方向盘加热制冷等,方向盘加热制冷等,company-info_with_url.xlsx,Product
CAP_CEBF6E0E53B7,Capability,热电半导体技术结合静音离心风机技术,热电半导体技术结合静音离心风机技术,company-info_with_url.xlsx,Capability
PROD_3CDFBB05DF92,Product,紫东太初多模态大模型应用,紫东太初多模态大模型应用,company-info_with_url.xlsx,Product
CAP_89FE892A4011,Capability,紫东太初多模态大模型（文本,紫东太初多模态大模型（文本,company-info_with_url.xlsx,Capability
CAP_775A04BBD083,Capability,图片,图片,company-info_with_url.xlsx,Capability
CAP_ADA4D9FA4F1C,Capability,音频,音频,company-info_with_url.xlsx,Capability
CAP_4CB743817262,Capability,3D,3d,company-info_with_url.xlsx,Capability
CAP_8D127C9B1167,Capability,信号跨模态）,信号跨模态）,company-info_with_url.xlsx,Capability
CAP_5837CF0354D7,Capability,全栈国产化通用人工智能底座,全栈国产化通用人工智能底座,company-info_with_url.xlsx,Capability
CAP_F1483B668AD9,Capability,全模态多任务统一生成式学习框架,全模态多任务统一生成式学习框架,company-info_with_url.xlsx,Capability
CAP_26FAF84C2D87,Capability,多模态概念及关系（百万级）,多模态概念及关系（百万级）,company-info_with_url.xlsx,Capability
SUP_70AC6BF8E847,Supplier,无人机飞控芯片供应商,无人机飞控芯片供应商,company-info_with_url.xlsx,Supplier
SUP_F0EA43EDD264,Supplier,图像识别模块供应商,图像识别模块供应商,company-info_with_url.xlsx,Supplier
SUP_6D451F072BA9,Supplier,电机驱动供应商,电机驱动供应商,company-info_with_url.xlsx,Supplier
PROD_30AF7E8B8464,Product,高平均功率脉冲激光器产品,高平均功率脉冲激光器产品,company-info_with_url.xlsx,Product
CAP_E468006CE66F,Capability,高平均功率,高平均功率,company-info_with_url.xlsx,Capability
CAP_15606A0559A5,Capability,大能量短脉冲激光和高平均功率窄线宽激光两大主要方向产品,大能量短脉冲激光和高平均功率窄线宽激光两大主要方向产品,company-info_with_url.xlsx,Capability
CAP_BF402D0E3379,Capability,涵括从红外到紫外波段,涵括从红外到紫外波段,company-info_with_url.xlsx,Capability
CAP_461E06A1F90A,Capability,从毫秒到皮秒等多种脉宽,从毫秒到皮秒等多种脉宽,company-info_with_url.xlsx,Capability
IND_689989BF46A5,Industry,高功率激光工业清洗,高功率激光工业清洗,company-info_with_url.xlsx,Industry
IND_5447327F393F,Industry,激光生物医疗,激光生物医疗,company-info_with_url.xlsx,Industry
IND_12B701CCE564,Industry,精细微加工和科研等领域,精细微加工和科研等领域,company-info_with_url.xlsx,Industry
SCN_69077D60CAA9,Scenario,高功率激光工业清洗,高功率激光工业清洗,company-info_with_url.xlsx,Scenario
SCN_90C6732037A7,Scenario,激光生物医疗,激光生物医疗,company-info_with_url.xlsx,Scenario
SCN_502325261184,Scenario,精细微加工和科研,精细微加工和科研,company-info_with_url.xlsx,Scenario
SUP_7B1C4ADE6414,Supplier,超快激光器核心元器件供应商,超快激光器核心元器件供应商,company-info_with_url.xlsx,Supplier
SUP_7CA7CF70D5A3,Supplier,皮秒激光晶体供应商,皮秒激光晶体供应商,company-info_with_url.xlsx,Supplier
PROD_3139209D5390,Product,研发设计一款拥有机器视觉且可自主移动的智能家庭服务机器人Bingo。核心技术本地加速人形检测与跟踪技术,研发设计一款拥有机器视觉且可自主移动的智能家庭服务机器人bingo。核心技术本地加速人形检测与跟踪技术,company-info_with_url.xlsx,Product
PROD_A2A86C2F153E,Product,SLAM机器人自主定位与地图建模技术,slam机器人自主定位与地图建模技术,company-info_with_url.xlsx,Product
PROD_8B12759B969D,Product,声源定位技术,声源定位技术,company-info_with_url.xlsx,Product
PROD_2186EF782196,Product,人机交互软件设计,人机交互软件设计,company-info_with_url.xlsx,Product
CAP_2B0E6E1C21C0,Capability,智能家庭服务机器人技术,智能家庭服务机器人技术,company-info_with_url.xlsx,Capability
CAP_2F65D29AF146,Capability,SLAM自主定位技术,slam自主定位技术,company-info_with_url.xlsx,Capability
IND_6C50E985C994,Industry,家庭服务机器人行业,家庭服务机器人行业,company-info_with_url.xlsx,Industry
SCN_2A6F4AE79243,Scenario,以2-6岁儿童为切入点进入家庭,以2-6岁儿童为切入点进入家庭,company-info_with_url.xlsx,Scenario
SCN_251CB5CF6D52,Scenario,提供儿童陪伴亲情互动和平等沟通,提供儿童陪伴亲情互动和平等沟通,company-info_with_url.xlsx,Scenario
SCN_443FD659B28A,Scenario,基于视觉,基于视觉,company-info_with_url.xlsx,Scenario
SCN_CEC5D6B7C827,Scenario,体感的寓教于乐式的早教和游戏系统,体感的寓教于乐式的早教和游戏系统,company-info_with_url.xlsx,Scenario
SCN_26577DA838C7,Scenario,具有儿童行为引导,具有儿童行为引导,company-info_with_url.xlsx,Scenario
SCN_32EB011133CE,Scenario,儿童健康关爱和看护,儿童健康关爱和看护,company-info_with_url.xlsx,Scenario
SCN_625D54C1296E,Scenario,生活伴侣,生活伴侣,company-info_with_url.xlsx,Scenario
SCN_B07DFF509987,Scenario,家长与儿童远程互动载体,家长与儿童远程互动载体,company-info_with_url.xlsx,Scenario
SCN_478BBFC9CAEC,Scenario,儿童成长记录等功能。同时还为家庭提供全天候自主巡航远程监控,儿童成长记录等功能。同时还为家庭提供全天候自主巡航远程监控,company-info_with_url.xlsx,Scenario
SCN_0E2700C93D77,Scenario,智能安防,智能安防,company-info_with_url.xlsx,Scenario
SCN_A9B3BB7BFD85,Scenario,老人看护,老人看护,company-info_with_url.xlsx,Scenario
SCN_55F4A6875D47,Scenario,智能家居等全部功能。,智能家居等全部功能。,company-info_with_url.xlsx,Scenario
SUP_43440AAA4D04,Supplier,服务机器人核心零部件供应商,服务机器人核心零部件供应商,company-info_with_url.xlsx,Supplier
SUP_917F7F62F627,Supplier,SLAM模块供应商,slam模块供应商,company-info_with_url.xlsx,Supplier
DEM_CF529D1B6DA6,DemandTag,投资资金。本轮为天使轮融资,投资资金。本轮为天使轮融资,company-info_with_url.xlsx,DemandTag
DEM_507AB3D5D4BE,DemandTag,计划融资600万元。,计划融资600万元。,company-info_with_url.xlsx,DemandTag
PROD_717CED2FB102,Product,光量子计算原型机（如九章,光量子计算原型机（如九章,company-info_with_url.xlsx,Product
PROD_66AA56EBE062,Product,九章二号）,九章二号）,company-info_with_url.xlsx,Product
PROD_16C5953689D7,Product,量子科学科研仪器系统,量子科学科研仪器系统,company-info_with_url.xlsx,Product
PROD_BFE1F882D30F,Product,致力于研发光量子计算关键器件,致力于研发光量子计算关键器件,company-info_with_url.xlsx,Product
PROD_1B1149C8836D,Product,专用量子模拟机和通用量子计算机,专用量子模拟机和通用量子计算机,company-info_with_url.xlsx,Product
CAP_F8F0675032AC,Capability,光量子计算原型机技术,光量子计算原型机技术,company-info_with_url.xlsx,Capability
IND_0F5BB2AA10CC,Industry,教育（中学量子信息科学教育）,教育（中学量子信息科学教育）,company-info_with_url.xlsx,Industry
IND_BFBD0B6343BD,Industry,量子信息产业,量子信息产业,company-info_with_url.xlsx,Industry
SCN_0BC443CBF890,Scenario,中学量子信息科学教育（购置量子科学科研仪器系统）,中学量子信息科学教育（购置量子科学科研仪器系统）,company-info_with_url.xlsx,Scenario
SUP_75FF2FB5B6D8,Supplier,稀释制冷机供应商,稀释制冷机供应商,company-info_with_url.xlsx,Supplier
SUP_9288A03BAB98,Supplier,超导滤波器供应商,超导滤波器供应商,company-info_with_url.xlsx,Supplier
DEM_5D408C5A85A8,DemandTag,国家的支持,国家的支持,company-info_with_url.xlsx,DemandTag
DEM_39039C3A8C7E,DemandTag,结合集中力量办大事的优越性和市场导向的企业创新的灵活性优势,结合集中力量办大事的优越性和市场导向的企业创新的灵活性优势,company-info_with_url.xlsx,DemandTag
DEM_C031AC0E2E06,DemandTag,鼓励多元化和多渠道投融资机制的建立。,鼓励多元化和多渠道投融资机制的建立。,company-info_with_url.xlsx,DemandTag
PROD_3EFDF9CED804,Product,撬装微型核能系统（SMNS）,撬装微型核能系统（smns）,company-info_with_url.xlsx,Product
PROD_0C977986EA62,Product,三维蒙卡中-光-电耦合输运软件RMC,三维蒙卡中-光-电耦合输运软件rmc,company-info_with_url.xlsx,Product
PROD_96CDB38D81B1,Product,一体式AI+模型驱动数字应用系统,一体式ai+模型驱动数字应用系统,company-info_with_url.xlsx,Product
CAP_4A2AD1958B6B,Capability,金属基气冷反应堆（MBR）技术路线,金属基气冷反应堆（mbr）技术路线,company-info_with_url.xlsx,Capability
SUP_9FDAB628567B,Supplier,核反应堆压力容器材料供应商,核反应堆压力容器材料供应商,company-info_with_url.xlsx,Supplier
SUP_84CF2AA32E22,Supplier,锆合金管材供应商,锆合金管材供应商,company-info_with_url.xlsx,Supplier
SUP_29CEABC0B63F,Supplier,核级阀门供应商,核级阀门供应商,company-info_with_url.xlsx,Supplier
PROD_21FB4DE57E00,Product,纳米级LED(Nano LED)产品,纳米级led(nano led)产品,company-info_with_url.xlsx,Product
CAP_4DE65A2A8C23,Capability,纳米级LED（Nano LED）技术,纳米级led（nano led）技术,company-info_with_url.xlsx,Capability
CAP_BE5A94801475,Capability,SAG（选择性晶体外延）技术实现单片三色集成（RGB）,sag（选择性晶体外延）技术实现单片三色集成（rgb）,company-info_with_url.xlsx,Capability
CAP_A80B76D6DB10,Capability,高精度晶圆键合技术,高精度晶圆键合技术,company-info_with_url.xlsx,Capability
SUP_8A1CCEAE54A8,Supplier,SiC晶圆供应商,sic晶圆供应商,company-info_with_url.xlsx,Supplier
PROD_FB4BB81A913C,Product,脑电睡眠监测及神经刺激设备,脑电睡眠监测及神经刺激设备,company-info_with_url.xlsx,Product
CAP_C248C450AB5B,Capability,脑电标志物的发现和临床应用,脑电标志物的发现和临床应用,company-info_with_url.xlsx,Capability
CAP_0C10B8CD68C9,Capability,例如睡眠监测,例如睡眠监测,company-info_with_url.xlsx,Capability
CAP_DC57C8602D33,Capability,以及通过神经刺激治疗失眠在内的精神疾病,以及通过神经刺激治疗失眠在内的精神疾病,company-info_with_url.xlsx,Capability
IND_444463A7A940,Industry,医疗应用（精神疾病治疗,医疗应用（精神疾病治疗,company-info_with_url.xlsx,Industry
IND_9BF4B7694411,Industry,睡眠监测）,睡眠监测）,company-info_with_url.xlsx,Industry
SCN_A7670485691F,Scenario,睡眠监测,睡眠监测,company-info_with_url.xlsx,Scenario
SCN_0B8265A4CC58,Scenario,神经刺激治疗精神疾病（如失眠）。,神经刺激治疗精神疾病（如失眠）。,company-info_with_url.xlsx,Scenario
SUP_E6228E4AF973,Supplier,新能源功率优化设备供应商,新能源功率优化设备供应商,company-info_with_url.xlsx,Supplier
SUP_F4BEFA6D059F,Supplier,储能变流器核心元器件供应商,储能变流器核心元器件供应商,company-info_with_url.xlsx,Supplier
PROD_F4C30561B794,Product,钙钛矿光伏组件制造核心装备,钙钛矿光伏组件制造核心装备,company-info_with_url.xlsx,Product
PROD_41BCF0C9C5CB,Product,结晶,结晶,company-info_with_url.xlsx,Product
PROD_9EA24805A9C6,Product,退火,退火,company-info_with_url.xlsx,Product
PROD_5F700CC101F1,Product,镀膜,镀膜,company-info_with_url.xlsx,Product
PROD_2017642A6A99,Product,涂布等4类专用装备（如抽气结晶装备,涂布等4类专用装备（如抽气结晶装备,company-info_with_url.xlsx,Product
PROD_AEF56CFCC4EE,Product,快速涂布装备,快速涂布装备,company-info_with_url.xlsx,Product
PROD_6CF3A76E8149,Product,优化退火装备,优化退火装备,company-info_with_url.xlsx,Product
PROD_BAD728EA64EE,Product,钝化镀膜装备）,钝化镀膜装备）,company-info_with_url.xlsx,Product
PROD_BB3172FAA454,Product,以及钙钛矿优化解决方案,以及钙钛矿优化解决方案,company-info_with_url.xlsx,Product
CAP_EF8CA4C4A1B9,Capability,钙钛矿光伏组件制造核心装备技术,钙钛矿光伏组件制造核心装备技术,company-info_with_url.xlsx,Capability
IND_D12D043D8EBF,Industry,钙钛矿光伏组件生产行业,钙钛矿光伏组件生产行业,company-info_with_url.xlsx,Industry
IND_20574CB2F475,Industry,涵盖导电玻璃制造,涵盖导电玻璃制造,company-info_with_url.xlsx,Industry
IND_711FE5F710A9,Industry,电池体制造,电池体制造,company-info_with_url.xlsx,Industry
IND_7A89658BFC5B,Industry,组件封测,组件封测,company-info_with_url.xlsx,Industry
IND_5E638F64A9B6,Industry,电站建设运营的产业链。,电站建设运营的产业链。,company-info_with_url.xlsx,Industry
SCN_F3F276D70762,Scenario,为钙钛矿光伏组件生产商提供核心制造装备及优化解决方案,为钙钛矿光伏组件生产商提供核心制造装备及优化解决方案,company-info_with_url.xlsx,Scenario
SCN_6F7ACCAE820D,Scenario,用于提升大面积组件的光电效率,用于提升大面积组件的光电效率,company-info_with_url.xlsx,Scenario
SCN_0EF24F0CC85D,Scenario,良率和生产效率。,良率和生产效率。,company-info_with_url.xlsx,Scenario
SUP_610399B78944,Supplier,光伏逆变器核心元器件供应商,光伏逆变器核心元器件供应商,company-info_with_url.xlsx,Supplier
SUP_6AA4DDC56A34,Supplier,电容供应商,电容供应商,company-info_with_url.xlsx,Supplier
PROD_F645226E63A9,Product,富锂锰基正极材料,富锂锰基正极材料,company-info_with_url.xlsx,Product
CAP_44DE90CF4967,Capability,富锂锰基正极材料的研发,富锂锰基正极材料的研发,company-info_with_url.xlsx,Capability
IND_36171038B1FF,Industry,锂离子电池行业,锂离子电池行业,company-info_with_url.xlsx,Industry
IND_247F7626A3B9,Industry,具体应用于电动汽车和电化学储能领域,具体应用于电动汽车和电化学储能领域,company-info_with_url.xlsx,Industry
SCN_54171F3722BC,Scenario,锂离子电池（特别是固态,锂离子电池（特别是固态,company-info_with_url.xlsx,Scenario
SCN_72B613476449,Scenario,半固态电池）的正极材料,半固态电池）的正极材料,company-info_with_url.xlsx,Scenario
SUP_DF120683BD93,Supplier,能源管理芯片供应商,能源管理芯片供应商,company-info_with_url.xlsx,Supplier
DEM_4CB4492F6177,DemandTag,资金（本轮融资3000万元人民币）,资金（本轮融资3000万元人民币）,company-info_with_url.xlsx,DemandTag
PROD_510F500111B6,Product,强度试验与可靠性试验服务,强度试验与可靠性试验服务,company-info_with_url.xlsx,Product
CAP_6422295BA3CB,Capability,强度试验技术：静力与疲劳,强度试验技术：静力与疲劳,company-info_with_url.xlsx,Capability
CAP_349538E5A049,Capability,动力学,动力学,company-info_with_url.xlsx,Capability
CAP_211F8644207A,Capability,静力-热,静力-热,company-info_with_url.xlsx,Capability
CAP_723F9BEB797F,Capability,振动-热复合试验等,振动-热复合试验等,company-info_with_url.xlsx,Capability
CAP_F68B6C5FF789,Capability,环境可靠性试验技术,环境可靠性试验技术,company-info_with_url.xlsx,Capability
CAP_AD3E43071F10,Capability,加速贮存试验及寿命评估技术等,加速贮存试验及寿命评估技术等,company-info_with_url.xlsx,Capability
IND_6A58AEC66672,Industry,军工航空,军工航空,company-info_with_url.xlsx,Industry
IND_41449A761198,Industry,兵器等领域。,兵器等领域。,company-info_with_url.xlsx,Industry
SCN_39F55147979B,Scenario,军工领域的结构强度和环境检测。,军工领域的结构强度和环境检测。,company-info_with_url.xlsx,Scenario
SUP_39C9FAF295E1,Supplier,卫星通信终端设备供应商,卫星通信终端设备供应商,company-info_with_url.xlsx,Supplier
SUP_A3DDCA5AE47A,Supplier,射频芯片供应商,射频芯片供应商,company-info_with_url.xlsx,Supplier
PROD_200044223C99,Product,RNAi棉花-中科棉系列,rnai棉花-中科棉系列,company-info_with_url.xlsx,Product
CAP_7A76F8BB146B,Capability,RNAi生物技术育种平台,rnai生物技术育种平台,company-info_with_url.xlsx,Capability
CAP_FECC451FBB3E,Capability,抗黄萎病RNAi棉花种质,抗黄萎病rnai棉花种质,company-info_with_url.xlsx,Capability
CAP_D94F4173560B,Capability,MIGS技术（Microbe-induced gene silencing）,migs技术（microbe-induced gene silencing）,company-info_with_url.xlsx,Capability
CAP_CFFBA93FB6E4,Capability,RNAi农药（针对科罗拉多甲虫,rnai农药（针对科罗拉多甲虫,company-info_with_url.xlsx,Capability
CAP_BE066C766EB0,Capability,白粉病,白粉病,company-info_with_url.xlsx,Capability
CAP_AB0BD4ADCB18,Capability,灰霉病等）,灰霉病等）,company-info_with_url.xlsx,Capability
SUP_96BE3921C1BF,Supplier,天然产物提取原材料供应商,天然产物提取原材料供应商,company-info_with_url.xlsx,Supplier
SUP_648C73DAC194,Supplier,分离纯化材料供应商,分离纯化材料供应商,company-info_with_url.xlsx,Supplier
SUP_8F0046A499CE,Supplier,生物活性检测服务,生物活性检测服务,company-info_with_url.xlsx,Supplier
PROD_F35921C2DC90,Product,基于新型纳米材料和尖端纳米加工技术的纳米光学相关器件,基于新型纳米材料和尖端纳米加工技术的纳米光学相关器件,company-info_with_url.xlsx,Product
PROD_1AB6F077EE07,Product,衍射光波导,衍射光波导,company-info_with_url.xlsx,Product
PROD_33EABF51BB6C,Product,透明投影显示（EPDS）,透明投影显示（epds）,company-info_with_url.xlsx,Product
PROD_C1CC0A3DF92E,Product,增强平视显示（AR-HUD）,增强平视显示（ar-hud）,company-info_with_url.xlsx,Product
PROD_25351008413E,Product,光场显示（裸眼3D）,光场显示（裸眼3d）,company-info_with_url.xlsx,Product
PROD_F9953242A153,Product,全透明自发光投影显示,全透明自发光投影显示,company-info_with_url.xlsx,Product
PROD_EB7CB1FEA519,Product,体全息波导,体全息波导,company-info_with_url.xlsx,Product
PROD_9C2918F72B80,Product,自发光透明纳米膜,自发光透明纳米膜,company-info_with_url.xlsx,Product
PROD_4DF6BF7B683C,Product,浮雕光栅波导器件,浮雕光栅波导器件,company-info_with_url.xlsx,Product
CAP_086F24726E4C,Capability,纳米光学相关器件技术,纳米光学相关器件技术,company-info_with_url.xlsx,Capability
CAP_2F61563011DA,Capability,衍射光波导,衍射光波导,company-info_with_url.xlsx,Capability
CAP_B8FD7525B9C8,Capability,增强平视显示(AR-HUD),增强平视显示(ar-hud),company-info_with_url.xlsx,Capability
IND_F48C60673C92,Industry,移动终端（智能眼镜）,移动终端（智能眼镜）,company-info_with_url.xlsx,Industry
IND_55CA09E79173,Industry,汽车（新型交互显示系统,汽车（新型交互显示系统,company-info_with_url.xlsx,Industry
IND_04FE3DE3B7A7,Industry,AR-HUD,ar-hud,company-info_with_url.xlsx,Industry
IND_6CC0A4FA0993,Industry,车窗显示）,车窗显示）,company-info_with_url.xlsx,Industry
IND_82F8AE986E96,Industry,展览展示,展览展示,company-info_with_url.xlsx,Industry
SCN_B3C58A364D83,Scenario,智能眼镜显示模组,智能眼镜显示模组,company-info_with_url.xlsx,Scenario
SCN_D4E7BD2B49EF,Scenario,汽车新型交互显示系统解决方案,汽车新型交互显示系统解决方案,company-info_with_url.xlsx,Scenario
SCN_42A318F2099E,Scenario,AR-HUD,ar-hud,company-info_with_url.xlsx,Scenario
SCN_D797A65016AA,Scenario,光场裸眼3D,光场裸眼3d,company-info_with_url.xlsx,Scenario
SCN_6AD31922498A,Scenario,自发光透明纳米膜,自发光透明纳米膜,company-info_with_url.xlsx,Scenario
SCN_5B57637233F6,Scenario,车窗显示,车窗显示,company-info_with_url.xlsx,Scenario
SCN_E68D3FDCDC2D,Scenario,展览展示,展览展示,company-info_with_url.xlsx,Scenario
SUP_C34F6AD0564C,Supplier,AR,ar,company-info_with_url.xlsx,Supplier
SUP_16C8A6EAFAB3,Supplier,VR光学元件供应商,vr光学元件供应商,company-info_with_url.xlsx,Supplier
SUP_0A09321A9B29,Supplier,光波导材料供应商,光波导材料供应商,company-info_with_url.xlsx,Supplier
SUP_7528EB9A815C,Supplier,微显示芯片供应商,微显示芯片供应商,company-info_with_url.xlsx,Supplier
PROD_0054E9F8A551,Product,中枢神经系统创新药和诊断方法开发,中枢神经系统创新药和诊断方法开发,company-info_with_url.xlsx,Product
PROD_97CA7F46AE4E,Product,1. 针对α-突触核蛋白（α-syn）的帕金森病诊断PET-CT示踪剂（Braegen-05）,1. 针对α-突触核蛋白（α-syn）的帕金森病诊断pet-ct示踪剂（braegen-05）,company-info_with_url.xlsx,Product
CAP_F3FAB9B1E6CD,Capability,2. 针对Aβ和Tau的阿尔茨海默病诊断Simoa® IVD,2. 针对aβ和tau的阿尔茨海默病诊断simoa® ivd,company-info_with_url.xlsx,Capability
CAP_2D52BA58C780,Capability,3. First-in-Class小分子药物：TrkB激动剂（多适应症开发）,3. first-in-class小分子药物：trkb激动剂（多适应症开发）,company-info_with_url.xlsx,Capability
CAP_1E3254A3FF5B,Capability,AEP抑制剂（神经退行性疾病）,aep抑制剂（神经退行性疾病）,company-info_with_url.xlsx,Capability
CAP_CB38278B7E4A,Capability,4. 疾病修饰治疗（DMT）平台和诊断平台,4. 疾病修饰治疗（dmt）平台和诊断平台,company-info_with_url.xlsx,Capability
IND_2BDADC784161,Industry,具体为中枢神经系统（CNS）疾病领域,具体为中枢神经系统（cns）疾病领域,company-info_with_url.xlsx,Industry
IND_61DB71683FF3,Industry,包括神经退行性疾病（如帕金森病,包括神经退行性疾病（如帕金森病,company-info_with_url.xlsx,Industry
IND_56ACB26CF54B,Industry,阿尔茨海默病,阿尔茨海默病,company-info_with_url.xlsx,Industry
IND_741AD69C7ABE,Industry,多系统萎缩,多系统萎缩,company-info_with_url.xlsx,Industry
IND_785F3A193ADF,Industry,路易体痴呆等）的诊断与治疗。,路易体痴呆等）的诊断与治疗。,company-info_with_url.xlsx,Industry
SCN_F10AFC72797B,Scenario,帕金森病,帕金森病,company-info_with_url.xlsx,Scenario
SCN_B8BEF4AEFE90,Scenario,阿尔茨海默病等神经退行性疾病的早期精确诊断（通过PET-CT成像或生物标志物检测）,阿尔茨海默病等神经退行性疾病的早期精确诊断（通过pet-ct成像或生物标志物检测）,company-info_with_url.xlsx,Scenario
SCN_9111F1EBD290,Scenario,疾病修饰治疗（通过小分子药物干预疾病进程）。,疾病修饰治疗（通过小分子药物干预疾病进程）。,company-info_with_url.xlsx,Scenario
SUP_4907B34472F2,Supplier,神经退行性疾病药物原材料供应商,神经退行性疾病药物原材料供应商,company-info_with_url.xlsx,Supplier
SUP_63DF5AAF6F6D,Supplier,API供应商,api供应商,company-info_with_url.xlsx,Supplier
SUP_92E556E72AA5,Supplier,制剂辅料供应商,制剂辅料供应商,company-info_with_url.xlsx,Supplier
DEM_E5C056D776A0,DemandTag,资金。计划融资：帕金森诊断项目7000万人民币推进到NDA上市,资金。计划融资：帕金森诊断项目7000万人民币推进到nda上市,company-info_with_url.xlsx,DemandTag
DEM_CAB866AE574B,DemandTag,阿尔茨海默病治疗项目1.4亿人民币推进两个First-in-Class创新药到临床POC。,阿尔茨海默病治疗项目1.4亿人民币推进两个first-in-class创新药到临床poc。,company-info_with_url.xlsx,DemandTag
PROD_1077FFCF74B0,Product,江苏盛开新能科技（待查,江苏盛开新能科技（待查,company-info_with_url.xlsx,Product
CAP_CA6CA6D82D2E,Capability,硅-钙钛矿叠层太阳能电池技术,硅-钙钛矿叠层太阳能电池技术,company-info_with_url.xlsx,Capability
SUP_3559156F00F2,Supplier,氢能设备核心材料供应商,氢能设备核心材料供应商,company-info_with_url.xlsx,Supplier
SUP_64E799598311,Supplier,燃料电池堆供应商,燃料电池堆供应商,company-info_with_url.xlsx,Supplier
SUP_53905EFA4F8B,Supplier,储氢材料供应商,储氢材料供应商,company-info_with_url.xlsx,Supplier
PROD_4F0C87125CA2,Product,集成高性能激光器,集成高性能激光器,company-info_with_url.xlsx,Product
PROD_DCDF7E191633,Product,基于自注入锁定技术的集成超窄线宽激光器（线宽<10 Hz）和基于外腔调控技术的快速可调激光器（线宽约1 kHz,基于自注入锁定技术的集成超窄线宽激光器（线宽<10 hz）和基于外腔调控技术的快速可调激光器（线宽约1 khz,company-info_with_url.xlsx,Product
PROD_DE1CF332BB3F,Product,波长覆盖约70 nm,波长覆盖约70 nm,company-info_with_url.xlsx,Product
PROD_463F560700AE,Product,线性调制速率约100 kHz）,线性调制速率约100 khz）,company-info_with_url.xlsx,Product
PROD_FE8EDB9D07D6,Product,光子芯片（氮化硅微腔,光子芯片（氮化硅微腔,company-info_with_url.xlsx,Product
PROD_E5FF80B297D7,Product,本征品质因子高达1.4×10^7）,本征品质因子高达1.4×10^7）,company-info_with_url.xlsx,Product
CAP_ED95C14F199A,Capability,集成高性能激光器技术（自注入锁定,集成高性能激光器技术（自注入锁定,company-info_with_url.xlsx,Capability
CAP_1D6E63E3EF22,Capability,外腔调控）,外腔调控）,company-info_with_url.xlsx,Capability
IND_C032787357EC,Industry,光通信（相干光通信）,光通信（相干光通信）,company-info_with_url.xlsx,Industry
IND_67DFFB46FA52,Industry,生物医疗（光学相干层析成像,生物医疗（光学相干层析成像,company-info_with_url.xlsx,Industry
IND_27E9CDB3E1D3,Industry,无创连续血糖监测）,无创连续血糖监测）,company-info_with_url.xlsx,Industry
IND_C1C117010389,Industry,量子精密测量）,量子精密测量）,company-info_with_url.xlsx,Industry
IND_99B52C4080FD,Industry,长距离传感,长距离传感,company-info_with_url.xlsx,Industry
IND_62C407376C9B,Industry,精密仪器,精密仪器,company-info_with_url.xlsx,Industry
SCN_04F0648F7EA2,Scenario,相干光通信,相干光通信,company-info_with_url.xlsx,Scenario
SCN_73F618272251,Scenario,生物医疗成像,生物医疗成像,company-info_with_url.xlsx,Scenario
SCN_7A88770BD6E5,Scenario,科研,科研,company-info_with_url.xlsx,Scenario
SUP_1E556211EBAB,Supplier,硅光子芯片代工厂,硅光子芯片代工厂,company-info_with_url.xlsx,Supplier
SUP_46A46576F54F,Supplier,耦合设备供应商,耦合设备供应商,company-info_with_url.xlsx,Supplier
DEM_CD7EC0E8B3D1,DemandTag,计划本轮融资2000万人民币（用于产品研发投入1200万,计划本轮融资2000万人民币（用于产品研发投入1200万,company-info_with_url.xlsx,DemandTag
DEM_A00793E2781F,DemandTag,建设封装产线400万,建设封装产线400万,company-info_with_url.xlsx,DemandTag
DEM_E65B9A274EDB,DemandTag,公司运营销售600万）,公司运营销售600万）,company-info_with_url.xlsx,DemandTag
PROD_B32CD7212F3E,Product,以灵巧手为切入点,以灵巧手为切入点,company-info_with_url.xlsx,Product
PROD_E239811C653D,Product,构建灵巧操作核心能力。核心技术高自由度触觉灵巧手（TRX-Hand5）,构建灵巧操作核心能力。核心技术高自由度触觉灵巧手（trx-hand5）,company-info_with_url.xlsx,Product
PROD_9413B006647C,Product,触觉感知系统,触觉感知系统,company-info_with_url.xlsx,Product
PROD_44BAC7595510,Product,灵巧操作模型算法,灵巧操作模型算法,company-info_with_url.xlsx,Product
CAP_8F0F83B4EBB8,Capability,高自由度触觉灵巧手技术,高自由度触觉灵巧手技术,company-info_with_url.xlsx,Capability
CAP_F8559F1C6962,Capability,触觉感知系统,触觉感知系统,company-info_with_url.xlsx,Capability
IND_71AFC40BDAD0,Industry,全球科研市场,全球科研市场,company-info_with_url.xlsx,Industry
IND_61F24836C1F2,Industry,未来拓展至垂直场景客户。,未来拓展至垂直场景客户。,company-info_with_url.xlsx,Industry
SCN_3F255F97FD68,Scenario,提供触觉灵巧手硬件,提供触觉灵巧手硬件,company-info_with_url.xlsx,Scenario
SCN_AD644DC07598,Scenario,高质量操作数据及模型,高质量操作数据及模型,company-info_with_url.xlsx,Scenario
SCN_CC78C54A3BA8,Scenario,灵巧操作能力。具体场景暂无。,灵巧操作能力。具体场景暂无。,company-info_with_url.xlsx,Scenario
SUP_153E774D9E1B,Supplier,人形机器人关节模组供应商,人形机器人关节模组供应商,company-info_with_url.xlsx,Supplier
SUP_08DF460D5187,Supplier,力传感器供应商,力传感器供应商,company-info_with_url.xlsx,Supplier
DEM_E3241332D488,DemandTag,融资。计划进行天使轮融资1500~2000万,融资。计划进行天使轮融资1500~2000万,company-info_with_url.xlsx,DemandTag
DEM_D8A7460C7F72,DemandTag,稀释10~15%,稀释10~15%,company-info_with_url.xlsx,DemandTag
DEM_7978744CB364,DemandTag,用于研发投入,用于研发投入,company-info_with_url.xlsx,DemandTag
DEM_5905F22FEE7D,DemandTag,人力成本,人力成本,company-info_with_url.xlsx,DemandTag
DEM_FB98F1745137,DemandTag,运营成本。,运营成本。,company-info_with_url.xlsx,DemandTag
PROD_8B6B33572519,Product,具备核心光纤与器件的集成能力。产品掺镱光纤,具备核心光纤与器件的集成能力。产品掺镱光纤,company-info_with_url.xlsx,Product
PROD_6DF4141DEA0F,Product,无源光纤,无源光纤,company-info_with_url.xlsx,Product
PROD_DBE9662EEE0C,Product,传能光纤,传能光纤,company-info_with_url.xlsx,Product
PROD_60452BA7A06B,Product,保偏光纤,保偏光纤,company-info_with_url.xlsx,Product
PROD_C90768120127,Product,紫外光纤,紫外光纤,company-info_with_url.xlsx,Product
PROD_22F5145805F1,Product,预制棒,预制棒,company-info_with_url.xlsx,Product
PROD_F10C679954BC,Product,器件（TGG,器件（tgg,company-info_with_url.xlsx,Product
PROD_595ED2874616,Product,光栅,光栅,company-info_with_url.xlsx,Product
PROD_2D9BF5CB180B,Product,QBH,qbh,company-info_with_url.xlsx,Product
PROD_46A60AEAD5BD,Product,QD光缆,qd光缆,company-info_with_url.xlsx,Product
PROD_97803286F0E9,Product,集束跳线,集束跳线,company-info_with_url.xlsx,Product
PROD_37BB78F1DD93,Product,镀膜光纤跳线）,镀膜光纤跳线）,company-info_with_url.xlsx,Product
PROD_3D95EDF380B2,Product,泵浦源（915nm泵浦,泵浦源（915nm泵浦,company-info_with_url.xlsx,Product
PROD_A9100BB184E5,Product,976nm泵浦,976nm泵浦,company-info_with_url.xlsx,Product
PROD_38E3F1A7E8CD,Product,>1000W泵浦模块）,>1000w泵浦模块）,company-info_with_url.xlsx,Product
PROD_EE9D2D5A123F,Product,激光器（300W-30kW连续激光器,激光器（300w-30kw连续激光器,company-info_with_url.xlsx,Product
PROD_45697FA6C2C1,Product,光束可调激光器）,光束可调激光器）,company-info_with_url.xlsx,Product
CAP_7B29F647D348,Capability,核心光纤与器件集成技术,核心光纤与器件集成技术,company-info_with_url.xlsx,Capability
IND_28FBE9E6FEAF,Industry,切割,切割,company-info_with_url.xlsx,Industry
IND_1F2E21C61011,Industry,手持焊,手持焊,company-info_with_url.xlsx,Industry
IND_A0BE2B366670,Industry,电池焊接,电池焊接,company-info_with_url.xlsx,Industry
IND_B82838B6C0C3,Industry,清洗和熔覆,清洗和熔覆,company-info_with_url.xlsx,Industry
IND_60DF9C447FBF,Industry,金属3D打印,金属3d打印,company-info_with_url.xlsx,Industry
IND_BB31A49E74AA,Industry,除障,除障,company-info_with_url.xlsx,Industry
IND_90D896807D89,Industry,增材制造,增材制造,company-info_with_url.xlsx,Industry
IND_A6BB7F3C2B1F,Industry,电动车材料,电动车材料,company-info_with_url.xlsx,Industry
IND_B99AF7B87F9D,Industry,太阳能,太阳能,company-info_with_url.xlsx,Industry
IND_5874A148DDD7,Industry,重工业,重工业,company-info_with_url.xlsx,Industry
IND_659A56E2B12D,Industry,运输。,运输。,company-info_with_url.xlsx,Industry
SCN_452B32ACD2EB,Scenario,2D和3D切割,2d和3d切割,company-info_with_url.xlsx,Scenario
SCN_10D6E5F0D02F,Scenario,焊接,焊接,company-info_with_url.xlsx,Scenario
SCN_946B00055C8A,Scenario,远程焊接,远程焊接,company-info_with_url.xlsx,Scenario
SCN_2D003A1E080F,Scenario,钻孔,钻孔,company-info_with_url.xlsx,Scenario
SCN_E5198769DCA8,Scenario,增材制造。,增材制造。,company-info_with_url.xlsx,Scenario
SUP_1A1210755BC0,Supplier,光纤激光器增益光纤供应商,光纤激光器增益光纤供应商,company-info_with_url.xlsx,Supplier
SUP_01E2E5C154C8,Supplier,光纤光栅供应商,光纤光栅供应商,company-info_with_url.xlsx,Supplier
SUP_7B1B9E0A939B,Supplier,泵浦源供应商,泵浦源供应商,company-info_with_url.xlsx,Supplier
PROD_B0D595D387D6,Product,北京英飞智药科技（待查,北京英飞智药科技（待查,company-info_with_url.xlsx,Product
PROD_008843952670,Product,与英矽智能不同,与英矽智能不同,company-info_with_url.xlsx,Product
PROD_AA80655A6D3A,Product,无直接关联）,无直接关联）,company-info_with_url.xlsx,Product
CAP_A5A3D394F5AC,Capability,AI+新药研发（智药大脑平台）,ai+新药研发（智药大脑平台）,company-info_with_url.xlsx,Capability
SUP_2D7F5DE5D7CA,Supplier,AI药物研发软件供应商,ai药物研发软件供应商,company-info_with_url.xlsx,Supplier
SUP_49005B1CAD08,Supplier,分子生物学数据库服务,分子生物学数据库服务,company-info_with_url.xlsx,Supplier
SUP_0A67989CEBC2,Supplier,生物实验外包服务,生物实验外包服务,company-info_with_url.xlsx,Supplier
PROD_1474C24F2F7A,Product,硅光计算芯片,硅光计算芯片,company-info_with_url.xlsx,Product
CAP_9D56553140A0,Capability,硅光计算芯片技术,硅光计算芯片技术,company-info_with_url.xlsx,Capability
IND_C4BE1C92E4B9,Industry,人工智能芯片行业,人工智能芯片行业,company-info_with_url.xlsx,Industry
SUP_86E6B2A534AF,Supplier,光学计算芯片原材料供应商,光学计算芯片原材料供应商,company-info_with_url.xlsx,Supplier
SUP_FA6936823350,Supplier,光调制器供应商,光调制器供应商,company-info_with_url.xlsx,Supplier
DEM_2845018AFC0E,DemandTag,本次融资用途（根据目录6.2）,本次融资用途（根据目录6.2）,company-info_with_url.xlsx,DemandTag
PROD_C2C3B77D4CBA,Product,基于面结构光3D扫描,基于面结构光3d扫描,company-info_with_url.xlsx,Product
PROD_5BCC2BC8E9BE,Product,3D轮廓重建以及深度学习技术的定制家具自动化视觉检测设备,3d轮廓重建以及深度学习技术的定制家具自动化视觉检测设备,company-info_with_url.xlsx,Product
PROD_11EE64F8D7B1,Product,尺寸测量设备,尺寸测量设备,company-info_with_url.xlsx,Product
PROD_B11F74161A24,Product,封边缺陷检测设备,封边缺陷检测设备,company-info_with_url.xlsx,Product
PROD_4C0993E12279,Product,板材订单分拣系统等,板材订单分拣系统等,company-info_with_url.xlsx,Product
CAP_22127D145ACD,Capability,面结构光3D扫描,面结构光3d扫描,company-info_with_url.xlsx,Capability
CAP_8C7E4CC5BD62,Capability,3D轮廓重建,3d轮廓重建,company-info_with_url.xlsx,Capability
CAP_D18C9481F395,Capability,深度学习视觉检测,深度学习视觉检测,company-info_with_url.xlsx,Capability
IND_FE22767AD5F0,Industry,定制家具行业,定制家具行业,company-info_with_url.xlsx,Industry
IND_003D9A94FD5F,Industry,特别是板式定制家具的生产制造环节。,特别是板式定制家具的生产制造环节。,company-info_with_url.xlsx,Industry
SCN_444D9DB96F7A,Scenario,定制家具生产流程中的检测环节,定制家具生产流程中的检测环节,company-info_with_url.xlsx,Scenario
SCN_6AB0736AA1FE,Scenario,具体包括板材尺寸测量,具体包括板材尺寸测量,company-info_with_url.xlsx,Scenario
SCN_ABC2FB75B9A4,Scenario,封边缺陷检测,封边缺陷检测,company-info_with_url.xlsx,Scenario
SCN_59CA7702A9F8,Scenario,板材订单分拣等。,板材订单分拣等。,company-info_with_url.xlsx,Scenario
CUS_EF65B428E650,Customer,暂无明确列出现有付费客户,暂无明确列出现有付费客户,company-info_with_url.xlsx,Customer
CUS_7E090D98671A,Customer,已与苏州国家实验室,已与苏州国家实验室,company-info_with_url.xlsx,Customer
CUS_09F4CD07BE0C,Customer,姑苏实验室达成合作,姑苏实验室达成合作,company-info_with_url.xlsx,Customer
SUP_A76B444D9B45,Supplier,暂无信息,暂无信息,company-info_with_url.xlsx,Supplier
DEM_924A8FE4E778,DemandTag,资金。文档显示公司正在进行融资（本轮融资900万元）,资金。文档显示公司正在进行融资（本轮融资900万元）,company-info_with_url.xlsx,DemandTag
DEM_A3B7885D8D43,DemandTag,用于公司发展。,用于公司发展。,company-info_with_url.xlsx,DemandTag
PROD_E806BE26A12C,Product,量子计算芯片及封装,量子计算芯片及封装,company-info_with_url.xlsx,Product
PROD_77280D63001F,Product,极低温量子测控设备,极低温量子测控设备,company-info_with_url.xlsx,Product
PROD_24C0A634C631,Product,量子算力平台,量子算力平台,company-info_with_url.xlsx,Product
CAP_4BE52285E5AB,Capability,超导量子计算技术解决方案,超导量子计算技术解决方案,company-info_with_url.xlsx,Capability
CAP_6909E0DB1EFB,Capability,量子计算服务,量子计算服务,company-info_with_url.xlsx,Capability
CAP_1AF3175D387F,Capability,量子计算芯片及封装,量子计算芯片及封装,company-info_with_url.xlsx,Capability
CAP_1121AB3A4BA9,Capability,极低温量子测控线路解决方案,极低温量子测控线路解决方案,company-info_with_url.xlsx,Capability
CAP_5FD92AE30073,Capability,室温测控电子学解决方案,室温测控电子学解决方案,company-info_with_url.xlsx,Capability
CAP_9DC8006CF6D9,Capability,测控软件等产品和服务,测控软件等产品和服务,company-info_with_url.xlsx,Capability
CAP_818FF324E753,Capability,量子算力平台和应用软件生态支持,量子算力平台和应用软件生态支持,company-info_with_url.xlsx,Capability
IND_4E2B48C6150F,Industry,量子计算机研发与生产,量子计算机研发与生产,company-info_with_url.xlsx,Industry
IND_9F084C992003,Industry,量子计算应用企业。,量子计算应用企业。,company-info_with_url.xlsx,Industry
SCN_92B03E1C61B3,Scenario,为量子计算机研发与生产提供产品和服务,为量子计算机研发与生产提供产品和服务,company-info_with_url.xlsx,Scenario
SCN_3D5924089F2E,Scenario,面向量子计算应用企业提供量子算力平台和应用软件生态支持。,面向量子计算应用企业提供量子算力平台和应用软件生态支持。,company-info_with_url.xlsx,Scenario
SUP_AC5942AF5B1C,Supplier,激光器核心配件供应商,激光器核心配件供应商,company-info_with_url.xlsx,Supplier
SUP_9270A2151572,Supplier,激光晶体供应商,激光晶体供应商,company-info_with_url.xlsx,Supplier
DEM_E1A7F8448233,DemandTag,资金（正在进行本轮融资）。,资金（正在进行本轮融资）。,company-info_with_url.xlsx,DemandTag
PROD_DA27AE3046CA,Product,CVD-ZnSe硒化锌晶体坯材及光学器件,cvd-znse硒化锌晶体坯材及光学器件,company-info_with_url.xlsx,Product
CAP_5E7E526A6D5B,Capability,CVD-ZnSe 红外晶体材料的研发,cvd-znse 红外晶体材料的研发,company-info_with_url.xlsx,Capability
CAP_A6764551DA43,Capability,主要产品为硒化锌晶体原材料（坯材）,主要产品为硒化锌晶体原材料（坯材）,company-info_with_url.xlsx,Capability
CAP_F498DC63B8D2,Capability,光学加工,光学加工,company-info_with_url.xlsx,Capability
CAP_C94A4A503B78,Capability,镀膜处理后的硒化锌光学器件,镀膜处理后的硒化锌光学器件,company-info_with_url.xlsx,Capability
CAP_34C0B72BBEAD,Capability,硒化锌光学模组,硒化锌光学模组,company-info_with_url.xlsx,Capability
CAP_9887B097001A,Capability,以及硒化锌光学系统设备等,以及硒化锌光学系统设备等,company-info_with_url.xlsx,Capability
SUP_F0D88EAFC446,Supplier,碲镉汞材料供应商,碲镉汞材料供应商,company-info_with_url.xlsx,Supplier
SUP_0495179F5045,Supplier,光学锗供应商,光学锗供应商,company-info_with_url.xlsx,Supplier
DEM_9114B21ECA51,DemandTag,融资（本轮共融资2000万,融资（本轮共融资2000万,company-info_with_url.xlsx,DemandTag
DEM_755121AF3E93,DemandTag,出让股权32%）,出让股权32%）,company-info_with_url.xlsx,DemandTag
PROD_03C649D75A89,Product,中大型液体火箭,中大型液体火箭,company-info_with_url.xlsx,Product
CAP_1C2EC6CCA3AD,Capability,中大型液体火箭以及垂直回收火箭的研制,中大型液体火箭以及垂直回收火箭的研制,company-info_with_url.xlsx,Capability
IND_C4ECFB02D175,Industry,商业航天（商业卫星发射）,商业航天（商业卫星发射）,company-info_with_url.xlsx,Industry
SCN_350D06C0F5BB,Scenario,面向千帆星座,面向千帆星座,company-info_with_url.xlsx,Scenario
SCN_A254DF859D89,Scenario,中国星网一二期组网计划等商业卫星发射任务,中国星网一二期组网计划等商业卫星发射任务,company-info_with_url.xlsx,Scenario
SUP_26E558A337A5,Supplier,风能预测软件数据供应商,风能预测软件数据供应商,company-info_with_url.xlsx,Supplier
SUP_CEBB8F850078,Supplier,气象数据服务商,气象数据服务商,company-info_with_url.xlsx,Supplier
DEM_0300E39966E2,DemandTag,资金（天使轮融资400-500万元,资金（天使轮融资400-500万元,company-info_with_url.xlsx,DemandTag
DEM_25641FFEC537,DemandTag,用于搭建公司基础运营架构）,用于搭建公司基础运营架构）,company-info_with_url.xlsx,DemandTag
PROD_A41325791A1F,Product,双足人形机器人,双足人形机器人,company-info_with_url.xlsx,Product
PROD_15AD8FFFF2D8,Product,高精度桌面级机械臂,高精度桌面级机械臂,company-info_with_url.xlsx,Product
PROD_1AA56605CF92,Product,任意位姿自适应磁悬浮系统,任意位姿自适应磁悬浮系统,company-info_with_url.xlsx,Product
PROD_264D98C24935,Product,自平衡自动驾驶自行车,自平衡自动驾驶自行车,company-info_with_url.xlsx,Product
PROD_35E0B9EAD147,Product,大负载智能无人机,大负载智能无人机,company-info_with_url.xlsx,Product
PROD_AB107DD47F93,Product,视觉两轮机器人,视觉两轮机器人,company-info_with_url.xlsx,Product
PROD_9C4A19F542DD,Product,独轮移动机器人,独轮移动机器人,company-info_with_url.xlsx,Product
PROD_DC3D1EEEB4FE,Product,桌面智能陪伴机器人,桌面智能陪伴机器人,company-info_with_url.xlsx,Product
PROD_CA2E6911C22D,Product,双臂核酸采样机器人,双臂核酸采样机器人,company-info_with_url.xlsx,Product
PROD_71891283C3B1,Product,餐饮机器人,餐饮机器人,company-info_with_url.xlsx,Product
PROD_CC23612B3802,Product,移乘助行机器人,移乘助行机器人,company-info_with_url.xlsx,Product
PROD_99B977F59899,Product,调酒机器人,调酒机器人,company-info_with_url.xlsx,Product
PROD_C802664DA833,Product,全身康复机器人,全身康复机器人,company-info_with_url.xlsx,Product
PROD_434C009B61F9,Product,下肢助行机器人,下肢助行机器人,company-info_with_url.xlsx,Product
PROD_71409B36BA8C,Product,北京冬奥机器人餐厅,北京冬奥机器人餐厅,company-info_with_url.xlsx,Product
CAP_93EA75299F1A,Capability,双足人形机器人,双足人形机器人,company-info_with_url.xlsx,Capability
CAP_7EBFFA9D6124,Capability,高精度桌面级机械臂,高精度桌面级机械臂,company-info_with_url.xlsx,Capability
CAP_C469902E09E1,Capability,磁悬浮系统技术,磁悬浮系统技术,company-info_with_url.xlsx,Capability
SCN_47317A86E839,Scenario,餐饮,餐饮,company-info_with_url.xlsx,Scenario
SCN_951F0722E1E0,Scenario,医疗康复（核酸采样,医疗康复（核酸采样,company-info_with_url.xlsx,Scenario
SCN_66749E86BB23,Scenario,助行,助行,company-info_with_url.xlsx,Scenario
SCN_000529F4A7BE,Scenario,康复）,康复）,company-info_with_url.xlsx,Scenario
SCN_385BB08A1B5C,Scenario,服务陪伴,服务陪伴,company-info_with_url.xlsx,Scenario
SCN_24348003F613,Scenario,特种作业（如磁悬浮系统）,特种作业（如磁悬浮系统）,company-info_with_url.xlsx,Scenario
SUP_031B86BD78D3,Supplier,人形机器人关节模组供应商（意优科技,人形机器人关节模组供应商（意优科技,company-info_with_url.xlsx,Supplier
SUP_3AF114DFA6DE,Supplier,中大力德）,中大力德）,company-info_with_url.xlsx,Supplier
SUP_CBAC35DF1729,Supplier,谐波减速器供应商（绿的谐波）,谐波减速器供应商（绿的谐波）,company-info_with_url.xlsx,Supplier
SUP_AF01DEC09B24,Supplier,行星减速器供应商（中大力德）,行星减速器供应商（中大力德）,company-info_with_url.xlsx,Supplier
PROD_5C9867FBDADB,Product,相干FSO自由空间光通信地面站设备,相干fso自由空间光通信地面站设备,company-info_with_url.xlsx,Product
CAP_C03F97112D80,Capability,相干FSO（自由空间光通信）通信技术,相干fso（自由空间光通信）通信技术,company-info_with_url.xlsx,Capability
CAP_AD95FEFDAF4B,Capability,相干FSO自适应算法及技术（Space DSP）,相干fso自适应算法及技术（space dsp）,company-info_with_url.xlsx,Capability
CAP_FF99EF43141C,Capability,相干FSO模式分集技术（MD-Space DSP）,相干fso模式分集技术（md-space dsp）,company-info_with_url.xlsx,Capability
CAP_3E1A08FDF45C,Capability,相干FSO通信地面站设备（或相干FSO通信终端设备）,相干fso通信地面站设备（或相干fso通信终端设备）,company-info_with_url.xlsx,Capability
IND_F90ED090FA57,Industry,空天地一体化网络,空天地一体化网络,company-info_with_url.xlsx,Industry
SCN_F97E8BB65EAB,Scenario,星地高速率通信链路,星地高速率通信链路,company-info_with_url.xlsx,Scenario
SCN_C33CA34AD251,Scenario,星间高速率通信链路,星间高速率通信链路,company-info_with_url.xlsx,Scenario
SUP_3183F694C0C9,Supplier,卫星激光通信载荷供应商,卫星激光通信载荷供应商,company-info_with_url.xlsx,Supplier
SUP_9BD16EC7B7BD,Supplier,空间光调制器供应商,空间光调制器供应商,company-info_with_url.xlsx,Supplier
DEM_0C60EAAE73FA,DemandTag,地面专用高速率相干FSO通信专用芯片（用于降本）,地面专用高速率相干fso通信专用芯片（用于降本）,company-info_with_url.xlsx,DemandTag
DEM_82D332AEBC13,DemandTag,天基高速率相干FSO通信专用芯片（用于降本,天基高速率相干fso通信专用芯片（用于降本,company-info_with_url.xlsx,DemandTag
DEM_F4B3313F93DC,DemandTag,推动放量,推动放量,company-info_with_url.xlsx,DemandTag
DEM_4224D0A5AA43,DemandTag,实现宇航级高速率,实现宇航级高速率,company-info_with_url.xlsx,DemandTag
DEM_7188667775DC,DemandTag,互联互通和灵活组网）,互联互通和灵活组网）,company-info_with_url.xlsx,DemandTag
PROD_7B9B4693F8F3,Product,CRBC+CRVC农业生物技术数据库,crbc+crvc农业生物技术数据库,company-info_with_url.xlsx,Product
CAP_5E9E6CF92A86,Capability,全球首个CRBC+CRVC数据库驱动的农业生物技术,全球首个crbc+crvc数据库驱动的农业生物技术,company-info_with_url.xlsx,Capability
CAP_76F35797BB11,Capability,根际原位非模式微生物组资源库构建（菌种库+基因库）,根际原位非模式微生物组资源库构建（菌种库+基因库）,company-info_with_url.xlsx,Capability
CAP_50B0834E51F3,Capability,植物-微生物互作精准适配研究体系,植物-微生物互作精准适配研究体系,company-info_with_url.xlsx,Capability
CAP_899FF5FB08AB,Capability,主效功能物质的挖掘与鉴定,主效功能物质的挖掘与鉴定,company-info_with_url.xlsx,Capability
CAP_595E20A76718,Capability,Culturome高通量分离培养技术体系,culturome高通量分离培养技术体系,company-info_with_url.xlsx,Capability
SCN_C214398B1A85,Scenario,化肥替代,化肥替代,company-info_with_url.xlsx,Scenario
SCN_7186495A19E5,Scenario,农药替代,农药替代,company-info_with_url.xlsx,Scenario
SCN_75854E6E730C,Scenario,退化耕地治理,退化耕地治理,company-info_with_url.xlsx,Scenario
SCN_3F4B3AE801EE,Scenario,土壤改良,土壤改良,company-info_with_url.xlsx,Scenario
SUP_ABC8A0CFE6D8,Supplier,生物实验试剂供应商,生物实验试剂供应商,company-info_with_url.xlsx,Supplier
PROD_921110975A31,Product,高活性乳蛋白（乳铁蛋白,高活性乳蛋白（乳铁蛋白,company-info_with_url.xlsx,Product
PROD_3BEB2D63B770,Product,免疫球蛋白）,免疫球蛋白）,company-info_with_url.xlsx,Product
CAP_19F78DE406E1,Capability,以酵母为生物反应器生成高生物活性乳蛋白（糖蛋白）,以酵母为生物反应器生成高生物活性乳蛋白（糖蛋白）,company-info_with_url.xlsx,Capability
CAP_5E44AB87EED6,Capability,乳铁蛋白,乳铁蛋白,company-info_with_url.xlsx,Capability
CAP_93C40393A2C8,Capability,免疫球蛋白,免疫球蛋白,company-info_with_url.xlsx,Capability
CAP_8C088236351D,Capability,乳白蛋白等,乳白蛋白等,company-info_with_url.xlsx,Capability
CAP_3F89F20463A6,Capability,拥有糖蛋白表达平台系统,拥有糖蛋白表达平台系统,company-info_with_url.xlsx,Capability
CAP_DDBD5F632DC0,Capability,底盘细胞技术（MK和PK酵母）及蛋白表达系统（糖基化修饰与途径改造）,底盘细胞技术（mk和pk酵母）及蛋白表达系统（糖基化修饰与途径改造）,company-info_with_url.xlsx,Capability
IND_C26318AA12AD,Industry,乳制品行业（奶酪,乳制品行业（奶酪,company-info_with_url.xlsx,Industry
IND_1CB84A8070CC,Industry,酸奶,酸奶,company-info_with_url.xlsx,Industry
IND_29D85BAEACF5,Industry,冰淇淋,冰淇淋,company-info_with_url.xlsx,Industry
IND_14BECF2BC0D9,Industry,奶粉,奶粉,company-info_with_url.xlsx,Industry
IND_E0C0642B51CA,Industry,功能乳粉,功能乳粉,company-info_with_url.xlsx,Industry
IND_149632833804,Industry,婴儿配方食品等）,婴儿配方食品等）,company-info_with_url.xlsx,Industry
IND_423148B7E2E2,Industry,食品添加剂,食品添加剂,company-info_with_url.xlsx,Industry
IND_A43D28C77ED8,Industry,新食品原料,新食品原料,company-info_with_url.xlsx,Industry
IND_66305A3B6637,Industry,保健品,保健品,company-info_with_url.xlsx,Industry
IND_513734EB57CC,Industry,特医食品,特医食品,company-info_with_url.xlsx,Industry
IND_972A18803975,Industry,零辅食。,零辅食。,company-info_with_url.xlsx,Industry
SCN_734550AF51FF,Scenario,乳蛋白原料生产,乳蛋白原料生产,company-info_with_url.xlsx,Scenario
SCN_2EECF79EAE65,Scenario,用于奶酪,用于奶酪,company-info_with_url.xlsx,Scenario
SCN_48BC6387A198,Scenario,冰淇淋,冰淇淋,company-info_with_url.xlsx,Scenario
SCN_BC5F13359904,Scenario,功能乳粉等乳制品,功能乳粉等乳制品,company-info_with_url.xlsx,Scenario
SCN_B0926E288A02,Scenario,已与消费品牌合作。,已与消费品牌合作。,company-info_with_url.xlsx,Scenario
SUP_0BF714948C1A,Supplier,遥感卫星数据供应商,遥感卫星数据供应商,company-info_with_url.xlsx,Supplier
DEM_D8513C8341AD,DemandTag,暂无明确提及。,暂无明确提及。,company-info_with_url.xlsx,DemandTag
PROD_AB54D8CD2981,Product,基于RISC-V指令集的高性能处理器核IP（如“香山”系列处理器核）,基于risc-v指令集的高性能处理器核ip（如“香山”系列处理器核）,company-info_with_url.xlsx,Product
CAP_B802EF3C821F,Capability,高性能商业化IP,高性能商业化ip,company-info_with_url.xlsx,Capability
CAP_DF7BB2746727,Capability,全方位设计服务,全方位设计服务,company-info_with_url.xlsx,Capability
IND_4346B96B5E71,Industry,处理器芯片产业,处理器芯片产业,company-info_with_url.xlsx,Industry
IND_6D20D094A5B1,Industry,具体为服务器CPU芯片领域,具体为服务器cpu芯片领域,company-info_with_url.xlsx,Industry
SUP_677BA9989B4C,Supplier,芯片设计EDA工具供应商,芯片设计eda工具供应商,company-info_with_url.xlsx,Supplier
SUP_0C746536E298,Supplier,半导体IP授权供应商,半导体ip授权供应商,company-info_with_url.xlsx,Supplier
SUP_69AD159E24CC,Supplier,芯片验证服务器供应商,芯片验证服务器供应商,company-info_with_url.xlsx,Supplier
DEM_D2F394A651E5,DemandTag,北京市区两级政府将分批支持使用开芯院共性技术的RISC-V应用示范项目,北京市区两级政府将分批支持使用开芯院共性技术的risc-v应用示范项目,company-info_with_url.xlsx,DemandTag
DEM_BCF587415999,DemandTag,并协助给予EDA,并协助给予eda,company-info_with_url.xlsx,DemandTag
DEM_21E71039E458,DemandTag,IP,ip,company-info_with_url.xlsx,DemandTag
DEM_FCFE8BB99313,DemandTag,流片等补贴,流片等补贴,company-info_with_url.xlsx,DemandTag
DEM_9AD435500AA3,DemandTag,以及芯片产能等生态相关资源支持,以及芯片产能等生态相关资源支持,company-info_with_url.xlsx,DemandTag
PROD_FE41E5EA7B19,Product,遥感数据分析及加工,遥感数据分析及加工,company-info_with_url.xlsx,Product
PROD_A21397C0141D,Product,能源安全环保综合解决方案,能源安全环保综合解决方案,company-info_with_url.xlsx,Product
PROD_0E9D46BAAB88,Product,遥感业务平台,遥感业务平台,company-info_with_url.xlsx,Product
PROD_929B9A089140,Product,智能硬件装置（如智能识别无人机,智能硬件装置（如智能识别无人机,company-info_with_url.xlsx,Product
PROD_7C17D850D15B,Product,近电监测设备,近电监测设备,company-info_with_url.xlsx,Product
PROD_8B76AF2CE498,Product,水土流失在线监测设备等）,水土流失在线监测设备等）,company-info_with_url.xlsx,Product
CAP_58B7EC6896D2,Capability,遥感数据处理及加工,遥感数据处理及加工,company-info_with_url.xlsx,Capability
CAP_66074AC46C8A,Capability,遥感监测分析业务应用,遥感监测分析业务应用,company-info_with_url.xlsx,Capability
CAP_90DD211A9477,Capability,遥感数据平台服务,遥感数据平台服务,company-info_with_url.xlsx,Capability
CAP_9D53299CFCF0,Capability,遥感影像智能识别算法,遥感影像智能识别算法,company-info_with_url.xlsx,Capability
CAP_6419F1E7F630,Capability,环境变化监测算法,环境变化监测算法,company-info_with_url.xlsx,Capability
CAP_63461FA004ED,Capability,地质灾害预警模型,地质灾害预警模型,company-info_with_url.xlsx,Capability
CAP_1C508FCAA6F1,Capability,三维建模及平台可视化,三维建模及平台可视化,company-info_with_url.xlsx,Capability
IND_FD1A650BA7A7,Industry,能源行业（国家电网,能源行业（国家电网,company-info_with_url.xlsx,Industry
IND_BAC857CDC3B0,Industry,石油管网,石油管网,company-info_with_url.xlsx,Industry
IND_6E73ACEE9557,Industry,南方电网等）,南方电网等）,company-info_with_url.xlsx,Industry
IND_EAE9585826D7,Industry,交通运输行业,交通运输行业,company-info_with_url.xlsx,Industry
IND_2AD9A55A47D8,Industry,水利水电,水利水电,company-info_with_url.xlsx,Industry
IND_32C6165EA89C,Industry,军工集团（项目对接）,军工集团（项目对接）,company-info_with_url.xlsx,Industry
SCN_99E4E3862BF8,Scenario,长距离线性工程自然灾害监测预警,长距离线性工程自然灾害监测预警,company-info_with_url.xlsx,Scenario
SCN_29BDCE4A9EDC,Scenario,环保水保,环保水保,company-info_with_url.xlsx,Scenario
SCN_23D66757916D,Scenario,安全监测,安全监测,company-info_with_url.xlsx,Scenario
SCN_5843C50692FE,Scenario,能源工程建设及运维中全过程监控,能源工程建设及运维中全过程监控,company-info_with_url.xlsx,Scenario
SCN_3D8747474BDB,Scenario,形象进度分析,形象进度分析,company-info_with_url.xlsx,Scenario
SCN_B9D40AF34545,Scenario,自然灾害评估监测预警,自然灾害评估监测预警,company-info_with_url.xlsx,Scenario
SCN_9E2DC5F63807,Scenario,环保专项需求,环保专项需求,company-info_with_url.xlsx,Scenario
SCN_E89F71E91D2C,Scenario,安全环境智能监测,安全环境智能监测,company-info_with_url.xlsx,Scenario
SCN_FE83340E8A69,Scenario,选址选线,选址选线,company-info_with_url.xlsx,Scenario
SCN_78B5E371E0E1,Scenario,建设阶段,建设阶段,company-info_with_url.xlsx,Scenario
SCN_3184DBC609E2,Scenario,运维阶段的灾害调查,运维阶段的灾害调查,company-info_with_url.xlsx,Scenario
SCN_70E2ED1FCF21,Scenario,监测与预警,监测与预警,company-info_with_url.xlsx,Scenario
SCN_ED51E09F1A39,Scenario,生态环境“一张图”建立,生态环境“一张图”建立,company-info_with_url.xlsx,Scenario
SCN_878E95A4F9D7,Scenario,环境敏感区调查,环境敏感区调查,company-info_with_url.xlsx,Scenario
SCN_C9885F860BDF,Scenario,生态评估及专项咨询,生态评估及专项咨询,company-info_with_url.xlsx,Scenario
SUP_811E66D2B9C7,Supplier,水环境监测传感器供应商,水环境监测传感器供应商,company-info_with_url.xlsx,Supplier
SUP_7B71B5A574CB,Supplier,数据采集设备供应商,数据采集设备供应商,company-info_with_url.xlsx,Supplier
PROD_1275D53AA5A8,Product,北京演绎科技（待查,北京演绎科技（待查,company-info_with_url.xlsx,Product
CAP_B7A7830FD5F0,Capability,AI应用技术（未查到具体核心技术）,ai应用技术（未查到具体核心技术）,company-info_with_url.xlsx,Capability
SUP_7487896C07DF,Supplier,AI算力服务器供应商,ai算力服务器供应商,company-info_with_url.xlsx,Supplier
PROD_9681E0A0EE1F,Product,金属增材制造(3D打印)零部件,金属增材制造(3d打印)零部件,company-info_with_url.xlsx,Product
CAP_3F67A25A745D,Capability,重大装备高性能金属增材制造（3D打印）,重大装备高性能金属增材制造（3d打印）,company-info_with_url.xlsx,Capability
CAP_80E448E9B6AD,Capability,重大装备关键机械运动零部件表面工程,重大装备关键机械运动零部件表面工程,company-info_with_url.xlsx,Capability
CAP_C508DAA61BFE,Capability,重大装备高性能金属结构新材料,重大装备高性能金属结构新材料,company-info_with_url.xlsx,Capability
IND_64717744336C,Industry,大飞机,大飞机,company-info_with_url.xlsx,Industry
IND_4E1FB2E2658D,Industry,舰载机,舰载机,company-info_with_url.xlsx,Industry
IND_9171D4F0C9BE,Industry,战斗机,战斗机,company-info_with_url.xlsx,Industry
IND_CDC7E45186FF,Industry,重型运载火箭等重大装备,重型运载火箭等重大装备,company-info_with_url.xlsx,Industry
SCN_7A642257E572,Scenario,重大装备研制和批产,重大装备研制和批产,company-info_with_url.xlsx,Scenario
SUP_A706F83A1E14,Supplier,金属3D打印粉末供应商（钛合金,金属3d打印粉末供应商（钛合金,company-info_with_url.xlsx,Supplier
SUP_0C61309544A9,Supplier,高温合金,高温合金,company-info_with_url.xlsx,Supplier
SUP_B4B097B9A6E6,Supplier,不锈钢）,不锈钢）,company-info_with_url.xlsx,Supplier
SUP_6F231AE899FD,Supplier,3D打印设备供应商（激光选区熔化）,3d打印设备供应商（激光选区熔化）,company-info_with_url.xlsx,Supplier
DEM_4569551AF177,DemandTag,融资（本轮融资3亿）,融资（本轮融资3亿）,company-info_with_url.xlsx,DemandTag
PROD_2D81018DEBED,Product,功能型无人车,功能型无人车,company-info_with_url.xlsx,Product
PROD_E3D19B17537C,Product,陆地航母装备,陆地航母装备,company-info_with_url.xlsx,Product
CAP_33A2BE3E172E,Capability,陆地航母装备,陆地航母装备,company-info_with_url.xlsx,Capability
CAP_459CF61F7859,Capability,功能型无人车国家检测业务,功能型无人车国家检测业务,company-info_with_url.xlsx,Capability
CAP_43334DAAC824,Capability,无人车平台系列产品,无人车平台系列产品,company-info_with_url.xlsx,Capability
CAP_C32AEA14E19E,Capability,XXX装甲车关键零部件,xxx装甲车关键零部件,company-info_with_url.xlsx,Capability
CAP_6DD757251BF6,Capability,系列8×8轮式突击平台关键零部件,系列8×8轮式突击平台关键零部件,company-info_with_url.xlsx,Capability
IND_9B8A375BEAD3,Industry,国防军工（陆地航母,国防军工（陆地航母,company-info_with_url.xlsx,Industry
IND_03CD2697CC0A,Industry,装甲车,装甲车,company-info_with_url.xlsx,Industry
IND_953CB42971E4,Industry,无人战车等）,无人战车等）,company-info_with_url.xlsx,Industry
IND_AEF57C377257,Industry,民用功能型无人车（运输,民用功能型无人车（运输,company-info_with_url.xlsx,Industry
IND_6D34D3571D95,Industry,接驳,接驳,company-info_with_url.xlsx,Industry
IND_3465A78588FD,Industry,巡逻,巡逻,company-info_with_url.xlsx,Industry
IND_A01098199A6C,Industry,市政,市政,company-info_with_url.xlsx,Industry
IND_D8336B6A42B9,Industry,环卫,环卫,company-info_with_url.xlsx,Industry
IND_367ADADC81DF,Industry,救援等）,救援等）,company-info_with_url.xlsx,Industry
SCN_48943E0AD997,Scenario,军用：陆地航母装备,军用：陆地航母装备,company-info_with_url.xlsx,Scenario
SCN_E63A8FF6DA5D,Scenario,边防重器（如中印边境）,边防重器（如中印边境）,company-info_with_url.xlsx,Scenario
SCN_F30C31591127,Scenario,坦克传动,坦克传动,company-info_with_url.xlsx,Scenario
SCN_EE8D6BCBE5C5,Scenario,坦克动力系统,坦克动力系统,company-info_with_url.xlsx,Scenario
SCN_31A6169136E4,Scenario,无人地面装备,无人地面装备,company-info_with_url.xlsx,Scenario
SCN_963D3E8A87A2,Scenario,可重构运载装备（装甲车,可重构运载装备（装甲车,company-info_with_url.xlsx,Scenario
SCN_DFE2D82110A3,Scenario,飞机起降平台,飞机起降平台,company-info_with_url.xlsx,Scenario
SCN_C3201420F496,Scenario,导弹发射装置等）。民用：功能型无人车国家检测业务。,导弹发射装置等）。民用：功能型无人车国家检测业务。,company-info_with_url.xlsx,Scenario
SUP_B40653D3B21E,Supplier,自动驾驶芯片供应商（英伟达Orin,自动驾驶芯片供应商（英伟达orin,company-info_with_url.xlsx,Supplier
SUP_003178864200,Supplier,高通8295）,高通8295）,company-info_with_url.xlsx,Supplier
SUP_6FC6700C60B2,Supplier,传感器供应商（摄像头,传感器供应商（摄像头,company-info_with_url.xlsx,Supplier
SUP_CE1311FE2BEF,Supplier,毫米波雷达,毫米波雷达,company-info_with_url.xlsx,Supplier
SUP_0A329B7429BD,Supplier,激光雷达）,激光雷达）,company-info_with_url.xlsx,Supplier
PROD_06DE7FAB2690,Product,制冷型锑化铟探测器,制冷型锑化铟探测器,company-info_with_url.xlsx,Product
PROD_F00368FDBDBE,Product,锑化铟和二类超晶格机芯以及制冷型红外相机,锑化铟和二类超晶格机芯以及制冷型红外相机,company-info_with_url.xlsx,Product
CAP_28B335C76770,Capability,制冷型锑化铟探测器,制冷型锑化铟探测器,company-info_with_url.xlsx,Capability
CAP_9DDDFF8A8BDE,Capability,红外相机技术,红外相机技术,company-info_with_url.xlsx,Capability
IND_6599B603713E,Industry,工业探测,工业探测,company-info_with_url.xlsx,Industry
SUP_01E1B777FFE3,Supplier,红外热像仪核心元器件供应商,红外热像仪核心元器件供应商,company-info_with_url.xlsx,Supplier
SUP_978FF0FB5D89,Supplier,红外探测器供应商,红外探测器供应商,company-info_with_url.xlsx,Supplier
PROD_B0460C9A932A,Product,碳纤维复合材料传动轴(POWERSHAFT),碳纤维复合材料传动轴(powershaft),company-info_with_url.xlsx,Product
CAP_F3FF2C9DDB45,Capability,以缠绕工艺为核心的复合碳纤维应用技术,以缠绕工艺为核心的复合碳纤维应用技术,company-info_with_url.xlsx,Capability
CAP_1871B436058D,Capability,自动化缠绕成型,自动化缠绕成型,company-info_with_url.xlsx,Capability
CAP_D9B02810B6B3,Capability,独家树脂配方,独家树脂配方,company-info_with_url.xlsx,Capability
CAP_67B6AEE9A0A6,Capability,非胶接连接技术,非胶接连接技术,company-info_with_url.xlsx,Capability
CAP_C43C05C32143,Capability,正向设计CAE分析数据库。核心产品为碳纤维复合材料传动轴（POWERSHAFT TM Carbon Fiber Driveshaft）,正向设计cae分析数据库。核心产品为碳纤维复合材料传动轴（powershaft tm carbon fiber driveshaft）,company-info_with_url.xlsx,Capability
CAP_74856B80B28A,Capability,以及碳纤维电驱电机转子护套和主轴,以及碳纤维电驱电机转子护套和主轴,company-info_with_url.xlsx,Capability
IND_A06A8B9DF05A,Industry,汽车行业（核心）,汽车行业（核心）,company-info_with_url.xlsx,Industry
IND_A87BCCEFC132,Industry,体育休闲,体育休闲,company-info_with_url.xlsx,Industry
IND_0282E7466BBB,Industry,医疗（潜在）。,医疗（潜在）。,company-info_with_url.xlsx,Industry
SCN_7BF44BEAAE4E,Scenario,1. 碳纤维复合材料传动轴（车规级大批量应用）。2A. 电驱电机转子碳纤维护套。2B. 电驱电机转子碳纤维主轴。,1. 碳纤维复合材料传动轴（车规级大批量应用）。2a. 电驱电机转子碳纤维护套。2b. 电驱电机转子碳纤维主轴。,company-info_with_url.xlsx,Scenario
SUP_FE13C2EA41BB,Supplier,海洋工程材料供应商,海洋工程材料供应商,company-info_with_url.xlsx,Supplier
SUP_0068ED5E1E36,Supplier,复合材料模具供应商,复合材料模具供应商,company-info_with_url.xlsx,Supplier
PROD_08A1B1D3A7AA,Product,高通量小分子药物筛选服务,高通量小分子药物筛选服务,company-info_with_url.xlsx,Product
CAP_46E5C91A39DD,Capability,利用基于高分辨成像,利用基于高分辨成像,company-info_with_url.xlsx,Capability
CAP_C8E528C6BB58,Capability,微流控和高通量转录组小分子筛选技术,微流控和高通量转录组小分子筛选技术,company-info_with_url.xlsx,Capability
CAP_B68F6C2BA906,Capability,高通量,高通量,company-info_with_url.xlsx,Capability
CAP_78B4F15EAAAD,Capability,低成本,低成本,company-info_with_url.xlsx,Capability
CAP_DD6B33014856,Capability,全面系统地筛选操作细胞命运的小分子药物,全面系统地筛选操作细胞命运的小分子药物,company-info_with_url.xlsx,Capability
CAP_160D12C9DC1B,Capability,产生有成药前景的小分子化合物自主知识产权,产生有成药前景的小分子化合物自主知识产权,company-info_with_url.xlsx,Capability
IND_4B341C31148A,Industry,细胞治疗,细胞治疗,company-info_with_url.xlsx,Industry
SCN_1596A4427D4A,Scenario,短期内承接药厂的药物合作研发课题,短期内承接药厂的药物合作研发课题,company-info_with_url.xlsx,Scenario
SCN_D57B99F24315,Scenario,技术服务,技术服务,company-info_with_url.xlsx,Scenario
SCN_56A914B238D3,Scenario,中期内推动自主研发的有成药前景的小分子化合物专利的进一步转化,中期内推动自主研发的有成药前景的小分子化合物专利的进一步转化,company-info_with_url.xlsx,Scenario
SCN_A2B2146AD339,Scenario,并与制药企业合作完成候选药物的临床申报和转化。,并与制药企业合作完成候选药物的临床申报和转化。,company-info_with_url.xlsx,Scenario
SUP_CA112E586FA3,Supplier,细胞培养原材料供应商,细胞培养原材料供应商,company-info_with_url.xlsx,Supplier
DEM_CB5E10F6B190,DemandTag,资金（本轮融资1000万元）。,资金（本轮融资1000万元）。,company-info_with_url.xlsx,DemandTag
PROD_19D995C36AAA,Product,再生碳纤维短切材料,再生碳纤维短切材料,company-info_with_url.xlsx,Product
PROD_6EE70534BE3B,Product,再生碳纤维毡,再生碳纤维毡,company-info_with_url.xlsx,Product
CAP_168117E20C3B,Capability,碳纤维复合材料回收与再利用技术,碳纤维复合材料回收与再利用技术,company-info_with_url.xlsx,Capability
CAP_B8CB25F3559D,Capability,再生碳纤维产品：短切再生碳纤维（改性塑料用）,再生碳纤维产品：短切再生碳纤维（改性塑料用）,company-info_with_url.xlsx,Capability
CAP_364F3355A6D6,Capability,再生碳纤维毡（针刺毡-纯碳纤,再生碳纤维毡（针刺毡-纯碳纤,company-info_with_url.xlsx,Capability
CAP_86485C1129FE,Capability,针刺毡-混纤,针刺毡-混纤,company-info_with_url.xlsx,Capability
CAP_759C06A698E2,Capability,表面毡）,表面毡）,company-info_with_url.xlsx,Capability
IND_D3F5389CAD5E,Industry,汽车交通,汽车交通,company-info_with_url.xlsx,Industry
IND_4837E60CB4EF,Industry,航空航天（C919大飞机项目）,航空航天（c919大飞机项目）,company-info_with_url.xlsx,Industry
IND_3AB04059FD26,Industry,风电叶片,风电叶片,company-info_with_url.xlsx,Industry
IND_76F493157FB9,Industry,压力容器,压力容器,company-info_with_url.xlsx,Industry
IND_2F90DFF5B274,Industry,体育休闲用品,体育休闲用品,company-info_with_url.xlsx,Industry
IND_00B8209615BE,Industry,电子电器,电子电器,company-info_with_url.xlsx,Industry
IND_7905754C4A4C,Industry,管道修复,管道修复,company-info_with_url.xlsx,Industry
IND_FA2F41060A57,Industry,燃料电池隔膜原纸,燃料电池隔膜原纸,company-info_with_url.xlsx,Industry
SCN_94F5D0FF8F50,Scenario,汽车天窗组件,汽车天窗组件,company-info_with_url.xlsx,Scenario
SCN_C402EE954719,Scenario,机械弯臂,机械弯臂,company-info_with_url.xlsx,Scenario
SCN_234F3BDC6A57,Scenario,吉他琴身,吉他琴身,company-info_with_url.xlsx,Scenario
SCN_5B33ED64592F,Scenario,面板,面板,company-info_with_url.xlsx,Scenario
SCN_4FF8DACB74D2,Scenario,电动工具连杆,电动工具连杆,company-info_with_url.xlsx,Scenario
SCN_37742EDB0E24,Scenario,笔记本电脑外壳,笔记本电脑外壳,company-info_with_url.xlsx,Scenario
SCN_8E53B7A151F5,Scenario,屏蔽网,屏蔽网,company-info_with_url.xlsx,Scenario
SCN_6D56C56251A5,Scenario,电动叉车方向手柄,电动叉车方向手柄,company-info_with_url.xlsx,Scenario
SCN_5B9762E86C9B,Scenario,纺机配件,纺机配件,company-info_with_url.xlsx,Scenario
SCN_80CEF2ABF554,Scenario,防爆配件,防爆配件,company-info_with_url.xlsx,Scenario
SCN_276EE7261820,Scenario,无人机叶片,无人机叶片,company-info_with_url.xlsx,Scenario
SCN_49BB6368D2ED,Scenario,汽车部件,汽车部件,company-info_with_url.xlsx,Scenario
SCN_4F502FAE0490,Scenario,管道修补,管道修补,company-info_with_url.xlsx,Scenario
SCN_AE2D481E8135,Scenario,汽车防撞梁,汽车防撞梁,company-info_with_url.xlsx,Scenario
SCN_FE2650BEAFD5,Scenario,笔电A壳材料,笔电a壳材料,company-info_with_url.xlsx,Scenario
SUP_5CEA273E6F5A,Supplier,碳纤维原材料供应商,碳纤维原材料供应商,company-info_with_url.xlsx,Supplier
SUP_39B55C5EA22A,Supplier,复合材料加工设备供应商,复合材料加工设备供应商,company-info_with_url.xlsx,Supplier
PROD_FBABE3498CBE,Product,场反磁镜(FRC)装置（待查）,场反磁镜(frc)装置（待查）,company-info_with_url.xlsx,Product
CAP_87961B4B0E39,Capability,先进场反磁镜（FRC）技术,先进场反磁镜（frc）技术,company-info_with_url.xlsx,Capability
CAP_84C14F68560A,Capability,高密度场反磁镜（三重约束）,高密度场反磁镜（三重约束）,company-info_with_url.xlsx,Capability
CAP_72F3E68B3556,Capability,离子回旋波加热技术,离子回旋波加热技术,company-info_with_url.xlsx,Capability
CAP_0BF223124D4D,Capability,高参数FRC对碰融合技术,高参数frc对碰融合技术,company-info_with_url.xlsx,Capability
CAP_51C763B885A8,Capability,旋转磁场控制技术,旋转磁场控制技术,company-info_with_url.xlsx,Capability
CAP_585FF20928B2,Capability,自研高功率射频源,自研高功率射频源,company-info_with_url.xlsx,Capability
CAP_12EEB16DE70E,Capability,自研高压脉冲电源,自研高压脉冲电源,company-info_with_url.xlsx,Capability
CAP_4E745990FC2A,Capability,超级电容器供能模组等,超级电容器供能模组等,company-info_with_url.xlsx,Capability
IND_0A7EC6881B44,Industry,能源行业（核聚变发电）,能源行业（核聚变发电）,company-info_with_url.xlsx,Industry
IND_85002822F5F2,Industry,先进等离子体技术应用与科技服务。,先进等离子体技术应用与科技服务。,company-info_with_url.xlsx,Industry
SCN_BCBED01BDCB4,Scenario,可控核聚变电站（未来目标）,可控核聚变电站（未来目标）,company-info_with_url.xlsx,Scenario
SCN_EC447FB9EFBB,Scenario,先进等离子体技术应用和科技服务。,先进等离子体技术应用和科技服务。,company-info_with_url.xlsx,Scenario
CUS_EAB460D28F98,Customer,已广泛服务于国内主要主机厂和研究所（如洪都,已广泛服务于国内主要主机厂和研究所（如洪都,company-info_with_url.xlsx,Customer
CUS_AC059890A082,Customer,沈飞,沈飞,company-info_with_url.xlsx,Customer
CUS_C6418AFC330C,Customer,西飞,西飞,company-info_with_url.xlsx,Customer
CUS_65E8A9455DB8,Customer,通飞,通飞,company-info_with_url.xlsx,Customer
CUS_777075CD32BD,Customer,陕飞等）,陕飞等）,company-info_with_url.xlsx,Customer
CUS_56D4BC7D3298,Customer,产品应用于国家各军种型号,产品应用于国家各军种型号,company-info_with_url.xlsx,Customer
CUS_D9D7A96258EF,Customer,为直升机,为直升机,company-info_with_url.xlsx,Customer
CUS_378E034909B5,Customer,歼击机,歼击机,company-info_with_url.xlsx,Customer
CUS_8586AE44D89E,Customer,无人机等多机型多兵种配套,无人机等多机型多兵种配套,company-info_with_url.xlsx,Customer
CUS_C8F5D3E8DE08,Customer,国内主要主机厂和研究所（如洪都,国内主要主机厂和研究所（如洪都,company-info_with_url.xlsx,Customer
CUS_4E976FB60FE5,Customer,西,西,company-info_with_url.xlsx,Customer
CUS_5EDCD0D423E5,Customer,应用于国家各军种型号,应用于国家各军种型号,company-info_with_url.xlsx,Customer
CUS_8D4968F15F52,Customer,无人机等多机型多兵种配套。,无人机等多机型多兵种配套。,company-info_with_url.xlsx,Customer
SUP_E2A5112EC1AE,Supplier,光学纳米材料供应商,光学纳米材料供应商,company-info_with_url.xlsx,Supplier
SUP_C5796E484586,Supplier,发光材料供应商,发光材料供应商,company-info_with_url.xlsx,Supplier
DEM_FC1E201B53CE,DemandTag,融资。融资计划分为三个阶段,融资。融资计划分为三个阶段,company-info_with_url.xlsx,DemandTag
DEM_D506F23964A0,DemandTag,总经费测算约11.6亿元,总经费测算约11.6亿元,company-info_with_url.xlsx,DemandTag
DEM_B26F15B61BF9,DemandTag,用于装置建造,用于装置建造,company-info_with_url.xlsx,DemandTag
DEM_DC571B032F42,DemandTag,系统设计调试及后续研发。,系统设计调试及后续研发。,company-info_with_url.xlsx,DemandTag
PROD_AA11800F2524,Product,CBRNe特种威胁感知与处置解决方案,cbrne特种威胁感知与处置解决方案,company-info_with_url.xlsx,Product
PROD_6FED8001C815,Product,产品涵盖核子及核辐射测量仪器（如低本底液闪谱仪,产品涵盖核子及核辐射测量仪器（如低本底液闪谱仪,company-info_with_url.xlsx,Product
PROD_F7058C816EAC,Product,热释光计量仪,热释光计量仪,company-info_with_url.xlsx,Product
PROD_4C4F7F14635C,Product,表面污染检测仪,表面污染检测仪,company-info_with_url.xlsx,Product
PROD_5589B3177A5A,Product,伤口污染检测仪）,伤口污染检测仪）,company-info_with_url.xlsx,Product
PROD_C398A2BF5D1E,Product,实验分析仪器,实验分析仪器,company-info_with_url.xlsx,Product
PROD_1D7F7310F1BF,Product,生态环境监测仪器,生态环境监测仪器,company-info_with_url.xlsx,Product
PROD_18D6027C0944,Product,安防设备,安防设备,company-info_with_url.xlsx,Product
PROD_ECDF566C7EA7,Product,消毒器械,消毒器械,company-info_with_url.xlsx,Product
PROD_0BD08E71B31F,Product,人防工程防护设备等。涉及光学,人防工程防护设备等。涉及光学,company-info_with_url.xlsx,Product
PROD_0B875F1F4964,Product,质谱,质谱,company-info_with_url.xlsx,Product
PROD_F3B6DD41E51C,Product,大数据,大数据,company-info_with_url.xlsx,Product
PROD_B78C91B78912,Product,AI,ai,company-info_with_url.xlsx,Product
PROD_B14DCC516E24,Product,核与放射等技术,核与放射等技术,company-info_with_url.xlsx,Product
CAP_10742ED666C0,Capability,CBRNe特种威胁感知与处置技术,cbrne特种威胁感知与处置技术,company-info_with_url.xlsx,Capability
IND_4735A94C5344,Industry,放射卫生,放射卫生,company-info_with_url.xlsx,Industry
IND_268E6CC6F960,Industry,考古断代,考古断代,company-info_with_url.xlsx,Industry
IND_3633E29FCE4C,Industry,医疗卫生,医疗卫生,company-info_with_url.xlsx,Industry
IND_ED7E38AEFF95,Industry,公共安全与核应急,公共安全与核应急,company-info_with_url.xlsx,Industry
IND_ACC4D5FFD6D4,Industry,国土安全,国土安全,company-info_with_url.xlsx,Industry
IND_EFEE71D556AD,Industry,民航,民航,company-info_with_url.xlsx,Industry
IND_30FF6FC6C45A,Industry,公路与航运,公路与航运,company-info_with_url.xlsx,Industry
IND_E1F604AF89A5,Industry,核退役及去污,核退役及去污,company-info_with_url.xlsx,Industry
IND_49628E30C255,Industry,生态环境监测,生态环境监测,company-info_with_url.xlsx,Industry
IND_1CEBC0786486,Industry,ADME研究（药物动力学）等。,adme研究（药物动力学）等。,company-info_with_url.xlsx,Industry
SCN_03914E08E01B,Scenario,核生化放爆安全防护,核生化放爆安全防护,company-info_with_url.xlsx,Scenario
SCN_18495A175203,Scenario,环境辐射评估,环境辐射评估,company-info_with_url.xlsx,Scenario
SCN_8F31B21C94D4,Scenario,食品放射性测定,食品放射性测定,company-info_with_url.xlsx,Scenario
SCN_C8FDD15875AD,Scenario,药物动力学研究,药物动力学研究,company-info_with_url.xlsx,Scenario
SCN_3748AE152242,Scenario,生活饮用水检测,生活饮用水检测,company-info_with_url.xlsx,Scenario
SCN_1E4B76B670B6,Scenario,生物基材料测定,生物基材料测定,company-info_with_url.xlsx,Scenario
SCN_1B3F7FC4FA2A,Scenario,酿造醋酸与合成醋酸鉴定,酿造醋酸与合成醋酸鉴定,company-info_with_url.xlsx,Scenario
SCN_70E6284EB8EC,Scenario,碳测年（化石断代等）,碳测年（化石断代等）,company-info_with_url.xlsx,Scenario
SCN_436C783745D9,Scenario,海洋磷循环研究,海洋磷循环研究,company-info_with_url.xlsx,Scenario
SCN_C523C96802ED,Scenario,人体伤口表面污染检测,人体伤口表面污染检测,company-info_with_url.xlsx,Scenario
SCN_E635A87E515C,Scenario,核电站,核电站,company-info_with_url.xlsx,Scenario
SCN_17690EFD427A,Scenario,地质矿山,地质矿山,company-info_with_url.xlsx,Scenario
SCN_564619382FCA,Scenario,建筑材料检测,建筑材料检测,company-info_with_url.xlsx,Scenario
SCN_FF6A5B231F42,Scenario,公共安全与核应急,公共安全与核应急,company-info_with_url.xlsx,Scenario
SCN_6BFB4F31A4C2,Scenario,国土安全,国土安全,company-info_with_url.xlsx,Scenario
SCN_356B7CA66EAA,Scenario,出入境检验检疫等。,出入境检验检疫等。,company-info_with_url.xlsx,Scenario
SUP_A5FD270E641F,Supplier,音频处理芯片供应商,音频处理芯片供应商,company-info_with_url.xlsx,Supplier
SUP_A7D3828345A0,Supplier,语音识别模块供应商,语音识别模块供应商,company-info_with_url.xlsx,Supplier
SUP_A0165E804BFE,Supplier,无线通信模组供应商,无线通信模组供应商,company-info_with_url.xlsx,Supplier
PROD_19D2DC536E1B,Product,自研型号AE200（eVTOL）,自研型号ae200（evtol）,company-info_with_url.xlsx,Product
PROD_D0424950718E,Product,引进产品VoloCity,引进产品volocity,company-info_with_url.xlsx,Product
PROD_3FC8A79D19FB,Product,消费无人机“互酷”,消费无人机“互酷”,company-info_with_url.xlsx,Product
CAP_5A0AB6F4724C,Capability,eVTOL飞行器设计,evtol飞行器设计,company-info_with_url.xlsx,Capability
CAP_4BCF954FFE0C,Capability,无人机制造技术,无人机制造技术,company-info_with_url.xlsx,Capability
IND_BC968EC9AB39,Industry,城市空中交通（UAM,城市空中交通（uam,company-info_with_url.xlsx,Industry
IND_C99D4DD0553E,Industry,AAM）,aam）,company-info_with_url.xlsx,Industry
IND_838A29061CEB,Industry,消费级无人机,消费级无人机,company-info_with_url.xlsx,Industry
SUP_F0EA3F5690E4,Supplier,eVTOL电动垂直起降飞行器核心材料供应商,evtol电动垂直起降飞行器核心材料供应商,company-info_with_url.xlsx,Supplier
SUP_AA76B34B15F6,Supplier,电机供应商,电机供应商,company-info_with_url.xlsx,Supplier
SUP_C0E972CCC41E,Supplier,飞控系统供应商,飞控系统供应商,company-info_with_url.xlsx,Supplier
PROD_893D6823FE70,Product,北京四维纵横数据（待查,北京四维纵横数据（待查,company-info_with_url.xlsx,Product
CAP_1BD87CBCE19E,Capability,超融合实时数据仓库技术（MatrixDB）,超融合实时数据仓库技术（matrixdb）,company-info_with_url.xlsx,Capability
SUP_F3F3EC7860A5,Supplier,数据库软件供应商,数据库软件供应商,company-info_with_url.xlsx,Supplier
SUP_CA5EE958377D,Supplier,存储设备供应商,存储设备供应商,company-info_with_url.xlsx,Supplier
PROD_FA1A9125D4DB,Product,多探头并行扫描原子力显微镜(AFM),多探头并行扫描原子力显微镜(afm),company-info_with_url.xlsx,Product
CAP_F38BCE77F704,Capability,原子力显微镜（AFM）,原子力显微镜（afm）,company-info_with_url.xlsx,Capability
CAP_80C3BA76174C,Capability,具备高精度的目标定位系统,具备高精度的目标定位系统,company-info_with_url.xlsx,Capability
CAP_7786E53A7B72,Capability,多探头（原子力显微镜）并行扫描技术,多探头（原子力显微镜）并行扫描技术,company-info_with_url.xlsx,Capability
CAP_D981006B6D63,Capability,多探针并行扫描技术,多探针并行扫描技术,company-info_with_url.xlsx,Capability
IND_6CB0542C99F8,Industry,半导体测试行业（前道测试设备与原子力显微镜晶圆量测设备）,半导体测试行业（前道测试设备与原子力显微镜晶圆量测设备）,company-info_with_url.xlsx,Industry
SCN_BC18F267BF70,Scenario,半导体晶圆量测,半导体晶圆量测,company-info_with_url.xlsx,Scenario
SUP_F9027E4FA138,Supplier,质谱仪核心元器件供应商,质谱仪核心元器件供应商,company-info_with_url.xlsx,Supplier
SUP_92FECC5562E4,Supplier,电子轰击源供应商,电子轰击源供应商,company-info_with_url.xlsx,Supplier
SUP_5CA10435E40E,Supplier,飞行时间分析器供应商,飞行时间分析器供应商,company-info_with_url.xlsx,Supplier
PROD_593232CF9395,Product,宁波博雅聚力新材料（待查,宁波博雅聚力新材料（待查,company-info_with_url.xlsx,Product
CAP_66E3FAA396D1,Capability,聚酰亚胺材料技术（未查到具体核心技术）,聚酰亚胺材料技术（未查到具体核心技术）,company-info_with_url.xlsx,Capability
PROD_C27071769780,Product,安徽曦融兆波科技（待查,安徽曦融兆波科技（待查,company-info_with_url.xlsx,Product
CAP_E8E573786354,Capability,毫米波技术（未查到具体核心技术）,毫米波技术（未查到具体核心技术）,company-info_with_url.xlsx,Capability
SUP_CB4A1ABE0885,Supplier,MEMS传感器芯片原材料供应商,mems传感器芯片原材料供应商,company-info_with_url.xlsx,Supplier
PROD_C5F7C59EC3E5,Product,仿生眼(电子仿生眼),仿生眼(电子仿生眼),company-info_with_url.xlsx,Product
PROD_3C857C48D6A2,Product,3D摄像系统,3d摄像系统,company-info_with_url.xlsx,Product
CAP_1AAE8515B03B,Capability,仿生眼（电子仿生眼）,仿生眼（电子仿生眼）,company-info_with_url.xlsx,Capability
CAP_41DFE31497A7,Capability,3D摄像系统,3d摄像系统,company-info_with_url.xlsx,Capability
CAP_78E41D8E55C6,Capability,产品检测系统,产品检测系统,company-info_with_url.xlsx,Capability
CAP_EE202D849DCB,Capability,3D显微镜及3D内窥镜,3d显微镜及3d内窥镜,company-info_with_url.xlsx,Capability
CAP_7BA79EEF5ACC,Capability,泛用型仿生眼,泛用型仿生眼,company-info_with_url.xlsx,Capability
IND_4366362B92CC,Industry,3D影视拍摄,3d影视拍摄,company-info_with_url.xlsx,Industry
IND_F8373953BA40,Industry,无人驾驶汽车,无人驾驶汽车,company-info_with_url.xlsx,Industry
SCN_3E254E79393B,Scenario,3D拍摄服务,3d拍摄服务,company-info_with_url.xlsx,Scenario
SCN_B786E07DA457,Scenario,产品检测,产品检测,company-info_with_url.xlsx,Scenario
SCN_E5E21AD505DD,Scenario,环境观察和建模,环境观察和建模,company-info_with_url.xlsx,Scenario
SUP_F585E72D3EDC,Supplier,机器视觉镜头供应商,机器视觉镜头供应商,company-info_with_url.xlsx,Supplier
PROD_F8854557D699,Product,安捷中科(北京)数据科技（待查,安捷中科(北京)数据科技（待查,company-info_with_url.xlsx,Product
CAP_362E51466B2E,Capability,数据智能技术（未查到具体核心技术）,数据智能技术（未查到具体核心技术）,company-info_with_url.xlsx,Capability
SUP_D33821E60A43,Supplier,工业大数据平台软件供应商,工业大数据平台软件供应商,company-info_with_url.xlsx,Supplier
PROD_9CDC3CBDB72F,Product,新型超级电容器,新型超级电容器,company-info_with_url.xlsx,Product
CAP_EB31C2A67789,Capability,高端新能源材料,高端新能源材料,company-info_with_url.xlsx,Capability
CAP_BB12094F02AC,Capability,新型干法电极工艺和新型超级电容器,新型干法电极工艺和新型超级电容器,company-info_with_url.xlsx,Capability
SUP_CB005B3F3844,Supplier,固态电池核心材料供应商,固态电池核心材料供应商,company-info_with_url.xlsx,Supplier
PROD_B88B13071355,Product,智能板卡,智能板卡,company-info_with_url.xlsx,Product
PROD_508B74CA3E43,Product,智能无人系统解决方案,智能无人系统解决方案,company-info_with_url.xlsx,Product
PROD_83766D470001,Product,异构处理架构,异构处理架构,company-info_with_url.xlsx,Product
CAP_F3C9E945752F,Capability,异构处理架构技术,异构处理架构技术,company-info_with_url.xlsx,Capability
IND_0482BB30EA54,Industry,交通,交通,company-info_with_url.xlsx,Industry
IND_66CA366CA951,Industry,特种等行业,特种等行业,company-info_with_url.xlsx,Industry
SCN_CC48E591ECA9,Scenario,工业,工业,company-info_with_url.xlsx,Scenario
SCN_32DD04914271,Scenario,交通,交通,company-info_with_url.xlsx,Scenario
SCN_2E7C165F1EDB,Scenario,特种等行业平台,特种等行业平台,company-info_with_url.xlsx,Scenario
PROD_A80447ACBCD4,Product,广州因明生物医药科技 - 眼科创新药,广州因明生物医药科技 - 眼科创新药,company-info_with_url.xlsx,Product
PROD_3A9FEBB5C709,Product,肿瘤免疫治疗,肿瘤免疫治疗,company-info_with_url.xlsx,Product
CAP_158CF78EF69F,Capability,小核酸,小核酸,company-info_with_url.xlsx,Capability
CAP_D83CF5674C8B,Capability,mRNA技术（未查到具体核心技术）,mrna技术（未查到具体核心技术）,company-info_with_url.xlsx,Capability
SUP_4D3EDFAECE4C,Supplier,重组蛋白原材料供应商,重组蛋白原材料供应商,company-info_with_url.xlsx,Supplier
PROD_4DD7AE330624,Product,开源共识(上海) - 信创安全与AI国产化,开源共识(上海) - 信创安全与ai国产化,company-info_with_url.xlsx,Product
CAP_5EDF0CEDE58C,Capability,Moark AI平台,moark ai平台,company-info_with_url.xlsx,Capability
CAP_5737D200B2BB,Capability,Gitee-DevSecOps,gitee-devsecops,company-info_with_url.xlsx,Capability
SUP_E942B32F788D,Supplier,网络设备供应商,网络设备供应商,company-info_with_url.xlsx,Supplier
SUP_D46390A83527,Supplier,软件开源社区服务,软件开源社区服务,company-info_with_url.xlsx,Supplier
PROD_A89836D64936,Product,MEMS气体传感器,mems气体传感器,company-info_with_url.xlsx,Product
CAP_332A98BBD4CB,Capability,MEMS气体传感器技术,mems气体传感器技术,company-info_with_url.xlsx,Capability
PROD_496BB462E564,Product,西安军融电子卫星基金投资（待查,西安军融电子卫星基金投资（待查,company-info_with_url.xlsx,Product
CAP_67BC350F34F8,Capability,股权投资（无核心技术）,股权投资（无核心技术）,company-info_with_url.xlsx,Capability
PROD_5FEBFDAF3B74,Product,基于多级级联的有机萃取法,基于多级级联的有机萃取法,company-info_with_url.xlsx,Product
PROD_C3D327CAC12F,Product,将天然锂富集为99.9%-99.99%富集度的锂-7同位素和高丰度的锂-6同位素,将天然锂富集为99.9%-99.99%富集度的锂-7同位素和高丰度的锂-6同位素,company-info_with_url.xlsx,Product
CAP_36CFBE8CA911,Capability,多级级联有机萃取法同位素分离技术,多级级联有机萃取法同位素分离技术,company-info_with_url.xlsx,Capability
IND_D8DC2F30C322,Industry,未来能源（第四代核反应堆,未来能源（第四代核反应堆,company-info_with_url.xlsx,Industry
IND_E81B7189B645,Industry,聚变堆）,聚变堆）,company-info_with_url.xlsx,Industry
SCN_CDF061AA4121,Scenario,为第四代反应堆（钍基熔盐堆）提供冷却剂和燃料载体材料（锂-7）,为第四代反应堆（钍基熔盐堆）提供冷却剂和燃料载体材料（锂-7）,company-info_with_url.xlsx,Scenario
SCN_3D1678078742,Scenario,为聚变堆提供生产聚变燃料氚的核心原材料（锂-6）,为聚变堆提供生产聚变燃料氚的核心原材料（锂-6）,company-info_with_url.xlsx,Scenario
SUP_A9A4F536C978,Supplier,氢燃料电池核心材料供应商,氢燃料电池核心材料供应商,company-info_with_url.xlsx,Supplier
DEM_0A6AC2724AA9,DemandTag,资金（正在进行天使+轮融资）,资金（正在进行天使+轮融资）,company-info_with_url.xlsx,DemandTag
PROD_8244E4F3A110,Product,宇航发射服务,宇航发射服务,company-info_with_url.xlsx,Product
PROD_7E75C30891EE,Product,系列化空天飞行器,系列化空天飞行器,company-info_with_url.xlsx,Product
CAP_EB6C9E2A2574,Capability,太空科技探索和系列化空天飞行器的研发集成,太空科技探索和系列化空天飞行器的研发集成,company-info_with_url.xlsx,Capability
CAP_4A0144E475CB,Capability,技术成果转化,技术成果转化,company-info_with_url.xlsx,Capability
CAP_7576F4EFE430,Capability,提供宇航发射服务,提供宇航发射服务,company-info_with_url.xlsx,Capability
IND_B64C70EFA144,Industry,宇航领域,宇航领域,company-info_with_url.xlsx,Industry
SCN_5D543B9D1F12,Scenario,满足中科院自主进入空间的能力,满足中科院自主进入空间的能力,company-info_with_url.xlsx,Scenario
SCN_9B67D87B3224,Scenario,打通前沿基础研究与科学应用的全创新链,打通前沿基础研究与科学应用的全创新链,company-info_with_url.xlsx,Scenario
SUP_027CBDCF3DCC,Supplier,运载火箭核心材料供应商,运载火箭核心材料供应商,company-info_with_url.xlsx,Supplier
SUP_EFB1D577F99D,Supplier,液体推进剂供应商,液体推进剂供应商,company-info_with_url.xlsx,Supplier
SUP_999C7F5E330A,Supplier,导航控制系统元器件供应商,导航控制系统元器件供应商,company-info_with_url.xlsx,Supplier
PROD_D699BA2A9E9F,Product,原子磁力计,原子磁力计,company-info_with_url.xlsx,Product
PROD_5674BEB22883,Product,心磁图仪,心磁图仪,company-info_with_url.xlsx,Product
PROD_767C39ED69EA,Product,脑磁图仪,脑磁图仪,company-info_with_url.xlsx,Product
CAP_B209972A2669,Capability,高性能碱金属气室制备技术,高性能碱金属气室制备技术,company-info_with_url.xlsx,Capability
CAP_8248688C6C78,Capability,无磁电加热技术,无磁电加热技术,company-info_with_url.xlsx,Capability
CAP_EDC49E3DF4A7,Capability,高性能窄线宽激光器技术,高性能窄线宽激光器技术,company-info_with_url.xlsx,Capability
CAP_A091E3356308,Capability,原子磁力计温控技术,原子磁力计温控技术,company-info_with_url.xlsx,Capability
CAP_51DFDFBD9BB2,Capability,原子磁力计微型化技术,原子磁力计微型化技术,company-info_with_url.xlsx,Capability
CAP_58128E1ED8AA,Capability,原子磁力计一致性标定技术,原子磁力计一致性标定技术,company-info_with_url.xlsx,Capability
CAP_167553709F4B,Capability,原子磁力计阵列化探测技术,原子磁力计阵列化探测技术,company-info_with_url.xlsx,Capability
CAP_5D1D2C295478,Capability,原子磁力计多通道模块控制技术,原子磁力计多通道模块控制技术,company-info_with_url.xlsx,Capability
CAP_C69D42E53217,Capability,高效能被动磁屏蔽和主动磁补偿技术,高效能被动磁屏蔽和主动磁补偿技术,company-info_with_url.xlsx,Capability
CAP_3B26B3445B9B,Capability,心脑磁整机系统集成技术,心脑磁整机系统集成技术,company-info_with_url.xlsx,Capability
CAP_267B47141CAF,Capability,磁场数据分析处理技术,磁场数据分析处理技术,company-info_with_url.xlsx,Capability
SCN_E4F113A351C0,Scenario,心磁图仪,心磁图仪,company-info_with_url.xlsx,Scenario
SCN_B539DA28C120,Scenario,脑磁图仪,脑磁图仪,company-info_with_url.xlsx,Scenario
SUP_D0200F3143AE,Supplier,原子磁力计核心材料供应商,原子磁力计核心材料供应商,company-info_with_url.xlsx,Supplier
SUP_D097D513F6DA,Supplier,超导量子干涉器供应商,超导量子干涉器供应商,company-info_with_url.xlsx,Supplier
SUP_F9A2D794858F,Supplier,磁场屏蔽材料供应商,磁场屏蔽材料供应商,company-info_with_url.xlsx,Supplier
PROD_52001182E3E3,Product,ET包络追踪射频前端芯片,et包络追踪射频前端芯片,company-info_with_url.xlsx,Product
CAP_3201E4DBA550,Capability,ET技术（包络追踪技术）,et技术（包络追踪技术）,company-info_with_url.xlsx,Capability
CAP_B3E059A5AB38,Capability,手机ET产品,手机et产品,company-info_with_url.xlsx,Capability
CAP_AABB892EF446,Capability,无人机ET产品,无人机et产品,company-info_with_url.xlsx,Capability
CAP_C6E153C1E410,Capability,无人机APT PA芯片,无人机apt pa芯片,company-info_with_url.xlsx,Capability
IND_740E0944F7E7,Industry,兵器,兵器,company-info_with_url.xlsx,Industry
IND_242E71DF81F9,Industry,核工业等高精尖特种领域,核工业等高精尖特种领域,company-info_with_url.xlsx,Industry
IND_A288765C3DB6,Industry,核心传感器,核心传感器,company-info_with_url.xlsx,Industry
IND_66A1FEB883AF,Industry,卫星互联网等领域。,卫星互联网等领域。,company-info_with_url.xlsx,Industry
SCN_04335A420244,Scenario,国产飞机,国产飞机,company-info_with_url.xlsx,Scenario
SCN_11B9F611BBDF,Scenario,商业及载人航天,商业及载人航天,company-info_with_url.xlsx,Scenario
SCN_BD1AC73E85A1,Scenario,核心关键等特种领域,核心关键等特种领域,company-info_with_url.xlsx,Scenario
SCN_AF0521E29259,Scenario,满足全温区,满足全温区,company-info_with_url.xlsx,Scenario
SCN_7DDF59EF864B,Scenario,长寿命,长寿命,company-info_with_url.xlsx,Scenario
SCN_8E46CBFA1B42,Scenario,耐腐蚀,耐腐蚀,company-info_with_url.xlsx,Scenario
SCN_BD9CF94933B0,Scenario,抗辐照,抗辐照,company-info_with_url.xlsx,Scenario
SCN_D7B5834D6463,Scenario,抗冲击等高可靠要求。,抗冲击等高可靠要求。,company-info_with_url.xlsx,Scenario
SUP_61A0F3E8E5D4,Supplier,MCU芯片代工厂,mcu芯片代工厂,company-info_with_url.xlsx,Supplier
PROD_2366905D5481,Product,深圳薇光点亮科技（待查,深圳薇光点亮科技（待查,company-info_with_url.xlsx,Product
CAP_D19915461017,Capability,Micro LED技术（未查到具体核心技术）,micro led技术（未查到具体核心技术）,company-info_with_url.xlsx,Capability
IND_BD4DFC4801F9,Industry,AI消费硬件,ai消费硬件,company-info_with_url.xlsx,Industry
SUP_559EFBCA1660,Supplier,MicroLED显示面板原材料供应商,microled显示面板原材料供应商,company-info_with_url.xlsx,Supplier
SUP_9C4BBBD19BC0,Supplier,巨量转移设备供应商,巨量转移设备供应商,company-info_with_url.xlsx,Supplier
SUP_78F8D4C21384,Supplier,驱动IC供应商,驱动ic供应商,company-info_with_url.xlsx,Supplier
PROD_5A6DB1302F9A,Product,量子计算机整机,量子计算机整机,company-info_with_url.xlsx,Product
CAP_70B08677CD0F,Capability,量子计算机整机及核心部件等子系统的研发销售,量子计算机整机及核心部件等子系统的研发销售,company-info_with_url.xlsx,Capability
CAP_42E2CEDD61A9,Capability,量子传感器等产业核心部件的研发销售,量子传感器等产业核心部件的研发销售,company-info_with_url.xlsx,Capability
CAP_17340CDC48FD,Capability,量子软件,量子软件,company-info_with_url.xlsx,Capability
CAP_95213039A30A,Capability,量子算法及混合计算解决方案的研发销售,量子算法及混合计算解决方案的研发销售,company-info_with_url.xlsx,Capability
PROD_0A8CEEFBD23E,Product,北京摩尔芯光科技（待查,北京摩尔芯光科技（待查,company-info_with_url.xlsx,Product
CAP_F281DD1BF3CA,Capability,硅光子技术（未查到具体核心技术）,硅光子技术（未查到具体核心技术）,company-info_with_url.xlsx,Capability
PROD_AFE101C28A22,Product,本源悟空超导量子计算机,本源悟空超导量子计算机,company-info_with_url.xlsx,Product
CAP_8B7132D93A82,Capability,超导量子计算机（如“本源悟空”,超导量子计算机（如“本源悟空”,company-info_with_url.xlsx,Capability
CAP_A11FF66248DA,Capability,198个量子比特,198个量子比特,company-info_with_url.xlsx,Capability
CAP_ABB2AB17BDA2,Capability,其中72个工作比特）,其中72个工作比特）,company-info_with_url.xlsx,Capability
CUS_811554FD2CEB,Customer,全球用户（通过本源悟空超导量子计算机对外提供真实量子算力服务）,全球用户（通过本源悟空超导量子计算机对外提供真实量子算力服务）,company-info_with_url.xlsx,Customer
CUS_2C50F3F79A1F,Customer,科研机构与企业用户,科研机构与企业用户,company-info_with_url.xlsx,Customer
SUP_4F1125CC0A7D,Supplier,稀释制冷机,稀释制冷机,company-info_with_url.xlsx,Supplier
SUP_ACB033D373D8,Supplier,微波元件供应商,微波元件供应商,company-info_with_url.xlsx,Supplier
PROD_BCE954672D9F,Product,生物基染料,生物基染料,company-info_with_url.xlsx,Product
PROD_8DF06CC305E3,Product,日化天然活性成分,日化天然活性成分,company-info_with_url.xlsx,Product
CAP_1C301AF4AA4E,Capability,合成生物学技术,合成生物学技术,company-info_with_url.xlsx,Capability
CAP_312D9537BDFE,Capability,生物基染料（靛蓝,生物基染料（靛蓝,company-info_with_url.xlsx,Capability
CAP_A433D5447F9E,Capability,红,红,company-info_with_url.xlsx,Capability
CAP_CF30EE431914,Capability,棕等）,棕等）,company-info_with_url.xlsx,Capability
CAP_AB7B045384F9,Capability,日化天然活性成分（愈创木薁磺酸钠,日化天然活性成分（愈创木薁磺酸钠,company-info_with_url.xlsx,Capability
CAP_315F489B0D8C,Capability,红没药醇,红没药醇,company-info_with_url.xlsx,Capability
CAP_E0160CCB5B63,Capability,龙涎香等）,龙涎香等）,company-info_with_url.xlsx,Capability
CAP_3B83045E1209,Capability,生物色素（灵菌红素,生物色素（灵菌红素,company-info_with_url.xlsx,Capability
CAP_AD1D0F6784E0,Capability,Indigoidine等）,indigoidine等）,company-info_with_url.xlsx,Capability
IND_8435549CAE52,Industry,纺织印染行业,纺织印染行业,company-info_with_url.xlsx,Industry
IND_DBE359EB8CCB,Industry,日化行业（彩妆,日化行业（彩妆,company-info_with_url.xlsx,Industry
IND_641BC20AAFFD,Industry,护肤品）,护肤品）,company-info_with_url.xlsx,Industry
SCN_FAA9409C572C,Scenario,纺织品染色（涤纶,纺织品染色（涤纶,company-info_with_url.xlsx,Scenario
SCN_9FF3BD6CDEDE,Scenario,羊毛,羊毛,company-info_with_url.xlsx,Scenario
SCN_39CCDD5747FB,Scenario,蚕丝,蚕丝,company-info_with_url.xlsx,Scenario
SCN_9645B23DDAD8,Scenario,尼龙等）,尼龙等）,company-info_with_url.xlsx,Scenario
SCN_CB59E5B08D7F,Scenario,彩妆类生物色素,彩妆类生物色素,company-info_with_url.xlsx,Scenario
SCN_554544C8EE0C,Scenario,护肤品原料（抗光老化,护肤品原料（抗光老化,company-info_with_url.xlsx,Scenario
SCN_95E92E1B5370,Scenario,抗敏修复成分）,抗敏修复成分）,company-info_with_url.xlsx,Scenario
SUP_ED8D3DA62859,Supplier,合成生物学原材料供应商,合成生物学原材料供应商,company-info_with_url.xlsx,Supplier
DEM_B129DE50B363,DemandTag,融资用于技术推广,融资用于技术推广,company-info_with_url.xlsx,DemandTag
DEM_DF3326CE0993,DemandTag,千吨产线投产,千吨产线投产,company-info_with_url.xlsx,DemandTag
DEM_340C8F16E700,DemandTag,运营资金,运营资金,company-info_with_url.xlsx,DemandTag
DEM_54207DF0985F,DemandTag,团队补充,团队补充,company-info_with_url.xlsx,DemandTag
DEM_3FAADABE9E3C,DemandTag,实验室扩建,实验室扩建,company-info_with_url.xlsx,DemandTag
DEM_B5DA9DFC6378,DemandTag,中试线升级（融资计划3000万人民币）。,中试线升级（融资计划3000万人民币）。,company-info_with_url.xlsx,DemandTag
PROD_4B7F118FAE1C,Product,包括：卡帕奇体温贴,包括：卡帕奇体温贴,company-info_with_url.xlsx,Product
PROD_BB4446B75013,Product,单导心电卡,单导心电卡,company-info_with_url.xlsx,Product
PROD_72DF926A4E77,Product,六导心电卡,六导心电卡,company-info_with_url.xlsx,Product
PROD_18E5EC821D98,Product,单导心电贴,单导心电贴,company-info_with_url.xlsx,Product
PROD_46CB2DF7BDB7,Product,抛弃式单导心电贴,抛弃式单导心电贴,company-info_with_url.xlsx,Product
PROD_C87D0E314EAD,Product,多导心电贴,多导心电贴,company-info_with_url.xlsx,Product
PROD_D8E90B6D74E1,Product,心电分析软件,心电分析软件,company-info_with_url.xlsx,Product
PROD_805BE2900D3C,Product,心电辅助诊断软件,心电辅助诊断软件,company-info_with_url.xlsx,Product
PROD_3B31F3CA74EE,Product,动态心电分析软件等。核心技术涉及人工智能,动态心电分析软件等。核心技术涉及人工智能,company-info_with_url.xlsx,Product
PROD_95EF44675B3A,Product,信号处理,信号处理,company-info_with_url.xlsx,Product
PROD_5FB156CFA99E,Product,疾病预测算法,疾病预测算法,company-info_with_url.xlsx,Product
PROD_5CFB91C92070,Product,柔性传感器,柔性传感器,company-info_with_url.xlsx,Product
PROD_5C0BC7D074B0,Product,柔性材料,柔性材料,company-info_with_url.xlsx,Product
PROD_5B786171D495,Product,高集成度电路设计,高集成度电路设计,company-info_with_url.xlsx,Product
PROD_9BFA9F1BFA43,Product,无线充电,无线充电,company-info_with_url.xlsx,Product
PROD_BA660E582D45,Product,生物信号处理,生物信号处理,company-info_with_url.xlsx,Product
PROD_7E451AEA11EA,Product,健康预测与评估模型等,健康预测与评估模型等,company-info_with_url.xlsx,Product
CAP_567B3B4E6685,Capability,涉及人工智能,涉及人工智能,company-info_with_url.xlsx,Capability
CAP_A9E8E89B79E2,Capability,信号处理,信号处理,company-info_with_url.xlsx,Capability
CAP_C11FA08AB023,Capability,疾病预测算法,疾病预测算法,company-info_with_url.xlsx,Capability
CAP_08AB3A8CAAA4,Capability,柔性传感器,柔性传感器,company-info_with_url.xlsx,Capability
CAP_992AC22B781B,Capability,柔性材料,柔性材料,company-info_with_url.xlsx,Capability
CAP_DEC07FBF616E,Capability,高集成度电路设计,高集成度电路设计,company-info_with_url.xlsx,Capability
CAP_80D5CFB6D0A1,Capability,无线充电,无线充电,company-info_with_url.xlsx,Capability
CAP_5B141C05EA71,Capability,生物信号处理,生物信号处理,company-info_with_url.xlsx,Capability
CAP_ECEAAA17A7B8,Capability,健康预测与评估模型等,健康预测与评估模型等,company-info_with_url.xlsx,Capability
IND_151E5A379D29,Industry,医疗健康行业。,医疗健康行业。,company-info_with_url.xlsx,Industry
SCN_B80FA3412B38,Scenario,医院,医院,company-info_with_url.xlsx,Scenario
SCN_0C42F98824B7,Scenario,基层医疗服务中心,基层医疗服务中心,company-info_with_url.xlsx,Scenario
SCN_FAA2DD91B177,Scenario,保险,保险,company-info_with_url.xlsx,Scenario
SCN_35C0CE1F433A,Scenario,体检中心,体检中心,company-info_with_url.xlsx,Scenario
SCN_594D704EF5D3,Scenario,运动场景,运动场景,company-info_with_url.xlsx,Scenario
SCN_04CDD0358484,Scenario,用于心电,用于心电,company-info_with_url.xlsx,Scenario
SCN_371AC3656C17,Scenario,呼吸率,呼吸率,company-info_with_url.xlsx,Scenario
SCN_021440DDE7AD,Scenario,体温,体温,company-info_with_url.xlsx,Scenario
SCN_8984552ED92E,Scenario,胎心,胎心,company-info_with_url.xlsx,Scenario
SCN_EAB7410EFDB3,Scenario,血压,血压,company-info_with_url.xlsx,Scenario
SCN_A7C71A2A4293,Scenario,宫缩,宫缩,company-info_with_url.xlsx,Scenario
SCN_545F4879C2E9,Scenario,血氧等生命体征监测。,血氧等生命体征监测。,company-info_with_url.xlsx,Scenario
SUP_8CDB0467070B,Supplier,医疗传感器芯片供应商,医疗传感器芯片供应商,company-info_with_url.xlsx,Supplier
SUP_29269F567797,Supplier,生物信号处理芯片供应商,生物信号处理芯片供应商,company-info_with_url.xlsx,Supplier
PROD_52669DBF1281,Product,杭州银湖激光科技（待查,杭州银湖激光科技（待查,company-info_with_url.xlsx,Product
CAP_6D63D26079C2,Capability,激光技术（未查到具体核心技术）,激光技术（未查到具体核心技术）,company-info_with_url.xlsx,Capability
SUP_E85956934AC0,Supplier,光纤激光器核心元器件供应商,光纤激光器核心元器件供应商,company-info_with_url.xlsx,Supplier
PROD_055F9F046333,Product,诊疗一体化RLT（放射性配体治疗）药物,诊疗一体化rlt（放射性配体治疗）药物,company-info_with_url.xlsx,Product
PROD_8BA020A57075,Product,68Ga-HX01（诊断）,68ga-hx01（诊断）,company-info_with_url.xlsx,Product
PROD_46B71C714C63,Product,177Lu-HX02（治疗）等,177lu-hx02（治疗）等,company-info_with_url.xlsx,Product
PROD_F6A839A70308,Product,采用双靶点技术路线,采用双靶点技术路线,company-info_with_url.xlsx,Product
PROD_93A8651FC736,Product,针对αvβ3,针对αvβ3,company-info_with_url.xlsx,Product
PROD_B08329946E7D,Product,CD13,cd13,company-info_with_url.xlsx,Product
PROD_A828F530D853,Product,肿瘤间质靶点（如纤维细胞及新生血管靶点）,肿瘤间质靶点（如纤维细胞及新生血管靶点）,company-info_with_url.xlsx,Product
PROD_F6CA7ECC5C25,Product,肿瘤实质细胞靶点等,肿瘤实质细胞靶点等,company-info_with_url.xlsx,Product
CAP_A9CF56D5B314,Capability,诊疗一体化RLT放射性配体治疗药物技术,诊疗一体化rlt放射性配体治疗药物技术,company-info_with_url.xlsx,Capability
IND_11ABA01E507F,Industry,核医药行业,核医药行业,company-info_with_url.xlsx,Industry
IND_5EA6BFD99C9D,Industry,肿瘤诊断与治疗领域。,肿瘤诊断与治疗领域。,company-info_with_url.xlsx,Industry
SCN_15EF0ED4E0CC,Scenario,针对胰腺癌等αvβ3,针对胰腺癌等αvβ3,company-info_with_url.xlsx,Scenario
SCN_7DBBDF6AE2AE,Scenario,CD13高表达肿瘤的诊断,cd13高表达肿瘤的诊断,company-info_with_url.xlsx,Scenario
SCN_AE57C61EB83C,Scenario,针对多种难治性及复发性肿瘤（如神经内分泌肿瘤,针对多种难治性及复发性肿瘤（如神经内分泌肿瘤,company-info_with_url.xlsx,Scenario
SCN_0BE4E1D105C5,Scenario,前列腺癌等）的诊疗一体化。,前列腺癌等）的诊疗一体化。,company-info_with_url.xlsx,Scenario
SUP_B8A609BB5058,Supplier,放射性药物原材料供应商,放射性药物原材料供应商,company-info_with_url.xlsx,Supplier
SUP_898651566022,Supplier,核素供应（原子高科,核素供应（原子高科,company-info_with_url.xlsx,Supplier
SUP_AD33C6C12266,Supplier,中国同辐）,中国同辐）,company-info_with_url.xlsx,Supplier
SUP_1A4CB31AC587,Supplier,标记合成设备供应商,标记合成设备供应商,company-info_with_url.xlsx,Supplier
PROD_9C4A0B969053,Product,高性能通用ARM CPU芯片,高性能通用arm cpu芯片,company-info_with_url.xlsx,Product
CAP_D378897D49E2,Capability,高性能通用ARM CPU芯片设计,高性能通用arm cpu芯片设计,company-info_with_url.xlsx,Capability
IND_5A7B54B64366,Industry,平板电脑,平板电脑,company-info_with_url.xlsx,Industry
IND_B8BF55DE2EFD,Industry,个人PC&Notebook,个人pc&notebook,company-info_with_url.xlsx,Industry
IND_47BFD05E9C1A,Industry,元宇宙XR,元宇宙xr,company-info_with_url.xlsx,Industry
IND_5486B27A04FF,Industry,智能汽车,智能汽车,company-info_with_url.xlsx,Industry
SUP_6605C45B0F98,Supplier,ARM芯片代工厂,arm芯片代工厂,company-info_with_url.xlsx,Supplier
PROD_8F7E725FE31A,Product,AIWS智能激光焊接监控系统,aiws智能激光焊接监控系统,company-info_with_url.xlsx,Product
CAP_01BD6B04DF74,Capability,激光焊接质量监测与控制核心单元器件及系统（AIWS智能激光焊接监控系统）,激光焊接质量监测与控制核心单元器件及系统（aiws智能激光焊接监控系统）,company-info_with_url.xlsx,Capability
IND_B2FBAF3AABF2,Industry,3C电子等重点行业,3c电子等重点行业,company-info_with_url.xlsx,Industry
SCN_C7F9978D8CD8,Scenario,激光智能制造装备中的激光焊接质量监测与控制,激光智能制造装备中的激光焊接质量监测与控制,company-info_with_url.xlsx,Scenario
SUP_447346818770,Supplier,机器视觉光源供应商,机器视觉光源供应商,company-info_with_url.xlsx,Supplier
SUP_F7C0019ECA88,Supplier,工业镜头供应商,工业镜头供应商,company-info_with_url.xlsx,Supplier
SUP_FF32A5DE8A97,Supplier,图像处理软件供应商,图像处理软件供应商,company-info_with_url.xlsx,Supplier
PROD_2AC61D782492,Product,5G小基站芯片（基站基带芯片,5g小基站芯片（基站基带芯片,company-info_with_url.xlsx,Product
PROD_1016912733E3,Product,无线收发信机等在内的基站核心芯片组）,无线收发信机等在内的基站核心芯片组）,company-info_with_url.xlsx,Product
PROD_C3CD94EC5C6A,Product,NB-IoT小基站项目,nb-iot小基站项目,company-info_with_url.xlsx,Product
CAP_4B4E18E14C34,Capability,5G小基站芯片设计,5g小基站芯片设计,company-info_with_url.xlsx,Capability
CAP_4B83565DA6EF,Capability,NB-IoT技术,nb-iot技术,company-info_with_url.xlsx,Capability
IND_D4B01B5FBB00,Industry,通信及物联网领域,通信及物联网领域,company-info_with_url.xlsx,Industry
SCN_EF6D60991C0A,Scenario,5G小基站侧,5g小基站侧,company-info_with_url.xlsx,Scenario
SCN_9C6FAFB573C9,Scenario,公网的小微基站市场,公网的小微基站市场,company-info_with_url.xlsx,Scenario
SCN_07C74D8526E2,Scenario,垂直领域企业专网市场,垂直领域企业专网市场,company-info_with_url.xlsx,Scenario
SCN_2395C97B9F36,Scenario,卫星通信市场,卫星通信市场,company-info_with_url.xlsx,Scenario
SUP_72463CDC0D9C,Supplier,小基站芯片代工厂,小基站芯片代工厂,company-info_with_url.xlsx,Supplier
SUP_6758ED179933,Supplier,基站天线供应商,基站天线供应商,company-info_with_url.xlsx,Supplier
DEM_A893FA1E4D14,DemandTag,本轮融资用途：用于IP采购,本轮融资用途：用于ip采购,company-info_with_url.xlsx,DemandTag
DEM_6F5AE864F3DC,DemandTag,芯片流片,芯片流片,company-info_with_url.xlsx,DemandTag
DEM_EB4E7479173B,DemandTag,团队扩充及日常运营。,团队扩充及日常运营。,company-info_with_url.xlsx,DemandTag
PROD_90E9323F9D69,Product,重油转子发动机,重油转子发动机,company-info_with_url.xlsx,Product
CAP_8A5811D56607,Capability,重油转子发动机技术,重油转子发动机技术,company-info_with_url.xlsx,Capability
IND_5D7B50B88DC5,Industry,军备及部分民用产品,军备及部分民用产品,company-info_with_url.xlsx,Industry
SUP_16B8DB52C636,Supplier,燃料电池发动机核心材料供应商,燃料电池发动机核心材料供应商,company-info_with_url.xlsx,Supplier
SUP_E49E1D70805B,Supplier,膜电极供应商,膜电极供应商,company-info_with_url.xlsx,Supplier
DEM_CBAF9565D8AA,DemandTag,需要进一步投资完善机型,需要进一步投资完善机型,company-info_with_url.xlsx,DemandTag
DEM_3C8A3E361B03,DemandTag,性能,性能,company-info_with_url.xlsx,DemandTag
DEM_0AA47EA3DA5E,DemandTag,实现产品批量化生产,实现产品批量化生产,company-info_with_url.xlsx,DemandTag
PROD_015B7961A315,Product,江苏芯长征微电子集团 - IGBT,江苏芯长征微电子集团 - igbt,company-info_with_url.xlsx,Product
PROD_FB53D9BE40C7,Product,SiC功率半导体模块封装,sic功率半导体模块封装,company-info_with_url.xlsx,Product
PROD_126A862A6BB5,Product,新能源汽车功率器件,新能源汽车功率器件,company-info_with_url.xlsx,Product
CAP_80E5D0A6A524,Capability,功率半导体技术（未查到具体核心技术）,功率半导体技术（未查到具体核心技术）,company-info_with_url.xlsx,Capability
SUP_C7563AA8C511,Supplier,IGBT,igbt,company-info_with_url.xlsx,Supplier
SUP_42C6560AD152,Supplier,MOSFET芯片代工厂,mosfet芯片代工厂,company-info_with_url.xlsx,Supplier
PROD_BE0001F1C9D0,Product,气凝胶隔热垫,气凝胶隔热垫,company-info_with_url.xlsx,Product
PROD_D3F1F764DDF1,Product,气凝胶绝热毯,气凝胶绝热毯,company-info_with_url.xlsx,Product
PROD_3FF948013BCA,Product,陶纤气凝胶毡,陶纤气凝胶毡,company-info_with_url.xlsx,Product
PROD_6F8D1AE394C4,Product,预氧丝气凝胶毡,预氧丝气凝胶毡,company-info_with_url.xlsx,Product
PROD_FB3E7989EA93,Product,玻璃纤维气凝胶毡,玻璃纤维气凝胶毡,company-info_with_url.xlsx,Product
PROD_0DC2ADCD800E,Product,透波型耐高温气凝胶,透波型耐高温气凝胶,company-info_with_url.xlsx,Product
PROD_11FDB346CE00,Product,气凝胶涂料,气凝胶涂料,company-info_with_url.xlsx,Product
CAP_B95A81375CD7,Capability,气凝胶复合材料技术,气凝胶复合材料技术,company-info_with_url.xlsx,Capability
IND_C5796C1E82CE,Industry,新能源（动力电池,新能源（动力电池,company-info_with_url.xlsx,Industry
IND_991333835BB9,Industry,储能）,储能）,company-info_with_url.xlsx,Industry
SCN_FAD3D49129B8,Scenario,动力电池电芯隔热,动力电池电芯隔热,company-info_with_url.xlsx,Scenario
SCN_C27610E54AD6,Scenario,储能电池热管理,储能电池热管理,company-info_with_url.xlsx,Scenario
SCN_3668AD9DDA40,Scenario,石油化工管道保温,石油化工管道保温,company-info_with_url.xlsx,Scenario
SCN_12185EE77AAC,Scenario,建筑保温,建筑保温,company-info_with_url.xlsx,Scenario
SUP_8BAC86CD3847,Supplier,碳,碳,company-info_with_url.xlsx,Supplier
SUP_B22449BBFAAF,Supplier,碳复合材料供应商,碳复合材料供应商,company-info_with_url.xlsx,Supplier
SUP_105F42810D97,Supplier,耐高温陶瓷材料供应商,耐高温陶瓷材料供应商,company-info_with_url.xlsx,Supplier
SUP_D35FD6276ADB,Supplier,陶瓷基复合材料供应商,陶瓷基复合材料供应商,company-info_with_url.xlsx,Supplier
DEM_BFD80F1B1EDC,DemandTag,本次融资用途：用于产能扩张,本次融资用途：用于产能扩张,company-info_with_url.xlsx,DemandTag
DEM_6767D5FC96C5,DemandTag,补充流动资金（具体见文档6.2节）,补充流动资金（具体见文档6.2节）,company-info_with_url.xlsx,DemandTag
PROD_DD4839995106,Product,苏州泽辉生物 - 医药中间体,苏州泽辉生物 - 医药中间体,company-info_with_url.xlsx,Product
PROD_1325E0E7E80E,Product,原料药（待查）,原料药（待查）,company-info_with_url.xlsx,Product
CAP_A8A32070048D,Capability,生物医药技术（未查到具体核心技术）,生物医药技术（未查到具体核心技术）,company-info_with_url.xlsx,Capability
SUP_88B2C306D863,Supplier,生物试剂原材料供应商,生物试剂原材料供应商,company-info_with_url.xlsx,Supplier
PROD_ACF52F1073F2,Product,ET包络追踪射频前端系统方案,et包络追踪射频前端系统方案,company-info_with_url.xlsx,Product
CAP_5D711916B6F2,Capability,ET包络追踪技术及射频前端系统方案,et包络追踪技术及射频前端系统方案,company-info_with_url.xlsx,Capability
CAP_AAE85F303527,Capability,专注于高性能模拟射频集成器件和系统设计,专注于高性能模拟射频集成器件和系统设计,company-info_with_url.xlsx,Capability
IND_C814BC02FFDC,Industry,移动终端（如5G手机,移动终端（如5g手机,company-info_with_url.xlsx,Industry
IND_0B9E0AC3DCB6,Industry,无线耳机）,无线耳机）,company-info_with_url.xlsx,Industry
IND_D0C5D12830F8,Industry,AI,ai,company-info_with_url.xlsx,Industry
IND_91392338EC52,Industry,机器人等无线网络和智能计算设备,机器人等无线网络和智能计算设备,company-info_with_url.xlsx,Industry
SCN_09FB25CD2FD0,Scenario,解决智能手机（如华为Mate60）的续航和散热问题,解决智能手机（如华为mate60）的续航和散热问题,company-info_with_url.xlsx,Scenario
SCN_4818D0462303,Scenario,提升无人机（如DJI Air 3）在高清视频传输下的巡航时间,提升无人机（如dji air 3）在高清视频传输下的巡航时间,company-info_with_url.xlsx,Scenario
SCN_96FF1C8FDAE8,Scenario,降低射频前端功耗,降低射频前端功耗,company-info_with_url.xlsx,Scenario
CUS_ADD98A44AFC5,Customer,一汽红旗,一汽红旗,company-info_with_url.xlsx,Customer
CUS_B37ACE1EF549,Customer,奇瑞,奇瑞,company-info_with_url.xlsx,Customer
CUS_A8458970E86A,Customer,吉利（含领克,吉利（含领克,company-info_with_url.xlsx,Customer
CUS_B5642CE450CC,Customer,极氪,极氪,company-info_with_url.xlsx,Customer
CUS_0940B9FCDE79,Customer,几何）,几何）,company-info_with_url.xlsx,Customer
CUS_250EAF4F8B77,Customer,比亚迪,比亚迪,company-info_with_url.xlsx,Customer
CUS_50F5BB35A139,Customer,哪吒,哪吒,company-info_with_url.xlsx,Customer
CUS_E7F352934B66,Customer,零跑,零跑,company-info_with_url.xlsx,Customer
CUS_22FC41EA19A5,Customer,北汽福田,北汽福田,company-info_with_url.xlsx,Customer
CUS_47A800C848BF,Customer,东方商用车,东方商用车,company-info_with_url.xlsx,Customer
CUS_670F3E8E3B06,Customer,创维等,创维等,company-info_with_url.xlsx,Customer
SUP_38299EDC7E65,Supplier,相控阵雷达核心元器件供应商,相控阵雷达核心元器件供应商,company-info_with_url.xlsx,Supplier
SUP_6403459B9EAC,Supplier,天线振子供应商,天线振子供应商,company-info_with_url.xlsx,Supplier
DEM_F1DCDA28C9BA,DemandTag,暂无（PDF未明确提及）,暂无（pdf未明确提及）,company-info_with_url.xlsx,DemandTag
PROD_427DDE12D77A,Product,浙江华熔科技股份（待查,浙江华熔科技股份（待查,company-info_with_url.xlsx,Product
CAP_9EB75DF2128E,Capability,碳纤维,碳纤维,company-info_with_url.xlsx,Capability
CAP_2D4C81028B08,Capability,新材料技术（未查到具体核心技术）,新材料技术（未查到具体核心技术）,company-info_with_url.xlsx,Capability
IND_C6E79B4886AD,Industry,燃料电池,燃料电池,company-info_with_url.xlsx,Industry
IND_263D5BDA6C7A,Industry,高导热石墨膜,高导热石墨膜,company-info_with_url.xlsx,Industry
SCN_81ABE955F266,Scenario,光伏-PECVD石墨舟,光伏-pecvd石墨舟,company-info_with_url.xlsx,Scenario
SCN_DF9F3C7F00DD,Scenario,石墨双极板,石墨双极板,company-info_with_url.xlsx,Scenario
SUP_0C3C3E1FFC1C,Supplier,光伏组件原材料供应商,光伏组件原材料供应商,company-info_with_url.xlsx,Supplier
SUP_AFFEE0F22743,Supplier,银浆供应商,银浆供应商,company-info_with_url.xlsx,Supplier
SUP_CD450933545B,Supplier,背板材料供应商,背板材料供应商,company-info_with_url.xlsx,Supplier
PROD_14AE6E8D5AEC,Product,精准小分子抗肿瘤新药研发,精准小分子抗肿瘤新药研发,company-info_with_url.xlsx,Product
PROD_8A7821B51256,Product,核心管线PH-001（三代EGFR抑制剂,核心管线ph-001（三代egfr抑制剂,company-info_with_url.xlsx,Product
PROD_C10160E834D2,Product,针对EGFR exon20ins突变的一线NSCLC）,针对egfr exon20ins突变的一线nsclc）,company-info_with_url.xlsx,Product
PROD_D05CB4CB682B,Product,PH-009（四代EGFR抑制剂,ph-009（四代egfr抑制剂,company-info_with_url.xlsx,Product
PROD_BC5786B802D4,Product,针对C797S,针对c797s,company-info_with_url.xlsx,Product
PROD_8B64F40E6325,Product,T790M,t790m,company-info_with_url.xlsx,Product
PROD_225D528117D2,Product,19Del,19del,company-info_with_url.xlsx,Product
PROD_A75DF7AF3AAB,Product,L858R突变）,l858r突变）,company-info_with_url.xlsx,Product
PROD_F30301A14BBD,Product,PH-020（PRMT5抑制剂,ph-020（prmt5抑制剂,company-info_with_url.xlsx,Product
PROD_0D485B06B400,Product,针对MTAP del实体瘤）,针对mtap del实体瘤）,company-info_with_url.xlsx,Product
PROD_BC5B9385AF48,Product,PH-022（实体瘤）,ph-022（实体瘤）,company-info_with_url.xlsx,Product
PROD_3A1A04B367B5,Product,PH-027（实体瘤）,ph-027（实体瘤）,company-info_with_url.xlsx,Product
PROD_07DF3D84921D,Product,PH-002（VEGFR抑制剂,ph-002（vegfr抑制剂,company-info_with_url.xlsx,Product
PROD_CCDBFE2148DF,Product,用于手足症）,用于手足症）,company-info_with_url.xlsx,Product
PROD_36FCBF3C7C98,Product,PH-003（EGFR抑制剂,ph-003（egfr抑制剂,company-info_with_url.xlsx,Product
PROD_2359203A8AEE,Product,用于皮疹）。建立新一代激酶,用于皮疹）。建立新一代激酶,company-info_with_url.xlsx,Product
PROD_77C5E8A75974,Product,别构抑制,别构抑制,company-info_with_url.xlsx,Product
PROD_E35E725A4FD6,Product,合成致死等小分子开发平台,合成致死等小分子开发平台,company-info_with_url.xlsx,Product
CAP_92351F0103D6,Capability,精准小分子抗肿瘤新药研发,精准小分子抗肿瘤新药研发,company-info_with_url.xlsx,Capability
IND_BA28D28E8704,Industry,具体为抗肿瘤创新药研发与生产。,具体为抗肿瘤创新药研发与生产。,company-info_with_url.xlsx,Industry
SCN_D1CC06F0D6F9,Scenario,肺癌（尤其是一线NSCLC的EGFR exon20ins突变,肺癌（尤其是一线nsclc的egfr exon20ins突变,company-info_with_url.xlsx,Scenario
SCN_D6ED1F0AF822,Scenario,EGFR经典突变及耐药突变）,egfr经典突变及耐药突变）,company-info_with_url.xlsx,Scenario
SCN_F597E7C13CBC,Scenario,实体瘤（如MTAP del实体瘤）,实体瘤（如mtap del实体瘤）,company-info_with_url.xlsx,Scenario
SCN_2CCE02D410A9,Scenario,肿瘤支持性治疗（如手足症,肿瘤支持性治疗（如手足症,company-info_with_url.xlsx,Scenario
SCN_88776295494C,Scenario,皮疹）。,皮疹）。,company-info_with_url.xlsx,Scenario
CUS_27B612985CD7,Customer,九州通医疗器械,九州通医疗器械,company-info_with_url.xlsx,Customer
SUP_6794E55F3226,Supplier,医药中间体,医药中间体,company-info_with_url.xlsx,Supplier
SUP_FF6FC8313A80,Supplier,原料药供应商,原料药供应商,company-info_with_url.xlsx,Supplier
PROD_5CF5D16E4E51,Product,mRNA递送技术产品（具体待查）,mrna递送技术产品（具体待查）,company-info_with_url.xlsx,Product
CAP_9A31C651DA4D,Capability,深圳深信生物科技 - mRNA疫苗与药物递送技术,深圳深信生物科技 - mrna疫苗与药物递送技术,company-info_with_url.xlsx,Capability
SUP_80D80C950E01,Supplier,mRNA疫苗原材料供应商,mrna疫苗原材料供应商,company-info_with_url.xlsx,Supplier
SUP_49FAAE1BBE44,Supplier,LNP纳米脂质供应商,lnp纳米脂质供应商,company-info_with_url.xlsx,Supplier
PROD_AC3107A60312,Product,半导体集成电路芯片设计,半导体集成电路芯片设计,company-info_with_url.xlsx,Product
PROD_6C471FA0E01C,Product,研发,研发,company-info_with_url.xlsx,Product
PROD_F40B55EB9ED5,Product,视频编解码,视频编解码,company-info_with_url.xlsx,Product
PROD_E19424D5C133,Product,视频传输芯片,视频传输芯片,company-info_with_url.xlsx,Product
PROD_09BFDC9B1C99,Product,以及高清无线0延迟视频芯片等技术储备,以及高清无线0延迟视频芯片等技术储备,company-info_with_url.xlsx,Product
CAP_3D028A402AB5,Capability,视频编解码,视频编解码,company-info_with_url.xlsx,Capability
CAP_6EE15F9A53CD,Capability,视频传输芯片设计,视频传输芯片设计,company-info_with_url.xlsx,Capability
SCN_E19640925A7F,Scenario,安防和汽车电子领域的视频传输,安防和汽车电子领域的视频传输,company-info_with_url.xlsx,Scenario
CUS_BAC3D47E3F85,Customer,暂无明确客户名称,暂无明确客户名称,company-info_with_url.xlsx,Customer
CUS_5DEA5AD25349,Customer,但提及与华能集团合作开发,但提及与华能集团合作开发,company-info_with_url.xlsx,Customer
SUP_4BCB4E4E83AE,Supplier,暂无明确供应商名称,暂无明确供应商名称,company-info_with_url.xlsx,Supplier
SUP_E681BE04DB58,Supplier,但提及中国拥有完整的风力大电机产业链和浮空器相关产业链企业,但提及中国拥有完整的风力大电机产业链和浮空器相关产业链企业,company-info_with_url.xlsx,Supplier
PROD_9D5611387872,Product,电介质复合材料的研发,电介质复合材料的研发,company-info_with_url.xlsx,Product
PROD_AA92A5CC3979,Product,生产和销售,生产和销售,company-info_with_url.xlsx,Product
PROD_1621C8EB5A22,Product,高频覆铜板,高频覆铜板,company-info_with_url.xlsx,Product
PROD_9867F121AE54,Product,新型耐高温电介质薄膜材料,新型耐高温电介质薄膜材料,company-info_with_url.xlsx,Product
CAP_BA146284B04D,Capability,自主研发的连续化制备技术及装备,自主研发的连续化制备技术及装备,company-info_with_url.xlsx,Capability
CAP_0659DF4E72F8,Capability,实现功能复合薄膜（≤5μm）的连续化制备,实现功能复合薄膜（≤5μm）的连续化制备,company-info_with_url.xlsx,Capability
CAP_289FB6A210FC,Capability,多尺度调控技术,多尺度调控技术,company-info_with_url.xlsx,Capability
CAP_FFAB827DC72F,Capability,突破电介质性能极限,突破电介质性能极限,company-info_with_url.xlsx,Capability
CAP_2DFD37A979FA,Capability,高性能PTFE基覆铜板,高性能ptfe基覆铜板,company-info_with_url.xlsx,Capability
CAP_07C5E0552019,Capability,压电复合薄膜（PVDF基复合材料）,压电复合薄膜（pvdf基复合材料）,company-info_with_url.xlsx,Capability
CAP_E9C2F4682782,Capability,导热复合薄膜,导热复合薄膜,company-info_with_url.xlsx,Capability
CAP_C71663AFEDDF,Capability,耐高温绝缘复合薄膜,耐高温绝缘复合薄膜,company-info_with_url.xlsx,Capability
IND_8895E2D3D8C9,Industry,5G+通讯,5g+通讯,company-info_with_url.xlsx,Industry
IND_9D8D13E1F366,Industry,毫米波电路,毫米波电路,company-info_with_url.xlsx,Industry
IND_72997AA93E54,Industry,军用天武器装备,军用天武器装备,company-info_with_url.xlsx,Industry
IND_28E9C1E57EB3,Industry,家电,家电,company-info_with_url.xlsx,Industry
IND_B19258E065B4,Industry,通讯,通讯,company-info_with_url.xlsx,Industry
IND_C12E79642345,Industry,电气化铁路,电气化铁路,company-info_with_url.xlsx,Industry
IND_733456B1FC1F,Industry,太阳能发电,太阳能发电,company-info_with_url.xlsx,Industry
IND_3EEF8E9CEA1D,Industry,航海航空。,航海航空。,company-info_with_url.xlsx,Industry
SCN_9F4013BBDB74,Scenario,高性能薄膜电容器（用于电磁弹射储能装置,高性能薄膜电容器（用于电磁弹射储能装置,company-info_with_url.xlsx,Scenario
SCN_3CC740542338,Scenario,新能源汽车电控系统的滤波电容和直流支撑电容）,新能源汽车电控系统的滤波电容和直流支撑电容）,company-info_with_url.xlsx,Scenario
SCN_502B122E95E3,Scenario,高频覆铜板（用于毫米波雷达,高频覆铜板（用于毫米波雷达,company-info_with_url.xlsx,Scenario
SCN_AD1B81FD8694,Scenario,5G,5g,company-info_with_url.xlsx,Scenario
SCN_320783046D25,Scenario,5.5G通信基站,5.5g通信基站,company-info_with_url.xlsx,Scenario
SCN_9742EB3DCF40,Scenario,微波传输）。,微波传输）。,company-info_with_url.xlsx,Scenario
SUP_A97DD3741F05,Supplier,碳化硅粉原材料供应商,碳化硅粉原材料供应商,company-info_with_url.xlsx,Supplier
SUP_6A4519BC29F6,Supplier,碳化硅陶瓷供应商,碳化硅陶瓷供应商,company-info_with_url.xlsx,Supplier
DEM_EB797FDB85B9,DemandTag,资金。本轮融资需求3000万元,资金。本轮融资需求3000万元,company-info_with_url.xlsx,DemandTag
DEM_65CA107314F3,DemandTag,用于产线建设（64%）,用于产线建设（64%）,company-info_with_url.xlsx,DemandTag
DEM_6547B23618C3,DemandTag,人才团队扩充（20%）和企业运营（16%）。,人才团队扩充（20%）和企业运营（16%）。,company-info_with_url.xlsx,DemandTag
PROD_C8F3DEA7BD22,Product,硅基光电子芯片,硅基光电子芯片,company-info_with_url.xlsx,Product
CAP_241CC00DA73B,Capability,硅基光电子技术,硅基光电子技术,company-info_with_url.xlsx,Capability
IND_5ACC197B5AD1,Industry,芯片间通信,芯片间通信,company-info_with_url.xlsx,Industry
SCN_CE0A9FEEA918,Scenario,光电子技术在数据中心的应用,光电子技术在数据中心的应用,company-info_with_url.xlsx,Scenario
SCN_9C2F96D08445,Scenario,光电子技术在芯片间通信的应用,光电子技术在芯片间通信的应用,company-info_with_url.xlsx,Scenario
SUP_FDA35B3F74E9,Supplier,硅光子芯片原材料供应商,硅光子芯片原材料供应商,company-info_with_url.xlsx,Supplier
SUP_11443A23D2DC,Supplier,光纤阵列单元供应商,光纤阵列单元供应商,company-info_with_url.xlsx,Supplier
PROD_8D92385D11DD,Product,硅酸钇镥（LYSO）,硅酸钇镥（lyso）,company-info_with_url.xlsx,Product
PROD_E1380AAEA4CE,Product,锗酸铋（BGO）,锗酸铋（bgo）,company-info_with_url.xlsx,Product
PROD_377BED221944,Product,钆镓铝石榴石（GAGG）和碘化钠（NaI:Tl）等闪烁晶体,钆镓铝石榴石（gagg）和碘化钠（nai:tl）等闪烁晶体,company-info_with_url.xlsx,Product
PROD_1952C08D999E,Product,高精密光学元件,高精密光学元件,company-info_with_url.xlsx,Product
PROD_AD655D4FBF44,Product,碳化硅衬底,碳化硅衬底,company-info_with_url.xlsx,Product
PROD_BF5DE375E43C,Product,碳化硅单晶反射镜,碳化硅单晶反射镜,company-info_with_url.xlsx,Product
CAP_8E5640ACE5B1,Capability,闪烁晶体与高精密光学元件制造,闪烁晶体与高精密光学元件制造,company-info_with_url.xlsx,Capability
IND_FAF88C098A23,Industry,高端医疗影像设备,高端医疗影像设备,company-info_with_url.xlsx,Industry
IND_19AC712F0695,Industry,高能激光器,高能激光器,company-info_with_url.xlsx,Industry
SUP_042A3E95D3B4,Supplier,高纯度碳化硅粉原材料供应商,高纯度碳化硅粉原材料供应商,company-info_with_url.xlsx,Supplier
SUP_E9D7DF22ABD6,Supplier,碳化硅晶锭供应商,碳化硅晶锭供应商,company-info_with_url.xlsx,Supplier
PROD_07FB3346884B,Product,苏州科韵激光科技 - 激光加工设备（待查）,苏州科韵激光科技 - 激光加工设备（待查）,company-info_with_url.xlsx,Product
SUP_DF84C8E890B1,Supplier,激光精密加工设备供应商,激光精密加工设备供应商,company-info_with_url.xlsx,Supplier
PROD_887D4A196420,Product,芯体素(杭州)科技发展（待查,芯体素(杭州)科技发展（待查,company-info_with_url.xlsx,Product
CAP_31CF68A065B3,Capability,芯片设计技术（未查到具体核心技术）,芯片设计技术（未查到具体核心技术）,company-info_with_url.xlsx,Capability
SUP_CFEDC20B903E,Supplier,AI芯片原材料供应商,ai芯片原材料供应商,company-info_with_url.xlsx,Supplier
SUP_736C090627D4,Supplier,先进封装材料供应商,先进封装材料供应商,company-info_with_url.xlsx,Supplier
PROD_E3F3EE1B0637,Product,多物理场系统仿真软件（电磁,多物理场系统仿真软件（电磁,company-info_with_url.xlsx,Product
PROD_8F1792D21B3D,Product,电热,电热,company-info_with_url.xlsx,Product
PROD_14FF82CFB5A2,Product,流体,流体,company-info_with_url.xlsx,Product
PROD_FBEA1EC95C9E,Product,应力）,应力）,company-info_with_url.xlsx,Product
CAP_265EF5ED2C46,Capability,专注于EDA物理仿真领域,专注于eda物理仿真领域,company-info_with_url.xlsx,Capability
CAP_3A17C16F8C57,Capability,产品覆盖电磁,产品覆盖电磁,company-info_with_url.xlsx,Capability
CAP_17A68648F50C,Capability,电热,电热,company-info_with_url.xlsx,Capability
CAP_10A3CDBE75C7,Capability,流体和应力等多物理场仿真软件,流体和应力等多物理场仿真软件,company-info_with_url.xlsx,Capability
CAP_14E0C932C424,Capability,融合集成电磁,融合集成电磁,company-info_with_url.xlsx,Capability
CAP_222FF8A59E04,Capability,直流,直流,company-info_with_url.xlsx,Capability
CAP_EAD44DA2E55D,Capability,磁损耗,磁损耗,company-info_with_url.xlsx,Capability
CAP_52D40DABE324,Capability,应力,应力,company-info_with_url.xlsx,Capability
CAP_DB4EDD09BD77,Capability,流体各个功能模块于一体的多物理场系统仿真平台,流体各个功能模块于一体的多物理场系统仿真平台,company-info_with_url.xlsx,Capability
IND_BC1D97E7CB23,Industry,芯片设计,芯片设计,company-info_with_url.xlsx,Industry
IND_59389BA0A056,Industry,系统设计,系统设计,company-info_with_url.xlsx,Industry
IND_EE4DC827EF3C,Industry,Chiplet领域,chiplet领域,company-info_with_url.xlsx,Industry
IND_0C3F08D67125,Industry,晶圆级封装,晶圆级封装,company-info_with_url.xlsx,Industry
IND_105D9D292503,Industry,IC测试版设计,ic测试版设计,company-info_with_url.xlsx,Industry
IND_D7BCBE8F50E7,Industry,板级硬件,板级硬件,company-info_with_url.xlsx,Industry
SCN_584F18A140B4,Scenario,信号完整性,信号完整性,company-info_with_url.xlsx,Scenario
SCN_6859779EF8CF,Scenario,电源完整性,电源完整性,company-info_with_url.xlsx,Scenario
SCN_8012F205ADC3,Scenario,热与散热快速分析,热与散热快速分析,company-info_with_url.xlsx,Scenario
SCN_7A2406A5AA6F,Scenario,服务于传统芯片设计,服务于传统芯片设计,company-info_with_url.xlsx,Scenario
SCN_9FD31A3DB809,Scenario,系统设计厂商做国产化替代,系统设计厂商做国产化替代,company-info_with_url.xlsx,Scenario
SCN_DAC20D81ED1E,Scenario,在产能短缺的领域,在产能短缺的领域,company-info_with_url.xlsx,Scenario
SCN_0E3D09D9CC99,Scenario,服务于Chiplet领域的专用仿真分析,服务于chiplet领域的专用仿真分析,company-info_with_url.xlsx,Scenario
SCN_D38173240ED1,Scenario,为异构集成及3D堆叠的系统做多物理仿真分析,为异构集成及3d堆叠的系统做多物理仿真分析,company-info_with_url.xlsx,Scenario
SCN_BEA82B94BEB8,Scenario,指导设计并对材料的选择提供指导意见,指导设计并对材料的选择提供指导意见,company-info_with_url.xlsx,Scenario
SUP_81AE71D56883,Supplier,Chiplet互连芯片代工厂,chiplet互连芯片代工厂,company-info_with_url.xlsx,Supplier
SUP_B00342CC2ABF,Supplier,硅中介层供应商,硅中介层供应商,company-info_with_url.xlsx,Supplier
PROD_7252E791C510,Product,NB-IOT芯片,nb-iot芯片,company-info_with_url.xlsx,Product
CAP_6303B6AC53E7,Capability,设计和开发NB-IOT芯片,设计和开发nb-iot芯片,company-info_with_url.xlsx,Capability
SUP_FE6701D9D39F,Supplier,NB-IoT芯片代工厂,nb-iot芯片代工厂,company-info_with_url.xlsx,Supplier
SUP_40343A28FC4F,Supplier,射频前端模块供应商,射频前端模块供应商,company-info_with_url.xlsx,Supplier
PROD_AA4EDA1EF47D,Product,光通信接口模块(Optical I,光通信接口模块(optical i,company-info_with_url.xlsx,Product
PROD_B922B045358F,Product,O),o),company-info_with_url.xlsx,Product
CAP_589A599385C5,Capability,高度集成的光通信接口模块（Optical I,高度集成的光通信接口模块（optical i,company-info_with_url.xlsx,Capability
CAP_A27665560285,Capability,O module）,o module）,company-info_with_url.xlsx,Capability
CAP_DFAB3FD7DE4B,Capability,包含高速激光器（Tx）,包含高速激光器（tx）,company-info_with_url.xlsx,Capability
CAP_AFE78F621F3E,Capability,光子集成电路（PIC）,光子集成电路（pic）,company-info_with_url.xlsx,Capability
CAP_45336C57224D,Capability,电子控制单元（EIC）和光互连接器（FAU）,电子控制单元（eic）和光互连接器（fau）,company-info_with_url.xlsx,Capability
CAP_3E7649CDF3EC,Capability,晶圆级异构集成技术（激光器晶圆,晶圆级异构集成技术（激光器晶圆,company-info_with_url.xlsx,Capability
CAP_07D219B4017F,Capability,硅光晶圆,硅光晶圆,company-info_with_url.xlsx,Capability
CAP_70B7A98E5C22,Capability,电控制晶圆的晶圆级键合）,电控制晶圆的晶圆级键合）,company-info_with_url.xlsx,Capability
CAP_8C4F0E63D49B,Capability,兼容8,兼容8,company-info_with_url.xlsx,Capability
CAP_9A9EFB557A78,Capability,12英寸CMOS工艺的光接口解决方案,12英寸cmos工艺的光接口解决方案,company-info_with_url.xlsx,Capability
CAP_79587C53914A,Capability,SWIR短波红外相机技术（InP异质集成及衬底回收）,swir短波红外相机技术（inp异质集成及衬底回收）,company-info_with_url.xlsx,Capability
IND_96AD57763876,Industry,高性能计算（GPU光互连）,高性能计算（gpu光互连）,company-info_with_url.xlsx,Industry
IND_DF6D38DC962E,Industry,短波红外成像（消费类,短波红外成像（消费类,company-info_with_url.xlsx,Industry
IND_E5358BD1DAF1,Industry,安防类,安防类,company-info_with_url.xlsx,Industry
IND_3E19E1B38A63,Industry,自动驾驶）。,自动驾驶）。,company-info_with_url.xlsx,Industry
SCN_9A014FBA0ED0,Scenario,芯片内,芯片内,company-info_with_url.xlsx,Scenario
SCN_4E288C543BAF,Scenario,芯片间,芯片间,company-info_with_url.xlsx,Scenario
SCN_344DDDEDAB29,Scenario,模组间的光互连,模组间的光互连,company-info_with_url.xlsx,Scenario
SCN_3AE78AB5FEE1,Scenario,可直接与xPU集成或通过中介层集成,可直接与xpu集成或通过中介层集成,company-info_with_url.xlsx,Scenario
SCN_F6708B5319B3,Scenario,兼容PCIe,兼容pcie,company-info_with_url.xlsx,Scenario
SCN_ECAC289F20EF,Scenario,UCIe,ucie,company-info_with_url.xlsx,Scenario
SCN_C1776E943B5D,Scenario,NVLink等标准接口。,nvlink等标准接口。,company-info_with_url.xlsx,Scenario
SUP_54FB40008817,Supplier,芯片封装材料供应商,芯片封装材料供应商,company-info_with_url.xlsx,Supplier
SUP_7B866503390A,Supplier,引线框架供应商,引线框架供应商,company-info_with_url.xlsx,Supplier
SUP_E0F609CF3FDA,Supplier,基板供应商,基板供应商,company-info_with_url.xlsx,Supplier
DEM_3B6070F96C6E,DemandTag,资金（融资规划：2025年技术开发需2500万,资金（融资规划：2025年技术开发需2500万,company-info_with_url.xlsx,DemandTag
DEM_F5F4328E6F3F,DemandTag,2026-2028年产品开发与产能建设需约8亿）,2026-2028年产品开发与产能建设需约8亿）,company-info_with_url.xlsx,DemandTag
DEM_9E8B5BE850BD,DemandTag,产业链合作资源（与代工厂,产业链合作资源（与代工厂,company-info_with_url.xlsx,DemandTag
DEM_177B6CCA7F3D,DemandTag,封装测试厂建立深度合作）,封装测试厂建立深度合作）,company-info_with_url.xlsx,DemandTag
DEM_0188E7128EF4,DemandTag,客户导入与验证。,客户导入与验证。,company-info_with_url.xlsx,DemandTag
PROD_1F97D8E0A3AF,Product,IPR细胞年轻化产品,ipr细胞年轻化产品,company-info_with_url.xlsx,Product
PROD_DC80CC1ED067,Product,环状RNA技术产品,环状rna技术产品,company-info_with_url.xlsx,Product
CAP_D882CE40EE4F,Capability,IPR细胞年轻化技术平台,ipr细胞年轻化技术平台,company-info_with_url.xlsx,Capability
CAP_1DC122766785,Capability,FlexFate细胞原位转分化技术平台,flexfate细胞原位转分化技术平台,company-info_with_url.xlsx,Capability
CAP_BAF4480F8361,Capability,In vivo FlexCar衰老细胞清除技术平台,in vivo flexcar衰老细胞清除技术平台,company-info_with_url.xlsx,Capability
CAP_0B38F25FB854,Capability,环状RNA技术平台,环状rna技术平台,company-info_with_url.xlsx,Capability
CAP_42133AC46AAD,Capability,靶向LNP技术平台,靶向lnp技术平台,company-info_with_url.xlsx,Capability
CAP_790A56B69878,Capability,工程化EV技术平台,工程化ev技术平台,company-info_with_url.xlsx,Capability
IND_28907BAA4091,Industry,生物制药（Biotech）,生物制药（biotech）,company-info_with_url.xlsx,Industry
IND_F14D407FAAB8,Industry,抗衰老治疗,抗衰老治疗,company-info_with_url.xlsx,Industry
IND_6D0DBC7D8C9F,Industry,消费医疗。,消费医疗。,company-info_with_url.xlsx,Industry
SCN_1446D33D05BD,Scenario,逆转衰老,逆转衰老,company-info_with_url.xlsx,Scenario
SCN_AF1CE34A5A53,Scenario,治疗与衰老相关的疾病（如青光眼,治疗与衰老相关的疾病（如青光眼,company-info_with_url.xlsx,Scenario
SCN_D685CB15DE38,Scenario,老年性耳聋,老年性耳聋,company-info_with_url.xlsx,Scenario
SCN_D20912D6B6AF,Scenario,特发性肺纤维化,特发性肺纤维化,company-info_with_url.xlsx,Scenario
SCN_449C5B32655B,Scenario,肝纤维化,肝纤维化,company-info_with_url.xlsx,Scenario
SCN_EA11F1E1D800,Scenario,皮肤光老化,皮肤光老化,company-info_with_url.xlsx,Scenario
SCN_DD4DC8C6C18E,Scenario,脱发）。,脱发）。,company-info_with_url.xlsx,Scenario
SUP_DBCF462E314E,Supplier,基因检测原材料供应商,基因检测原材料供应商,company-info_with_url.xlsx,Supplier
SUP_05F54618E160,Supplier,NGS测序试剂供应商,ngs测序试剂供应商,company-info_with_url.xlsx,Supplier
SUP_97D5252D94F4,Supplier,生物信息分析软件供应商,生物信息分析软件供应商,company-info_with_url.xlsx,Supplier
DEM_EBEB69B833E1,DemandTag,融资。计划完成三至五千万融资,融资。计划完成三至五千万融资,company-info_with_url.xlsx,DemandTag
DEM_05BDBC0277EA,DemandTag,用于青光眼管线的IND enabling study,用于青光眼管线的ind enabling study,company-info_with_url.xlsx,DemandTag
DEM_D2B40C42AF68,DemandTag,后续临床推进费用以及消费医疗管线市场化可能性推进。,后续临床推进费用以及消费医疗管线市场化可能性推进。,company-info_with_url.xlsx,DemandTag
PROD_DA9B2D355B26,Product,固态电解质复合膜,固态电解质复合膜,company-info_with_url.xlsx,Product
PROD_5FE9BC7F54D5,Product,MOF功能材料复合膜,mof功能材料复合膜,company-info_with_url.xlsx,Product
PROD_2E3E1B392E3C,Product,固态电解质,固态电解质,company-info_with_url.xlsx,Product
CAP_B1BD9FCF6623,Capability,锂电池复合隔膜技术（固态电解质复合膜,锂电池复合隔膜技术（固态电解质复合膜,company-info_with_url.xlsx,Capability
CAP_2BE7760343E4,Capability,涂覆隔膜）,涂覆隔膜）,company-info_with_url.xlsx,Capability
CAP_0DA87D4E4DE7,Capability,MOF功能材料复合膜技术,mof功能材料复合膜技术,company-info_with_url.xlsx,Capability
CAP_D894288EAE9F,Capability,固态电解质技术,固态电解质技术,company-info_with_url.xlsx,Capability
IND_F1D22048BB2F,Industry,半固态电池,半固态电池,company-info_with_url.xlsx,Industry
IND_4010E1F9BBFB,Industry,全固态锂电池。,全固态锂电池。,company-info_with_url.xlsx,Industry
SCN_24C33D7103AA,Scenario,半固态电池,半固态电池,company-info_with_url.xlsx,Scenario
SCN_CB84428F8FE2,Scenario,全固态锂电池。,全固态锂电池。,company-info_with_url.xlsx,Scenario
SUP_E71FDFDFAD55,Supplier,钙钛矿太阳能电池材料供应商,钙钛矿太阳能电池材料供应商,company-info_with_url.xlsx,Supplier
SUP_D97845698F0B,Supplier,溶液加工设备供应商,溶液加工设备供应商,company-info_with_url.xlsx,Supplier
SUP_DAF2AC6B7C59,Supplier,柔性基底材料供应商,柔性基底材料供应商,company-info_with_url.xlsx,Supplier
PROD_BF0B4AF7666C,Product,高性能光纤激光器,高性能光纤激光器,company-info_with_url.xlsx,Product
PROD_AD80FE9662A4,Product,微型激光电源,微型激光电源,company-info_with_url.xlsx,Product
PROD_87BE7FE99278,Product,特种激光光源,特种激光光源,company-info_with_url.xlsx,Product
CAP_63E2F6D7DEA7,Capability,高性能光纤激光器技术,高性能光纤激光器技术,company-info_with_url.xlsx,Capability
SUP_0BE715CECCFA,Supplier,红外光学材料供应商（硒化锌,红外光学材料供应商（硒化锌,company-info_with_url.xlsx,Supplier
SUP_DD3839F3D2F2,Supplier,锗）,锗）,company-info_with_url.xlsx,Supplier
SUP_AE8A1DA14C1E,Supplier,红外光学加工设备供应商,红外光学加工设备供应商,company-info_with_url.xlsx,Supplier
DEM_56E55A9833DD,DemandTag,融资（本轮计划融资5500万元）,融资（本轮计划融资5500万元）,company-info_with_url.xlsx,DemandTag
PROD_BFA49DAB5EF1,Product,材料产品（具体待查）,材料产品（具体待查）,company-info_with_url.xlsx,Product
CAP_DD18CB2D12C2,Capability,西安奥若特材料技术（待查,西安奥若特材料技术（待查,company-info_with_url.xlsx,Capability
SUP_8832306AFBC6,Supplier,硬质合金原材料供应商,硬质合金原材料供应商,company-info_with_url.xlsx,Supplier
SUP_7E8C5E94107D,Supplier,钨钼材料供应商,钨钼材料供应商,company-info_with_url.xlsx,Supplier
SUP_A43AFF859CF4,Supplier,粉末冶金设备供应商,粉末冶金设备供应商,company-info_with_url.xlsx,Supplier
PROD_9AEF5A2EBADB,Product,航空航天紧固件（螺栓,航空航天紧固件（螺栓,company-info_with_url.xlsx,Product
PROD_F05370E687D3,Product,螺钉,螺钉,company-info_with_url.xlsx,Product
PROD_F58C74169484,Product,螺母,螺母,company-info_with_url.xlsx,Product
PROD_0B3E349AEA9D,Product,铆钉等）,铆钉等）,company-info_with_url.xlsx,Product
CAP_9AAA5EDCE05C,Capability,航空航天用标准件,航空航天用标准件,company-info_with_url.xlsx,Capability
CAP_2F923AB81A61,Capability,发动机零部件,发动机零部件,company-info_with_url.xlsx,Capability
CAP_F8E50ED8FADF,Capability,异型零部件,异型零部件,company-info_with_url.xlsx,Capability
CAP_DA3A64100A94,Capability,仪器仪表等紧固件,仪器仪表等紧固件,company-info_with_url.xlsx,Capability
CAP_C5439EB984A5,Capability,螺栓,螺栓,company-info_with_url.xlsx,Capability
CAP_F8051ED9C4C9,Capability,螺钉类,螺钉类,company-info_with_url.xlsx,Capability
CAP_99B852AA7C70,Capability,螺母类,螺母类,company-info_with_url.xlsx,Capability
CAP_5A14B3A08A08,Capability,铆钉类,铆钉类,company-info_with_url.xlsx,Capability
CAP_CEA88BE2515B,Capability,挡圈,挡圈,company-info_with_url.xlsx,Capability
CAP_942C88B2F8BF,Capability,垫圈类,垫圈类,company-info_with_url.xlsx,Capability
CAP_46EAAFEFCB61,Capability,快卸锁,快卸锁,company-info_with_url.xlsx,Capability
CAP_42EA94A8FC9A,Capability,快卸销类,快卸销类,company-info_with_url.xlsx,Capability
SCN_527824318A1B,Scenario,国家航空,国家航空,company-info_with_url.xlsx,Scenario
SCN_C4FC9FF04676,Scenario,航天重大工程和重点型号配套,航天重大工程和重点型号配套,company-info_with_url.xlsx,Scenario
SCN_FDA9B3E366EA,Scenario,各型号飞行器和发动机的紧固连接。,各型号飞行器和发动机的紧固连接。,company-info_with_url.xlsx,Scenario
SUP_AF0C596A043E,Supplier,航空发动机高温合金供应商,航空发动机高温合金供应商,company-info_with_url.xlsx,Supplier
SUP_9BB053353F69,Supplier,精密铸造设备供应商,精密铸造设备供应商,company-info_with_url.xlsx,Supplier
SUP_E1F63DA07901,Supplier,叶片加工设备供应商,叶片加工设备供应商,company-info_with_url.xlsx,Supplier
PROD_36EBEAAE17EB,Product,金属球形粉末系列产品,金属球形粉末系列产品,company-info_with_url.xlsx,Product
PROD_A76CC82D156C,Product,高温粉末涡轮盘产品,高温粉末涡轮盘产品,company-info_with_url.xlsx,Product
PROD_8FB1651DE432,Product,航空叶片脱芯服务,航空叶片脱芯服务,company-info_with_url.xlsx,Product
CAP_95DEAD2E1934,Capability,金属球形粉末制备技术,金属球形粉末制备技术,company-info_with_url.xlsx,Capability
CAP_727434673271,Capability,高温粉末盘制备技术,高温粉末盘制备技术,company-info_with_url.xlsx,Capability
CAP_508BF45AC101,Capability,叶片脱芯技术,叶片脱芯技术,company-info_with_url.xlsx,Capability
IND_445C9CECCE8A,Industry,军工航天,军工航天,company-info_with_url.xlsx,Industry
SCN_403054994F97,Scenario,粉末冶金,粉末冶金,company-info_with_url.xlsx,Scenario
SCN_28A59E2DC00E,Scenario,粉末涡轮盘,粉末涡轮盘,company-info_with_url.xlsx,Scenario
SCN_E0D989215AB2,Scenario,涡轮叶片脱芯服务,涡轮叶片脱芯服务,company-info_with_url.xlsx,Scenario
SUP_D7A1148CB374,Supplier,镍基合金）,镍基合金）,company-info_with_url.xlsx,Supplier
SUP_005354E3C93D,Supplier,球形粉末制粉设备供应商,球形粉末制粉设备供应商,company-info_with_url.xlsx,Supplier
DEM_F0DD60D3287A,DemandTag,融资（本轮共融资4亿）,融资（本轮共融资4亿）,company-info_with_url.xlsx,DemandTag
PROD_7C373AE86383,Product,生物医用高端钛材（如椎弓根钉用TC4棒材,生物医用高端钛材（如椎弓根钉用tc4棒材,company-info_with_url.xlsx,Product
PROD_9E1DFB64D436,Product,钛合金缆线,钛合金缆线,company-info_with_url.xlsx,Product
PROD_EEC6D63B114B,Product,外科植入用高品质Ti-6Al-7Nb棒材）,外科植入用高品质ti-6al-7nb棒材）,company-info_with_url.xlsx,Product
PROD_CC5433606712,Product,军民两用紧固件金属丝棒材（如大单重航空航天紧固件用钛及钛合金丝材,军民两用紧固件金属丝棒材（如大单重航空航天紧固件用钛及钛合金丝材,company-info_with_url.xlsx,Product
PROD_491DF0CB07CD,Product,航空及3D打印用钛及钛合金焊丝,航空及3d打印用钛及钛合金焊丝,company-info_with_url.xlsx,Product
PROD_959C96786F82,Product,眼镜框及耳机用β型钛合金丝材,眼镜框及耳机用β型钛合金丝材,company-info_with_url.xlsx,Product
PROD_E502B803CFE6,Product,3C用新型β钛合金丝材,3c用新型β钛合金丝材,company-info_with_url.xlsx,Product
PROD_6D89D08E3DB8,Product,牙齿矫形用Ti-Zr系列丝材,牙齿矫形用ti-zr系列丝材,company-info_with_url.xlsx,Product
PROD_20A026C769A6,Product,齿科用高强纯钛丝）,齿科用高强纯钛丝）,company-info_with_url.xlsx,Product
PROD_C9E518955F57,Product,多用途镍钛基功能材料（如室温超弹型镍钛合金）,多用途镍钛基功能材料（如室温超弹型镍钛合金）,company-info_with_url.xlsx,Product
PROD_30F59A1204F7,Product,军民两用钛合金精密锻件,军民两用钛合金精密锻件,company-info_with_url.xlsx,Product
CAP_09CFFCD40758,Capability,生物医用高端钛材,生物医用高端钛材,company-info_with_url.xlsx,Capability
CAP_952395CAD278,Capability,军民两用紧固件金属丝棒材,军民两用紧固件金属丝棒材,company-info_with_url.xlsx,Capability
IND_F214ACC85B47,Industry,生物医用（外科植入,生物医用（外科植入,company-info_with_url.xlsx,Industry
IND_8094F412A3E5,Industry,矫形修复,矫形修复,company-info_with_url.xlsx,Industry
IND_68B3EFEFE4EC,Industry,齿科）,齿科）,company-info_with_url.xlsx,Industry
IND_CAE94444C968,Industry,3C电子（手机等电子产品紧固件）,3c电子（手机等电子产品紧固件）,company-info_with_url.xlsx,Industry
IND_0E3B96D95F87,Industry,民用（眼镜框架,民用（眼镜框架,company-info_with_url.xlsx,Industry
IND_26C0B0E189E8,Industry,耳机架）,耳机架）,company-info_with_url.xlsx,Industry
SCN_F3BEF8CDB6C0,Scenario,脊柱固定手术（椎弓根钉,脊柱固定手术（椎弓根钉,company-info_with_url.xlsx,Scenario
SCN_FC215BDB537D,Scenario,钛缆）,钛缆）,company-info_with_url.xlsx,Scenario
SCN_B7C4FD0D41FF,Scenario,3D打印焊缝填充,3d打印焊缝填充,company-info_with_url.xlsx,Scenario
SCN_8D186F5D0418,Scenario,电子产品螺钉,电子产品螺钉,company-info_with_url.xlsx,Scenario
SCN_8BA9095A4FFD,Scenario,牙齿矫形,牙齿矫形,company-info_with_url.xlsx,Scenario
SCN_CC5C602B22B5,Scenario,人工关节精密锻件,人工关节精密锻件,company-info_with_url.xlsx,Scenario
SCN_BC860A1B5725,Scenario,温控原件,温控原件,company-info_with_url.xlsx,Scenario
SCN_E2F526787D2E,Scenario,热驱弹簧,热驱弹簧,company-info_with_url.xlsx,Scenario
SCN_0CD64B7672EE,Scenario,通信天线,通信天线,company-info_with_url.xlsx,Scenario
SUP_86053C65FA3D,Supplier,稀有金属材料供应商,稀有金属材料供应商,company-info_with_url.xlsx,Supplier
SUP_BE1CC0C48D65,Supplier,钛合金供应商,钛合金供应商,company-info_with_url.xlsx,Supplier
PROD_B084E76AB747,Product,西湖制药(杭州)（待查,西湖制药(杭州)（待查,company-info_with_url.xlsx,Product
CAP_3CA1A7CF6369,Capability,AI制药技术（未查到具体核心技术）,ai制药技术（未查到具体核心技术）,company-info_with_url.xlsx,Capability
SUP_266A2176BC6C,Supplier,小分子药物原材料供应商,小分子药物原材料供应商,company-info_with_url.xlsx,Supplier
PROD_9231BFC71E07,Product,呋喃基FDCA,呋喃基fdca,company-info_with_url.xlsx,Product
PROD_C249B4779AED,Product,PEF,pef,company-info_with_url.xlsx,Product
PROD_236AFCDFD491,Product,PBAF等生物基材料,pbaf等生物基材料,company-info_with_url.xlsx,Product
CAP_B5807EDF61F6,Capability,生物基新材料智能微工厂平台,生物基新材料智能微工厂平台,company-info_with_url.xlsx,Capability
CAP_1FBAD70F6DC5,Capability,呋喃基FDCA（2,呋喃基fdca（2,company-info_with_url.xlsx,Capability
CAP_5C6B9E542ED6,Capability,5-呋喃二甲酸）,5-呋喃二甲酸）,company-info_with_url.xlsx,Capability
CAP_89A34E067429,Capability,PEF（聚呋喃二甲酸乙二醇酯）,pef（聚呋喃二甲酸乙二醇酯）,company-info_with_url.xlsx,Capability
CAP_90DCCB92C026,Capability,PBAF（聚呋喃二甲酸-己二酸-丁二醇酯）等生物基材料,pbaf（聚呋喃二甲酸-己二酸-丁二醇酯）等生物基材料,company-info_with_url.xlsx,Capability
CAP_6A243AF59A7F,Capability,合成生物酶催化平台,合成生物酶催化平台,company-info_with_url.xlsx,Capability
CAP_D5FFF88A9FD5,Capability,微流控纳米催化平台,微流控纳米催化平台,company-info_with_url.xlsx,Capability
CAP_311E6EC38586,Capability,智能微反应合成平台三大技术平台,智能微反应合成平台三大技术平台,company-info_with_url.xlsx,Capability
CAP_151E98AAAD51,Capability,纤维素一步法连续催化微反应技术,纤维素一步法连续催化微反应技术,company-info_with_url.xlsx,Capability
IND_871EFF128300,Industry,功能包装（如电子产品封装膜,功能包装（如电子产品封装膜,company-info_with_url.xlsx,Industry
IND_8415FB3021FA,Industry,无菌液体包装等）,无菌液体包装等）,company-info_with_url.xlsx,Industry
IND_290BE8EDFA79,Industry,高端纤维,高端纤维,company-info_with_url.xlsx,Industry
IND_6E92E99B6873,Industry,汽车内饰件,汽车内饰件,company-info_with_url.xlsx,Industry
IND_6D63968C5A02,Industry,新能源芳纶隔膜,新能源芳纶隔膜,company-info_with_url.xlsx,Industry
IND_3A56B99B7866,Industry,高端医药,高端医药,company-info_with_url.xlsx,Industry
IND_E6E2C323E6E5,Industry,化学品,化学品,company-info_with_url.xlsx,Industry
IND_88818B52FA3F,Industry,聚氨酯,聚氨酯,company-info_with_url.xlsx,Industry
IND_6FF817894A5E,Industry,聚酰胺,聚酰胺,company-info_with_url.xlsx,Industry
IND_46A6F9288B95,Industry,新型生物基尼龙,新型生物基尼龙,company-info_with_url.xlsx,Industry
IND_511823FD5C1E,Industry,热固性塑料,热固性塑料,company-info_with_url.xlsx,Industry
IND_4AD007F05A3E,Industry,饮料包装瓶,饮料包装瓶,company-info_with_url.xlsx,Industry
IND_7A47DB3A988E,Industry,农用地膜,农用地膜,company-info_with_url.xlsx,Industry
IND_5C30DB230736,Industry,生物基聚酯纤维,生物基聚酯纤维,company-info_with_url.xlsx,Industry
IND_9432B64522BB,Industry,耐高温芳香尼龙。,耐高温芳香尼龙。,company-info_with_url.xlsx,Industry
SCN_B8633616BB45,Scenario,替代PET,替代pet,company-info_with_url.xlsx,Scenario
SCN_DC2CF298B174,Scenario,用于聚酯纤维,用于聚酯纤维,company-info_with_url.xlsx,Scenario
SCN_E2D8724ABC94,Scenario,饮料包装瓶等,饮料包装瓶等,company-info_with_url.xlsx,Scenario
SCN_005B675C8711,Scenario,用于高端医药,用于高端医药,company-info_with_url.xlsx,Scenario
SCN_971E0AF868DE,Scenario,化学品客户的原料药,化学品客户的原料药,company-info_with_url.xlsx,Scenario
SCN_A44D299FBBD1,Scenario,中间体,中间体,company-info_with_url.xlsx,Scenario
SCN_1CF9DE0FE605,Scenario,医用高分子材料CRDMO解决方案,医用高分子材料crdmo解决方案,company-info_with_url.xlsx,Scenario
SCN_4A0E83576651,Scenario,吹塑-高阻隔薄膜包装材料（食品,吹塑-高阻隔薄膜包装材料（食品,company-info_with_url.xlsx,Scenario
SCN_8989933AAE5B,Scenario,医药包装材料）,医药包装材料）,company-info_with_url.xlsx,Scenario
SCN_C6E2EB2830D9,Scenario,注塑-饮料包装瓶,注塑-饮料包装瓶,company-info_with_url.xlsx,Scenario
SCN_85648F64B4C7,Scenario,生物基聚酯纤维,生物基聚酯纤维,company-info_with_url.xlsx,Scenario
SCN_BCCE8C82F419,Scenario,耐高温芳香尼龙,耐高温芳香尼龙,company-info_with_url.xlsx,Scenario
SCN_45567190566D,Scenario,农用地膜（PBAF）。,农用地膜（pbaf）。,company-info_with_url.xlsx,Scenario
SUP_1AF218BB4C4A,Supplier,生物基可降解材料原材料供应商,生物基可降解材料原材料供应商,company-info_with_url.xlsx,Supplier
SUP_C75F5D15298C,Supplier,PLA,pla,company-info_with_url.xlsx,Supplier
SUP_85FDD134048C,Supplier,PBAT供应商,pbat供应商,company-info_with_url.xlsx,Supplier
SUP_7910411B4EB0,Supplier,化工原料供应商,化工原料供应商,company-info_with_url.xlsx,Supplier
PROD_415C63C78653,Product,拥有多个FIC & BIC品种,拥有多个fic & bic品种,company-info_with_url.xlsx,Product
PROD_026DF0DD6E70,Product,CTS2190,cts2190,company-info_with_url.xlsx,Product
PROD_18BDD3A29134,Product,CTS2016,cts2016,company-info_with_url.xlsx,Product
PROD_0D965FFE8612,Product,CLX001(FIC),clx001(fic),company-info_with_url.xlsx,Product
PROD_E7E55561F95E,Product,CLX006(FIC)等,clx006(fic)等,company-info_with_url.xlsx,Product
CAP_7B761EC295E5,Capability,新一代表观遗传治疗技术,新一代表观遗传治疗技术,company-info_with_url.xlsx,Capability
CAP_EF55CC2B0244,Capability,EpigenPLUS™平台（创新的治疗技术及药物开发和表观基因组学平台）,epigenplus™平台（创新的治疗技术及药物开发和表观基因组学平台）,company-info_with_url.xlsx,Capability
IND_E652107883BA,Industry,具体为表观遗传学治疗药物研发,具体为表观遗传学治疗药物研发,company-info_with_url.xlsx,Industry
SCN_0141AF4E51CF,Scenario,肿瘤（血液瘤,肿瘤（血液瘤,company-info_with_url.xlsx,Scenario
SCN_485689A33FA4,Scenario,实体瘤）的治疗,实体瘤）的治疗,company-info_with_url.xlsx,Scenario
SUP_79C3DC9A062C,Supplier,表观遗传学试剂供应商,表观遗传学试剂供应商,company-info_with_url.xlsx,Supplier
SUP_FFD1ABB1422A,Supplier,基因测序原材料供应商,基因测序原材料供应商,company-info_with_url.xlsx,Supplier
SUP_A0373F58A5A8,Supplier,生物实验服务,生物实验服务,company-info_with_url.xlsx,Supplier
DEM_5713CC520D32,DemandTag,融资（目前正开启A++轮融资,融资（目前正开启a++轮融资,company-info_with_url.xlsx,DemandTag
DEM_B6073384DD1E,DemandTag,预计年底到明年初开始B轮融资）,预计年底到明年初开始b轮融资）,company-info_with_url.xlsx,DemandTag
PROD_488FE6828B18,Product,电子加速器光核反应法生产锕-225,电子加速器光核反应法生产锕-225,company-info_with_url.xlsx,Product
PROD_A515756BCC0C,Product,铅212,铅212,company-info_with_url.xlsx,Product
PROD_E8E60020E342,Product,铜-67,铜-67,company-info_with_url.xlsx,Product
PROD_5B2DF1CBD886,Product,钼-99等医用同位素,钼-99等医用同位素,company-info_with_url.xlsx,Product
CAP_A3075A4E85AA,Capability,电子加速器光核反应法生产医用同位素技术,电子加速器光核反应法生产医用同位素技术,company-info_with_url.xlsx,Capability
IND_04BE30BBB38F,Industry,核医学,核医学,company-info_with_url.xlsx,Industry
IND_3296AE268AC3,Industry,放射性药物,放射性药物,company-info_with_url.xlsx,Industry
SCN_78F31ED0BF51,Scenario,医用同位素供应,医用同位素供应,company-info_with_url.xlsx,Scenario
SCN_E92120F61871,Scenario,用于放射性药物生产,用于放射性药物生产,company-info_with_url.xlsx,Scenario
SUP_B4ED9AED2BE9,Supplier,拓扑光子芯片原材料供应商,拓扑光子芯片原材料供应商,company-info_with_url.xlsx,Supplier
SUP_404161CADE09,Supplier,光学微结构加工设备供应商,光学微结构加工设备供应商,company-info_with_url.xlsx,Supplier
PROD_ABA03722C3C9,Product,上海加速纪元科技（待查,上海加速纪元科技（待查,company-info_with_url.xlsx,Product
CAP_7960911F0462,Capability,加速器技术（未查到具体核心技术）,加速器技术（未查到具体核心技术）,company-info_with_url.xlsx,Capability
SUP_DC3819366ADD,Supplier,AI加速卡供应商（华为昇腾,ai加速卡供应商（华为昇腾,company-info_with_url.xlsx,Supplier
SUP_27E6BD166AC6,Supplier,寒武纪）,寒武纪）,company-info_with_url.xlsx,Supplier
PROD_25966A024408,Product,具体技术核心空间感知——低成本三维语义地图建模,具体技术核心空间感知——低成本三维语义地图建模,company-info_with_url.xlsx,Product
PROD_A204F8BEBD1A,Product,模型结构——大模型辅助的Search策略,模型结构——大模型辅助的search策略,company-info_with_url.xlsx,Product
PROD_591165C9CFBA,Product,模型结构——具身任务指令跟随的多层次重规划RePlan-Bot,模型结构——具身任务指令跟随的多层次重规划replan-bot,company-info_with_url.xlsx,Product
PROD_191963286A8D,Product,基座模型和系统——RoboBrain & RoboOS,基座模型和系统——robobrain & roboos,company-info_with_url.xlsx,Product
PROD_E26595CE6B1F,Product,小脑VLA——DexVLG,小脑vla——dexvlg,company-info_with_url.xlsx,Product
CAP_C64089224CBE,Capability,具身智能控制架构,具身智能控制架构,company-info_with_url.xlsx,Capability
CAP_EA442E603970,Capability,分层架构（大脑,分层架构（大脑,company-info_with_url.xlsx,Capability
CAP_03DD885AB968,Capability,小脑）和端到端架构,小脑）和端到端架构,company-info_with_url.xlsx,Capability
SUP_369D062381BE,Supplier,力控传感器供应商,力控传感器供应商,company-info_with_url.xlsx,Supplier
SUP_2719F69ECB2C,Supplier,灵巧手供应商,灵巧手供应商,company-info_with_url.xlsx,Supplier
PROD_FCE45931F609,Product,触觉传感器,触觉传感器,company-info_with_url.xlsx,Product
CAP_A6333DE8DE5E,Capability,触觉传感器（具体原理涉及传感器结构,触觉传感器（具体原理涉及传感器结构,company-info_with_url.xlsx,Capability
CAP_452FF6DBF923,Capability,三轴力测量机理）,三轴力测量机理）,company-info_with_url.xlsx,Capability
SUP_1F6FC84C0578,Supplier,半导体检测设备供应商,半导体检测设备供应商,company-info_with_url.xlsx,Supplier
DEM_E6B8D5FB6BB9,DemandTag,本轮融资（上海四期基金投资）,本轮融资（上海四期基金投资）,company-info_with_url.xlsx,DemandTag
DEM_A34EAA30393B,DemandTag,具体用途在文档目录中有提及（6.2 本轮融资用途及未来融资计划）,具体用途在文档目录中有提及（6.2 本轮融资用途及未来融资计划）,company-info_with_url.xlsx,DemandTag
DEM_1B556B49BA91,DemandTag,但具体内容未提供。,但具体内容未提供。,company-info_with_url.xlsx,DemandTag
PROD_3583DA74D754,Product,基因修饰型干细胞药物（如治疗脱发的FGF9,基因修饰型干细胞药物（如治疗脱发的fgf9,company-info_with_url.xlsx,Product
PROD_9D7512DCB0B7,Product,WNTs靶点产品）,wnts靶点产品）,company-info_with_url.xlsx,Product
PROD_45BD8ECD6CF7,Product,外泌体治疗技术平台,外泌体治疗技术平台,company-info_with_url.xlsx,Product
PROD_56FF64E1DD66,Product,空心微针和可溶性微针透皮技术平台,空心微针和可溶性微针透皮技术平台,company-info_with_url.xlsx,Product
PROD_FA1DB3F86C70,Product,肿瘤新抗原免疫细胞疗法,肿瘤新抗原免疫细胞疗法,company-info_with_url.xlsx,Product
PROD_750A12748927,Product,干细胞疗法,干细胞疗法,company-info_with_url.xlsx,Product
CAP_D5BE64C29734,Capability,细胞与基因治疗,细胞与基因治疗,company-info_with_url.xlsx,Capability
CAP_4B1FE3430793,Capability,微针载药为核心技术平台,微针载药为核心技术平台,company-info_with_url.xlsx,Capability
IND_57D39587FB63,Industry,药品,药品,company-info_with_url.xlsx,Industry
IND_C5422FF2AFB6,Industry,医美器械,医美器械,company-info_with_url.xlsx,Industry
IND_40FD089902CD,Industry,化妆品,化妆品,company-info_with_url.xlsx,Industry
IND_E10DC1A54B53,Industry,CRO,cro,company-info_with_url.xlsx,Industry
IND_AE4FDCF0CA23,Industry,CDMO服务,cdmo服务,company-info_with_url.xlsx,Industry
IND_7AF8E7C39BA6,Industry,生物样本存储,生物样本存储,company-info_with_url.xlsx,Industry
SCN_253A0D30470A,Scenario,脱发治疗,脱发治疗,company-info_with_url.xlsx,Scenario
SCN_EFDAC6E3B827,Scenario,伤口愈合,伤口愈合,company-info_with_url.xlsx,Scenario
SCN_52F4A09AB144,Scenario,光老化,光老化,company-info_with_url.xlsx,Scenario
SCN_D21570841BAB,Scenario,红斑狼疮,红斑狼疮,company-info_with_url.xlsx,Scenario
SCN_A9B4BD213720,Scenario,糖尿病,糖尿病,company-info_with_url.xlsx,Scenario
SCN_22388B4AD882,Scenario,肥胖,肥胖,company-info_with_url.xlsx,Scenario
SCN_7BD7B3D55810,Scenario,银屑病等疾病治疗,银屑病等疾病治疗,company-info_with_url.xlsx,Scenario
SCN_5D85263BBA76,Scenario,皮内注射,皮内注射,company-info_with_url.xlsx,Scenario
SCN_D80258C689B0,Scenario,眼科注射,眼科注射,company-info_with_url.xlsx,Scenario
SCN_EF22AF169E44,Scenario,头皮注射等微针给药,头皮注射等微针给药,company-info_with_url.xlsx,Scenario
SCN_FC840E7A3D2E,Scenario,细胞,细胞,company-info_with_url.xlsx,Scenario
SCN_7BA1EB768617,Scenario,基因,基因,company-info_with_url.xlsx,Scenario
SCN_9BC86555D06E,Scenario,微生物,微生物,company-info_with_url.xlsx,Scenario
SCN_5CF5F694D29D,Scenario,中药种质,中药种质,company-info_with_url.xlsx,Scenario
SCN_2E3CCAEA93C1,Scenario,病理组织等生物样本存储,病理组织等生物样本存储,company-info_with_url.xlsx,Scenario
SCN_DCA63A0EDDC0,Scenario,为制药公司,为制药公司,company-info_with_url.xlsx,Scenario
SCN_6A2D208611A1,Scenario,医美公司,医美公司,company-info_with_url.xlsx,Scenario
SCN_4EF6FD237AA9,Scenario,动物保健公司,动物保健公司,company-info_with_url.xlsx,Scenario
SCN_A08411065376,Scenario,细胞治疗公司提供CRO,细胞治疗公司提供cro,company-info_with_url.xlsx,Scenario
SCN_CB2F7121B4FD,Scenario,CDMO服务或原料,cdmo服务或原料,company-info_with_url.xlsx,Scenario
SUP_E48BF3133954,Supplier,生物发酵原材料供应商,生物发酵原材料供应商,company-info_with_url.xlsx,Supplier
DEM_309C41048D85,DemandTag,融资（计划进行融资,融资（计划进行融资,company-info_with_url.xlsx,DemandTag
DEM_D82140DB08AB,DemandTag,具体轮次未说明）,具体轮次未说明）,company-info_with_url.xlsx,DemandTag
PROD_87EDD6EA3CE5,Product,碳纳米管薄膜,碳纳米管薄膜,company-info_with_url.xlsx,Product
PROD_F24C2DCA3134,Product,碳纳米管纤维,碳纳米管纤维,company-info_with_url.xlsx,Product
PROD_79D49D77459B,Product,碳纳米管气凝胶,碳纳米管气凝胶,company-info_with_url.xlsx,Product
CAP_29D722A25CDE,Capability,宏观尺度碳纳米管材料（薄膜,宏观尺度碳纳米管材料（薄膜,company-info_with_url.xlsx,Capability
CAP_2DEF891669E5,Capability,纤维,纤维,company-info_with_url.xlsx,Capability
CAP_CD5193FDCA9A,Capability,气凝胶,气凝胶,company-info_with_url.xlsx,Capability
CAP_3781D860E07A,Capability,绕包带）的规模化生产技术,绕包带）的规模化生产技术,company-info_with_url.xlsx,Capability
CAP_CB8AD5F6716D,Capability,特别是基于浮动催化CVD法,特别是基于浮动催化cvd法,company-info_with_url.xlsx,Capability
CAP_EB0D025F91E6,Capability,使用甲烷气态碳源工业化制备碳纳米管薄膜与纤维的技术,使用甲烷气态碳源工业化制备碳纳米管薄膜与纤维的技术,company-info_with_url.xlsx,Capability
IND_988161D636E6,Industry,军工（航空航天,军工（航空航天,company-info_with_url.xlsx,Industry
IND_24112990B45D,Industry,单兵装备）,单兵装备）,company-info_with_url.xlsx,Industry
IND_7646ED44F503,Industry,民用（家纺,民用（家纺,company-info_with_url.xlsx,Industry
IND_EDCF5CAC52EE,Industry,生物医疗等）。,生物医疗等）。,company-info_with_url.xlsx,Industry
SCN_2F698F7D5254,Scenario,1. 加热领域：飞机尾翼除冰,1. 加热领域：飞机尾翼除冰,company-info_with_url.xlsx,Scenario
SCN_3546ECE21559,Scenario,单兵穿戴加热,单兵穿戴加热,company-info_with_url.xlsx,Scenario
SCN_E122A726A9BF,Scenario,家纺（衣服,家纺（衣服,company-info_with_url.xlsx,Scenario
SCN_E5A78303B0BE,Scenario,毛毯,毛毯,company-info_with_url.xlsx,Scenario
SCN_99DF07D74E76,Scenario,理疗产品）,理疗产品）,company-info_with_url.xlsx,Scenario
SCN_D091795C6ACC,Scenario,汽车（方向盘,汽车（方向盘,company-info_with_url.xlsx,Scenario
SCN_67101D6272D1,Scenario,座椅,座椅,company-info_with_url.xlsx,Scenario
SCN_3551E57EF8A7,Scenario,电池包）,电池包）,company-info_with_url.xlsx,Scenario
SCN_A80D4C079F7A,Scenario,工业（化工,工业（化工,company-info_with_url.xlsx,Scenario
SCN_B6D2E478D21E,Scenario,设备辅助,设备辅助,company-info_with_url.xlsx,Scenario
SCN_05B5E9717E0D,Scenario,烘干）。2. 电磁屏蔽领域：航空航天超轻通讯材料,烘干）。2. 电磁屏蔽领域：航空航天超轻通讯材料,company-info_with_url.xlsx,Scenario
SCN_D579DC764C9A,Scenario,航天卫星屏蔽材料,航天卫星屏蔽材料,company-info_with_url.xlsx,Scenario
SCN_D43815BD0E43,Scenario,防雷击材料,防雷击材料,company-info_with_url.xlsx,Scenario
SCN_7EBBF0247E15,Scenario,电子屏蔽,电子屏蔽,company-info_with_url.xlsx,Scenario
SCN_731D1DFBF82C,Scenario,防辐射服,防辐射服,company-info_with_url.xlsx,Scenario
SCN_B57E485D49EB,Scenario,孕妇服。3. 纤维应用：航空航天通讯材料,孕妇服。3. 纤维应用：航空航天通讯材料,company-info_with_url.xlsx,Scenario
SCN_D54AD2F5594D,Scenario,太空望远镜展翼材料,太空望远镜展翼材料,company-info_with_url.xlsx,Scenario
SCN_02725274B8B1,Scenario,深水设备材料,深水设备材料,company-info_with_url.xlsx,Scenario
SCN_681B487F2EC1,Scenario,防弹复合材料,防弹复合材料,company-info_with_url.xlsx,Scenario
SCN_BFBAEBB5ABB6,Scenario,特种绳缆,特种绳缆,company-info_with_url.xlsx,Scenario
SCN_BDCB68F603B3,Scenario,线缆,线缆,company-info_with_url.xlsx,Scenario
SCN_239C40DE3D5B,Scenario,民用无人机结构材料,民用无人机结构材料,company-info_with_url.xlsx,Scenario
SCN_FB02F51ED290,Scenario,柔性充电线缆等。,柔性充电线缆等。,company-info_with_url.xlsx,Scenario
CUS_CACE60CC8FF0,Customer,航空航天复合材料需求方,航空航天复合材料需求方,company-info_with_url.xlsx,Customer
CUS_686A51A83840,Customer,汽车轻量化需求方,汽车轻量化需求方,company-info_with_url.xlsx,Customer
CUS_A27C01C9C9C5,Customer,新能源电池需求方,新能源电池需求方,company-info_with_url.xlsx,Customer
SUP_E3E963AC7719,Supplier,碳纳米管,碳纳米管,company-info_with_url.xlsx,Supplier
SUP_4C373F8F6851,Supplier,石墨烯原材料供应商,石墨烯原材料供应商,company-info_with_url.xlsx,Supplier
PROD_FA5C57818163,Product,新型基因编辑工具,新型基因编辑工具,company-info_with_url.xlsx,Product
PROD_9067CCA59F17,Product,基因递送技术产品,基因递送技术产品,company-info_with_url.xlsx,Product
CAP_5065EBCFFACB,Capability,新型基因编辑工具酶及递送技术,新型基因编辑工具酶及递送技术,company-info_with_url.xlsx,Capability
CAP_5F0295DE5BB0,Capability,植物基因编辑技术,植物基因编辑技术,company-info_with_url.xlsx,Capability
CAP_CAF0917E7D3D,Capability,原生质体再生平台和递送平台,原生质体再生平台和递送平台,company-info_with_url.xlsx,Capability
IND_BECDE8631008,Industry,种业,种业,company-info_with_url.xlsx,Industry
SCN_C2B947B2910C,Scenario,植物设计,植物设计,company-info_with_url.xlsx,Scenario
SCN_E22A23B68350,Scenario,种质资源创制,种质资源创制,company-info_with_url.xlsx,Scenario
SCN_B253A8B61872,Scenario,作物改良（如小麦抗白粉病,作物改良（如小麦抗白粉病,company-info_with_url.xlsx,Scenario
SCN_41A16E985B39,Scenario,除草剂耐受小麦,除草剂耐受小麦,company-info_with_url.xlsx,Scenario
SCN_83478F642169,Scenario,高VC生菜,高vc生菜,company-info_with_url.xlsx,Scenario
SCN_2AD4217AFA7A,Scenario,不同含糖量草莓,不同含糖量草莓,company-info_with_url.xlsx,Scenario
SCN_13D6699AFCD7,Scenario,野生番茄快速驯化等）,野生番茄快速驯化等）,company-info_with_url.xlsx,Scenario
SUP_6D657A108D94,Supplier,AAV载体供应商,aav载体供应商,company-info_with_url.xlsx,Supplier
DEM_187C445308EA,DemandTag,A轮融资,a轮融资,company-info_with_url.xlsx,DemandTag
PROD_17B414A782E9,Product,CMC生物合成产品,cmc生物合成产品,company-info_with_url.xlsx,Product
CAP_E82DAFE25BA4,Capability,CMC生物合成技术（用于合成植物来源天然产物,cmc生物合成技术（用于合成植物来源天然产物,company-info_with_url.xlsx,Capability
CAP_0451B1C5F638,Capability,植物外泌体,植物外泌体,company-info_with_url.xlsx,Capability
CAP_3399992B7DCA,Capability,中药有效成分）,中药有效成分）,company-info_with_url.xlsx,Capability
CAP_FAE13B6F6F9D,Capability,植物干细胞技术,植物干细胞技术,company-info_with_url.xlsx,Capability
CAP_3473D11C5BC0,Capability,植物种质优化和保存技术,植物种质优化和保存技术,company-info_with_url.xlsx,Capability
IND_6E08CF0A93EA,Industry,生物医药（抗肿瘤药原料如喜树碱,生物医药（抗肿瘤药原料如喜树碱,company-info_with_url.xlsx,Industry
IND_D6174856356D,Industry,紫杉醇,紫杉醇,company-info_with_url.xlsx,Industry
IND_1F746B2D29C1,Industry,疫苗佐剂如QS-21,疫苗佐剂如qs-21,company-info_with_url.xlsx,Industry
IND_923A25F9CFF7,Industry,中药有效成分）,中药有效成分）,company-info_with_url.xlsx,Industry
IND_7C3B358A52DE,Industry,医美（植物外泌体）,医美（植物外泌体）,company-info_with_url.xlsx,Industry
IND_5A131B68ED3C,Industry,农业（种质优化,农业（种质优化,company-info_with_url.xlsx,Industry
IND_1ED75628EA91,Industry,如天然橡胶种植优化）,如天然橡胶种植优化）,company-info_with_url.xlsx,Industry
SCN_EE93603D675C,Scenario,生物合成替代植物提取获取高价值天然产物（如喜树碱,生物合成替代植物提取获取高价值天然产物（如喜树碱,company-info_with_url.xlsx,Scenario
SCN_6A80BA2274A1,Scenario,紫杉醇,紫杉醇,company-info_with_url.xlsx,Scenario
SCN_4D7927F643D6,Scenario,QS-21）,qs-21）,company-info_with_url.xlsx,Scenario
SCN_759128412C84,Scenario,生产植物外泌体用于护肤和医疗,生产植物外泌体用于护肤和医疗,company-info_with_url.xlsx,Scenario
SCN_E06AEF3ACF30,Scenario,合成中药标准有效成分,合成中药标准有效成分,company-info_with_url.xlsx,Scenario
SCN_36BF4C1E9E20,Scenario,提供植物种质资源优化和保藏服务,提供植物种质资源优化和保藏服务,company-info_with_url.xlsx,Scenario
SUP_529CE2BD222B,Supplier,生物芯片原材料供应商,生物芯片原材料供应商,company-info_with_url.xlsx,Supplier
SUP_64321386AFCE,Supplier,微流控芯片供应商,微流控芯片供应商,company-info_with_url.xlsx,Supplier
SUP_C0E6B992C115,Supplier,诊断试剂原材料供应商,诊断试剂原材料供应商,company-info_with_url.xlsx,Supplier
DEM_8B7A7B5E76B7,DemandTag,本轮投资（北京三期基金投资）,本轮投资（北京三期基金投资）,company-info_with_url.xlsx,DemandTag
DEM_9429D720C80E,DemandTag,属于早期融资阶段,属于早期融资阶段,company-info_with_url.xlsx,DemandTag
PROD_0E653F23E622,Product,瞬态光学与光子学,瞬态光学与光子学,company-info_with_url.xlsx,Product
PROD_B2418274420A,Product,空间光学遥感,空间光学遥感,company-info_with_url.xlsx,Product
PROD_3861ECFC3CD0,Product,干涉光谱成像,干涉光谱成像,company-info_with_url.xlsx,Product
PROD_F1643425065A,Product,光电信息等,光电信息等,company-info_with_url.xlsx,Product
CAP_868BBCDDE363,Capability,湿插拔光电复合连接器（应用于水下1600米深度,湿插拔光电复合连接器（应用于水下1600米深度,company-info_with_url.xlsx,Capability
CAP_AA8B88CBA4DD,Capability,已完成海试对接验证）,已完成海试对接验证）,company-info_with_url.xlsx,Capability
CAP_8E461EDF735F,Capability,基础光学,基础光学,company-info_with_url.xlsx,Capability
CAP_0C9DEC471EC8,Capability,空间光学,空间光学,company-info_with_url.xlsx,Capability
CAP_33CC37227DBD,Capability,光电工程技术,光电工程技术,company-info_with_url.xlsx,Capability
IND_943110B8FC7C,Industry,海洋工程（海底观测网,海洋工程（海底观测网,company-info_with_url.xlsx,Industry
IND_32A9AACBA4F9,Industry,深海实验站,深海实验站,company-info_with_url.xlsx,Industry
IND_CD25606E82EB,Industry,油气钻采平台）,油气钻采平台）,company-info_with_url.xlsx,Industry
IND_5462DE6EA50B,Industry,国防安全,国防安全,company-info_with_url.xlsx,Industry
IND_044F195C235F,Industry,水下无人平台（高速通信,水下无人平台（高速通信,company-info_with_url.xlsx,Industry
IND_D7F86033CBDF,Industry,充电）。,充电）。,company-info_with_url.xlsx,Industry
SCN_7CC0110D5026,Scenario,1,1,company-info_with_url.xlsx,Scenario
SCN_621705916DD1,Scenario,海底观测网模块化布放的关键节点连接,海底观测网模块化布放的关键节点连接,company-info_with_url.xlsx,Scenario
SCN_1C7E515E22E7,Scenario,2,2,company-info_with_url.xlsx,Scenario
SCN_EF919791574A,Scenario,深海实验站设备连接,深海实验站设备连接,company-info_with_url.xlsx,Scenario
SCN_F0D896EA2C45,Scenario,3,3,company-info_with_url.xlsx,Scenario
SCN_7FAD00E7EC7A,Scenario,油气钻采平台水下设备连接,油气钻采平台水下设备连接,company-info_with_url.xlsx,Scenario
SCN_75F11F74B4AC,Scenario,4,4,company-info_with_url.xlsx,Scenario
SCN_9F6D12CDCD57,Scenario,水下无人平台的高速通信与充电接口。,水下无人平台的高速通信与充电接口。,company-info_with_url.xlsx,Scenario
CUS_A4253C6FEA35,Customer,海底观测网建设与运营方,海底观测网建设与运营方,company-info_with_url.xlsx,Customer
CUS_FDE809688B51,Customer,海洋钻采平台,海洋钻采平台,company-info_with_url.xlsx,Customer
CUS_F5F8CC9FDED6,Customer,国家安全相关单位,国家安全相关单位,company-info_with_url.xlsx,Customer
DEM_C1984F4FEC2D,DemandTag,需要将“卡脖子”关键技术（如湿插拔连接器）进行大规模产业化所需的资金,需要将“卡脖子”关键技术（如湿插拔连接器）进行大规模产业化所需的资金,company-info_with_url.xlsx,DemandTag
DEM_D24E99588DDB,DemandTag,规模化生产管理经验,规模化生产管理经验,company-info_with_url.xlsx,DemandTag
DEM_AE3A11878F14,DemandTag,成熟的市场渠道和供应链资源。,成熟的市场渠道和供应链资源。,company-info_with_url.xlsx,DemandTag
PROD_90EBCAB7CBC5,Product,微型智能无人直升机,微型智能无人直升机,company-info_with_url.xlsx,Product
PROD_92237FDBF950,Product,低成本智能无人机,低成本智能无人机,company-info_with_url.xlsx,Product
PROD_8BD61D5A680F,Product,智能光电吊舱,智能光电吊舱,company-info_with_url.xlsx,Product
PROD_436D1C27E999,Product,智能无人集群系统,智能无人集群系统,company-info_with_url.xlsx,Product
PROD_6C6399077233,Product,智能任务计算单元等,智能任务计算单元等,company-info_with_url.xlsx,Product
CAP_F35D967B42D6,Capability,智能无人协同,智能无人协同,company-info_with_url.xlsx,Capability
CAP_A89E8B1130DB,Capability,人工智能计算,人工智能计算,company-info_with_url.xlsx,Capability
CAP_2F8F1D50DC71,Capability,多传感器融合,多传感器融合,company-info_with_url.xlsx,Capability
CAP_E05C3177F53E,Capability,智能无人机研发,智能无人机研发,company-info_with_url.xlsx,Capability
IND_6D3EF7BE10BC,Industry,人工智能应用场景,人工智能应用场景,company-info_with_url.xlsx,Industry
IND_CBF6ACE100F2,Industry,为机,为机,company-info_with_url.xlsx,Industry
IND_28597BC4856D,Industry,车,车,company-info_with_url.xlsx,Industry
IND_6768F7120063,Industry,艇等各类高科技装备提供解决方案。,艇等各类高科技装备提供解决方案。,company-info_with_url.xlsx,Industry
SCN_81B013BF248A,Scenario,智能无人机系统服务,智能无人机系统服务,company-info_with_url.xlsx,Scenario
SCN_CE03548B6188,Scenario,为高科技装备提供先进可靠,为高科技装备提供先进可靠,company-info_with_url.xlsx,Scenario
SCN_931E2133471A,Scenario,自主可控的个体,自主可控的个体,company-info_with_url.xlsx,Scenario
SCN_B685E152D27D,Scenario,群体智能化解决方案。,群体智能化解决方案。,company-info_with_url.xlsx,Scenario
DEM_4AA4D892FE81,DemandTag,暂无（信息不足）,暂无（信息不足）,company-info_with_url.xlsx,DemandTag
CAP_715D93578F9E,Capability,压力变送器系列（高频响,压力变送器系列（高频响,company-info_with_url.xlsx,Capability
CAP_86DBAB54524C,Capability,高精度,高精度,company-info_with_url.xlsx,Capability
CAP_8978A63DEF4D,Capability,高温,高温,company-info_with_url.xlsx,Capability
CAP_A3CA584A5369,Capability,小型,小型,company-info_with_url.xlsx,Capability
CAP_16E90836DA2D,Capability,微压）,微压）,company-info_with_url.xlsx,Capability
CAP_85D228148C2C,Capability,温压一体化变送器,温压一体化变送器,company-info_with_url.xlsx,Capability
CAP_F65CCD77F716,Capability,液位变送器,液位变送器,company-info_with_url.xlsx,Capability
CAP_F0D57B8DC5C8,Capability,依托6英寸高水平MEMS流片线实现芯片自主可控。,依托6英寸高水平mems流片线实现芯片自主可控。,company-info_with_url.xlsx,Capability
IND_7DDDD92E1B52,Industry,地面测试,地面测试,company-info_with_url.xlsx,Industry
IND_293827B873C0,Industry,液压系统,液压系统,company-info_with_url.xlsx,Industry
IND_341A3ABD3C99,Industry,矿山,矿山,company-info_with_url.xlsx,Industry
IND_B56472216D72,Industry,城市供排水,城市供排水,company-info_with_url.xlsx,Industry
IND_BA3D1194685B,Industry,冶金,冶金,company-info_with_url.xlsx,Industry
IND_1FE8DDBB0683,Industry,供热,供热,company-info_with_url.xlsx,Industry
IND_850575C68999,Industry,供水,供水,company-info_with_url.xlsx,Industry
IND_2C17EBB9DBE9,Industry,氢能及储能,氢能及储能,company-info_with_url.xlsx,Industry
IND_DC4E0FCED6A6,Industry,环境监测。,环境监测。,company-info_with_url.xlsx,Industry
SCN_431F6EAE1D54,Scenario,风洞实验,风洞实验,company-info_with_url.xlsx,Scenario
SCN_1FF3768D54C2,Scenario,计量院计量器具,计量院计量器具,company-info_with_url.xlsx,Scenario
SCN_E02E5C190D66,Scenario,氢能及储能研究,氢能及储能研究,company-info_with_url.xlsx,Scenario
SCN_39FC93B661B7,Scenario,航空发动机研究,航空发动机研究,company-info_with_url.xlsx,Scenario
SCN_657F47F63B62,Scenario,工程热物理研究,工程热物理研究,company-info_with_url.xlsx,Scenario
SCN_1B7AF4A50063,Scenario,燃气轮机,燃气轮机,company-info_with_url.xlsx,Scenario
SCN_86B7418A3A87,Scenario,船用发动机,船用发动机,company-info_with_url.xlsx,Scenario
SCN_E227AC15261F,Scenario,石油化工,石油化工,company-info_with_url.xlsx,Scenario
SCN_0486F18E1AE3,Scenario,矿山,矿山,company-info_with_url.xlsx,Scenario
SCN_92527541F057,Scenario,医药,医药,company-info_with_url.xlsx,Scenario
SCN_71C8E767D99B,Scenario,城市供排水,城市供排水,company-info_with_url.xlsx,Scenario
SCN_6B8E43BBEF1E,Scenario,冶金,冶金,company-info_with_url.xlsx,Scenario
SCN_CBC2FDD47A25,Scenario,电力,电力,company-info_with_url.xlsx,Scenario
SCN_27F691C8D418,Scenario,供热,供热,company-info_with_url.xlsx,Scenario
SCN_14A5220CD9E3,Scenario,供水。,供水。,company-info_with_url.xlsx,Scenario
DEM_4B7CC6F2A7E1,DemandTag,基于其已完成A轮融资及市场开拓阶段,基于其已完成a轮融资及市场开拓阶段,company-info_with_url.xlsx,DemandTag
DEM_E59988EBEDC6,DemandTag,产业资本或战略投资方的资源对接,产业资本或战略投资方的资源对接,company-info_with_url.xlsx,DemandTag
DEM_2EE4C4220BCF,DemandTag,高端人才（特别是销售与市场拓展）以及特定高壁垒行业的准入资质或合作伙伴。,高端人才（特别是销售与市场拓展）以及特定高壁垒行业的准入资质或合作伙伴。,company-info_with_url.xlsx,DemandTag
PROD_DC5364B24AE2,Product,轮臂式机器人及灵巧手,轮臂式机器人及灵巧手,company-info_with_url.xlsx,Product
PROD_ECD21088DDB4,Product,构建从本体到末端的完整产品体系,构建从本体到末端的完整产品体系,company-info_with_url.xlsx,Product
CAP_6B7A5545E05C,Capability,专注于通用人形机器人与具身智能技术,专注于通用人形机器人与具身智能技术,company-info_with_url.xlsx,Capability
IND_1B71CB5B0D31,Industry,商业服务,商业服务,company-info_with_url.xlsx,Industry
IND_1A87961BF6B6,Industry,工业制造,工业制造,company-info_with_url.xlsx,Industry
IND_D666EE144657,Industry,井下能源等。,井下能源等。,company-info_with_url.xlsx,Industry
SCN_EE374A9C6285,Scenario,旨在替代人类执行高风险,旨在替代人类执行高风险,company-info_with_url.xlsx,Scenario
SCN_A602C1783C32,Scenario,高强度以及单调重复工作的场景,高强度以及单调重复工作的场景,company-info_with_url.xlsx,Scenario
SCN_8CDC420D22CB,Scenario,具体落地场景信息不足。,具体落地场景信息不足。,company-info_with_url.xlsx,Scenario
DEM_FBFCDD4C572A,DemandTag,资金（持续研发投入）,资金（持续研发投入）,company-info_with_url.xlsx,DemandTag
DEM_2B43F60C96CE,DemandTag,产业合作伙伴（拓展应用场景）,产业合作伙伴（拓展应用场景）,company-info_with_url.xlsx,DemandTag
DEM_B9F9E932CDF3,DemandTag,市场渠道及高端研发人才。,市场渠道及高端研发人才。,company-info_with_url.xlsx,DemandTag
PROD_58835C949C91,Product,AI服务器液冷监控系统（解热能力4000W）,ai服务器液冷监控系统（解热能力4000w）,company-info_with_url.xlsx,Product
PROD_9D6E947CDE48,Product,电竞笔电风冷散热方案（解热能力300W）,电竞笔电风冷散热方案（解热能力300w）,company-info_with_url.xlsx,Product
PROD_EE2827BF5A38,Product,高效能超充电桩液冷散热方案（散热瓦数1000W+）,高效能超充电桩液冷散热方案（散热瓦数1000w+）,company-info_with_url.xlsx,Product
PROD_D8309FB6A335,Product,高效充电桩风冷散热方案（散热瓦数500W-1000W）,高效充电桩风冷散热方案（散热瓦数500w-1000w）,company-info_with_url.xlsx,Product
PROD_B4DEB83C5F39,Product,光伏逆变器风冷散热方案（散热瓦数30W-300W）,光伏逆变器风冷散热方案（散热瓦数30w-300w）,company-info_with_url.xlsx,Product
CAP_DC19B04EFA2C,Capability,风冷,风冷,company-info_with_url.xlsx,Capability
CAP_636AE267E2ED,Capability,液冷散热解决方案,液冷散热解决方案,company-info_with_url.xlsx,Capability
CAP_C96F1A91BE24,Capability,电子材料研发+散热技术应用,电子材料研发+散热技术应用,company-info_with_url.xlsx,Capability
IND_1E8824D23AF5,Industry,AI服务器,ai服务器,company-info_with_url.xlsx,Industry
IND_F2FF715A7A90,Industry,网通,网通,company-info_with_url.xlsx,Industry
IND_719AE5661BE1,Industry,消费性,消费性,company-info_with_url.xlsx,Industry
IND_A4DB0574F0A5,Industry,便携式产品,便携式产品,company-info_with_url.xlsx,Industry
IND_BB940ED7C76A,Industry,车用,车用,company-info_with_url.xlsx,Industry
IND_5ED26684BE7A,Industry,新能源产品（如充电桩,新能源产品（如充电桩,company-info_with_url.xlsx,Industry
IND_7E2EBBC67B0C,Industry,光伏逆变器）,光伏逆变器）,company-info_with_url.xlsx,Industry
IND_1D43E3F3EC9F,Industry,电竞笔电。,电竞笔电。,company-info_with_url.xlsx,Industry
SCN_09F2A2ABEC9B,Scenario,AI服务器散热,ai服务器散热,company-info_with_url.xlsx,Scenario
SCN_E72458241914,Scenario,电竞笔记本电脑散热,电竞笔记本电脑散热,company-info_with_url.xlsx,Scenario
SCN_EB148C0CF393,Scenario,高效能超充电桩散热,高效能超充电桩散热,company-info_with_url.xlsx,Scenario
SCN_C61B10153DBB,Scenario,高效充电桩散热,高效充电桩散热,company-info_with_url.xlsx,Scenario
SCN_978B2C9EAEDD,Scenario,光伏逆变器散热。,光伏逆变器散热。,company-info_with_url.xlsx,Scenario
DEM_022FE2FD1046,DemandTag,客户资源,客户资源,company-info_with_url.xlsx,DemandTag
DEM_7BD6E08B3F68,DemandTag,品牌知名度,品牌知名度,company-info_with_url.xlsx,DemandTag
DEM_BC73F0CF6ACC,DemandTag,资金（用于研发和市场拓展）。,资金（用于研发和市场拓展）。,company-info_with_url.xlsx,DemandTag
CAP_D986DCAA6521,Capability,从事智能科技,从事智能科技,company-info_with_url.xlsx,Capability
CAP_0ACAB0F4544C,Capability,集成电路科技,集成电路科技,company-info_with_url.xlsx,Capability
CAP_318873077B46,Capability,计算机科技领域内的技术开发,计算机科技领域内的技术开发,company-info_with_url.xlsx,Capability
CAP_A86037E2C026,Capability,技术咨询,技术咨询,company-info_with_url.xlsx,Capability
CAP_0A99216D8309,Capability,技术服务,技术服务,company-info_with_url.xlsx,Capability
CAP_B70B3C2D7EE7,Capability,技术转让,技术转让,company-info_with_url.xlsx,Capability
CAP_83FFC647B18F,Capability,集成电路芯片设计服务,集成电路芯片设计服务,company-info_with_url.xlsx,Capability
CAP_08DB841D7529,Capability,数据处理服务,数据处理服务,company-info_with_url.xlsx,Capability
CAP_6EC648459615,Capability,新兴软件及服务。拥有多项图像处理,新兴软件及服务。拥有多项图像处理,company-info_with_url.xlsx,Capability
CAP_3629B1D48F6F,Capability,智能锁等相关专利。,智能锁等相关专利。,company-info_with_url.xlsx,Capability
IND_DCA42F40BA7D,Industry,智能科技,智能科技,company-info_with_url.xlsx,Industry
IND_C3E66B299EF6,Industry,计算机科技,计算机科技,company-info_with_url.xlsx,Industry
IND_915769B4DDB2,Industry,智能制造。,智能制造。,company-info_with_url.xlsx,Industry
SCN_E2B9131D4B43,Scenario,图像处理,图像处理,company-info_with_url.xlsx,Scenario
SCN_430DBDD8179C,Scenario,人脸识别,人脸识别,company-info_with_url.xlsx,Scenario
SCN_86D50654244C,Scenario,智能锁,智能锁,company-info_with_url.xlsx,Scenario
SCN_D359F4A3B613,Scenario,视频流处理,视频流处理,company-info_with_url.xlsx,Scenario
SCN_9F1A76D17402,Scenario,相机成像补光等。,相机成像补光等。,company-info_with_url.xlsx,Scenario
CAP_F7C79D1AE404,Capability,大型低温制冷技术（20K以下）,大型低温制冷技术（20k以下）,company-info_with_url.xlsx,Capability
CAP_C898CFB49466,Capability,液氢,液氢,company-info_with_url.xlsx,Capability
CAP_EFFAF072B038,Capability,液氦低温制冷装备,液氦低温制冷装备,company-info_with_url.xlsx,Capability
CAP_54015E1B31D8,Capability,氢氦制冷机,氢氦制冷机,company-info_with_url.xlsx,Capability
CAP_ABA3EE63D072,Capability,液化装置,液化装置,company-info_with_url.xlsx,Capability
CAP_8DED34BC2D4B,Capability,BOG低温提氦装置,bog低温提氦装置,company-info_with_url.xlsx,Capability
CAP_7C4E6B66F163,Capability,稀有气体精制装置,稀有气体精制装置,company-info_with_url.xlsx,Capability
CAP_8B8113E8318F,Capability,大型氢液化设备（100%国产化,大型氢液化设备（100%国产化,company-info_with_url.xlsx,Capability
CAP_6974BE52434B,Capability,液化能力5吨,液化能力5吨,company-info_with_url.xlsx,Capability
CAP_110852A9991D,Capability,天）,天）,company-info_with_url.xlsx,Capability
IND_40C358B493E8,Industry,双碳,双碳,company-info_with_url.xlsx,Industry
IND_B3C64B35DDD1,Industry,智能制造等行业。具体应用于氢能供给和储运,智能制造等行业。具体应用于氢能供给和储运,company-info_with_url.xlsx,Industry
IND_4A54A2109D87,Industry,工业气体和电子特气,工业气体和电子特气,company-info_with_url.xlsx,Industry
IND_D42A4816DE75,Industry,低温装备及配套产品。,低温装备及配套产品。,company-info_with_url.xlsx,Industry
SCN_BD26BE343321,Scenario,1. 战略气体资源（如氦气）的提取,1. 战略气体资源（如氦气）的提取,company-info_with_url.xlsx,Scenario
SCN_FEB36D934CAA,Scenario,纯化与液化,纯化与液化,company-info_with_url.xlsx,Scenario
SCN_130840407337,Scenario,保障大科学和国防安全。2. 氢能源市场的氢液化,保障大科学和国防安全。2. 氢能源市场的氢液化,company-info_with_url.xlsx,Scenario
SCN_FACF677B1AEA,Scenario,储运与供给。3. 为工业领域提供液体氧氮氩,储运与供给。3. 为工业领域提供液体氧氮氩,company-info_with_url.xlsx,Scenario
SCN_2F8F488D4C3B,Scenario,高纯氢气与稀有气体等气体应用一体化工程解决方案。,高纯氢气与稀有气体等气体应用一体化工程解决方案。,company-info_with_url.xlsx,Scenario
DEM_5495192B3E74,DemandTag,根据其刚完成C轮融资（8亿元）的情况判断,根据其刚完成c轮融资（8亿元）的情况判断,company-info_with_url.xlsx,DemandTag
DEM_7B43DDBD6A3C,DemandTag,当前可能最需要市场拓展资源,当前可能最需要市场拓展资源,company-info_with_url.xlsx,DemandTag
DEM_80BB9478A178,DemandTag,产业链合作资源以及规模化生产所需的资本支持,产业链合作资源以及规模化生产所需的资本支持,company-info_with_url.xlsx,DemandTag
DEM_A6D4251C40EA,DemandTag,以抓住氢能等市场机遇。,以抓住氢能等市场机遇。,company-info_with_url.xlsx,DemandTag
PROD_BC3B2ABCF512,Product,碳纳米管宏观体材料（纤维,碳纳米管宏观体材料（纤维,company-info_with_url.xlsx,Product
PROD_56761CDA1C8F,Product,气凝胶）的批量化制备,气凝胶）的批量化制备,company-info_with_url.xlsx,Product
PROD_63AF81B37D4F,Product,屏蔽绕包带。,屏蔽绕包带。,company-info_with_url.xlsx,Product
IND_DECCEEBC3535,Industry,汽车工业（内饰加热,汽车工业（内饰加热,company-info_with_url.xlsx,Industry
IND_CBB64DCF729F,Industry,电池包加热）,电池包加热）,company-info_with_url.xlsx,Industry
IND_CF5633709D02,Industry,工业制造（电线屏蔽层,工业制造（电线屏蔽层,company-info_with_url.xlsx,Industry
IND_09F25D5F398A,Industry,管道伴热,管道伴热,company-info_with_url.xlsx,Industry
IND_11CF5B8ED7D9,Industry,防除冰）,防除冰）,company-info_with_url.xlsx,Industry
IND_BA2CDA67DB18,Industry,军工（电磁屏蔽,军工（电磁屏蔽,company-info_with_url.xlsx,Industry
IND_E6C33FF55E68,Industry,红外隐身,红外隐身,company-info_with_url.xlsx,Industry
IND_16429045B846,Industry,电磁加热）,电磁加热）,company-info_with_url.xlsx,Industry
IND_57D3DE4B2150,Industry,能源（电池集流体,能源（电池集流体,company-info_with_url.xlsx,Industry
IND_B8C6AE69ED7B,Industry,超级电容）,超级电容）,company-info_with_url.xlsx,Industry
IND_B98286314F81,Industry,电子（铜基导电浆料,电子（铜基导电浆料,company-info_with_url.xlsx,Industry
IND_2E967F7D0D51,Industry,3D打印铜,3d打印铜,company-info_with_url.xlsx,Industry
IND_E1ACE0C97841,Industry,集成电路封装材料,集成电路封装材料,company-info_with_url.xlsx,Industry
IND_311492579895,Industry,连接器,连接器,company-info_with_url.xlsx,Industry
IND_9756996939BF,Industry,铁路接触线,铁路接触线,company-info_with_url.xlsx,Industry
IND_E034E1B240F9,Industry,电机）。,电机）。,company-info_with_url.xlsx,Industry
SCN_AEAAB2C2C1D6,Scenario,车用内饰及电池加热,车用内饰及电池加热,company-info_with_url.xlsx,Scenario
SCN_6D104741AF90,Scenario,工业管道伴热与电线屏蔽,工业管道伴热与电线屏蔽,company-info_with_url.xlsx,Scenario
SCN_965AF43BA488,Scenario,军用电磁屏蔽与隐身,军用电磁屏蔽与隐身,company-info_with_url.xlsx,Scenario
SCN_BAC90C833C71,Scenario,电池集流体,电池集流体,company-info_with_url.xlsx,Scenario
SCN_BC661185EE24,Scenario,太阳能电池用铜基导电浆料,太阳能电池用铜基导电浆料,company-info_with_url.xlsx,Scenario
SCN_6912C1450F6C,Scenario,航空航天部件3D打印,航空航天部件3d打印,company-info_with_url.xlsx,Scenario
SCN_D035C349F746,Scenario,集成电路封装,集成电路封装,company-info_with_url.xlsx,Scenario
SCN_72C9369E0945,Scenario,铁路接触线等。,铁路接触线等。,company-info_with_url.xlsx,Scenario
CUS_D3E90F61259B,Customer,零星服装,零星服装,company-info_with_url.xlsx,Customer
CUS_7632AD35393B,Customer,家居,家居,company-info_with_url.xlsx,Customer
CUS_8EF249A5C607,Customer,理疗领域客户,理疗领域客户,company-info_with_url.xlsx,Customer
CUS_0083EDAC0305,Customer,与一汽商用汽车在座椅加热领域展开研究合作,与一汽商用汽车在座椅加热领域展开研究合作,company-info_with_url.xlsx,Customer
CUS_C623409B4905,Customer,与国内重点高校研究所开展批量试验合作,与国内重点高校研究所开展批量试验合作,company-info_with_url.xlsx,Customer
CUS_8F64D5FDACE1,Customer,与国网公司开展结构件性能验证合作。,与国网公司开展结构件性能验证合作。,company-info_with_url.xlsx,Customer
DEM_F9E78C552777,DemandTag,大规模商业化订单和市场渠道拓展资源,大规模商业化订单和市场渠道拓展资源,company-info_with_url.xlsx,DemandTag
DEM_E0D62EB076D3,DemandTag,可能还需要进一步的生产资金或产业链上下游合作资源以扩大产能和应用领域。,可能还需要进一步的生产资金或产业链上下游合作资源以扩大产能和应用领域。,company-info_with_url.xlsx,DemandTag
PROD_B01B05045C7C,Product,短波信号频谱监测平台,短波信号频谱监测平台,company-info_with_url.xlsx,Product
PROD_7F4946D951F0,Product,“白头翁”信号分析工具软件,“白头翁”信号分析工具软件,company-info_with_url.xlsx,Product
PROD_9E76ED3BA118,Product,电子侦控平台,电子侦控平台,company-info_with_url.xlsx,Product
PROD_5F86A850B8D9,Product,手机信号处理平台,手机信号处理平台,company-info_with_url.xlsx,Product
PROD_85FF901948CD,Product,特种电子训练平台等。,特种电子训练平台等。,company-info_with_url.xlsx,Product
IND_B1FD0375027D,Industry,信息传输,信息传输,company-info_with_url.xlsx,Industry
IND_AA49062E4C30,Industry,软件和信息技术服务业,软件和信息技术服务业,company-info_with_url.xlsx,Industry
PROD_1803DC4F995E,Product,包括纽扣式电池,包括纽扣式电池,company-info_with_url.xlsx,Product
CAP_73A6CF109E6E,Capability,采用自主开发的锂金属电极界面控制技术以及独特的电解质技术。,采用自主开发的锂金属电极界面控制技术以及独特的电解质技术。,company-info_with_url.xlsx,Capability
IND_984EB97200CD,Industry,消费电子（如纽扣电池应用）。,消费电子（如纽扣电池应用）。,company-info_with_url.xlsx,Industry
SCN_89AD9C672FB6,Scenario,电动汽车动力电池,电动汽车动力电池,company-info_with_url.xlsx,Scenario
SCN_3A24E85BA839,Scenario,消费电子设备电池,消费电子设备电池,company-info_with_url.xlsx,Scenario
SCN_3107F24EAB95,Scenario,储能系统。,储能系统。,company-info_with_url.xlsx,Scenario
DEM_295B79D2BA12,DemandTag,资金（用于固态电池研发,资金（用于固态电池研发,company-info_with_url.xlsx,DemandTag
DEM_96A02D401FF5,DemandTag,市场拓展及产能建设）,市场拓展及产能建设）,company-info_with_url.xlsx,DemandTag
DEM_BFD854936EBB,DemandTag,产业链合作伙伴（材料,产业链合作伙伴（材料,company-info_with_url.xlsx,DemandTag
DEM_0C1131E2A115,DemandTag,设备,设备,company-info_with_url.xlsx,DemandTag
DEM_0EAD79728D7F,DemandTag,整车厂）,整车厂）,company-info_with_url.xlsx,DemandTag
DEM_7E806A672D9B,DemandTag,技术人才及规模化生产经验。,技术人才及规模化生产经验。,company-info_with_url.xlsx,DemandTag
PROD_467C0FB427A5,Product,包括：1）3D Chiplet通用底座（高算力芯片平台）,包括：1）3d chiplet通用底座（高算力芯片平台）,company-info_with_url.xlsx,Product
PROD_D36AD036F144,Product,2）高速连接芯粒及IP（实现超高速多维互联）,2）高速连接芯粒及ip（实现超高速多维互联）,company-info_with_url.xlsx,Product
PROD_6B5AADB13068,Product,3）专用设计工具（助力Chiplet系统设计）,3）专用设计工具（助力chiplet系统设计）,company-info_with_url.xlsx,Product
CAP_DA35F904BAF1,Capability,量产封测）。,量产封测）。,company-info_with_url.xlsx,Capability
CUS_C44F8B93A006,Customer,国产fabless,国产fabless,company-info_with_url.xlsx,Customer
CUS_F1D46B9BD71A,Customer,GPU,gpu,company-info_with_url.xlsx,Customer
CUS_8437BD733533,Customer,CPU厂商,cpu厂商,company-info_with_url.xlsx,Customer
CAP_9E1CDAEB8DDA,Capability,基于Hybrid Vision®融合视觉技术的ALPIX系列融合视觉传感芯片（如ALPIX-Pizol,基于hybrid vision®融合视觉技术的alpix系列融合视觉传感芯片（如alpix-pizol,company-info_with_url.xlsx,Capability
CAP_0C5FDA727350,Capability,ALPIX-Eiger,alpix-eiger,company-info_with_url.xlsx,Capability
CAP_B79FD5CE7439,Capability,ALPIX-Titlis等）,alpix-titlis等）,company-info_with_url.xlsx,Capability
CAP_BE2EA32FCFB8,Capability,同一芯片可同时输出高质量图像数据和事件流。,同一芯片可同时输出高质量图像数据和事件流。,company-info_with_url.xlsx,Capability
IND_CE63E55C3484,Industry,智能安防,智能安防,company-info_with_url.xlsx,Industry
IND_438F4C5D73EE,Industry,PC,pc,company-info_with_url.xlsx,Industry
IND_DEE9B9EB7A23,Industry,IoT等。,iot等。,company-info_with_url.xlsx,Industry
SCN_97F72549783E,Scenario,1. 芯片销售：应用于智能手机,1. 芯片销售：应用于智能手机,company-info_with_url.xlsx,Scenario
SCN_4CC08F348086,Scenario,安防领域。2. 模组销售：提供基于ALPIX芯片的摄像头模组,安防领域。2. 模组销售：提供基于alpix芯片的摄像头模组,company-info_with_url.xlsx,Scenario
SCN_AD7B3580923A,Scenario,应用于智能家居,应用于智能家居,company-info_with_url.xlsx,Scenario
SCN_345874807045,Scenario,PC,pc,company-info_with_url.xlsx,Scenario
SCN_7E3057C089EC,Scenario,智能汽车等。具体场景包括：毫秒级障碍感知（EVS）,智能汽车等。具体场景包括：毫秒级障碍感知（evs）,company-info_with_url.xlsx,Scenario
SCN_36561AE667BD,Scenario,全天候环境理解（HVS）,全天候环境理解（hvs）,company-info_with_url.xlsx,Scenario
SCN_B6B7CB7C5A7F,Scenario,影像增强,影像增强,company-info_with_url.xlsx,Scenario
SCN_981B5AAF1460,Scenario,AI-ISP,ai-isp,company-info_with_url.xlsx,Scenario
SCN_19B7D0BC70CC,Scenario,视频去模糊,视频去模糊,company-info_with_url.xlsx,Scenario
SCN_77EBA556C05B,Scenario,插帧,插帧,company-info_with_url.xlsx,Scenario
SCN_7FA858097CCA,Scenario,自动驾驶视觉,自动驾驶视觉,company-info_with_url.xlsx,Scenario
SCN_445E286E1831,Scenario,无人机避障,无人机避障,company-info_with_url.xlsx,Scenario
SCN_D440334883C2,Scenario,快速生产线AOI等。,快速生产线aoi等。,company-info_with_url.xlsx,Scenario
DEM_B0334755E457,DemandTag,根据其完成B+轮融资的信息,根据其完成b+轮融资的信息,company-info_with_url.xlsx,DemandTag
DEM_D4D7F3A37B81,DemandTag,资金将主要用于核心技术的持续研发,资金将主要用于核心技术的持续研发,company-info_with_url.xlsx,DemandTag
DEM_C36FD7D64C6E,DemandTag,产品迭代及市场拓展。,产品迭代及市场拓展。,company-info_with_url.xlsx,DemandTag
CAP_BB979B90E90A,Capability,水性烤漆树脂,水性烤漆树脂,company-info_with_url.xlsx,Capability
CAP_97552207624A,Capability,水性丙烯酸改性醇酸树脂,水性丙烯酸改性醇酸树脂,company-info_with_url.xlsx,Capability
CAP_97643C5A9C8E,Capability,水性环氧酯树脂,水性环氧酯树脂,company-info_with_url.xlsx,Capability
CAP_D67B6660699D,Capability,水性环氧树脂,水性环氧树脂,company-info_with_url.xlsx,Capability
CAP_F85BE129D667,Capability,水性助剂,水性助剂,company-info_with_url.xlsx,Capability
CAP_24D361A7736C,Capability,水性环氧固化剂,水性环氧固化剂,company-info_with_url.xlsx,Capability
IND_4D1D611283C9,Industry,涂料行业,涂料行业,company-info_with_url.xlsx,Industry
IND_868BF19CAD93,Industry,特别是工业防腐涂料,特别是工业防腐涂料,company-info_with_url.xlsx,Industry
IND_473B22E705B1,Industry,钢结构涂料领域,钢结构涂料领域,company-info_with_url.xlsx,Industry
SCN_493E70BD47CF,Scenario,钢结构防腐,钢结构防腐,company-info_with_url.xlsx,Scenario
SCN_731FB6E199D9,Scenario,工业建筑防护等领域的涂料涂装,工业建筑防护等领域的涂料涂装,company-info_with_url.xlsx,Scenario
DEM_253BA780B8BF,DemandTag,资金支持（根据天眼查信息,资金支持（根据天眼查信息,company-info_with_url.xlsx,DemandTag
DEM_0592943256E4,DemandTag,公司处于A轮融资阶段）,公司处于a轮融资阶段）,company-info_with_url.xlsx,DemandTag
DEM_7A59D491E630,DemandTag,技术研发人才,技术研发人才,company-info_with_url.xlsx,DemandTag
CAP_B268D9F2A53C,Capability,存算一体AI推理芯片,存算一体ai推理芯片,company-info_with_url.xlsx,Capability
CAP_52B9FD8BEB42,Capability,采用存算一体超异构架构,采用存算一体超异构架构,company-info_with_url.xlsx,Capability
CAP_2F06151D0B89,Capability,结合新型存储器（如ReRAM）与Chiplet架构,结合新型存储器（如reram）与chiplet架构,company-info_with_url.xlsx,Capability
CAP_9400C217BA07,Capability,通过全数字化芯片设计,通过全数字化芯片设计,company-info_with_url.xlsx,Capability
CAP_D2561589FF79,Capability,实现高能效比,实现高能效比,company-info_with_url.xlsx,Capability
CAP_72D37D474E5A,Capability,大算力的AI大算力芯片。已成功回片点亮首颗高精度,大算力的ai大算力芯片。已成功回片点亮首颗高精度,company-info_with_url.xlsx,Capability
CAP_A0FF802B7EC1,Capability,低功耗存算一体AI大算力POC芯片。,低功耗存算一体ai大算力poc芯片。,company-info_with_url.xlsx,Capability
CUS_5B10E8A26B1D,Customer,暂无明确公开信息,暂无明确公开信息,company-info_with_url.xlsx,Customer
SUP_E1CF36DCC95A,Supplier,通过第三方合作支持不同等级自动驾驶算力需求的系列芯片,通过第三方合作支持不同等级自动驾驶算力需求的系列芯片,company-info_with_url.xlsx,Supplier
PROD_AC1095AE5185,Product,卷绕式磁控溅射制备柔性纳米功能薄膜技术,卷绕式磁控溅射制备柔性纳米功能薄膜技术,company-info_with_url.xlsx,Product
PROD_EA223CF3BEAE,Product,纳米复合柔性透明导电膜（包括光学调控层,纳米复合柔性透明导电膜（包括光学调控层,company-info_with_url.xlsx,Product
PROD_6A2AF52F678F,Product,导电主体层及表面功能层的多层复合结构）,导电主体层及表面功能层的多层复合结构）,company-info_with_url.xlsx,Product
PROD_B101671A765B,Product,磁控溅射靶材技术,磁控溅射靶材技术,company-info_with_url.xlsx,Product
PROD_BB3901E8F761,Product,卷绕式磁控溅射量产线设计,卷绕式磁控溅射量产线设计,company-info_with_url.xlsx,Product
PROD_B06FC0A3FA9D,Product,柔性纳米功能器件技术,柔性纳米功能器件技术,company-info_with_url.xlsx,Product
CAP_78120318AB5E,Capability,百兆瓦级先进压缩空气储能系统,百兆瓦级先进压缩空气储能系统,company-info_with_url.xlsx,Capability
CAP_58EC1A6812BF,Capability,包括1.5MW,包括1.5mw,company-info_with_url.xlsx,Capability
CAP_0CB8FA4BC1FF,Capability,10MW及100MW先进压缩空气储能示范系统。核心产品是大规模新型压缩空气储能系统。,10mw及100mw先进压缩空气储能示范系统。核心产品是大规模新型压缩空气储能系统。,company-info_with_url.xlsx,Capability
IND_19807E68C668,Industry,电力储能行业,电力储能行业,company-info_with_url.xlsx,Industry
IND_E80F4ABF6EDB,Industry,特别是大规模电网侧储能。,特别是大规模电网侧储能。,company-info_with_url.xlsx,Industry
SCN_EFB03B2A7A54,Scenario,大规模电网侧储能,大规模电网侧储能,company-info_with_url.xlsx,Scenario
SCN_89D5FC04F949,Scenario,用于电力系统调峰,用于电力系统调峰,company-info_with_url.xlsx,Scenario
SCN_297FFA4288FB,Scenario,调频,调频,company-info_with_url.xlsx,Scenario
SCN_CD1914153675,Scenario,可再生能源消纳等。,可再生能源消纳等。,company-info_with_url.xlsx,Scenario
DEM_124F33192516,DemandTag,资金（用于项目扩张）。根据融资历史,资金（用于项目扩张）。根据融资历史,company-info_with_url.xlsx,DemandTag
DEM_0808595AEA69,DemandTag,公司持续进行大规模融资用于技术研发和项目落地。,公司持续进行大规模融资用于技术研发和项目落地。,company-info_with_url.xlsx,DemandTag
CAP_7D790F67D488,Capability,能量块(eBlock),能量块(eblock),company-info_with_url.xlsx,Capability
CAP_DC8F9DBBCFD2,Capability,能量链(eLink),能量链(elink),company-info_with_url.xlsx,Capability
CAP_54473BA44E49,Capability,能量云(eMind)三大核心产品构成的3e分布式能量块储能系统方案,能量云(emind)三大核心产品构成的3e分布式能量块储能系统方案,company-info_with_url.xlsx,Capability
CAP_EE1C705A1C22,Capability,能量管理系统软件(EMS)的研发与集成技术。,能量管理系统软件(ems)的研发与集成技术。,company-info_with_url.xlsx,Capability
CAP_D30636D2BC5F,Capability,专注用前沿科技及大数据分析为行业提供专业生态数据服务和综合解决方案,专注用前沿科技及大数据分析为行业提供专业生态数据服务和综合解决方案,company-info_with_url.xlsx,Capability
IND_2DE9397EC7FA,Industry,生物多样性保护研究,生物多样性保护研究,company-info_with_url.xlsx,Industry
IND_08580C6D1DF0,Industry,自然生态保护,自然生态保护,company-info_with_url.xlsx,Industry
SCN_B658C731BBC2,Scenario,为生物多样性保护研究领域提供生态数据服务和解决方案,为生物多样性保护研究领域提供生态数据服务和解决方案,company-info_with_url.xlsx,Scenario
CAP_8E94D0429AB2,Capability,半导体激光芯片,半导体激光芯片,company-info_with_url.xlsx,Capability
CAP_0C3DB73E38C0,Capability,高功率半导体激光器,高功率半导体激光器,company-info_with_url.xlsx,Capability
CAP_BA112616D21A,Capability,8XX系列,8xx系列,company-info_with_url.xlsx,Capability
CAP_04E567FE0E9B,Capability,9XX系列,9xx系列,company-info_with_url.xlsx,Capability
CAP_D2B2CDB57648,Capability,650nm红光系列,650nm红光系列,company-info_with_url.xlsx,Capability
IND_7E97DFCAEC1D,Industry,电气电子,电气电子,company-info_with_url.xlsx,Industry
SCN_3620DF6BA5B6,Scenario,高功率半导体激光器,高功率半导体激光器,company-info_with_url.xlsx,Scenario
SCN_58947F5AB47E,Scenario,光电子材料与器件,光电子材料与器件,company-info_with_url.xlsx,Scenario
CAP_FDFD54FC2D06,Capability,超导腔等高端装备核心部件的精密加工解决方案,超导腔等高端装备核心部件的精密加工解决方案,company-info_with_url.xlsx,Capability
CAP_9461A31A011E,Capability,具体包括超导腔加工（涉及微小零件冲压,具体包括超导腔加工（涉及微小零件冲压,company-info_with_url.xlsx,Capability
CAP_5360F5E5D757,Capability,机加,机加,company-info_with_url.xlsx,Capability
CAP_983B1107D879,Capability,矫形,矫形,company-info_with_url.xlsx,Capability
CAP_0D9FC29E99AF,Capability,电子束焊接,电子束焊接,company-info_with_url.xlsx,Capability
CAP_E02D26078A66,Capability,纳米级表面处理）以及基于特种焊接优势的高端零部件数控精密机加,纳米级表面处理）以及基于特种焊接优势的高端零部件数控精密机加,company-info_with_url.xlsx,Capability
CAP_2DE791584498,Capability,特种工艺处理,特种工艺处理,company-info_with_url.xlsx,Capability
CAP_BF53DCC707FD,Capability,部组件装配全流程业务。,部组件装配全流程业务。,company-info_with_url.xlsx,Capability
IND_64DB82E293C3,Industry,大科学装置（如粒子加速器）,大科学装置（如粒子加速器）,company-info_with_url.xlsx,Industry
IND_532DF5528C09,Industry,核能（小型反应堆）,核能（小型反应堆）,company-info_with_url.xlsx,Industry
IND_CE415D99EF9D,Industry,科研院所及制造企业的高难度焊接与精密加工领域。,科研院所及制造企业的高难度焊接与精密加工领域。,company-info_with_url.xlsx,Industry
SCN_6D7DAC88C318,Scenario,1. 超导腔制造：用于粒子加速器等大科学装置的核心部件。2. 高端零部件精密加工：服务于需要高精度,1. 超导腔制造：用于粒子加速器等大科学装置的核心部件。2. 高端零部件精密加工：服务于需要高精度,company-info_with_url.xlsx,Scenario
SCN_320A438EFCBA,Scenario,特种焊接及复杂工艺的装备制造领域。,特种焊接及复杂工艺的装备制造领域。,company-info_with_url.xlsx,Scenario
DEM_EF953CCDC36F,DemandTag,资金用于扩建超导加速腔生产产能并推动小型反应堆壳体等新业务（据Pre-A轮融资用途）。同时,资金用于扩建超导加速腔生产产能并推动小型反应堆壳体等新业务（据pre-a轮融资用途）。同时,company-info_with_url.xlsx,DemandTag
DEM_F9BF0A0FA080,DemandTag,需要市场拓展资源,需要市场拓展资源,company-info_with_url.xlsx,DemandTag
DEM_682426253620,DemandTag,规模化生产管理经验及可能的新领域（如核能）客户资源。,规模化生产管理经验及可能的新领域（如核能）客户资源。,company-info_with_url.xlsx,DemandTag
CAP_44E687D8D399,Capability,垂直腔面发射激光器（VCSEL）芯片,垂直腔面发射激光器（vcsel）芯片,company-info_with_url.xlsx,Capability
CAP_6594347B9BFE,Capability,包括用于光通信的850nm 10G,包括用于光通信的850nm 10g,company-info_with_url.xlsx,Capability
CAP_D34DC2F9BBFE,Capability,25G,25g,company-info_with_url.xlsx,Capability
CAP_33EBB6852608,Capability,56G PAM4,56g pam4,company-info_with_url.xlsx,Capability
CAP_FA088080091E,Capability,112G PAM4 VCSEL芯片,112g pam4 vcsel芯片,company-info_with_url.xlsx,Capability
CAP_21D6E2100B83,Capability,以及用于3D感测的940nm VCSEL结构光芯片,以及用于3d感测的940nm vcsel结构光芯片,company-info_with_url.xlsx,Capability
CAP_F9EE02234546,Capability,850nm及940nm VCSEL TOF芯片。拥有全流程,850nm及940nm vcsel tof芯片。拥有全流程,company-info_with_url.xlsx,Capability
CAP_74C707E44D5B,Capability,完整,完整,company-info_with_url.xlsx,Capability
CAP_06F68CBC0428,Capability,独立的化合物半导体光电子芯片IDM生产线。,独立的化合物半导体光电子芯片idm生产线。,company-info_with_url.xlsx,Capability
IND_4EFE8F651707,Industry,光通信（光纤到户,光通信（光纤到户,company-info_with_url.xlsx,Industry
IND_32864B895DC3,Industry,数据中心与云计算,数据中心与云计算,company-info_with_url.xlsx,Industry
IND_96893E59EEBA,Industry,5G移动通信网络）,5g移动通信网络）,company-info_with_url.xlsx,Industry
IND_CCFFD86BC274,Industry,工业物联网,工业物联网,company-info_with_url.xlsx,Industry
IND_9549442662B1,Industry,消费电子（3D感测）。,消费电子（3d感测）。,company-info_with_url.xlsx,Industry
SCN_3D786778FC83,Scenario,1. 光通信：数据中心（IDC）,1. 光通信：数据中心（idc）,company-info_with_url.xlsx,Scenario
SCN_BE7C4F0F7C5A,Scenario,通信机房,通信机房,company-info_with_url.xlsx,Scenario
SCN_7ADF92012E1D,Scenario,接入网的光纤数据传输。2. 光感：HDMI光纤连接线,接入网的光纤数据传输。2. 光感：hdmi光纤连接线,company-info_with_url.xlsx,Scenario
SCN_D6384F10C72B,Scenario,3D结构光感测,3d结构光感测,company-info_with_url.xlsx,Scenario
SCN_7AEF004E3ABF,Scenario,TOF（飞行时间）感测。,tof（飞行时间）感测。,company-info_with_url.xlsx,Scenario
CUS_74234F84B7CA,Customer,国内光通信模块厂,国内光通信模块厂,company-info_with_url.xlsx,Customer
CUS_674D30B60426,Customer,设备厂（具体名称未披露）,设备厂（具体名称未披露）,company-info_with_url.xlsx,Customer
DEM_7FED6B6BD1DD,DemandTag,市场资源：推动其光感类VCSEL芯片（如用于3D感测）在国内安卓市场的大规模应用。资金资源：持续研发投入（如112G PAM4芯片）和产能扩张。产业链资源：深化与下游模块厂,市场资源：推动其光感类vcsel芯片（如用于3d感测）在国内安卓市场的大规模应用。资金资源：持续研发投入（如112g pam4芯片）和产能扩张。产业链资源：深化与下游模块厂,company-info_with_url.xlsx,DemandTag
DEM_14CDF74B7877,DemandTag,设备厂及终端应用厂商的合作。,设备厂及终端应用厂商的合作。,company-info_with_url.xlsx,DemandTag
IND_EFB670869DC4,Industry,毫米波传感器,毫米波传感器,company-info_with_url.xlsx,Industry
IND_01B9C0E68CAD,Industry,卫星通信等无线领域,卫星通信等无线领域,company-info_with_url.xlsx,Industry
SCN_D22210F667C5,Scenario,毫米波传感器,毫米波传感器,company-info_with_url.xlsx,Scenario
SCN_3BC083CCF3A0,Scenario,移动通信,移动通信,company-info_with_url.xlsx,Scenario
SCN_0EADB3C44FBF,Scenario,卫星通信,卫星通信,company-info_with_url.xlsx,Scenario
PROD_2A7CD602D976,Product,包括：“虚拟电厂软硬件系统”,包括：“虚拟电厂软硬件系统”,company-info_with_url.xlsx,Product
CAP_2A00B5376813,Capability,首创国产IPT（Information Pipe Technology）技术,首创国产ipt（information pipe technology）技术,company-info_with_url.xlsx,Capability
CAP_91D834F32D80,Capability,即智慧能源系统底层智能物联网分布式测控技术,即智慧能源系统底层智能物联网分布式测控技术,company-info_with_url.xlsx,Capability
IND_299E92AD2B12,Industry,新能源系统（电力,新能源系统（电力,company-info_with_url.xlsx,Industry
IND_C178EDAE6421,Industry,制氢）,制氢）,company-info_with_url.xlsx,Industry
IND_36DAC6B6EBB3,Industry,智慧园区,智慧园区,company-info_with_url.xlsx,Industry
IND_02CF26D2BA6F,Industry,污水处理,污水处理,company-info_with_url.xlsx,Industry
IND_53A8E310D902,Industry,电网调度等能源与工业领域。,电网调度等能源与工业领域。,company-info_with_url.xlsx,Industry
SCN_D8A0AC3439BB,Scenario,1. 虚拟电厂（如聊城城南污水处理厂项目）,1. 虚拟电厂（如聊城城南污水处理厂项目）,company-info_with_url.xlsx,Scenario
SCN_5DC8ADD51F4D,Scenario,2. 智慧园区,2. 智慧园区,company-info_with_url.xlsx,Scenario
SCN_0A07F8B68E22,Scenario,3. 风电制氢控制,3. 风电制氢控制,company-info_with_url.xlsx,Scenario
SCN_7097295EEA8D,Scenario,4. 电解槽电压检测,4. 电解槽电压检测,company-info_with_url.xlsx,Scenario
SCN_96FA402F8CB4,Scenario,5. 无人变电站智能物联与电网调度测控（如浙江电科院项目）。,5. 无人变电站智能物联与电网调度测控（如浙江电科院项目）。,company-info_with_url.xlsx,Scenario
DEM_1F18E8040BF9,DemandTag,根据其种子轮融资用途,根据其种子轮融资用途,company-info_with_url.xlsx,DemandTag
DEM_0D7E98D7B73D,DemandTag,主要用于人才团队建设和市场拓展,主要用于人才团队建设和市场拓展,company-info_with_url.xlsx,DemandTag
DEM_926F2671CFB1,DemandTag,以及加速标准产品线的开发和市场推广。因此最需要人才资源和市场渠道资源。,以及加速标准产品线的开发和市场推广。因此最需要人才资源和市场渠道资源。,company-info_with_url.xlsx,DemandTag
PROD_69B315C5A1B2,Product,电子产品检测,电子产品检测,company-info_with_url.xlsx,Product
PROD_ED36E65E5CB4,Product,电子产品设计服务,电子产品设计服务,company-info_with_url.xlsx,Product
PROD_B6494376B0E6,Product,新材料技术推广服务。,新材料技术推广服务。,company-info_with_url.xlsx,Product
IND_C55137788CBA,Industry,电子工程,电子工程,company-info_with_url.xlsx,Industry
IND_85EC64D8BF1D,Industry,新材料领域。,新材料领域。,company-info_with_url.xlsx,Industry
SCN_F01D470A78C9,Scenario,电子工程设计,电子工程设计,company-info_with_url.xlsx,Scenario
SCN_176E888AF630,Scenario,电子产品检测与设计,电子产品检测与设计,company-info_with_url.xlsx,Scenario
SCN_2DDAB30A39AE,Scenario,信息电子技术服务,信息电子技术服务,company-info_with_url.xlsx,Scenario
SCN_A136B6549A11,Scenario,新材料技术推广。,新材料技术推广。,company-info_with_url.xlsx,Scenario
DEM_F4E9C9F752D6,DemandTag,投资。根据PDF信息,投资。根据pdf信息,company-info_with_url.xlsx,DemandTag
DEM_AB6B439546CE,DemandTag,公司正在寻求融资（投资建议书）。,公司正在寻求融资（投资建议书）。,company-info_with_url.xlsx,DemandTag
CAP_480130D30B0C,Capability,软件开发,软件开发,company-info_with_url.xlsx,Capability
CAP_00C29D29E5CF,Capability,光通信设备制造,光通信设备制造,company-info_with_url.xlsx,Capability
CAP_47E69FBA66E2,Capability,导航终端制造,导航终端制造,company-info_with_url.xlsx,Capability
CAP_10866C58FD0F,Capability,高性能纤维及复合材料制造,高性能纤维及复合材料制造,company-info_with_url.xlsx,Capability
CAP_C69E9F2395C8,Capability,专业设计服务,专业设计服务,company-info_with_url.xlsx,Capability
CAP_C60BC73D3AB9,Capability,卫星遥感应用系统,卫星遥感应用系统,company-info_with_url.xlsx,Capability
IND_F00204AE8A7B,Industry,卫星制造,卫星制造,company-info_with_url.xlsx,Industry
IND_CB40D4226042,Industry,遥感应用,遥感应用,company-info_with_url.xlsx,Industry
IND_F9126C2CCEE3,Industry,导航,导航,company-info_with_url.xlsx,Industry
SCN_BE6E0D14DAE2,Scenario,卫星制造,卫星制造,company-info_with_url.xlsx,Scenario
SCN_3AE540308D5E,Scenario,卫星遥感数据处理与应用,卫星遥感数据处理与应用,company-info_with_url.xlsx,Scenario
SCN_4F6CD26FCF05,Scenario,导航终端,导航终端,company-info_with_url.xlsx,Scenario
SCN_399827F01B82,Scenario,光通信设备,光通信设备,company-info_with_url.xlsx,Scenario
DEM_25168DB40873,DemandTag,资金（用于研发,资金（用于研发,company-info_with_url.xlsx,DemandTag
DEM_870F2610B59B,DemandTag,生产及星座计划扩张）,生产及星座计划扩张）,company-info_with_url.xlsx,DemandTag
CAP_F53848F217AB,Capability,AI光学芯片,ai光学芯片,company-info_with_url.xlsx,Capability
CAP_81D7EC75498D,Capability,基于光子电路技术加速信息处理,基于光子电路技术加速信息处理,company-info_with_url.xlsx,Capability
CAP_2534D3B53B44,Capability,使用光子进行计算和信号传输。,使用光子进行计算和信号传输。,company-info_with_url.xlsx,Capability
IND_A318617E258A,Industry,高性能计算。,高性能计算。,company-info_with_url.xlsx,Industry
DEM_B212E19E2A25,DemandTag,商业化落地场景。,商业化落地场景。,company-info_with_url.xlsx,DemandTag
CAP_338A9CB2BE47,Capability,一体式微模块数据中心创新解决方案,一体式微模块数据中心创新解决方案,company-info_with_url.xlsx,Capability
CAP_319B6ED66B13,Capability,用于智能算力分中心建设。,用于智能算力分中心建设。,company-info_with_url.xlsx,Capability
IND_D397B61AAAA4,Industry,数字经济,数字经济,company-info_with_url.xlsx,Industry
IND_3909A45BA54E,Industry,数据中心建设,数据中心建设,company-info_with_url.xlsx,Industry
SCN_DBEF9242BB12,Scenario,中科融合算力中心及各地智能分中心的建设。,中科融合算力中心及各地智能分中心的建设。,company-info_with_url.xlsx,Scenario
CAP_E2A39BEB6368,Capability,气体扩散层和高性能碳材料,气体扩散层和高性能碳材料,company-info_with_url.xlsx,Capability
CAP_5D56F74B2BEB,Capability,具体包括燃料电池和制氢电池用的炭纸和气体扩散层。,具体包括燃料电池和制氢电池用的炭纸和气体扩散层。,company-info_with_url.xlsx,Capability
IND_2ADC537FB13D,Industry,氢能与燃料电池,氢能与燃料电池,company-info_with_url.xlsx,Industry
IND_501AA3BA4255,Industry,制氢电池,制氢电池,company-info_with_url.xlsx,Industry
IND_E9D4E1EF9C68,Industry,储能电池等能源领域。,储能电池等能源领域。,company-info_with_url.xlsx,Industry
SCN_23F322E54779,Scenario,燃料电池,燃料电池,company-info_with_url.xlsx,Scenario
SCN_436A843AE9EE,Scenario,制氢电池,制氢电池,company-info_with_url.xlsx,Scenario
SCN_C2CA7A7D3B38,Scenario,储能电池等能源电池的核心材料。,储能电池等能源电池的核心材料。,company-info_with_url.xlsx,Scenario
DEM_1078D4ECA9F3,DemandTag,用于储能电池产品产业化,用于储能电池产品产业化,company-info_with_url.xlsx,DemandTag
DEM_56BD19A69DA8,DemandTag,技术研发实力提升及产品市场推广。,技术研发实力提升及产品市场推广。,company-info_with_url.xlsx,DemandTag
CAP_793444A2F5A7,Capability,AI OS（企业级AI操作系统）,ai os（企业级ai操作系统）,company-info_with_url.xlsx,Capability
CAP_6B2DE0E796B9,Capability,包括AI Infra（多层次算力基础设施）,包括ai infra（多层次算力基础设施）,company-info_with_url.xlsx,Capability
CAP_0EAAE2A83381,Capability,MaaS（模型即服务平台）,maas（模型即服务平台）,company-info_with_url.xlsx,Capability
CAP_A31DF15DAD1E,Capability,OS UI（用户交互界面）,os ui（用户交互界面）,company-info_with_url.xlsx,Capability
CAP_4311318A2319,Capability,生产要素建模工具,生产要素建模工具,company-info_with_url.xlsx,Capability
CAP_61FB9D92ADBC,Capability,持续优化工具,持续优化工具,company-info_with_url.xlsx,Capability
CAP_0A28150A8644,Capability,模型训练工具,模型训练工具,company-info_with_url.xlsx,Capability
CAP_DCFE0460CDFF,Capability,行业数据增强方案,行业数据增强方案,company-info_with_url.xlsx,Capability
CAP_0609A42703FB,Capability,Level 3学习新范式（企业生产流程建模与自动优化）。,level 3学习新范式（企业生产流程建模与自动优化）。,company-info_with_url.xlsx,Capability
IND_C15A3756DB9F,Industry,法律,法律,company-info_with_url.xlsx,Industry
IND_3055F7692939,Industry,政务,政务,company-info_with_url.xlsx,Industry
IND_E8402A325073,Industry,医药等千行百业。,医药等千行百业。,company-info_with_url.xlsx,Industry
SCN_6161D799BAA3,Scenario,企业,企业,company-info_with_url.xlsx,Scenario
SCN_0FA6B3520337,Scenario,组织降本增效,组织降本增效,company-info_with_url.xlsx,Scenario
SCN_C0F9201BC034,Scenario,政府普惠服务,政府普惠服务,company-info_with_url.xlsx,Scenario
SCN_C463BDD1A0ED,Scenario,企业扩大销售,企业扩大销售,company-info_with_url.xlsx,Scenario
SCN_E78F44115DCD,Scenario,企业应用大模型,企业应用大模型,company-info_with_url.xlsx,Scenario
SCN_00CECE2CB3CB,Scenario,AI转型咨询与落地实施（包括建模,ai转型咨询与落地实施（包括建模,company-info_with_url.xlsx,Scenario
SCN_1772DA5A60FF,Scenario,方案设计,方案设计,company-info_with_url.xlsx,Scenario
SCN_B56633E334B8,Scenario,模型定制,模型定制,company-info_with_url.xlsx,Scenario
SCN_244929E1FE2D,Scenario,应用开发,应用开发,company-info_with_url.xlsx,Scenario
SCN_8B5191DB550E,Scenario,优化反馈）。,优化反馈）。,company-info_with_url.xlsx,Scenario
CAP_7465462D55D2,Capability,高分子弹性膜真空运载盒（膜盒）,高分子弹性膜真空运载盒（膜盒）,company-info_with_url.xlsx,Capability
CAP_FB7A01FE4A51,Capability,高端UV减粘膜,高端uv减粘膜,company-info_with_url.xlsx,Capability
CAP_E37106F46AD1,Capability,ABF基板堆积膜（替代材料）,abf基板堆积膜（替代材料）,company-info_with_url.xlsx,Capability
CAP_82877CED4051,Capability,LCP粘接胶,lcp粘接胶,company-info_with_url.xlsx,Capability
CAP_43EC2067829A,Capability,环氧电子灌封,环氧电子灌封,company-info_with_url.xlsx,Capability
CAP_38DAF9CB4CC0,Capability,塑封胶,塑封胶,company-info_with_url.xlsx,Capability
IND_8D64AF6D1304,Industry,半导体材料,半导体材料,company-info_with_url.xlsx,Industry
SCN_144A3D827336,Scenario,启停电源,启停电源,company-info_with_url.xlsx,Scenario
SCN_290DFD4A87D3,Scenario,两轮车,两轮车,company-info_with_url.xlsx,Scenario
SCN_1AB15AE27A16,Scenario,储能柜,储能柜,company-info_with_url.xlsx,Scenario
SCN_FE308BF71476,Scenario,数据中心电源,数据中心电源,company-info_with_url.xlsx,Scenario
CUS_CC3A7F356757,Customer,与大型企业合作（具体名称未提供）,与大型企业合作（具体名称未提供）,company-info_with_url.xlsx,Customer
CUS_76836F03122B,Customer,与华为技术有限公司瓦特实验室签署技术开发合同,与华为技术有限公司瓦特实验室签署技术开发合同,company-info_with_url.xlsx,Customer
CUS_CF895F52805A,Customer,与阳江市交通投资集团有限公司合作产业落地,与阳江市交通投资集团有限公司合作产业落地,company-info_with_url.xlsx,Customer
CAP_3DF885BD6A4A,Capability,InP衬底激光器及探测器外延片,inp衬底激光器及探测器外延片,company-info_with_url.xlsx,Capability
CAP_EE318B0788B9,Capability,GaAs衬底850nm,gaas衬底850nm,company-info_with_url.xlsx,Capability
CAP_5B44240A3BBF,Capability,940nm VCSEL外延片,940nm vcsel外延片,company-info_with_url.xlsx,Capability
CAP_8FB40498523E,Capability,GaAs衬底808nm,gaas衬底808nm,company-info_with_url.xlsx,Capability
CAP_18223B859A79,Capability,980nm半导体激光器外延片的研发,980nm半导体激光器外延片的研发,company-info_with_url.xlsx,Capability
IND_FCC78C21B245,Industry,3D传感,3d传感,company-info_with_url.xlsx,Industry
IND_3889C2E09141,Industry,半导体激光器,半导体激光器,company-info_with_url.xlsx,Industry
SCN_68B5B6FE451E,Scenario,3D传感,3d传感,company-info_with_url.xlsx,Scenario
SCN_DC225B174418,Scenario,半导体激光器,半导体激光器,company-info_with_url.xlsx,Scenario
DEM_4C5B3C96A2A2,DemandTag,融资（本轮共融资2400万,融资（本轮共融资2400万,company-info_with_url.xlsx,DemandTag
DEM_4C4DB0DC13C2,DemandTag,出让股权40%）,出让股权40%）,company-info_with_url.xlsx,DemandTag
PROD_FB5E96AD0281,Product,专用设备（已研发至第三代）,专用设备（已研发至第三代）,company-info_with_url.xlsx,Product
PROD_24AFDFBE8AE3,Product,基于不同喷嘴片结构的三种成型技术方案,基于不同喷嘴片结构的三种成型技术方案,company-info_with_url.xlsx,Product
PROD_34B00F6A49FD,Product,3种合金的成型工艺和该技术在TSV,3种合金的成型工艺和该技术在tsv,company-info_with_url.xlsx,Product
PROD_C9E7C886EFA9,Product,TGV,tgv,company-info_with_url.xlsx,Product
PROD_AC5B42A652EF,Product,IPD方面的完整工艺,ipd方面的完整工艺,company-info_with_url.xlsx,Product
CAP_DD99F6E5DE16,Capability,基于晶圆级液态合金微成型技术的晶圆填充代工服务和专用设备销售。核心技术,基于晶圆级液态合金微成型技术的晶圆填充代工服务和专用设备销售。核心技术,company-info_with_url.xlsx,Capability
IND_5FBA535E96A7,Industry,具体为半导体先进封装等中道,具体为半导体先进封装等中道,company-info_with_url.xlsx,Industry
IND_21D12739507D,Industry,后道以及特种器件制造领域。,后道以及特种器件制造领域。,company-info_with_url.xlsx,Industry
SCN_D7B88CD816B1,Scenario,为半导体行业的各类客户提供完整的晶圆级厚金属制造技术,为半导体行业的各类客户提供完整的晶圆级厚金属制造技术,company-info_with_url.xlsx,Scenario
SCN_89832AC8F7E0,Scenario,用于TSV,用于tsv,company-info_with_url.xlsx,Scenario
SCN_C2C0B8398261,Scenario,TGV,tgv,company-info_with_url.xlsx,Scenario
SCN_4CB592AEDEA0,Scenario,IPD等。,ipd等。,company-info_with_url.xlsx,Scenario
DEM_2E876692F28F,DemandTag,本轮共融资470万。,本轮共融资470万。,company-info_with_url.xlsx,DemandTag
IND_BAFF1653AAE7,Industry,具体为商业卫星发射服务,具体为商业卫星发射服务,company-info_with_url.xlsx,Industry
DEM_0DCA2DBF190C,DemandTag,用于A轮融资前搭建公司基础运营架构,用于a轮融资前搭建公司基础运营架构,company-info_with_url.xlsx,DemandTag
CAP_4F1B2CDF2FB2,Capability,基于叶克强老师的脑科学研究成果,基于叶克强老师的脑科学研究成果,company-info_with_url.xlsx,Capability
CAP_2725506A59AB,Capability,针对中枢神经系统疾病,针对中枢神经系统疾病,company-info_with_url.xlsx,Capability
CAP_C41A533AE7C4,Capability,以全新靶点机制切入创新药研发,以全新靶点机制切入创新药研发,company-info_with_url.xlsx,Capability
CAP_F48A2BF75A4B,Capability,全球布局专利多管线推进,全球布局专利多管线推进,company-info_with_url.xlsx,Capability
CAP_949A15BBFE99,Capability,构建高效的CNS创新药研发转化平台。重点适应症瞄准了以神经退行性疾病为主的多种中枢神经系统疾病,构建高效的cns创新药研发转化平台。重点适应症瞄准了以神经退行性疾病为主的多种中枢神经系统疾病,company-info_with_url.xlsx,Capability
CAP_AF4BA1CC40FE,Capability,在研管线可以分为两类,在研管线可以分为两类,company-info_with_url.xlsx,Capability
CAP_BD6DF96FB2A5,Capability,一类是针对BDNF-TrkB信号通路,一类是针对bdnf-trkb信号通路,company-info_with_url.xlsx,Capability
CAP_250043A95B0A,Capability,EBPβ-AEP信号通路等的新药研发管线,ebpβ-aep信号通路等的新药研发管线,company-info_with_url.xlsx,Capability
CAP_008F1EE1F26F,Capability,另一类是针对阿尔茨海默病,另一类是针对阿尔茨海默病,company-info_with_url.xlsx,Capability
CAP_E81FBF458259,Capability,帕金森病的诊断产品。,帕金森病的诊断产品。,company-info_with_url.xlsx,Capability
IND_9698A12449C8,Industry,具体为中枢神经系统疾病（CNS）创新药及诊断产品研发。,具体为中枢神经系统疾病（cns）创新药及诊断产品研发。,company-info_with_url.xlsx,Industry
SCN_4E5A0B7FAA8B,Scenario,帕金森病等神经退行性疾病的治疗与诊断。,帕金森病等神经退行性疾病的治疗与诊断。,company-info_with_url.xlsx,Scenario
DEM_31585981F6B6,DemandTag,本轮共融资3000万,本轮共融资3000万,company-info_with_url.xlsx,DemandTag
CAP_3BD02C90F300,Capability,RoboBrain（通用具身多模态大脑模型）,robobrain（通用具身多模态大脑模型）,company-info_with_url.xlsx,Capability
CAP_D34DEB4E27B8,Capability,RoboOS（跨本体具身大小脑协作框架）,roboos（跨本体具身大小脑协作框架）,company-info_with_url.xlsx,Capability
CAP_C31D261AD755,Capability,多模态空间智能技术,多模态空间智能技术,company-info_with_url.xlsx,Capability
CAP_CE6D8A80CAE8,Capability,视觉语言导航大模型（NavQ）,视觉语言导航大模型（navq）,company-info_with_url.xlsx,Capability
CAP_AE463213724E,Capability,灵巧操作大模型,灵巧操作大模型,company-info_with_url.xlsx,Capability
CAP_DC72BBA9F2BA,Capability,多传感器融合3D目标检测算法（PAI3D）,多传感器融合3d目标检测算法（pai3d）,company-info_with_url.xlsx,Capability
CAP_ED1CB1BCF631,Capability,纯视觉3D目标检测算法（MVS-Fusion）,纯视觉3d目标检测算法（mvs-fusion）,company-info_with_url.xlsx,Capability
CAP_028729BFBCC9,Capability,自动驾驶世界模型（Drive-WM）,自动驾驶世界模型（drive-wm）,company-info_with_url.xlsx,Capability
CAP_FD8FA01638FC,Capability,长时任务规划模型,长时任务规划模型,company-info_with_url.xlsx,Capability
IND_6E94DD54493D,Industry,通用机器人,通用机器人,company-info_with_url.xlsx,Industry
IND_CE6646598B07,Industry,智能配送,智能配送,company-info_with_url.xlsx,Industry
IND_A58916DDA585,Industry,办公,办公,company-info_with_url.xlsx,Industry
IND_937251073EC8,Industry,导览,导览,company-info_with_url.xlsx,Industry
IND_BFEA1E2FE378,Industry,导购,导购,company-info_with_url.xlsx,Industry
IND_ADECDE4021A0,Industry,药店,药店,company-info_with_url.xlsx,Industry
IND_16105CBB2A1F,Industry,商超,商超,company-info_with_url.xlsx,Industry
SCN_FF178FBA629D,Scenario,抓取,抓取,company-info_with_url.xlsx,Scenario
SCN_C0735ED96FA5,Scenario,操作等具身任务,操作等具身任务,company-info_with_url.xlsx,Scenario
SCN_873E6414AF22,Scenario,自动驾驶预测和规划,自动驾驶预测和规划,company-info_with_url.xlsx,Scenario
SCN_687E3772385D,Scenario,跨场景多任务轻量化快速部署与跨本体协作,跨场景多任务轻量化快速部署与跨本体协作,company-info_with_url.xlsx,Scenario
SCN_87A81D636E49,Scenario,多机协同“群体智能”,多机协同“群体智能”,company-info_with_url.xlsx,Scenario
SCN_E5669CE6924A,Scenario,人机交互,人机交互,company-info_with_url.xlsx,Scenario
SCN_B33FAAAEC9A1,Scenario,复杂任务拆解规划与灵巧操作（如叠衣服,复杂任务拆解规划与灵巧操作（如叠衣服,company-info_with_url.xlsx,Scenario
SCN_3866BD8FAB0E,Scenario,转笔）,转笔）,company-info_with_url.xlsx,Scenario
SCN_E0A63B5F5C24,Scenario,移动过程中同时进行操控,移动过程中同时进行操控,company-info_with_url.xlsx,Scenario
SCN_5F0E5C0FD7D1,Scenario,在复杂地形上稳定移动,在复杂地形上稳定移动,company-info_with_url.xlsx,Scenario
SCN_E6EB267DB414,Scenario,整体协调身体执行复杂任务,整体协调身体执行复杂任务,company-info_with_url.xlsx,Scenario
IND_EB5D9AF755F6,Industry,通讯等。,通讯等。,company-info_with_url.xlsx,Industry
SCN_2E11791D4CE2,Scenario,汽车座椅通风,汽车座椅通风,company-info_with_url.xlsx,Scenario
SCN_B900421CA343,Scenario,加热,加热,company-info_with_url.xlsx,Scenario
SCN_E708803991F7,Scenario,制冷,制冷,company-info_with_url.xlsx,Scenario
SCN_2EDD1FA833C1,Scenario,按摩腰托系统,按摩腰托系统,company-info_with_url.xlsx,Scenario
SCN_6CB231B8324E,Scenario,车载冰箱,车载冰箱,company-info_with_url.xlsx,Scenario
SCN_70315D5EB070,Scenario,加热制冷杯托,加热制冷杯托,company-info_with_url.xlsx,Scenario
SCN_FD63D7B95CE9,Scenario,方向盘加热制冷,方向盘加热制冷,company-info_with_url.xlsx,Scenario
SCN_293AD248500D,Scenario,车载无线充电散热,车载无线充电散热,company-info_with_url.xlsx,Scenario
SCN_F2A5F7667DDC,Scenario,半导体芯片散热,半导体芯片散热,company-info_with_url.xlsx,Scenario
SCN_65044130E5D4,Scenario,5G手机散热,5g手机散热,company-info_with_url.xlsx,Scenario
SCN_8453B87DDB92,Scenario,沙发通风加热系统。,沙发通风加热系统。,company-info_with_url.xlsx,Scenario
DEM_01431522AD78,DemandTag,启动融资,启动融资,company-info_with_url.xlsx,DemandTag
DEM_5DBE2EA071F4,DemandTag,预计2024年上半年完成。,预计2024年上半年完成。,company-info_with_url.xlsx,DemandTag
IND_23D6D4BCCE88,Industry,智慧政务,智慧政务,company-info_with_url.xlsx,Industry
IND_73713702DEC7,Industry,智慧教育,智慧教育,company-info_with_url.xlsx,Industry
IND_1AA0D6C9FB70,Industry,智慧医疗,智慧医疗,company-info_with_url.xlsx,Industry
IND_75B471135BE5,Industry,智算中心,智算中心,company-info_with_url.xlsx,Industry
SCN_60A74C5AB5B2,Scenario,医疗器械智能识别与清点（骨科器械,医疗器械智能识别与清点（骨科器械,company-info_with_url.xlsx,Scenario
SCN_10A330F8B142,Scenario,耗材管理）,耗材管理）,company-info_with_url.xlsx,Scenario
SCN_18DB635EC607,Scenario,物流行业票证识别（如身份证,物流行业票证识别（如身份证,company-info_with_url.xlsx,Scenario
SCN_1C91A45A7A2E,Scenario,铁路报关单）,铁路报关单）,company-info_with_url.xlsx,Scenario
SCN_647F4DD72A80,Scenario,智能客服（人才服务）,智能客服（人才服务）,company-info_with_url.xlsx,Scenario
SCN_709E856D318B,Scenario,人工智能计算中心建设（武汉,人工智能计算中心建设（武汉,company-info_with_url.xlsx,Scenario
SCN_515B4F4CD8F9,Scenario,青岛,青岛,company-info_with_url.xlsx,Scenario
SCN_223A90ABE6FC,Scenario,广州,广州,company-info_with_url.xlsx,Scenario
SCN_DC274DBB94C9,Scenario,重庆,重庆,company-info_with_url.xlsx,Scenario
SCN_7A2BA17738C8,Scenario,福建,福建,company-info_with_url.xlsx,Scenario
SCN_1993F48FE489,Scenario,宁波）,宁波）,company-info_with_url.xlsx,Scenario
CUS_FC279ACA0208,Customer,湖北港口集团,湖北港口集团,company-info_with_url.xlsx,Customer
CUS_52F3A27259C7,Customer,武汉东湖高新区,武汉东湖高新区,company-info_with_url.xlsx,Customer
DEM_EAA1F62C749E,DemandTag,算力（国内算力总量不足,算力（国内算力总量不足,company-info_with_url.xlsx,DemandTag
DEM_D0DE15F35A8D,DemandTag,总供给难以满足市场需求,总供给难以满足市场需求,company-info_with_url.xlsx,DemandTag
DEM_ABB89DA114A4,DemandTag,受中美政治环境影响,受中美政治环境影响,company-info_with_url.xlsx,DemandTag
DEM_EF7D67DD0707,DemandTag,较难获得性能最强的英伟达芯片）,较难获得性能最强的英伟达芯片）,company-info_with_url.xlsx,DemandTag
DEM_78C7A2398517,DemandTag,高质量中文数据（中文数据规模与质量不足,高质量中文数据（中文数据规模与质量不足,company-info_with_url.xlsx,DemandTag
DEM_55668A349F8E,DemandTag,互联网公开语料中只占1~2%）,互联网公开语料中只占1~2%）,company-info_with_url.xlsx,DemandTag
PROD_B95410EA5A20,Product,本地加速人形检测与跟踪技术,本地加速人形检测与跟踪技术,company-info_with_url.xlsx,Product
CAP_C5912500DAFE,Capability,研发设计一款拥有机器视觉且可自主移动的智能家庭服务机器人Bingo。核心技术,研发设计一款拥有机器视觉且可自主移动的智能家庭服务机器人bingo。核心技术,company-info_with_url.xlsx,Capability
IND_D20F300FB7F8,Industry,具体面向智能家庭服务。,具体面向智能家庭服务。,company-info_with_url.xlsx,Industry
SCN_851E6DC891C4,Scenario,儿童成长记录等功能。同时为家庭提供全天候自主巡航远程监控,儿童成长记录等功能。同时为家庭提供全天候自主巡航远程监控,company-info_with_url.xlsx,Scenario
DEM_11BC07DEFB8C,DemandTag,资金。正在进行天使轮融资,资金。正在进行天使轮融资,company-info_with_url.xlsx,DemandTag
CAP_B79B7F63A8D7,Capability,5座级eVTOL (TW-5),5座级evtol (tw-5),company-info_with_url.xlsx,Capability
CAP_9665E01F8A5A,Capability,衍生eVTOL(TW-X)物流版和2座级eVTOL(TW-LSA)等产品,衍生evtol(tw-x)物流版和2座级evtol(tw-lsa)等产品,company-info_with_url.xlsx,Capability
CAP_85C6C0AD7AC1,Capability,飞行器轻量化设计,飞行器轻量化设计,company-info_with_url.xlsx,Capability
CAP_452E68E5B5D4,Capability,飞行控制系统设计,飞行控制系统设计,company-info_with_url.xlsx,Capability
CAP_AB36BF1AFBD0,Capability,适航技术及服务,适航技术及服务,company-info_with_url.xlsx,Capability
CAP_D8F821FE63F6,Capability,智能技术技术平台,智能技术技术平台,company-info_with_url.xlsx,Capability
CAP_EF9086C2E3B3,Capability,复杂系统设计,复杂系统设计,company-info_with_url.xlsx,Capability
CAP_34C21D9729C4,Capability,优化和集成平台,优化和集成平台,company-info_with_url.xlsx,Capability
CAP_7AC6B5677A64,Capability,航空轻量化结构技术平台,航空轻量化结构技术平台,company-info_with_url.xlsx,Capability
CAP_0A77ED7BE031,Capability,飞行器适航技术平台,飞行器适航技术平台,company-info_with_url.xlsx,Capability
CAP_2CB16C391EF7,Capability,智能技术平台,智能技术平台,company-info_with_url.xlsx,Capability
IND_522828B033F6,Industry,航空运输,航空运输,company-info_with_url.xlsx,Industry
IND_937C8AED1C9B,Industry,通用航空,通用航空,company-info_with_url.xlsx,Industry
SCN_D465AFC1878B,Scenario,城际：链接多个城市核心地带,城际：链接多个城市核心地带,company-info_with_url.xlsx,Scenario
SCN_690AEB115BFA,Scenario,链接传统地面核心枢纽中心,链接传统地面核心枢纽中心,company-info_with_url.xlsx,Scenario
SCN_92F7962FF036,Scenario,海岛：覆盖多个岛屿,海岛：覆盖多个岛屿,company-info_with_url.xlsx,Scenario
SCN_27E3061DB54C,Scenario,链接地方船只,链接地方船只,company-info_with_url.xlsx,Scenario
SCN_BC6027B9025F,Scenario,山区：横跨山城多个区域,山区：横跨山城多个区域,company-info_with_url.xlsx,Scenario
SCN_D97D46768128,Scenario,衔接城轨,衔接城轨,company-info_with_url.xlsx,Scenario
SCN_5B682B23536D,Scenario,高铁和机场到市中心,高铁和机场到市中心,company-info_with_url.xlsx,Scenario
DEM_BC609FEFC5A9,DemandTag,设计研发投资：10+亿人民币,设计研发投资：10+亿人民币,company-info_with_url.xlsx,DemandTag
IND_7B36C2040005,Industry,能源行业（核能）,能源行业（核能）,company-info_with_url.xlsx,Industry
IND_569AA30F850D,Industry,光伏发电,光伏发电,company-info_with_url.xlsx,Industry
SCN_654B3ED943C8,Scenario,光伏百叶窗,光伏百叶窗,company-info_with_url.xlsx,Scenario
SCN_526FE51D47FD,Scenario,光伏幕墙,光伏幕墙,company-info_with_url.xlsx,Scenario
SCN_0EB15902C256,Scenario,特殊场景光伏产品,特殊场景光伏产品,company-info_with_url.xlsx,Scenario
CAP_A533A6461F96,Capability,秸秆）-二氧化碳法生产二氧化硅,秸秆）-二氧化碳法生产二氧化硅,company-info_with_url.xlsx,Capability
CAP_C48CD58FF5BD,Capability,副产活性炭和碳酸钠。,副产活性炭和碳酸钠。,company-info_with_url.xlsx,Capability
IND_23A4BDEB4525,Industry,口腔护理,口腔护理,company-info_with_url.xlsx,Industry
IND_11E9BF625364,Industry,农化等。,农化等。,company-info_with_url.xlsx,Industry
SCN_9CFC7E1CF0C0,Scenario,轮胎,轮胎,company-info_with_url.xlsx,Scenario
SCN_071AB0C69274,Scenario,鞋材,鞋材,company-info_with_url.xlsx,Scenario
SCN_DCC826D7ACEC,Scenario,牙膏,牙膏,company-info_with_url.xlsx,Scenario
SCN_F24DA728A094,Scenario,饲料,饲料,company-info_with_url.xlsx,Scenario
SCN_3B568E23FB21,Scenario,硅橡胶等领域。,硅橡胶等领域。,company-info_with_url.xlsx,Scenario
CAP_71A24DC141DB,Capability,航空复合材料零部件,航空复合材料零部件,company-info_with_url.xlsx,Capability
CAP_9AC84E5704F8,Capability,航空机加零部件,航空机加零部件,company-info_with_url.xlsx,Capability
CAP_AE1FD49A2DB6,Capability,航空模具夹具等产品研发,航空模具夹具等产品研发,company-info_with_url.xlsx,Capability
CAP_5D06352B8FBA,Capability,制造及售后服务,制造及售后服务,company-info_with_url.xlsx,Capability
CAP_E184F91BCF61,Capability,掌握金属及复合材料处理与应用经验,掌握金属及复合材料处理与应用经验,company-info_with_url.xlsx,Capability
CAP_3E1C9787B9A2,Capability,完备的产品数字化加工制造技术,完备的产品数字化加工制造技术,company-info_with_url.xlsx,Capability
CAP_D277655FC0DE,Capability,拥有先进复合材料设计和制造博士工作站,拥有先进复合材料设计和制造博士工作站,company-info_with_url.xlsx,Capability
CAP_BC48122D446E,Capability,专注于差异化复合材料液体成型技术,专注于差异化复合材料液体成型技术,company-info_with_url.xlsx,Capability
CAP_6CCB2217796A,Capability,拥有核心专利技术,拥有核心专利技术,company-info_with_url.xlsx,Capability
CAP_70F1AF9DD2C6,Capability,如用于脚蹬的碰锁组件,如用于脚蹬的碰锁组件,company-info_with_url.xlsx,Capability
CAP_7D4A4A26935F,Capability,直升机伸缩脚踏,直升机伸缩脚踏,company-info_with_url.xlsx,Capability
CAP_BC9035B4D719,Capability,通风防雨机身蒙皮口盖装置等。,通风防雨机身蒙皮口盖装置等。,company-info_with_url.xlsx,Capability
SCN_132ABF15CE7C,Scenario,直升机产品（智能桨叶,直升机产品（智能桨叶,company-info_with_url.xlsx,Scenario
SCN_65CA8E9EF518,Scenario,优化桨叶,优化桨叶,company-info_with_url.xlsx,Scenario
SCN_37CEA4E6171D,Scenario,进气道,进气道,company-info_with_url.xlsx,Scenario
SCN_55DB56092FDF,Scenario,设备安装支架,设备安装支架,company-info_with_url.xlsx,Scenario
SCN_AEC977DF8CD3,Scenario,外蒙皮,外蒙皮,company-info_with_url.xlsx,Scenario
SCN_F128D5C59A4C,Scenario,综合鱼雷挂梁,综合鱼雷挂梁,company-info_with_url.xlsx,Scenario
SCN_3B396A7BBF86,Scenario,脚蹬组件,脚蹬组件,company-info_with_url.xlsx,Scenario
SCN_A487363CB7A0,Scenario,天线支架,天线支架,company-info_with_url.xlsx,Scenario
SCN_A91505DEA7CA,Scenario,止动梁,止动梁,company-info_with_url.xlsx,Scenario
SCN_C929D0AEDD31,Scenario,机身脚蹬等）,机身脚蹬等）,company-info_with_url.xlsx,Scenario
SCN_0ED6D27A86FA,Scenario,固定翼机产品（与洪都,固定翼机产品（与洪都,company-info_with_url.xlsx,Scenario
SCN_D2981619571F,Scenario,沈飞,沈飞,company-info_with_url.xlsx,Scenario
SCN_AE12D374A878,Scenario,西飞,西飞,company-info_with_url.xlsx,Scenario
SCN_BFA1A54AE0D7,Scenario,通飞,通飞,company-info_with_url.xlsx,Scenario
SCN_653E033EA52E,Scenario,陕飞等主机厂及研究所合作的固定翼复材材料零部件）,陕飞等主机厂及研究所合作的固定翼复材材料零部件）,company-info_with_url.xlsx,Scenario
SCN_00444CEB6D5C,Scenario,地面保障类产品（直升机防腐蚀工具箱,地面保障类产品（直升机防腐蚀工具箱,company-info_with_url.xlsx,Scenario
SCN_DBFF8C93B502,Scenario,牵引杆设备等）,牵引杆设备等）,company-info_with_url.xlsx,Scenario
SCN_3E26196B0DDA,Scenario,先进复合材料产品（直升机RTM十字梁,先进复合材料产品（直升机rtm十字梁,company-info_with_url.xlsx,Scenario
SCN_D20ED43833E3,Scenario,RTM弹匣,rtm弹匣,company-info_with_url.xlsx,Scenario
SCN_446F855BB173,Scenario,框梁结构,框梁结构,company-info_with_url.xlsx,Scenario
SCN_B2A78EE12F26,Scenario,平尾,平尾,company-info_with_url.xlsx,Scenario
SCN_E568217F7B59,Scenario,波纹梁等）,波纹梁等）,company-info_with_url.xlsx,Scenario
SCN_B11CBDD6A9D6,Scenario,工装模具夹具（复合材料成型模,工装模具夹具（复合材料成型模,company-info_with_url.xlsx,Scenario
SCN_5D0F7D522765,Scenario,胶接装配夹具等）。,胶接装配夹具等）。,company-info_with_url.xlsx,Scenario
CUS_6D1CD50002F3,Customer,已广泛服务于国内主要主机厂和研究所,已广泛服务于国内主要主机厂和研究所,company-info_with_url.xlsx,Customer
CUS_3D39EB5ACE1B,Customer,产品已广泛应用于国家各军种型号,产品已广泛应用于国家各军种型号,company-info_with_url.xlsx,Customer
CUS_E94F4410FAE5,Customer,无人机等多机型多兵种配套生产和保障服务。,无人机等多机型多兵种配套生产和保障服务。,company-info_with_url.xlsx,Customer
CAP_2CAB2B41DAB3,Capability,任意位姿自适应磁悬浮系统,任意位姿自适应磁悬浮系统,company-info_with_url.xlsx,Capability
CAP_4F9F805F586B,Capability,自平衡自动驾驶自行车,自平衡自动驾驶自行车,company-info_with_url.xlsx,Capability
CAP_98A0FFBE0658,Capability,大负载智能无人机,大负载智能无人机,company-info_with_url.xlsx,Capability
CAP_1CFAE6BAE7D1,Capability,视觉两轮机器人,视觉两轮机器人,company-info_with_url.xlsx,Capability
CAP_5C4AE1866E00,Capability,独轮移动机器人,独轮移动机器人,company-info_with_url.xlsx,Capability
CAP_31B3CB2E230B,Capability,桌面智能陪伴机器人,桌面智能陪伴机器人,company-info_with_url.xlsx,Capability
CAP_AA88CA7DB845,Capability,双臂核酸采样机器人,双臂核酸采样机器人,company-info_with_url.xlsx,Capability
CAP_2399614E0846,Capability,餐饮机器人,餐饮机器人,company-info_with_url.xlsx,Capability
CAP_5FC1B5AC3CC3,Capability,移乘助行机器人,移乘助行机器人,company-info_with_url.xlsx,Capability
CAP_91C98C6D72FA,Capability,调酒机器人,调酒机器人,company-info_with_url.xlsx,Capability
CAP_699785020846,Capability,全身康复机器人,全身康复机器人,company-info_with_url.xlsx,Capability
CAP_D0612EF9A3F3,Capability,下肢助行机器人,下肢助行机器人,company-info_with_url.xlsx,Capability
CAP_463A0765E858,Capability,北京冬奥机器人餐厅,北京冬奥机器人餐厅,company-info_with_url.xlsx,Capability
CAP_F0F696B16D55,Capability,特种焊接技术（真空电子束焊接）,特种焊接技术（真空电子束焊接）,company-info_with_url.xlsx,Capability
CAP_DCF615F4DD66,Capability,金属表面微纳米处理技术,金属表面微纳米处理技术,company-info_with_url.xlsx,Capability
CAP_52671D382043,Capability,高端部零件加工技术（数控精密机加工,高端部零件加工技术（数控精密机加工,company-info_with_url.xlsx,Capability
CAP_FCB23FFB5D6D,Capability,部组件装配全流程）,部组件装配全流程）,company-info_with_url.xlsx,Capability
CAP_B199911AEC02,Capability,超导加速腔研发制造,超导加速腔研发制造,company-info_with_url.xlsx,Capability
IND_F63AC2274048,Industry,国家重大科学基础设施（超导加速器）,国家重大科学基础设施（超导加速器）,company-info_with_url.xlsx,Industry
IND_4B12D4FF58CF,Industry,军工（军用装备,军工（军用装备,company-info_with_url.xlsx,Industry
IND_0BA3799E86A0,Industry,深潜器,深潜器,company-info_with_url.xlsx,Industry
IND_3F3942FC3BA5,Industry,军用飞机）,军用飞机）,company-info_with_url.xlsx,Industry
IND_D6AA2ED2BEE4,Industry,航空航天（民用客机,航空航天（民用客机,company-info_with_url.xlsx,Industry
IND_D71C39E2443D,Industry,航天结构件）,航天结构件）,company-info_with_url.xlsx,Industry
IND_75E29D4C68C3,Industry,船舶制造,船舶制造,company-info_with_url.xlsx,Industry
IND_5E311B341FFB,Industry,生物材料,生物材料,company-info_with_url.xlsx,Industry
IND_94F85FFE1C4E,Industry,卫星通讯基站,卫星通讯基站,company-info_with_url.xlsx,Industry
SCN_CE25F661DC81,Scenario,超导加速腔的研发制造,超导加速腔的研发制造,company-info_with_url.xlsx,Scenario
SCN_01AD3CB8E911,Scenario,导弹翼片,导弹翼片,company-info_with_url.xlsx,Scenario
SCN_F4063B9A7181,Scenario,火箭翼片,火箭翼片,company-info_with_url.xlsx,Scenario
SCN_9F2BCDE237BF,Scenario,发动机隔板等高精尖零部件加工,发动机隔板等高精尖零部件加工,company-info_with_url.xlsx,Scenario
SCN_32D18E5F9E04,Scenario,神舟系列飞船构件,神舟系列飞船构件,company-info_with_url.xlsx,Scenario
SCN_505298F6E363,Scenario,战斗机,战斗机,company-info_with_url.xlsx,Scenario
SCN_C880E8854FA9,Scenario,导弹核心构件等研发制造,导弹核心构件等研发制造,company-info_with_url.xlsx,Scenario
CUS_5A4E36D4B098,Customer,中国科学院近代物理研究所,中国科学院近代物理研究所,company-info_with_url.xlsx,Customer
CUS_CF176AFEA990,Customer,中科院大连化物所等科研机构,中科院大连化物所等科研机构,company-info_with_url.xlsx,Customer
CUS_3D593299BFA5,Customer,军品制造企业,军品制造企业,company-info_with_url.xlsx,Customer
CUS_91E156F4C53E,Customer,航空航天科研机构,航空航天科研机构,company-info_with_url.xlsx,Customer
CUS_6B63D834B14A,Customer,军用飞机厂,军用飞机厂,company-info_with_url.xlsx,Customer
CAP_F18E42DD7996,Capability,InteWeld CAE（焊接工艺仿真软件）,inteweld cae（焊接工艺仿真软件）,company-info_with_url.xlsx,Capability
CAP_1F2A653757F8,Capability,iAdditive CAE（增材制造工艺仿真软件）,iadditive cae（增材制造工艺仿真软件）,company-info_with_url.xlsx,Capability
CAP_0F1A7D4264F9,Capability,GoHT CAE（热处理工艺仿真软件）,goht cae（热处理工艺仿真软件）,company-info_with_url.xlsx,Capability
CAP_52254E5B3A42,Capability,智能焊接夹具,智能焊接夹具,company-info_with_url.xlsx,Capability
IND_F175AE0338B9,Industry,航发,航发,company-info_with_url.xlsx,Industry
SCN_690764D13F86,Scenario,导弹关键结构件焊接制造（使研发周期从60天降低到20天）,导弹关键结构件焊接制造（使研发周期从60天降低到20天）,company-info_with_url.xlsx,Scenario
SCN_1F3A73CBF802,Scenario,飞机弧形梁沉电子束3D打印,飞机弧形梁沉电子束3d打印,company-info_with_url.xlsx,Scenario
SCN_005CCA3599F8,Scenario,增材,增材,company-info_with_url.xlsx,Scenario
SCN_D23DC77CF813,Scenario,热处理工艺仿真与优化,热处理工艺仿真与优化,company-info_with_url.xlsx,Scenario
SCN_35BE0E129A39,Scenario,智能焊接夹具定时定位定量夹持。,智能焊接夹具定时定位定量夹持。,company-info_with_url.xlsx,Scenario
CUS_9A6C1F0CA329,Customer,中航工业成都飞机（集团）有限责任公司,中航工业成都飞机（集团）有限责任公司,company-info_with_url.xlsx,Customer
CUS_604B73B622A9,Customer,中国航发哈尔滨东安发动机有限公司,中国航发哈尔滨东安发动机有限公司,company-info_with_url.xlsx,Customer
CUS_8F73D8528B76,Customer,中国航天科工集团第三研究院,中国航天科工集团第三研究院,company-info_with_url.xlsx,Customer
CUS_306EE3E56B0B,Customer,中国船舶集团有限公司第七二五研究所,中国船舶集团有限公司第七二五研究所,company-info_with_url.xlsx,Customer
CUS_7D42078715DF,Customer,沪东中华造船（集团）有限公司,沪东中华造船（集团）有限公司,company-info_with_url.xlsx,Customer
CUS_83E14E9F6CC6,Customer,中国工程物理研究院,中国工程物理研究院,company-info_with_url.xlsx,Customer
CUS_1357E788995D,Customer,中国电子科技集团有限公司,中国电子科技集团有限公司,company-info_with_url.xlsx,Customer
CUS_4E0F5700777B,Customer,中油国家油气钻井装备工程技术研究中心有限公司,中油国家油气钻井装备工程技术研究中心有限公司,company-info_with_url.xlsx,Customer
CUS_AD10F66BBFA3,Customer,中国第一汽车股份有限公司等数十家行业龙头企业,中国第一汽车股份有限公司等数十家行业龙头企业,company-info_with_url.xlsx,Customer
PROD_0C3C7290F111,Product,AGI蜻蜓1号算法模型生成平台软件,agi蜻蜓1号算法模型生成平台软件,company-info_with_url.xlsx,Product
PROD_4974C5FB67E4,Product,ACT（商业时间尺度阵列）模块,act（商业时间尺度阵列）模块,company-info_with_url.xlsx,Product
PROD_C2674AEEB61D,Product,AI微系统解决方案,ai微系统解决方案,company-info_with_url.xlsx,Product
PROD_0C6711E99297,Product,SOC芯片+软件算法,soc芯片+软件算法,company-info_with_url.xlsx,Product
PROD_A19CDE31D8E3,Product,SDR（软件无线电）,sdr（软件无线电）,company-info_with_url.xlsx,Product
CAP_9610193B4C2D,Capability,全数字计算阵列,全数字计算阵列,company-info_with_url.xlsx,Capability
CAP_DF9271B96461,Capability,RFSoC DFE for 5G NR,rfsoc dfe for 5g nr,company-info_with_url.xlsx,Capability
CAP_FB91EBE51AE0,Capability,AESA全数字阵列（传感+计算融合）,aesa全数字阵列（传感+计算融合）,company-info_with_url.xlsx,Capability
IND_996CB9CB672F,Industry,星间链,星间链,company-info_with_url.xlsx,Industry
IND_DD997A803EF6,Industry,智慧数据处理,智慧数据处理,company-info_with_url.xlsx,Industry
IND_05C26E6C7B49,Industry,通用人工智能微系统,通用人工智能微系统,company-info_with_url.xlsx,Industry
SCN_6B7F17397E52,Scenario,为用户提供AI微系统解决方案和ACT模块,为用户提供ai微系统解决方案和act模块,company-info_with_url.xlsx,Scenario
SCN_F356D5821422,Scenario,提供AGI解决方案和ACT模块,提供agi解决方案和act模块,company-info_with_url.xlsx,Scenario
SCN_48813A2E306C,Scenario,通过AGI蜻蜓1号生成AIGC内容（如对空空目标,通过agi蜻蜓1号生成aigc内容（如对空空目标,company-info_with_url.xlsx,Scenario
SCN_2533E96AF038,Scenario,对地空目标生成个性化内容）,对地空目标生成个性化内容）,company-info_with_url.xlsx,Scenario
PROD_664CB10467FB,Product,适用于大规模绿色燃料生产的核心催化剂,适用于大规模绿色燃料生产的核心催化剂,company-info_with_url.xlsx,Product
PROD_9277698B9CDD,Product,工艺包,工艺包,company-info_with_url.xlsx,Product
PROD_4AF04B6ADCE7,Product,关键装备。2. 合成气制航空煤油技术（SAF）：高转化率（CO单程转化率84%）,关键装备。2. 合成气制航空煤油技术（saf）：高转化率（co单程转化率84%）,company-info_with_url.xlsx,Product
PROD_558113848B1D,Product,高选择性（航煤选择性67%）,高选择性（航煤选择性67%）,company-info_with_url.xlsx,Product
PROD_362BB6D84BD8,Product,高稳定性（>1000小时）,高稳定性（>1000小时）,company-info_with_url.xlsx,Product
PROD_B2F18C127C50,Product,一步合成（1-2步）。3. 二氧化碳加氢制甲醇技术：反应条件温和（230-250℃,一步合成（1-2步）。3. 二氧化碳加氢制甲醇技术：反应条件温和（230-250℃,company-info_with_url.xlsx,Product
PROD_1338A4A6703F,Product,5-8MPa）,5-8mpa）,company-info_with_url.xlsx,Product
PROD_6308C09D4E2E,Product,CO2转化率>90%,co2转化率>90%,company-info_with_url.xlsx,Product
PROD_9912E57EACD6,Product,甲醇选择性>97%。4. 生物质气流床气化技术：能量效率>80%,甲醇选择性>97%。4. 生物质气流床气化技术：能量效率>80%,company-info_with_url.xlsx,Product
PROD_18E9D166FEC0,Product,碳转化率100%,碳转化率100%,company-info_with_url.xlsx,Product
PROD_70B7C665D701,Product,无难处理废弃物,无难处理废弃物,company-info_with_url.xlsx,Product
CAP_DDEB5D6FBC26,Capability,1. 专有低碳技术,1. 专有低碳技术,company-info_with_url.xlsx,Capability
IND_90EA85E99A58,Industry,航空业（可持续航空燃料SAF）,航空业（可持续航空燃料saf）,company-info_with_url.xlsx,Industry
IND_BE1DE055CA8C,Industry,航海业（绿色甲醇）,航海业（绿色甲醇）,company-info_with_url.xlsx,Industry
IND_CAADB79D0BAD,Industry,也可用于汽车和燃料电池发电。,也可用于汽车和燃料电池发电。,company-info_with_url.xlsx,Industry
SCN_486F5A5D3127,Scenario,1. 为航空业提供可持续航空燃料（SAF）。2. 为航海业提供绿色甲醇作为碳中性替代燃料。3. 盐城30万吨绿色甲醇和20万吨可持续航煤项目（预计2026-2027年投产）。,1. 为航空业提供可持续航空燃料（saf）。2. 为航海业提供绿色甲醇作为碳中性替代燃料。3. 盐城30万吨绿色甲醇和20万吨可持续航煤项目（预计2026-2027年投产）。,company-info_with_url.xlsx,Scenario
IND_E8CAB8FDB50D,Industry,移动通信（手机）,移动通信（手机）,company-info_with_url.xlsx,Industry
SCN_69B3B605268C,Scenario,手机射频前端,手机射频前端,company-info_with_url.xlsx,Scenario
SCN_EF0D42D96F0B,Scenario,无人机射频前端,无人机射频前端,company-info_with_url.xlsx,Scenario
PROD_ECA864CBF5D7,Product,升力系统弹性元件,升力系统弹性元件,company-info_with_url.xlsx,Product
PROD_84455E2B2CDB,Product,航发隔振器,航发隔振器,company-info_with_url.xlsx,Product
PROD_963A29B30625,Product,高阻尼减振器）,高阻尼减振器）,company-info_with_url.xlsx,Product
PROD_ABF8851D6797,Product,柔性橡胶封严板,柔性橡胶封严板,company-info_with_url.xlsx,Product
PROD_4F4C7D7361F9,Product,航空密封剂,航空密封剂,company-info_with_url.xlsx,Product
PROD_C8F0D107C8C7,Product,电磁屏蔽密封型材,电磁屏蔽密封型材,company-info_with_url.xlsx,Product
PROD_1169BA6E6B7B,Product,风机叶片防侵蚀材料,风机叶片防侵蚀材料,company-info_with_url.xlsx,Product
CAP_56DF1FE706B2,Capability,高阻尼,高阻尼,company-info_with_url.xlsx,Capability
CAP_C975FEECBBD8,Capability,耐疲劳,耐疲劳,company-info_with_url.xlsx,Capability
CAP_A44DD7B6622B,Capability,抗辐射,抗辐射,company-info_with_url.xlsx,Capability
CAP_9EFBA267574B,Capability,耐高温等橡胶材料核心技术,耐高温等橡胶材料核心技术,company-info_with_url.xlsx,Capability
CAP_9E172DEB08E5,Capability,橡胶减振器（,橡胶减振器（,company-info_with_url.xlsx,Capability
IND_1092B9A44C3E,Industry,武器装备行业（军用飞机,武器装备行业（军用飞机,company-info_with_url.xlsx,Industry
IND_99D860947B3B,Industry,直升机,直升机,company-info_with_url.xlsx,Industry
IND_0714EB2024D8,Industry,火炮,火炮,company-info_with_url.xlsx,Industry
IND_516877E1C694,Industry,舰艇,舰艇,company-info_with_url.xlsx,Industry
IND_FB311F892CDB,Industry,坦克）,坦克）,company-info_with_url.xlsx,Industry
IND_ACAAAE69BB1C,Industry,民用航空（C919,民用航空（c919,company-info_with_url.xlsx,Industry
IND_61A03409D57A,Industry,C929）,c929）,company-info_with_url.xlsx,Industry
IND_6C19C34CC2B1,Industry,核电站,核电站,company-info_with_url.xlsx,Industry
SCN_4EAD24159669,Scenario,军用：直升机旋翼系统弹性元件,军用：直升机旋翼系统弹性元件,company-info_with_url.xlsx,Scenario
SCN_02F620FAB1AA,Scenario,涡桨,涡桨,company-info_with_url.xlsx,Scenario
SCN_659A82896FCD,Scenario,涡轴,涡轴,company-info_with_url.xlsx,Scenario
SCN_7B9F6C1A1DEC,Scenario,涡扇,涡扇,company-info_with_url.xlsx,Scenario
SCN_4D870674760E,Scenario,活塞发动机隔振系统,活塞发动机隔振系统,company-info_with_url.xlsx,Scenario
SCN_A094C022DBC8,Scenario,APU隔振系统,apu隔振系统,company-info_with_url.xlsx,Scenario
SCN_E4BE9B3117EF,Scenario,惯导减振,惯导减振,company-info_with_url.xlsx,Scenario
SCN_D3FE6587D432,Scenario,光电转塔减振,光电转塔减振,company-info_with_url.xlsx,Scenario
SCN_CED4EBB19E99,Scenario,机载仪表减振,机载仪表减振,company-info_with_url.xlsx,Scenario
SCN_A75F7DD344D6,Scenario,火炮火控缓冲,火炮火控缓冲,company-info_with_url.xlsx,Scenario
SCN_20372FFE4BBE,Scenario,导弹精度控制,导弹精度控制,company-info_with_url.xlsx,Scenario
SCN_489720F6C286,Scenario,舰艇航行安全,舰艇航行安全,company-info_with_url.xlsx,Scenario
SCN_35FE3BEFE333,Scenario,飞行器安全,飞行器安全,company-info_with_url.xlsx,Scenario
SCN_6516667D3238,Scenario,电磁屏蔽密封。民用：高铁减振,电磁屏蔽密封。民用：高铁减振,company-info_with_url.xlsx,Scenario
SCN_F25D08276CA7,Scenario,风电减振,风电减振,company-info_with_url.xlsx,Scenario
SCN_C571E02C2626,Scenario,民用飞机减振,民用飞机减振,company-info_with_url.xlsx,Scenario
SCN_0EAAE29F2CEA,Scenario,商用发动机减振,商用发动机减振,company-info_with_url.xlsx,Scenario
SCN_CFA721FE61D7,Scenario,核电站管路减振,核电站管路减振,company-info_with_url.xlsx,Scenario
SCN_9A96FEAD8747,Scenario,铁路减振。,铁路减振。,company-info_with_url.xlsx,Scenario
CUS_CC4E520B0EF2,Customer,军方,军方,company-info_with_url.xlsx,Customer
CUS_61E18050C558,Customer,各科研院所,各科研院所,company-info_with_url.xlsx,Customer
CUS_CBCD47808E30,Customer,飞机制造厂商（提及中航无人机）,飞机制造厂商（提及中航无人机）,company-info_with_url.xlsx,Customer
CUS_73E5B8A0A231,Customer,彩虹系列无人机,彩虹系列无人机,company-info_with_url.xlsx,Customer
CUS_47358D7D9014,Customer,山河航空等,山河航空等,company-info_with_url.xlsx,Customer
CAP_01197F59EAD1,Capability,XJ-T系列触觉传感器（Gen1,xj-t系列触觉传感器（gen1,company-info_with_url.xlsx,Capability
CAP_31814C73ACFF,Capability,Gen2,gen2,company-info_with_url.xlsx,Capability
CAP_AC022F7D6181,Capability,Gen3,gen3,company-info_with_url.xlsx,Capability
CAP_359DEFE63C99,Capability,Gen5开发中）,gen5开发中）,company-info_with_url.xlsx,Capability
CAP_F375D1EE1CF2,Capability,XJ-T Array系列触觉传感器阵列,xj-t array系列触觉传感器阵列,company-info_with_url.xlsx,Capability
IND_178E9FD5BF76,Industry,机器人（工业,机器人（工业,company-info_with_url.xlsx,Industry
IND_4F16D0C44BEE,Industry,民用,民用,company-info_with_url.xlsx,Industry
IND_CDBF7B1E57AC,Industry,农业）,农业）,company-info_with_url.xlsx,Industry
IND_5A0D317BC821,Industry,智能可穿戴设备,智能可穿戴设备,company-info_with_url.xlsx,Industry
SCN_2BD1B2C594EF,Scenario,机器人灵巧手触觉感知,机器人灵巧手触觉感知,company-info_with_url.xlsx,Scenario
SCN_5B2F5ABEB579,Scenario,柔性电子皮肤,柔性电子皮肤,company-info_with_url.xlsx,Scenario
SCN_86D3BE4AEEBB,Scenario,触觉手套,触觉手套,company-info_with_url.xlsx,Scenario
SCN_2D35A37CAE1E,Scenario,航天服触觉感知,航天服触觉感知,company-info_with_url.xlsx,Scenario
SCN_8F8165803BED,Scenario,下一代智能可穿戴设备（取代鼠标,下一代智能可穿戴设备（取代鼠标,company-info_with_url.xlsx,Scenario
SCN_444D15E7E39D,Scenario,妙控板,妙控板,company-info_with_url.xlsx,Scenario
SCN_22A552DE4DC2,Scenario,手柄,手柄,company-info_with_url.xlsx,Scenario
SCN_1EDDFEF571C4,Scenario,智能指环,智能指环,company-info_with_url.xlsx,Scenario
SCN_9AEC7F2B0DDA,Scenario,运动手表等）,运动手表等）,company-info_with_url.xlsx,Scenario
DEM_B817E2973FF4,DemandTag,天使轮融资500万元（用于搭建Gen2.5小试产线,天使轮融资500万元（用于搭建gen2.5小试产线,company-info_with_url.xlsx,DemandTag
DEM_DF27E7251690,DemandTag,完成市场验证）,完成市场验证）,company-info_with_url.xlsx,DemandTag
DEM_A8EA56F6D884,DemandTag,Pre-A轮融资1000万元（用于搭建Gen3中试产线,pre-a轮融资1000万元（用于搭建gen3中试产线,company-info_with_url.xlsx,DemandTag
DEM_9042399CE3BE,DemandTag,获得批量订单）,获得批量订单）,company-info_with_url.xlsx,DemandTag
PROD_9337E12446BB,Product,EDIT平台,edit平台,company-info_with_url.xlsx,Product
PROD_A169D1D6F13B,Product,新CRISPR-Cas蛋白的挖掘与优化,新crispr-cas蛋白的挖掘与优化,company-info_with_url.xlsx,Product
PROD_3B1AB17E3D1D,Product,新脱氨酶作为Base editor的挖掘与优化,新脱氨酶作为base editor的挖掘与优化,company-info_with_url.xlsx,Product
PROD_F2C2892A202E,Product,全新无CRISPR的碱基编辑,全新无crispr的碱基编辑,company-info_with_url.xlsx,Product
PROD_11F3CC60DC98,Product,SEED平台）,seed平台）,company-info_with_url.xlsx,Product
PROD_CAEE16D9B81F,Product,产品管线包括小麦,产品管线包括小麦,company-info_with_url.xlsx,Product
PROD_FA4DF92BEDB7,Product,大豆,大豆,company-info_with_url.xlsx,Product
PROD_BA8F7662123B,Product,水稻,水稻,company-info_with_url.xlsx,Product
PROD_2FF31D7A98DF,Product,玉米,玉米,company-info_with_url.xlsx,Product
PROD_5A352FCF8697,Product,果蔬等作物的基因编辑育种,果蔬等作物的基因编辑育种,company-info_with_url.xlsx,Product
CAP_257E77967300,Capability,SEEDIT™技术平台（,seedit™技术平台（,company-info_with_url.xlsx,Capability
IND_825443AA26B5,Industry,农业（基因编辑育种）,农业（基因编辑育种）,company-info_with_url.xlsx,Industry
PROD_500A6207230D,Product,GI-001（针对DLBCL适应症）和GI-002（针对MM适应症）,gi-001（针对dlbcl适应症）和gi-002（针对mm适应症）,company-info_with_url.xlsx,Product
CAP_9ACBF63A6D30,Capability,体内CAR-T细胞疗法技术平台,体内car-t细胞疗法技术平台,company-info_with_url.xlsx,Capability
CAP_514EBD98B8D7,Capability,包括降低抗原遮蔽效应平台,包括降低抗原遮蔽效应平台,company-info_with_url.xlsx,Capability
CAP_7F32665DA87B,Capability,囊膜蛋白改造平台,囊膜蛋白改造平台,company-info_with_url.xlsx,Capability
CAP_00E854AF1281,Capability,绝缘子安全性平台,绝缘子安全性平台,company-info_with_url.xlsx,Capability
CAP_7E54DFB5D70A,Capability,高效瞬时递送平台。具体管线,高效瞬时递送平台。具体管线,company-info_with_url.xlsx,Capability
IND_336A3BF15E86,Industry,具体为细胞和基因治疗（CGT）领域,具体为细胞和基因治疗（cgt）领域,company-info_with_url.xlsx,Industry
IND_8FE71327DA54,Industry,聚焦于CAR-T细胞疗法。,聚焦于car-t细胞疗法。,company-info_with_url.xlsx,Industry
SCN_9EFEEC49C8F4,Scenario,针对血液瘤（如弥漫大B细胞淋巴瘤DLBCL,针对血液瘤（如弥漫大b细胞淋巴瘤dlbcl,company-info_with_url.xlsx,Scenario
SCN_4249FF28CFEE,Scenario,多发性骨髓瘤MM）和自身免疫病（如系统性红斑狼疮SLE）的治疗。,多发性骨髓瘤mm）和自身免疫病（如系统性红斑狼疮sle）的治疗。,company-info_with_url.xlsx,Scenario
PROD_7A5A7A5BD7C9,Product,硅光集成芯片,硅光集成芯片,company-info_with_url.xlsx,Product
PROD_86C20900865B,Product,固态激光雷达发射,固态激光雷达发射,company-info_with_url.xlsx,Product
PROD_53A3186C2733,Product,接收光引擎芯片,接收光引擎芯片,company-info_with_url.xlsx,Product
PROD_12887D036909,Product,FMCW激光雷达扫描芯片,fmcw激光雷达扫描芯片,company-info_with_url.xlsx,Product
PROD_1AF96742748D,Product,光通信硅光芯片。,光通信硅光芯片。,company-info_with_url.xlsx,Product
CAP_A1D918BB4FF9,Capability,硅光子集成技术,硅光子集成技术,company-info_with_url.xlsx,Capability
CAP_4E66094DEA93,Capability,FMCW（调频连续波）激光雷达芯片技术,fmcw（调频连续波）激光雷达芯片技术,company-info_with_url.xlsx,Capability
CAP_3C869347341F,Capability,光学相控阵（OPA）技术,光学相控阵（opa）技术,company-info_with_url.xlsx,Capability
CAP_C097874F98C4,Capability,光电芯片设计与封装测试技术。,光电芯片设计与封装测试技术。,company-info_with_url.xlsx,Capability
IND_A47503F51759,Industry,数据中心。,数据中心。,company-info_with_url.xlsx,Industry
SCN_569DCF2C8AE2,Scenario,车载高级辅助驾驶（ADAS）与自动驾驶避障导航,车载高级辅助驾驶（adas）与自动驾驶避障导航,company-info_with_url.xlsx,Scenario
SCN_50711D9E06AE,Scenario,工业机器视觉,工业机器视觉,company-info_with_url.xlsx,Scenario
SCN_C0C925491FB2,Scenario,数据中心内部高速数据传输。,数据中心内部高速数据传输。,company-info_with_url.xlsx,Scenario
CUS_B457976C9519,Customer,无（具体名单未公开,无（具体名单未公开,company-info_with_url.xlsx,Customer
CUS_85A5768FA3C0,Customer,主要面向自动驾驶Tier 1,主要面向自动驾驶tier 1,company-info_with_url.xlsx,Customer
CUS_E2DACA66D2F5,Customer,激光雷达整机厂商,激光雷达整机厂商,company-info_with_url.xlsx,Customer
CUS_186C10D5AFEE,Customer,光通信模块厂商）。,光通信模块厂商）。,company-info_with_url.xlsx,Customer
DEM_39AE11D29D17,DemandTag,1. 产业资本： 用于支付高昂的流片费用及研发投入,1. 产业资本： 用于支付高昂的流片费用及研发投入,company-info_with_url.xlsx,DemandTag
DEM_54FFFA88B659,DemandTag,2. 客户资源： 车企或Tier 1的联合开发项目（定点合作）以加速场景验证,2. 客户资源： 车企或tier 1的联合开发项目（定点合作）以加速场景验证,company-info_with_url.xlsx,DemandTag
DEM_23355B7DF4B3,DemandTag,3. 供应链： 稳定的硅光晶圆代工产能与先进制程支持。,3. 供应链： 稳定的硅光晶圆代工产能与先进制程支持。,company-info_with_url.xlsx,DemandTag
PROD_E64278FCFB99,Product,一代光子晶体表面发射激光器（PCSEL）的芯片级器件开发,一代光子晶体表面发射激光器（pcsel）的芯片级器件开发,company-info_with_url.xlsx,Product
CAP_6C1163991DAB,Capability,光子晶体表面发射激光器（PCSEL）,光子晶体表面发射激光器（pcsel）,company-info_with_url.xlsx,Capability
IND_6ACAC5977875,Industry,车载,车载,company-info_with_url.xlsx,Industry
SCN_2B752E03074C,Scenario,车辆环境感知,车辆环境感知,company-info_with_url.xlsx,Scenario
SCN_CF226D565995,Scenario,机器人避障导航,机器人避障导航,company-info_with_url.xlsx,Scenario
SCN_7303C951218A,Scenario,工业设备测距定位,工业设备测距定位,company-info_with_url.xlsx,Scenario
SCN_696B63A51291,Scenario,智慧园区感知,智慧园区感知,company-info_with_url.xlsx,Scenario
DEM_13E1F3D9FA9B,DemandTag,头部客户测试机会,头部客户测试机会,company-info_with_url.xlsx,DemandTag
DEM_AEFE475364BF,DemandTag,产业资本,产业资本,company-info_with_url.xlsx,DemandTag
DEM_1414D64FA730,DemandTag,量产供应链资源,量产供应链资源,company-info_with_url.xlsx,DemandTag
DEM_89F4844EA067,DemandTag,行业渠道合作伙伴,行业渠道合作伙伴,company-info_with_url.xlsx,DemandTag
DEM_BEC8958C106C,DemandTag,标杆项目落地场景,标杆项目落地场景,company-info_with_url.xlsx,DemandTag
PROD_27AE22147AF4,Product,3.2T,3.2t,company-info_with_url.xlsx,Product
PROD_63B447D88999,Product,6.4T 光引擎原型,6.4t 光引擎原型,company-info_with_url.xlsx,Product
CAP_5124D6A89C31,Capability,基于微环调制器的硅光芯片与 CMOS 电芯片协同开发,基于微环调制器的硅光芯片与 cmos 电芯片协同开发,company-info_with_url.xlsx,Capability
IND_6B863CC0EE93,Industry,人工智能算力,人工智能算力,company-info_with_url.xlsx,Industry
IND_A140984B89A5,Industry,科研计算,科研计算,company-info_with_url.xlsx,Industry
IND_73B10A6F31D9,Industry,边缘智能,边缘智能,company-info_with_url.xlsx,Industry
SCN_76B1E4C4FFD9,Scenario,AI大模型训练与推理加速,ai大模型训练与推理加速,company-info_with_url.xlsx,Scenario
SCN_71587E18F26E,Scenario,矩阵运算加速,矩阵运算加速,company-info_with_url.xlsx,Scenario
SCN_FB67B9A9191B,Scenario,低功耗高带宽计算,低功耗高带宽计算,company-info_with_url.xlsx,Scenario
SCN_C99DB05D1F14,Scenario,数据中心内部光互连与算力优化,数据中心内部光互连与算力优化,company-info_with_url.xlsx,Scenario
PROD_193D62FC0A64,Product,工业激光器,工业激光器,company-info_with_url.xlsx,Product
PROD_C4DFB3354DE9,Product,激光加工设备,激光加工设备,company-info_with_url.xlsx,Product
PROD_C3D58B7859A7,Product,激光打标,激光打标,company-info_with_url.xlsx,Product
PROD_7721AF2BAF6B,Product,切割,切割,company-info_with_url.xlsx,Product
PROD_9E033BE886C2,Product,焊接相关系统,焊接相关系统,company-info_with_url.xlsx,Product
PROD_20C844FF386D,Product,定制化激光应用解决方案,定制化激光应用解决方案,company-info_with_url.xlsx,Product
CAP_EE582E2BD431,Capability,激光器设计与制造,激光器设计与制造,company-info_with_url.xlsx,Capability
CAP_917067073B05,Capability,激光精密加工,激光精密加工,company-info_with_url.xlsx,Capability
CAP_A2054F6BCEF3,Capability,激光光学系统集成,激光光学系统集成,company-info_with_url.xlsx,Capability
CAP_F0B7770BEF66,Capability,激光控制与应用技术,激光控制与应用技术,company-info_with_url.xlsx,Capability
IND_095B4506CBE2,Industry,精密加工,精密加工,company-info_with_url.xlsx,Industry
IND_4A93A5582E64,Industry,电子制造,电子制造,company-info_with_url.xlsx,Industry
IND_F18909554E2B,Industry,装备制造,装备制造,company-info_with_url.xlsx,Industry
SCN_480FE01D11A0,Scenario,金属切割,金属切割,company-info_with_url.xlsx,Scenario
SCN_A3C021FC1675,Scenario,激光焊接,激光焊接,company-info_with_url.xlsx,Scenario
SCN_A406B6D49B4C,Scenario,打标雕刻,打标雕刻,company-info_with_url.xlsx,Scenario
SCN_DCAF95E5A54E,Scenario,精密微加工,精密微加工,company-info_with_url.xlsx,Scenario
SCN_E5C952768840,Scenario,工业生产线集成应用,工业生产线集成应用,company-info_with_url.xlsx,Scenario
DEM_4CDC1702EA60,DemandTag,产业客户资源,产业客户资源,company-info_with_url.xlsx,DemandTag
DEM_4BC903AEBB37,DemandTag,渠道合作伙伴,渠道合作伙伴,company-info_with_url.xlsx,DemandTag
DEM_2BCCD2E82BA1,DemandTag,核心器件供应链,核心器件供应链,company-info_with_url.xlsx,DemandTag
DEM_F88E4E22382A,DemandTag,标杆项目落地机会,标杆项目落地机会,company-info_with_url.xlsx,DemandTag
PROD_CCBAB580A7EE,Product,光电传感器,光电传感器,company-info_with_url.xlsx,Product
PROD_D7084F701E16,Product,激光测距,激光测距,company-info_with_url.xlsx,Product
PROD_4CB15BE1235D,Product,探测模组,探测模组,company-info_with_url.xlsx,Product
PROD_A43FC6F6D021,Product,智能感知设备,智能感知设备,company-info_with_url.xlsx,Product
PROD_4A4A67F138EC,Product,行业定制化光电解决方案,行业定制化光电解决方案,company-info_with_url.xlsx,Product
CAP_FD051D16B5E7,Capability,光电探测,光电探测,company-info_with_url.xlsx,Capability
CAP_060C74112063,Capability,激光测量,激光测量,company-info_with_url.xlsx,Capability
CAP_5D0A117E9B02,Capability,传感,传感,company-info_with_url.xlsx,Capability
CAP_74C69DA38946,Capability,光学系统设计,光学系统设计,company-info_with_url.xlsx,Capability
CAP_F18EEC2C52FB,Capability,信号处理与智能感知集成技术,信号处理与智能感知集成技术,company-info_with_url.xlsx,Capability
SCN_0028716845C7,Scenario,距离测量,距离测量,company-info_with_url.xlsx,Scenario
SCN_5961E0ADAFC0,Scenario,目标探测,目标探测,company-info_with_url.xlsx,Scenario
SCN_ED8333C86772,Scenario,设备感知,设备感知,company-info_with_url.xlsx,Scenario
SCN_AE1C094F6625,Scenario,工业定位,工业定位,company-info_with_url.xlsx,Scenario
SCN_B9565A5B13EB,Scenario,环境监测,环境监测,company-info_with_url.xlsx,Scenario
DEM_54D83FA96328,DemandTag,应用场景落地机会,应用场景落地机会,company-info_with_url.xlsx,DemandTag
PROD_FE7535988998,Product,激光打标设备,激光打标设备,company-info_with_url.xlsx,Product
PROD_695750B134AC,Product,激光切割设备,激光切割设备,company-info_with_url.xlsx,Product
PROD_47679E332237,Product,激光焊接设备,激光焊接设备,company-info_with_url.xlsx,Product
PROD_E01129F2EA13,Product,定制化激光加工解决方案,定制化激光加工解决方案,company-info_with_url.xlsx,Product
CAP_5FDCDBA9F24B,Capability,激光器研发与制造,激光器研发与制造,company-info_with_url.xlsx,Capability
CAP_8A6FDE047F32,Capability,激光精密加工技术,激光精密加工技术,company-info_with_url.xlsx,Capability
CAP_5B62F858FFA7,Capability,控制系统开发,控制系统开发,company-info_with_url.xlsx,Capability
IND_585D9E2FBBEC,Industry,金属加工,金属加工,company-info_with_url.xlsx,Industry
SCN_80B0F0033F1A,Scenario,精密打标,精密打标,company-info_with_url.xlsx,Scenario
SCN_902F5CD84F25,Scenario,焊接加工,焊接加工,company-info_with_url.xlsx,Scenario
SCN_08D4D6A02CB6,Scenario,电子器件加工,电子器件加工,company-info_with_url.xlsx,Scenario
SCN_A1E35B74C73C,Scenario,产线自动化配套,产线自动化配套,company-info_with_url.xlsx,Scenario
DEM_645BD3E8329A,DemandTag,标杆项目机会,标杆项目机会,company-info_with_url.xlsx,DemandTag
PROD_475FF22CCA4B,Product,PIC 混合集成芯片,pic 混合集成芯片,company-info_with_url.xlsx,Product
PROD_9D69DBB745D2,Product,40Gbps 和 100Gbps TOSA,40gbps 和 100gbps tosa,company-info_with_url.xlsx,Product
PROD_109F425EA059,Product,ROSA,rosa,company-info_with_url.xlsx,Product
CAP_09A219BDF4C0,Capability,PIC 技术的高速率小型化光器件,pic 技术的高速率小型化光器件,company-info_with_url.xlsx,Capability
IND_E2ADE6E9556C,Industry,工业通信,工业通信,company-info_with_url.xlsx,Industry
SCN_8E66037E8005,Scenario,高速数据传输,高速数据传输,company-info_with_url.xlsx,Scenario
SCN_CF445DB3EF7E,Scenario,设备间光互连,设备间光互连,company-info_with_url.xlsx,Scenario
SCN_7026C4724596,Scenario,通信网络建设,通信网络建设,company-info_with_url.xlsx,Scenario
SCN_5230D9E26369,Scenario,数据中心传输,数据中心传输,company-info_with_url.xlsx,Scenario
PROD_7771308C9D9A,Product,AR 眼镜,ar 眼镜,company-info_with_url.xlsx,Product
PROD_B0F3BF10DC3C,Product,智能近眼显示终端,智能近眼显示终端,company-info_with_url.xlsx,Product
PROD_E1ED0C21D02F,Product,全息光波导光学元件,全息光波导光学元件,company-info_with_url.xlsx,Product
PROD_A429574429D4,Product,结合其自研光引擎开发出用于近眼显示的光学模组,结合其自研光引擎开发出用于近眼显示的光学模组,company-info_with_url.xlsx,Product
CAP_58B791200139,Capability,全息光波导和光引擎设计制作能力,全息光波导和光引擎设计制作能力,company-info_with_url.xlsx,Capability
IND_6B28ECA2581D,Industry,工业维修,工业维修,company-info_with_url.xlsx,Industry
IND_7FD29B23A6B2,Industry,文旅以及个人消费电子,文旅以及个人消费电子,company-info_with_url.xlsx,Industry
PROD_3010FB49CC35,Product,VCSEL芯片,vcsel芯片,company-info_with_url.xlsx,Product
PROD_2D01768F3599,Product,ToF,tof,company-info_with_url.xlsx,Product
PROD_80DEBEE807E1,Product,结构光光源模组,结构光光源模组,company-info_with_url.xlsx,Product
PROD_009DEEBB90B0,Product,激光雷达光源,激光雷达光源,company-info_with_url.xlsx,Product
PROD_A96ECD2DB61C,Product,光电传感模组,光电传感模组,company-info_with_url.xlsx,Product
CAP_647D99A8F117,Capability,光学透镜设计,光学透镜设计,company-info_with_url.xlsx,Capability
CAP_096CE1350567,Capability,光电集成封装,光电集成封装,company-info_with_url.xlsx,Capability
CAP_354305809E71,Capability,晶圆级测试及全量测试技术（“半导体+光学”全栈技术）,晶圆级测试及全量测试技术（“半导体+光学”全栈技术）,company-info_with_url.xlsx,Capability
IND_8BC4861988F8,Industry,AIoT智能家居,aiot智能家居,company-info_with_url.xlsx,Industry
CUS_16EB16F24706,Customer,消费电子终端,消费电子终端,company-info_with_url.xlsx,Customer
CUS_746728B40700,Customer,智能汽车（Tier1及整车厂）,智能汽车（tier1及整车厂）,company-info_with_url.xlsx,Customer
CUS_7E3B86D3E0BB,Customer,扫地机器人,扫地机器人,company-info_with_url.xlsx,Customer
CUS_7CC163E5E246,Customer,智能门锁品牌,智能门锁品牌,company-info_with_url.xlsx,Customer
CUS_308CA80D5C16,Customer,工业视觉设备商,工业视觉设备商,company-info_with_url.xlsx,Customer
SUP_73158FAF35D8,Supplier,砷化镓,砷化镓,company-info_with_url.xlsx,Supplier
SUP_70365F3D87BD,Supplier,外延片大厂,外延片大厂,company-info_with_url.xlsx,Supplier
SUP_DF7A1DB86DBB,Supplier,化合物半导体晶圆代工厂（如稳懋等）,化合物半导体晶圆代工厂（如稳懋等）,company-info_with_url.xlsx,Supplier
SUP_A600F8125142,Supplier,封测材料与设备供应商,封测材料与设备供应商,company-info_with_url.xlsx,Supplier
DEM_4F7DFD48974E,DemandTag,智能汽车头部客户定点,智能汽车头部客户定点,company-info_with_url.xlsx,DemandTag
DEM_E5F3AA561A4D,DemandTag,消费电子大客户放量订单,消费电子大客户放量订单,company-info_with_url.xlsx,DemandTag
DEM_9FC560AEA8C6,DemandTag,下一代技术（如多结,下一代技术（如多结,company-info_with_url.xlsx,DemandTag
DEM_30F6903B3491,DemandTag,长波长）研发资金及产业生态合作,长波长）研发资金及产业生态合作,company-info_with_url.xlsx,DemandTag
PROD_F8B60F2CD934,Product,空间光调制器为核心的三大产品系列,空间光调制器为核心的三大产品系列,company-info_with_url.xlsx,Product
PROD_8B2FABFB6E33,Product,方形大靶面液晶空间光调制器,方形大靶面液晶空间光调制器,company-info_with_url.xlsx,Product
CAP_5F247414C224,Capability,光场调控技术,光场调控技术,company-info_with_url.xlsx,Capability
CAP_5B9D863D5854,Capability,光学载荷可靠性测试技术,光学载荷可靠性测试技术,company-info_with_url.xlsx,Capability
CAP_1EBE3FF61505,Capability,超快激光控制等技术,超快激光控制等技术,company-info_with_url.xlsx,Capability
IND_55DB2ADE3EA6,Industry,仿真测试,仿真测试,company-info_with_url.xlsx,Industry
IND_9AA080846B0A,Industry,激光加工,激光加工,company-info_with_url.xlsx,Industry
PROD_A5C174991870,Product,自动光学检测设备,自动光学检测设备,company-info_with_url.xlsx,Product
PROD_B679189B4EE2,Product,PL光致荧光分选机,pl光致荧光分选机,company-info_with_url.xlsx,Product
PROD_B937980894A1,Product,金属有机化学气相沉积设备以及医用光学设备,金属有机化学气相沉积设备以及医用光学设备,company-info_with_url.xlsx,Product
CAP_16EC2AC9741B,Capability,自动光学检测光学设备制造,自动光学检测光学设备制造,company-info_with_url.xlsx,Capability
PROD_52FC298A10D8,Product,光电倍增管,光电倍增管,company-info_with_url.xlsx,Product
PROD_CD1DBC82A521,Product,电子轰击成像型光电器件,电子轰击成像型光电器件,company-info_with_url.xlsx,Product
CAP_D4017AB4ED62,Capability,光电子器件,光电子器件,company-info_with_url.xlsx,Capability
CAP_ACFACC686AEF,Capability,传感器产业,传感器产业,company-info_with_url.xlsx,Capability
PROD_13595F0141C2,Product,zkinter+多光谱火焰探测器+ZR-FD,zkinter+多光谱火焰探测器+zr-fd,company-info_with_url.xlsx,Product
PROD_3BB87F6EC381,Product,zkinter+高光谱成像仪+ZR-HYI,zkinter+高光谱成像仪+zr-hyi,company-info_with_url.xlsx,Product
PROD_0BD2EF0E621F,Product,zkinter+多光谱摄像机+ZR-MUC,zkinter+多光谱摄像机+zr-muc,company-info_with_url.xlsx,Product
CAP_8BCFDF5EB9F2,Capability,一种“谱像合一”的新型图谱融合技术,一种“谱像合一”的新型图谱融合技术,company-info_with_url.xlsx,Capability
CAP_D6D8611ADC43,Capability,它不仅能得到景物空间信息,它不仅能得到景物空间信息,company-info_with_url.xlsx,Capability
CAP_40F823B2CC92,Capability,还能得到景物的光谱信息,还能得到景物的光谱信息,company-info_with_url.xlsx,Capability
CAP_B6CB03356BD1,Capability,分析得到物质的组成成份,分析得到物质的组成成份,company-info_with_url.xlsx,Capability
IND_0E93DA3857CB,Industry,石油,石油,company-info_with_url.xlsx,Industry
IND_C82ADEABE1DC,Industry,考古,考古,company-info_with_url.xlsx,Industry
IND_ACF46EE6455F,Industry,大气气象,大气气象,company-info_with_url.xlsx,Industry
IND_B767F5686CC2,Industry,环境监测及食品安全,环境监测及食品安全,company-info_with_url.xlsx,Industry
SCN_C65F0D13794C,Scenario,成分分析,成分分析,company-info_with_url.xlsx,Scenario
SCN_3F6240567E30,Scenario,材料识别,材料识别,company-info_with_url.xlsx,Scenario
SCN_944F8788CE3F,Scenario,品质检测,品质检测,company-info_with_url.xlsx,Scenario
SCN_83FD6B11CB08,Scenario,环境参数监测,环境参数监测,company-info_with_url.xlsx,Scenario
SCN_2DF9D22F35AF,Scenario,实验分析,实验分析,company-info_with_url.xlsx,Scenario
DEM_36AE38C1AD4C,DemandTag,场景验证机会,场景验证机会,company-info_with_url.xlsx,DemandTag
DEM_6B62B27D3132,DemandTag,行业客户资源,行业客户资源,company-info_with_url.xlsx,DemandTag
DEM_D38A7275029E,DemandTag,产学研合作,产学研合作,company-info_with_url.xlsx,DemandTag
PROD_B1B8C0901E4B,Product,医用红外成像仪产品,医用红外成像仪产品,company-info_with_url.xlsx,Product
CAP_0ED17DC8DE96,Capability,医疗,医疗,company-info_with_url.xlsx,Capability
CAP_6ADEDA3F8303,Capability,数字红外成像技术,数字红外成像技术,company-info_with_url.xlsx,Capability
PROD_F39C81412ED4,Product,数字展陈解决方案,数字展陈解决方案,company-info_with_url.xlsx,Product
PROD_6FAD12BA7330,Product,沉浸式艺术装置,沉浸式艺术装置,company-info_with_url.xlsx,Product
PROD_9ED3037BB4D6,Product,文旅演艺科技系统,文旅演艺科技系统,company-info_with_url.xlsx,Product
PROD_84124118E5F4,Product,数字内容与互动体验产品,数字内容与互动体验产品,company-info_with_url.xlsx,Product
CAP_0C48B99CD0CC,Capability,数字内容制作,数字内容制作,company-info_with_url.xlsx,Capability
CAP_F4D37F7BCA47,Capability,沉浸式交互,沉浸式交互,company-info_with_url.xlsx,Capability
CAP_D67863444CDB,Capability,多媒体集成,多媒体集成,company-info_with_url.xlsx,Capability
CAP_D3763BC32B86,Capability,文博数字化展示,文博数字化展示,company-info_with_url.xlsx,Capability
CAP_DA69F1F2CBD2,Capability,虚拟现实,虚拟现实,company-info_with_url.xlsx,Capability
CAP_35D391FF6E53,Capability,增强现实应用技术,增强现实应用技术,company-info_with_url.xlsx,Capability
IND_8062BD642D50,Industry,文旅,文旅,company-info_with_url.xlsx,Industry
IND_7DF106FDB1D7,Industry,文博,文博,company-info_with_url.xlsx,Industry
IND_FBC6BB219ECF,Industry,艺术展览,艺术展览,company-info_with_url.xlsx,Industry
IND_C4D57FB16890,Industry,城市文化空间,城市文化空间,company-info_with_url.xlsx,Industry
IND_98476CBE69B1,Industry,商业展示,商业展示,company-info_with_url.xlsx,Industry
IND_B5FC2614AF38,Industry,夜游经济,夜游经济,company-info_with_url.xlsx,Industry
SCN_63CDF592EDE6,Scenario,数字展馆,数字展馆,company-info_with_url.xlsx,Scenario
SCN_9BFCA2E1B47E,Scenario,沉浸式展演,沉浸式展演,company-info_with_url.xlsx,Scenario
SCN_3AB3D825F63D,Scenario,互动艺术,互动艺术,company-info_with_url.xlsx,Scenario
SCN_9174287C8C4E,Scenario,文化IP呈现,文化ip呈现,company-info_with_url.xlsx,Scenario
SCN_C220C5640C99,Scenario,文旅夜游项目,文旅夜游项目,company-info_with_url.xlsx,Scenario
CUS_7780943158A2,Customer,主要面向文旅景区,主要面向文旅景区,company-info_with_url.xlsx,Customer
CUS_B8369873EF06,Customer,博物馆,博物馆,company-info_with_url.xlsx,Customer
CUS_0CAD8B6352C1,Customer,美术馆,美术馆,company-info_with_url.xlsx,Customer
CUS_168702C42233,Customer,政府文化项目及商业综合体,政府文化项目及商业综合体,company-info_with_url.xlsx,Customer
SUP_EC9E5D49160F,Supplier,上游可能包括显示设备,上游可能包括显示设备,company-info_with_url.xlsx,Supplier
SUP_CB60438EC1D4,Supplier,投影设备,投影设备,company-info_with_url.xlsx,Supplier
SUP_387D739890A1,Supplier,音视频系统,音视频系统,company-info_with_url.xlsx,Supplier
SUP_27CB862A9033,Supplier,交互硬件,交互硬件,company-info_with_url.xlsx,Supplier
SUP_44059CC2DEBA,Supplier,软件开发与内容制作供应商,软件开发与内容制作供应商,company-info_with_url.xlsx,Supplier
DEM_BC7A809F0697,DemandTag,文旅项目资源,文旅项目资源,company-info_with_url.xlsx,DemandTag
DEM_EB01537B7BD7,DemandTag,政府与馆方客户,政府与馆方客户,company-info_with_url.xlsx,DemandTag
DEM_6DF9BC02B9C8,DemandTag,内容IP合作,内容ip合作,company-info_with_url.xlsx,DemandTag
DEM_39DE49966596,DemandTag,资金周转,资金周转,company-info_with_url.xlsx,DemandTag
DEM_4FD40936C07C,DemandTag,全国化渠道,全国化渠道,company-info_with_url.xlsx,DemandTag
PROD_915888B7510C,Product,HBT异质结双极型晶体管,hbt异质结双极型晶体管,company-info_with_url.xlsx,Product
PROD_CE0C24A194D3,Product,HEMT 高电子迁移率晶体管,hemt 高电子迁移率晶体管,company-info_with_url.xlsx,Product
PROD_80D719AFA0C5,Product,高亮度LED,高亮度led,company-info_with_url.xlsx,Product
PROD_F4522112707B,Product,蓝绿光半导体激光管,蓝绿光半导体激光管,company-info_with_url.xlsx,Product
PROD_C6DE0534D97F,Product,垂直腔面发射(VCSEL)光子芯片,垂直腔面发射(vcsel)光子芯片,company-info_with_url.xlsx,Product
PROD_0668E43A0C43,Product,DFB光子芯片,dfb光子芯片,company-info_with_url.xlsx,Product
PROD_5E0707AF8240,Product,EML光子芯片以及高亮度半导体激光芯片,eml光子芯片以及高亮度半导体激光芯片,company-info_with_url.xlsx,Product
CAP_BE65AB015BCA,Capability,专注于射频化合物半导体晶圆代工业务,专注于射频化合物半导体晶圆代工业务,company-info_with_url.xlsx,Capability
CAP_75268385E529,Capability,光子陀螺,光子陀螺,company-info_with_url.xlsx,Capability
SCN_8EC5A44A4161,Scenario,5G及未来无线通信,5g及未来无线通信,company-info_with_url.xlsx,Scenario
SCN_9FD9689D01DD,Scenario,射频集成电路,射频集成电路,company-info_with_url.xlsx,Scenario
PROD_B63268E17245,Product,高功率半导体激光元器件和原材料,高功率半导体激光元器件和原材料,company-info_with_url.xlsx,Product
PROD_0F4A1DD646C7,Product,激光光学元器件,激光光学元器件,company-info_with_url.xlsx,Product
PROD_46D55AFDFF59,Product,以及中游的光子应用模块,以及中游的光子应用模块,company-info_with_url.xlsx,Product
PROD_C3E7F5423612,Product,子系统的研发,子系统的研发,company-info_with_url.xlsx,Product
CAP_3C4A185C1334,Capability,高端激光光源整形和耦合 - 系统集成技术,高端激光光源整形和耦合 - 系统集成技术,company-info_with_url.xlsx,Capability
PROD_7682A9590C7B,Product,大功率连续波（CW）激光器芯片,大功率连续波（cw）激光器芯片,company-info_with_url.xlsx,Product
CAP_B71D502966A7,Capability,大功率连续波（CW）激光器芯片,大功率连续波（cw）激光器芯片,company-info_with_url.xlsx,Capability
IND_B36772727AA0,Industry,光电领域,光电领域,company-info_with_url.xlsx,Industry
IND_28FF1F35183A,Industry,光子,光子,company-info_with_url.xlsx,Industry
IND_33379D28759F,Industry,高端半导体激光芯片,高端半导体激光芯片,company-info_with_url.xlsx,Industry
IND_876C535596B2,Industry,光传输,光传输,company-info_with_url.xlsx,Industry
