:START_ID,from_label,:TYPE,:END_ID,to_label,raw_value,source_file,row_no
ENT_0AB66A53B61E,Enterprise,PROVIDES_PRODUCT,PROD_1474C24F2F7A,Product,硅光计算芯片,company-info_with_url.xlsx,293
ENT_0AB66A53B61E,Enterprise,HAS_CAPABILITY,CAP_9D56553140A0,Capability,硅光计算芯片技术,company-info_with_url.xlsx,293
ENT_0AB66A53B61E,Enterprise,SERVES_INDUSTRY,IND_C4BE1C92E4B9,Industry,人工智能芯片行业,company-info_with_url.xlsx,293
ENT_0AB66A53B61E,Enterprise,HAS_SUPPLIER,SUP_86E6B2A534AF,Supplier,光学计算芯片原材料供应商,company-info_with_url.xlsx,293
ENT_0AB66A53B61E,Enterprise,HAS_SUPPLIER,SUP_FA6936823350,Supplier,光调制器供应商,company-info_with_url.xlsx,293
ENT_0AB66A53B61E,Enterprise,HAS_SUPPLIER,SUP_F3700D4F7D75,Supplier,硅光子代工厂,company-info_with_url.xlsx,293
ENT_0AB66A53B61E,Enterprise,HAS_DEMAND,DEM_2845018AFC0E,DemandTag,本次融资用途（根据目录6.2）,company-info_with_url.xlsx,293
ENT_20B96F5CEBC2,Enterprise,PROVIDES_PRODUCT,PROD_0E653F23E622,Product,瞬态光学与光子学,company-info_with_url.xlsx,376
ENT_20B96F5CEBC2,Enterprise,PROVIDES_PRODUCT,PROD_B2418274420A,Product,空间光学遥感,company-info_with_url.xlsx,376
ENT_20B96F5CEBC2,Enterprise,PROVIDES_PRODUCT,PROD_3861ECFC3CD0,Product,干涉光谱成像,company-info_with_url.xlsx,376
ENT_20B96F5CEBC2,Enterprise,PROVIDES_PRODUCT,PROD_F1643425065A,Product,光电信息等,company-info_with_url.xlsx,376
ENT_20B96F5CEBC2,Enterprise,HAS_CAPABILITY,CAP_868BBCDDE363,Capability,湿插拔光电复合连接器（应用于水下1600米深度,company-info_with_url.xlsx,376
ENT_20B96F5CEBC2,Enterprise,HAS_CAPABILITY,CAP_AA8B88CBA4DD,Capability,已完成海试对接验证）,company-info_with_url.xlsx,376
ENT_20B96F5CEBC2,Enterprise,HAS_CAPABILITY,CAP_8E461EDF735F,Capability,基础光学,company-info_with_url.xlsx,376
ENT_20B96F5CEBC2,Enterprise,HAS_CAPABILITY,CAP_0C9DEC471EC8,Capability,空间光学,company-info_with_url.xlsx,376
ENT_20B96F5CEBC2,Enterprise,HAS_CAPABILITY,CAP_33CC37227DBD,Capability,光电工程技术,company-info_with_url.xlsx,376
ENT_20B96F5CEBC2,Enterprise,SERVES_INDUSTRY,IND_943110B8FC7C,Industry,海洋工程（海底观测网,company-info_with_url.xlsx,376
ENT_20B96F5CEBC2,Enterprise,SERVES_INDUSTRY,IND_32A9AACBA4F9,Industry,深海实验站,company-info_with_url.xlsx,376
ENT_20B96F5CEBC2,Enterprise,SERVES_INDUSTRY,IND_CD25606E82EB,Industry,油气钻采平台）,company-info_with_url.xlsx,376
ENT_20B96F5CEBC2,Enterprise,SERVES_INDUSTRY,IND_5462DE6EA50B,Industry,国防安全,company-info_with_url.xlsx,376
ENT_20B96F5CEBC2,Enterprise,SERVES_INDUSTRY,IND_044F195C235F,Industry,水下无人平台（高速通信,company-info_with_url.xlsx,376
ENT_20B96F5CEBC2,Enterprise,SERVES_INDUSTRY,IND_D7F86033CBDF,Industry,充电）。,company-info_with_url.xlsx,376
ENT_20B96F5CEBC2,Enterprise,APPLIES_TO_SCENARIO,SCN_7CC0110D5026,Scenario,1,company-info_with_url.xlsx,376
ENT_20B96F5CEBC2,Enterprise,APPLIES_TO_SCENARIO,SCN_621705916DD1,Scenario,海底观测网模块化布放的关键节点连接,company-info_with_url.xlsx,376
ENT_20B96F5CEBC2,Enterprise,APPLIES_TO_SCENARIO,SCN_1C7E515E22E7,Scenario,2,company-info_with_url.xlsx,376
ENT_20B96F5CEBC2,Enterprise,APPLIES_TO_SCENARIO,SCN_EF919791574A,Scenario,深海实验站设备连接,company-info_with_url.xlsx,376
ENT_20B96F5CEBC2,Enterprise,APPLIES_TO_SCENARIO,SCN_F0D896EA2C45,Scenario,3,company-info_with_url.xlsx,376
ENT_20B96F5CEBC2,Enterprise,APPLIES_TO_SCENARIO,SCN_7FAD00E7EC7A,Scenario,油气钻采平台水下设备连接,company-info_with_url.xlsx,376
ENT_20B96F5CEBC2,Enterprise,APPLIES_TO_SCENARIO,SCN_75F11F74B4AC,Scenario,4,company-info_with_url.xlsx,376
ENT_20B96F5CEBC2,Enterprise,APPLIES_TO_SCENARIO,SCN_9F6D12CDCD57,Scenario,水下无人平台的高速通信与充电接口。,company-info_with_url.xlsx,376
ENT_20B96F5CEBC2,Enterprise,HAS_CUSTOMER,CUS_A4253C6FEA35,Customer,海底观测网建设与运营方,company-info_with_url.xlsx,376
ENT_20B96F5CEBC2,Enterprise,HAS_CUSTOMER,CUS_FDE809688B51,Customer,海洋钻采平台,company-info_with_url.xlsx,376
ENT_20B96F5CEBC2,Enterprise,HAS_CUSTOMER,CUS_F5F8CC9FDED6,Customer,国家安全相关单位,company-info_with_url.xlsx,376
ENT_20B96F5CEBC2,Enterprise,HAS_SUPPLIER,SUP_6D5B3CDCCD2E,Supplier,暂无明确信息,company-info_with_url.xlsx,376
ENT_20B96F5CEBC2,Enterprise,HAS_DEMAND,DEM_C1984F4FEC2D,DemandTag,需要将“卡脖子”关键技术（如湿插拔连接器）进行大规模产业化所需的资金,company-info_with_url.xlsx,376
ENT_20B96F5CEBC2,Enterprise,HAS_DEMAND,DEM_D24E99588DDB,DemandTag,规模化生产管理经验,company-info_with_url.xlsx,376
ENT_20B96F5CEBC2,Enterprise,HAS_DEMAND,DEM_AE3A11878F14,DemandTag,成熟的市场渠道和供应链资源。,company-info_with_url.xlsx,376
ENT_864B324D6BEF,Enterprise,PROVIDES_PRODUCT,PROD_90EBCAB7CBC5,Product,微型智能无人直升机,company-info_with_url.xlsx,377
ENT_864B324D6BEF,Enterprise,PROVIDES_PRODUCT,PROD_92237FDBF950,Product,低成本智能无人机,company-info_with_url.xlsx,377
ENT_864B324D6BEF,Enterprise,PROVIDES_PRODUCT,PROD_8BD61D5A680F,Product,智能光电吊舱,company-info_with_url.xlsx,377
ENT_864B324D6BEF,Enterprise,PROVIDES_PRODUCT,PROD_436D1C27E999,Product,智能无人集群系统,company-info_with_url.xlsx,377
ENT_864B324D6BEF,Enterprise,PROVIDES_PRODUCT,PROD_6C6399077233,Product,智能任务计算单元等,company-info_with_url.xlsx,377
ENT_864B324D6BEF,Enterprise,HAS_CAPABILITY,CAP_F35D967B42D6,Capability,智能无人协同,company-info_with_url.xlsx,377
ENT_864B324D6BEF,Enterprise,HAS_CAPABILITY,CAP_A89E8B1130DB,Capability,人工智能计算,company-info_with_url.xlsx,377
ENT_864B324D6BEF,Enterprise,HAS_CAPABILITY,CAP_2F8F1D50DC71,Capability,多传感器融合,company-info_with_url.xlsx,377
ENT_864B324D6BEF,Enterprise,HAS_CAPABILITY,CAP_E05C3177F53E,Capability,智能无人机研发,company-info_with_url.xlsx,377
ENT_864B324D6BEF,Enterprise,SERVES_INDUSTRY,IND_A0ACC2735BBF,Industry,低空经济,company-info_with_url.xlsx,377
ENT_864B324D6BEF,Enterprise,SERVES_INDUSTRY,IND_6D3EF7BE10BC,Industry,人工智能应用场景,company-info_with_url.xlsx,377
ENT_864B324D6BEF,Enterprise,SERVES_INDUSTRY,IND_CBF6ACE100F2,Industry,为机,company-info_with_url.xlsx,377
ENT_864B324D6BEF,Enterprise,SERVES_INDUSTRY,IND_28597BC4856D,Industry,车,company-info_with_url.xlsx,377
ENT_864B324D6BEF,Enterprise,SERVES_INDUSTRY,IND_6768F7120063,Industry,艇等各类高科技装备提供解决方案。,company-info_with_url.xlsx,377
ENT_864B324D6BEF,Enterprise,APPLIES_TO_SCENARIO,SCN_81B013BF248A,Scenario,智能无人机系统服务,company-info_with_url.xlsx,377
ENT_864B324D6BEF,Enterprise,APPLIES_TO_SCENARIO,SCN_CE03548B6188,Scenario,为高科技装备提供先进可靠,company-info_with_url.xlsx,377
ENT_864B324D6BEF,Enterprise,APPLIES_TO_SCENARIO,SCN_931E2133471A,Scenario,自主可控的个体,company-info_with_url.xlsx,377
ENT_864B324D6BEF,Enterprise,APPLIES_TO_SCENARIO,SCN_B685E152D27D,Scenario,群体智能化解决方案。,company-info_with_url.xlsx,377
ENT_864B324D6BEF,Enterprise,HAS_DEMAND,DEM_4AA4D892FE81,DemandTag,暂无（信息不足）,company-info_with_url.xlsx,377
ENT_50C460EF1428,Enterprise,HAS_CAPABILITY,CAP_715D93578F9E,Capability,压力变送器系列（高频响,company-info_with_url.xlsx,378
ENT_50C460EF1428,Enterprise,HAS_CAPABILITY,CAP_86DBAB54524C,Capability,高精度,company-info_with_url.xlsx,378
ENT_50C460EF1428,Enterprise,HAS_CAPABILITY,CAP_8978A63DEF4D,Capability,高温,company-info_with_url.xlsx,378
ENT_50C460EF1428,Enterprise,HAS_CAPABILITY,CAP_A3CA584A5369,Capability,小型,company-info_with_url.xlsx,378
ENT_50C460EF1428,Enterprise,HAS_CAPABILITY,CAP_16E90836DA2D,Capability,微压）,company-info_with_url.xlsx,378
ENT_50C460EF1428,Enterprise,HAS_CAPABILITY,CAP_85D228148C2C,Capability,温压一体化变送器,company-info_with_url.xlsx,378
ENT_50C460EF1428,Enterprise,HAS_CAPABILITY,CAP_F65CCD77F716,Capability,液位变送器,company-info_with_url.xlsx,378
ENT_50C460EF1428,Enterprise,HAS_CAPABILITY,CAP_B5F57AFCF9E9,Capability,流量计,company-info_with_url.xlsx,378
ENT_50C460EF1428,Enterprise,HAS_CAPABILITY,CAP_DCF3E2181798,Capability,硅基压力传感器技术,company-info_with_url.xlsx,378
ENT_50C460EF1428,Enterprise,HAS_CAPABILITY,CAP_ABB8AAB79E25,Capability,金属电容真空计及变送器技术,company-info_with_url.xlsx,378
ENT_50C460EF1428,Enterprise,HAS_CAPABILITY,CAP_F193ECAA9FFE,Capability,陶瓷电容压力传感器技术,company-info_with_url.xlsx,378
ENT_50C460EF1428,Enterprise,HAS_CAPABILITY,CAP_B12F34C02076,Capability,应变计压力传感器技术,company-info_with_url.xlsx,378
ENT_50C460EF1428,Enterprise,HAS_CAPABILITY,CAP_5170AF08EB8B,Capability,温度及流量传感器技术,company-info_with_url.xlsx,378
ENT_50C460EF1428,Enterprise,HAS_CAPABILITY,CAP_F9203CBBCBB5,Capability,具备从芯片设计,company-info_with_url.xlsx,378
ENT_50C460EF1428,Enterprise,HAS_CAPABILITY,CAP_8280ADB2B478,Capability,制作,company-info_with_url.xlsx,378
ENT_50C460EF1428,Enterprise,HAS_CAPABILITY,CAP_58CE03F03315,Capability,封装到传感器装调,company-info_with_url.xlsx,378
ENT_50C460EF1428,Enterprise,HAS_CAPABILITY,CAP_DE4914F1A665,Capability,测试的全流程能力,company-info_with_url.xlsx,378
ENT_50C460EF1428,Enterprise,HAS_CAPABILITY,CAP_F0D57B8DC5C8,Capability,依托6英寸高水平MEMS流片线实现芯片自主可控。,company-info_with_url.xlsx,378
ENT_50C460EF1428,Enterprise,SERVES_INDUSTRY,IND_D2965EF04FFB,Industry,航空航天,company-info_with_url.xlsx,378
ENT_50C460EF1428,Enterprise,SERVES_INDUSTRY,IND_7DDDD92E1B52,Industry,地面测试,company-info_with_url.xlsx,378
ENT_50C460EF1428,Enterprise,SERVES_INDUSTRY,IND_F7F567593852,Industry,工业控制,company-info_with_url.xlsx,378
ENT_50C460EF1428,Enterprise,SERVES_INDUSTRY,IND_293827B873C0,Industry,液压系统,company-info_with_url.xlsx,378
ENT_50C460EF1428,Enterprise,SERVES_INDUSTRY,IND_08127954F811,Industry,船舶,company-info_with_url.xlsx,378
ENT_50C460EF1428,Enterprise,SERVES_INDUSTRY,IND_94A844B1BB0C,Industry,工程机械,company-info_with_url.xlsx,378
ENT_50C460EF1428,Enterprise,SERVES_INDUSTRY,IND_85E73832F98D,Industry,石油化工,company-info_with_url.xlsx,378
ENT_50C460EF1428,Enterprise,SERVES_INDUSTRY,IND_341A3ABD3C99,Industry,矿山,company-info_with_url.xlsx,378
ENT_50C460EF1428,Enterprise,SERVES_INDUSTRY,IND_A5D62E617153,Industry,医药,company-info_with_url.xlsx,378
ENT_50C460EF1428,Enterprise,SERVES_INDUSTRY,IND_B56472216D72,Industry,城市供排水,company-info_with_url.xlsx,378
ENT_50C460EF1428,Enterprise,SERVES_INDUSTRY,IND_BA3D1194685B,Industry,冶金,company-info_with_url.xlsx,378
ENT_50C460EF1428,Enterprise,SERVES_INDUSTRY,IND_63FE79EF20E1,Industry,电力,company-info_with_url.xlsx,378
ENT_50C460EF1428,Enterprise,SERVES_INDUSTRY,IND_1FE8DDBB0683,Industry,供热,company-info_with_url.xlsx,378
ENT_50C460EF1428,Enterprise,SERVES_INDUSTRY,IND_850575C68999,Industry,供水,company-info_with_url.xlsx,378
ENT_50C460EF1428,Enterprise,SERVES_INDUSTRY,IND_2C17EBB9DBE9,Industry,氢能及储能,company-info_with_url.xlsx,378
ENT_50C460EF1428,Enterprise,SERVES_INDUSTRY,IND_DC4E0FCED6A6,Industry,环境监测。,company-info_with_url.xlsx,378
ENT_50C460EF1428,Enterprise,APPLIES_TO_SCENARIO,SCN_431F6EAE1D54,Scenario,风洞实验,company-info_with_url.xlsx,378
ENT_50C460EF1428,Enterprise,APPLIES_TO_SCENARIO,SCN_1FF3768D54C2,Scenario,计量院计量器具,company-info_with_url.xlsx,378
ENT_50C460EF1428,Enterprise,APPLIES_TO_SCENARIO,SCN_E02E5C190D66,Scenario,氢能及储能研究,company-info_with_url.xlsx,378
ENT_50C460EF1428,Enterprise,APPLIES_TO_SCENARIO,SCN_39FC93B661B7,Scenario,航空发动机研究,company-info_with_url.xlsx,378
ENT_50C460EF1428,Enterprise,APPLIES_TO_SCENARIO,SCN_657F47F63B62,Scenario,工程热物理研究,company-info_with_url.xlsx,378
ENT_50C460EF1428,Enterprise,APPLIES_TO_SCENARIO,SCN_1B7AF4A50063,Scenario,燃气轮机,company-info_with_url.xlsx,378
ENT_50C460EF1428,Enterprise,APPLIES_TO_SCENARIO,SCN_86B7418A3A87,Scenario,船用发动机,company-info_with_url.xlsx,378
ENT_50C460EF1428,Enterprise,APPLIES_TO_SCENARIO,SCN_E227AC15261F,Scenario,石油化工,company-info_with_url.xlsx,378
ENT_50C460EF1428,Enterprise,APPLIES_TO_SCENARIO,SCN_0486F18E1AE3,Scenario,矿山,company-info_with_url.xlsx,378
ENT_50C460EF1428,Enterprise,APPLIES_TO_SCENARIO,SCN_92527541F057,Scenario,医药,company-info_with_url.xlsx,378
ENT_50C460EF1428,Enterprise,APPLIES_TO_SCENARIO,SCN_71C8E767D99B,Scenario,城市供排水,company-info_with_url.xlsx,378
ENT_50C460EF1428,Enterprise,APPLIES_TO_SCENARIO,SCN_6B8E43BBEF1E,Scenario,冶金,company-info_with_url.xlsx,378
ENT_50C460EF1428,Enterprise,APPLIES_TO_SCENARIO,SCN_CBC2FDD47A25,Scenario,电力,company-info_with_url.xlsx,378
ENT_50C460EF1428,Enterprise,APPLIES_TO_SCENARIO,SCN_27F691C8D418,Scenario,供热,company-info_with_url.xlsx,378
ENT_50C460EF1428,Enterprise,APPLIES_TO_SCENARIO,SCN_14A5220CD9E3,Scenario,供水。,company-info_with_url.xlsx,378
ENT_50C460EF1428,Enterprise,HAS_CUSTOMER,CUS_D452F7D604CE,Customer,清华大学,company-info_with_url.xlsx,378
ENT_50C460EF1428,Enterprise,HAS_CUSTOMER,CUS_6CB44B0C88BD,Customer,西安交通大学,company-info_with_url.xlsx,378
ENT_50C460EF1428,Enterprise,HAS_CUSTOMER,CUS_07BCEEE91B74,Customer,中科院工程热物理研究所,company-info_with_url.xlsx,378
ENT_50C460EF1428,Enterprise,HAS_CUSTOMER,CUS_8237BEB8CD64,Customer,航空发动机研究院,company-info_with_url.xlsx,378
ENT_50C460EF1428,Enterprise,HAS_CUSTOMER,CUS_29787DC4DE76,Customer,宁德时代,company-info_with_url.xlsx,378
ENT_50C460EF1428,Enterprise,HAS_CUSTOMER,CUS_98EFE3FBBB2A,Customer,华大基因等60+科研机构,company-info_with_url.xlsx,378
ENT_50C460EF1428,Enterprise,HAS_DEMAND,DEM_4B7CC6F2A7E1,DemandTag,基于其已完成A轮融资及市场开拓阶段,company-info_with_url.xlsx,378
ENT_50C460EF1428,Enterprise,HAS_DEMAND,DEM_1DD8E9B4007C,DemandTag,可能最需要市场渠道资源,company-info_with_url.xlsx,378
ENT_50C460EF1428,Enterprise,HAS_DEMAND,DEM_E59988EBEDC6,DemandTag,产业资本或战略投资方的资源对接,company-info_with_url.xlsx,378
ENT_50C460EF1428,Enterprise,HAS_DEMAND,DEM_2EE4C4220BCF,DemandTag,高端人才（特别是销售与市场拓展）以及特定高壁垒行业的准入资质或合作伙伴。,company-info_with_url.xlsx,378
ENT_6B85A2FD7A2E,Enterprise,PROVIDES_PRODUCT,PROD_A41325791A1F,Product,双足人形机器人,company-info_with_url.xlsx,379
ENT_6B85A2FD7A2E,Enterprise,PROVIDES_PRODUCT,PROD_DC5364B24AE2,Product,轮臂式机器人及灵巧手,company-info_with_url.xlsx,379
ENT_6B85A2FD7A2E,Enterprise,PROVIDES_PRODUCT,PROD_ECD21088DDB4,Product,构建从本体到末端的完整产品体系,company-info_with_url.xlsx,379
ENT_6B85A2FD7A2E,Enterprise,HAS_CAPABILITY,CAP_6B7A5545E05C,Capability,专注于通用人形机器人与具身智能技术,company-info_with_url.xlsx,379
ENT_6B85A2FD7A2E,Enterprise,SERVES_INDUSTRY,IND_ACF282574B68,Industry,航天,company-info_with_url.xlsx,379
ENT_6B85A2FD7A2E,Enterprise,SERVES_INDUSTRY,IND_8D05F45047A9,Industry,国防,company-info_with_url.xlsx,379
ENT_6B85A2FD7A2E,Enterprise,SERVES_INDUSTRY,IND_1B71CB5B0D31,Industry,商业服务,company-info_with_url.xlsx,379
ENT_6B85A2FD7A2E,Enterprise,SERVES_INDUSTRY,IND_1A87961BF6B6,Industry,工业制造,company-info_with_url.xlsx,379
ENT_6B85A2FD7A2E,Enterprise,SERVES_INDUSTRY,IND_D666EE144657,Industry,井下能源等。,company-info_with_url.xlsx,379
ENT_6B85A2FD7A2E,Enterprise,APPLIES_TO_SCENARIO,SCN_EE374A9C6285,Scenario,旨在替代人类执行高风险,company-info_with_url.xlsx,379
ENT_6B85A2FD7A2E,Enterprise,APPLIES_TO_SCENARIO,SCN_A602C1783C32,Scenario,高强度以及单调重复工作的场景,company-info_with_url.xlsx,379
ENT_6B85A2FD7A2E,Enterprise,APPLIES_TO_SCENARIO,SCN_8CDC420D22CB,Scenario,具体落地场景信息不足。,company-info_with_url.xlsx,379
ENT_6B85A2FD7A2E,Enterprise,HAS_DEMAND,DEM_FBFCDD4C572A,DemandTag,资金（持续研发投入）,company-info_with_url.xlsx,379
ENT_6B85A2FD7A2E,Enterprise,HAS_DEMAND,DEM_2B43F60C96CE,DemandTag,产业合作伙伴（拓展应用场景）,company-info_with_url.xlsx,379
ENT_6B85A2FD7A2E,Enterprise,HAS_DEMAND,DEM_B9F9E932CDF3,DemandTag,市场渠道及高端研发人才。,company-info_with_url.xlsx,379
ENT_76A3C48385C5,Enterprise,PROVIDES_PRODUCT,PROD_58835C949C91,Product,AI服务器液冷监控系统（解热能力4000W）,company-info_with_url.xlsx,380
ENT_76A3C48385C5,Enterprise,PROVIDES_PRODUCT,PROD_9D6E947CDE48,Product,电竞笔电风冷散热方案（解热能力300W）,company-info_with_url.xlsx,380
ENT_76A3C48385C5,Enterprise,PROVIDES_PRODUCT,PROD_EE2827BF5A38,Product,高效能超充电桩液冷散热方案（散热瓦数1000W+）,company-info_with_url.xlsx,380
ENT_76A3C48385C5,Enterprise,PROVIDES_PRODUCT,PROD_D8309FB6A335,Product,高效充电桩风冷散热方案（散热瓦数500W-1000W）,company-info_with_url.xlsx,380
ENT_76A3C48385C5,Enterprise,PROVIDES_PRODUCT,PROD_B4DEB83C5F39,Product,光伏逆变器风冷散热方案（散热瓦数30W-300W）,company-info_with_url.xlsx,380
ENT_76A3C48385C5,Enterprise,HAS_CAPABILITY,CAP_DC19B04EFA2C,Capability,风冷,company-info_with_url.xlsx,380
ENT_76A3C48385C5,Enterprise,HAS_CAPABILITY,CAP_636AE267E2ED,Capability,液冷散热解决方案,company-info_with_url.xlsx,380
ENT_76A3C48385C5,Enterprise,HAS_CAPABILITY,CAP_C96F1A91BE24,Capability,电子材料研发+散热技术应用,company-info_with_url.xlsx,380
ENT_76A3C48385C5,Enterprise,SERVES_INDUSTRY,IND_1E8824D23AF5,Industry,AI服务器,company-info_with_url.xlsx,380
ENT_76A3C48385C5,Enterprise,SERVES_INDUSTRY,IND_F2FF715A7A90,Industry,网通,company-info_with_url.xlsx,380
ENT_76A3C48385C5,Enterprise,SERVES_INDUSTRY,IND_A60AD19798CA,Industry,数据中心,company-info_with_url.xlsx,380
ENT_76A3C48385C5,Enterprise,SERVES_INDUSTRY,IND_719AE5661BE1,Industry,消费性,company-info_with_url.xlsx,380
ENT_76A3C48385C5,Enterprise,SERVES_INDUSTRY,IND_A4DB0574F0A5,Industry,便携式产品,company-info_with_url.xlsx,380
ENT_76A3C48385C5,Enterprise,SERVES_INDUSTRY,IND_BB940ED7C76A,Industry,车用,company-info_with_url.xlsx,380
ENT_76A3C48385C5,Enterprise,SERVES_INDUSTRY,IND_5ED26684BE7A,Industry,新能源产品（如充电桩,company-info_with_url.xlsx,380
ENT_76A3C48385C5,Enterprise,SERVES_INDUSTRY,IND_7E2EBBC67B0C,Industry,光伏逆变器）,company-info_with_url.xlsx,380
ENT_76A3C48385C5,Enterprise,SERVES_INDUSTRY,IND_1D43E3F3EC9F,Industry,电竞笔电。,company-info_with_url.xlsx,380
ENT_76A3C48385C5,Enterprise,APPLIES_TO_SCENARIO,SCN_09F2A2ABEC9B,Scenario,AI服务器散热,company-info_with_url.xlsx,380
ENT_76A3C48385C5,Enterprise,APPLIES_TO_SCENARIO,SCN_E72458241914,Scenario,电竞笔记本电脑散热,company-info_with_url.xlsx,380
ENT_76A3C48385C5,Enterprise,APPLIES_TO_SCENARIO,SCN_EB148C0CF393,Scenario,高效能超充电桩散热,company-info_with_url.xlsx,380
ENT_76A3C48385C5,Enterprise,APPLIES_TO_SCENARIO,SCN_C61B10153DBB,Scenario,高效充电桩散热,company-info_with_url.xlsx,380
ENT_76A3C48385C5,Enterprise,APPLIES_TO_SCENARIO,SCN_978B2C9EAEDD,Scenario,光伏逆变器散热。,company-info_with_url.xlsx,380
ENT_76A3C48385C5,Enterprise,HAS_DEMAND,DEM_118204869214,DemandTag,市场渠道,company-info_with_url.xlsx,380
ENT_76A3C48385C5,Enterprise,HAS_DEMAND,DEM_022FE2FD1046,DemandTag,客户资源,company-info_with_url.xlsx,380
ENT_76A3C48385C5,Enterprise,HAS_DEMAND,DEM_7BD6E08B3F68,DemandTag,品牌知名度,company-info_with_url.xlsx,380
ENT_76A3C48385C5,Enterprise,HAS_DEMAND,DEM_BC73F0CF6ACC,DemandTag,资金（用于研发和市场拓展）。,company-info_with_url.xlsx,380
ENT_CC72134D8722,Enterprise,HAS_CAPABILITY,CAP_D986DCAA6521,Capability,从事智能科技,company-info_with_url.xlsx,381
ENT_CC72134D8722,Enterprise,HAS_CAPABILITY,CAP_0ACAB0F4544C,Capability,集成电路科技,company-info_with_url.xlsx,381
ENT_CC72134D8722,Enterprise,HAS_CAPABILITY,CAP_318873077B46,Capability,计算机科技领域内的技术开发,company-info_with_url.xlsx,381
ENT_CC72134D8722,Enterprise,HAS_CAPABILITY,CAP_A86037E2C026,Capability,技术咨询,company-info_with_url.xlsx,381
ENT_CC72134D8722,Enterprise,HAS_CAPABILITY,CAP_0A99216D8309,Capability,技术服务,company-info_with_url.xlsx,381
ENT_CC72134D8722,Enterprise,HAS_CAPABILITY,CAP_B70B3C2D7EE7,Capability,技术转让,company-info_with_url.xlsx,381
ENT_CC72134D8722,Enterprise,HAS_CAPABILITY,CAP_83FFC647B18F,Capability,集成电路芯片设计服务,company-info_with_url.xlsx,381
ENT_CC72134D8722,Enterprise,HAS_CAPABILITY,CAP_13F52CC85FEA,Capability,计算机软件开发,company-info_with_url.xlsx,381
ENT_CC72134D8722,Enterprise,HAS_CAPABILITY,CAP_08DB841D7529,Capability,数据处理服务,company-info_with_url.xlsx,381
ENT_CC72134D8722,Enterprise,HAS_CAPABILITY,CAP_6EC648459615,Capability,新兴软件及服务。拥有多项图像处理,company-info_with_url.xlsx,381
ENT_CC72134D8722,Enterprise,HAS_CAPABILITY,CAP_1FEE7623259D,Capability,双目立体匹配,company-info_with_url.xlsx,381
ENT_CC72134D8722,Enterprise,HAS_CAPABILITY,CAP_B759516662F7,Capability,人脸识别,company-info_with_url.xlsx,381
ENT_CC72134D8722,Enterprise,HAS_CAPABILITY,CAP_3629B1D48F6F,Capability,智能锁等相关专利。,company-info_with_url.xlsx,381
ENT_CC72134D8722,Enterprise,SERVES_INDUSTRY,IND_DCA42F40BA7D,Industry,智能科技,company-info_with_url.xlsx,381
ENT_CC72134D8722,Enterprise,SERVES_INDUSTRY,IND_91BA50719FD1,Industry,集成电路,company-info_with_url.xlsx,381
ENT_CC72134D8722,Enterprise,SERVES_INDUSTRY,IND_C3E66B299EF6,Industry,计算机科技,company-info_with_url.xlsx,381
ENT_CC72134D8722,Enterprise,SERVES_INDUSTRY,IND_EC2F2934D0EC,Industry,智慧城市,company-info_with_url.xlsx,381
ENT_CC72134D8722,Enterprise,SERVES_INDUSTRY,IND_915769B4DDB2,Industry,智能制造。,company-info_with_url.xlsx,381
ENT_CC72134D8722,Enterprise,APPLIES_TO_SCENARIO,SCN_E2B9131D4B43,Scenario,图像处理,company-info_with_url.xlsx,381
ENT_CC72134D8722,Enterprise,APPLIES_TO_SCENARIO,SCN_430DBDD8179C,Scenario,人脸识别,company-info_with_url.xlsx,381
ENT_CC72134D8722,Enterprise,APPLIES_TO_SCENARIO,SCN_86D50654244C,Scenario,智能锁,company-info_with_url.xlsx,381
ENT_CC72134D8722,Enterprise,APPLIES_TO_SCENARIO,SCN_D359F4A3B613,Scenario,视频流处理,company-info_with_url.xlsx,381
ENT_CC72134D8722,Enterprise,APPLIES_TO_SCENARIO,SCN_9F1A76D17402,Scenario,相机成像补光等。,company-info_with_url.xlsx,381
ENT_7CADEF58651D,Enterprise,HAS_CAPABILITY,CAP_F7C79D1AE404,Capability,大型低温制冷技术（20K以下）,company-info_with_url.xlsx,383
ENT_7CADEF58651D,Enterprise,HAS_CAPABILITY,CAP_C898CFB49466,Capability,液氢,company-info_with_url.xlsx,383
ENT_7CADEF58651D,Enterprise,HAS_CAPABILITY,CAP_EFFAF072B038,Capability,液氦低温制冷装备,company-info_with_url.xlsx,383
ENT_7CADEF58651D,Enterprise,HAS_CAPABILITY,CAP_54015E1B31D8,Capability,氢氦制冷机,company-info_with_url.xlsx,383
ENT_7CADEF58651D,Enterprise,HAS_CAPABILITY,CAP_ABA3EE63D072,Capability,液化装置,company-info_with_url.xlsx,383
ENT_7CADEF58651D,Enterprise,HAS_CAPABILITY,CAP_8DED34BC2D4B,Capability,BOG低温提氦装置,company-info_with_url.xlsx,383
ENT_7CADEF58651D,Enterprise,HAS_CAPABILITY,CAP_7C4E6B66F163,Capability,稀有气体精制装置,company-info_with_url.xlsx,383
ENT_7CADEF58651D,Enterprise,HAS_CAPABILITY,CAP_8B8113E8318F,Capability,大型氢液化设备（100%国产化,company-info_with_url.xlsx,383
ENT_7CADEF58651D,Enterprise,HAS_CAPABILITY,CAP_6974BE52434B,Capability,液化能力5吨,company-info_with_url.xlsx,383
ENT_7CADEF58651D,Enterprise,HAS_CAPABILITY,CAP_110852A9991D,Capability,天）,company-info_with_url.xlsx,383
ENT_7CADEF58651D,Enterprise,SERVES_INDUSTRY,IND_2EE61A0768F9,Industry,新能源,company-info_with_url.xlsx,383
ENT_7CADEF58651D,Enterprise,SERVES_INDUSTRY,IND_40C358B493E8,Industry,双碳,company-info_with_url.xlsx,383
ENT_7CADEF58651D,Enterprise,SERVES_INDUSTRY,IND_63FE79EF20E1,Industry,电力,company-info_with_url.xlsx,383
ENT_7CADEF58651D,Enterprise,SERVES_INDUSTRY,IND_0482BB30EA54,Industry,交通,company-info_with_url.xlsx,383
ENT_7CADEF58651D,Enterprise,SERVES_INDUSTRY,IND_870D64BA383A,Industry,石化,company-info_with_url.xlsx,383
ENT_7CADEF58651D,Enterprise,SERVES_INDUSTRY,IND_B3C64B35DDD1,Industry,智能制造等行业。具体应用于氢能供给和储运,company-info_with_url.xlsx,383
ENT_7CADEF58651D,Enterprise,SERVES_INDUSTRY,IND_4A54A2109D87,Industry,工业气体和电子特气,company-info_with_url.xlsx,383
ENT_7CADEF58651D,Enterprise,SERVES_INDUSTRY,IND_D42A4816DE75,Industry,低温装备及配套产品。,company-info_with_url.xlsx,383
ENT_7CADEF58651D,Enterprise,APPLIES_TO_SCENARIO,SCN_BD26BE343321,Scenario,1. 战略气体资源（如氦气）的提取,company-info_with_url.xlsx,383
ENT_7CADEF58651D,Enterprise,APPLIES_TO_SCENARIO,SCN_FEB36D934CAA,Scenario,纯化与液化,company-info_with_url.xlsx,383
ENT_7CADEF58651D,Enterprise,APPLIES_TO_SCENARIO,SCN_130840407337,Scenario,保障大科学和国防安全。2. 氢能源市场的氢液化,company-info_with_url.xlsx,383
ENT_7CADEF58651D,Enterprise,APPLIES_TO_SCENARIO,SCN_FACF677B1AEA,Scenario,储运与供给。3. 为工业领域提供液体氧氮氩,company-info_with_url.xlsx,383
ENT_7CADEF58651D,Enterprise,APPLIES_TO_SCENARIO,SCN_2F8F488D4C3B,Scenario,高纯氢气与稀有气体等气体应用一体化工程解决方案。,company-info_with_url.xlsx,383
ENT_7CADEF58651D,Enterprise,HAS_DEMAND,DEM_5495192B3E74,DemandTag,根据其刚完成C轮融资（8亿元）的情况判断,company-info_with_url.xlsx,383
ENT_7CADEF58651D,Enterprise,HAS_DEMAND,DEM_7B43DDBD6A3C,DemandTag,当前可能最需要市场拓展资源,company-info_with_url.xlsx,383
ENT_7CADEF58651D,Enterprise,HAS_DEMAND,DEM_80BB9478A178,DemandTag,产业链合作资源以及规模化生产所需的资本支持,company-info_with_url.xlsx,383
ENT_7CADEF58651D,Enterprise,HAS_DEMAND,DEM_A6D4251C40EA,DemandTag,以抓住氢能等市场机遇。,company-info_with_url.xlsx,383
ENT_9458BC5BE345,Enterprise,PROVIDES_PRODUCT,PROD_BC3B2ABCF512,Product,碳纳米管宏观体材料（纤维,company-info_with_url.xlsx,384
ENT_9458BC5BE345,Enterprise,PROVIDES_PRODUCT,PROD_F28D79048270,Product,薄膜,company-info_with_url.xlsx,384
ENT_9458BC5BE345,Enterprise,PROVIDES_PRODUCT,PROD_56761CDA1C8F,Product,气凝胶）的批量化制备,company-info_with_url.xlsx,384
ENT_9458BC5BE345,Enterprise,PROVIDES_PRODUCT,PROD_63AF81B37D4F,Product,屏蔽绕包带。,company-info_with_url.xlsx,384
ENT_9458BC5BE345,Enterprise,HAS_CAPABILITY,CAP_84F248CBF0E9,Capability,石墨烯,company-info_with_url.xlsx,384
ENT_9458BC5BE345,Enterprise,HAS_CAPABILITY,CAP_4E5532C4C6D9,Capability,铜复合粉末（基于原位生长包覆技术）,company-info_with_url.xlsx,384
ENT_9458BC5BE345,Enterprise,SERVES_INDUSTRY,IND_DECCEEBC3535,Industry,汽车工业（内饰加热,company-info_with_url.xlsx,384
ENT_9458BC5BE345,Enterprise,SERVES_INDUSTRY,IND_CBB64DCF729F,Industry,电池包加热）,company-info_with_url.xlsx,384
ENT_9458BC5BE345,Enterprise,SERVES_INDUSTRY,IND_CF5633709D02,Industry,工业制造（电线屏蔽层,company-info_with_url.xlsx,384
ENT_9458BC5BE345,Enterprise,SERVES_INDUSTRY,IND_09F25D5F398A,Industry,管道伴热,company-info_with_url.xlsx,384
ENT_9458BC5BE345,Enterprise,SERVES_INDUSTRY,IND_11CF5B8ED7D9,Industry,防除冰）,company-info_with_url.xlsx,384
ENT_9458BC5BE345,Enterprise,SERVES_INDUSTRY,IND_BA2CDA67DB18,Industry,军工（电磁屏蔽,company-info_with_url.xlsx,384
ENT_9458BC5BE345,Enterprise,SERVES_INDUSTRY,IND_E6C33FF55E68,Industry,红外隐身,company-info_with_url.xlsx,384
ENT_9458BC5BE345,Enterprise,SERVES_INDUSTRY,IND_16429045B846,Industry,电磁加热）,company-info_with_url.xlsx,384
ENT_9458BC5BE345,Enterprise,SERVES_INDUSTRY,IND_57D3DE4B2150,Industry,能源（电池集流体,company-info_with_url.xlsx,384
ENT_9458BC5BE345,Enterprise,SERVES_INDUSTRY,IND_B8C6AE69ED7B,Industry,超级电容）,company-info_with_url.xlsx,384
ENT_9458BC5BE345,Enterprise,SERVES_INDUSTRY,IND_B98286314F81,Industry,电子（铜基导电浆料,company-info_with_url.xlsx,384
ENT_9458BC5BE345,Enterprise,SERVES_INDUSTRY,IND_2E967F7D0D51,Industry,3D打印铜,company-info_with_url.xlsx,384
ENT_9458BC5BE345,Enterprise,SERVES_INDUSTRY,IND_E1ACE0C97841,Industry,集成电路封装材料,company-info_with_url.xlsx,384
ENT_9458BC5BE345,Enterprise,SERVES_INDUSTRY,IND_311492579895,Industry,连接器,company-info_with_url.xlsx,384
ENT_9458BC5BE345,Enterprise,SERVES_INDUSTRY,IND_9756996939BF,Industry,铁路接触线,company-info_with_url.xlsx,384
ENT_9458BC5BE345,Enterprise,SERVES_INDUSTRY,IND_E034E1B240F9,Industry,电机）。,company-info_with_url.xlsx,384
ENT_9458BC5BE345,Enterprise,APPLIES_TO_SCENARIO,SCN_AEAAB2C2C1D6,Scenario,车用内饰及电池加热,company-info_with_url.xlsx,384
ENT_9458BC5BE345,Enterprise,APPLIES_TO_SCENARIO,SCN_6D104741AF90,Scenario,工业管道伴热与电线屏蔽,company-info_with_url.xlsx,384
ENT_9458BC5BE345,Enterprise,APPLIES_TO_SCENARIO,SCN_965AF43BA488,Scenario,军用电磁屏蔽与隐身,company-info_with_url.xlsx,384
ENT_9458BC5BE345,Enterprise,APPLIES_TO_SCENARIO,SCN_BAC90C833C71,Scenario,电池集流体,company-info_with_url.xlsx,384
ENT_9458BC5BE345,Enterprise,APPLIES_TO_SCENARIO,SCN_BC661185EE24,Scenario,太阳能电池用铜基导电浆料,company-info_with_url.xlsx,384
ENT_9458BC5BE345,Enterprise,APPLIES_TO_SCENARIO,SCN_6912C1450F6C,Scenario,航空航天部件3D打印,company-info_with_url.xlsx,384
ENT_9458BC5BE345,Enterprise,APPLIES_TO_SCENARIO,SCN_D035C349F746,Scenario,集成电路封装,company-info_with_url.xlsx,384
ENT_9458BC5BE345,Enterprise,APPLIES_TO_SCENARIO,SCN_72C9369E0945,Scenario,铁路接触线等。,company-info_with_url.xlsx,384
ENT_9458BC5BE345,Enterprise,HAS_CUSTOMER,CUS_D3E90F61259B,Customer,零星服装,company-info_with_url.xlsx,384
ENT_9458BC5BE345,Enterprise,HAS_CUSTOMER,CUS_7632AD35393B,Customer,家居,company-info_with_url.xlsx,384
ENT_9458BC5BE345,Enterprise,HAS_CUSTOMER,CUS_8EF249A5C607,Customer,理疗领域客户,company-info_with_url.xlsx,384
ENT_9458BC5BE345,Enterprise,HAS_CUSTOMER,CUS_0083EDAC0305,Customer,与一汽商用汽车在座椅加热领域展开研究合作,company-info_with_url.xlsx,384
ENT_9458BC5BE345,Enterprise,HAS_CUSTOMER,CUS_C623409B4905,Customer,与国内重点高校研究所开展批量试验合作,company-info_with_url.xlsx,384
ENT_9458BC5BE345,Enterprise,HAS_CUSTOMER,CUS_8F64D5FDACE1,Customer,与国网公司开展结构件性能验证合作。,company-info_with_url.xlsx,384
ENT_9458BC5BE345,Enterprise,HAS_DEMAND,DEM_F9E78C552777,DemandTag,大规模商业化订单和市场渠道拓展资源,company-info_with_url.xlsx,384
ENT_9458BC5BE345,Enterprise,HAS_DEMAND,DEM_E0D62EB076D3,DemandTag,可能还需要进一步的生产资金或产业链上下游合作资源以扩大产能和应用领域。,company-info_with_url.xlsx,384
ENT_62C1DF9AFA39,Enterprise,PROVIDES_PRODUCT,PROD_7FFF61783C1D,Product,卫星信号监测平台,company-info_with_url.xlsx,385
ENT_62C1DF9AFA39,Enterprise,PROVIDES_PRODUCT,PROD_F35AF87553B3,Product,超短波,company-info_with_url.xlsx,385
ENT_62C1DF9AFA39,Enterprise,PROVIDES_PRODUCT,PROD_B01B05045C7C,Product,短波信号频谱监测平台,company-info_with_url.xlsx,385
ENT_62C1DF9AFA39,Enterprise,PROVIDES_PRODUCT,PROD_7F4946D951F0,Product,“白头翁”信号分析工具软件,company-info_with_url.xlsx,385
ENT_62C1DF9AFA39,Enterprise,PROVIDES_PRODUCT,PROD_9E76ED3BA118,Product,电子侦控平台,company-info_with_url.xlsx,385
ENT_62C1DF9AFA39,Enterprise,PROVIDES_PRODUCT,PROD_5F86A850B8D9,Product,手机信号处理平台,company-info_with_url.xlsx,385
ENT_62C1DF9AFA39,Enterprise,PROVIDES_PRODUCT,PROD_85FF901948CD,Product,特种电子训练平台等。,company-info_with_url.xlsx,385
ENT_62C1DF9AFA39,Enterprise,HAS_CAPABILITY,CAP_D8A52F30DDB0,Capability,无线电信信号监测,company-info_with_url.xlsx,385
ENT_62C1DF9AFA39,Enterprise,HAS_CAPABILITY,CAP_A146B7E39194,Capability,接收,company-info_with_url.xlsx,385
ENT_62C1DF9AFA39,Enterprise,HAS_CAPABILITY,CAP_D689D91BF78A,Capability,解调,company-info_with_url.xlsx,385
ENT_62C1DF9AFA39,Enterprise,HAS_CAPABILITY,CAP_443B791D2ABE,Capability,译码,company-info_with_url.xlsx,385
ENT_62C1DF9AFA39,Enterprise,HAS_CAPABILITY,CAP_A6CEF90908EB,Capability,发送等技术,company-info_with_url.xlsx,385
ENT_62C1DF9AFA39,Enterprise,SERVES_INDUSTRY,IND_7BE7A1C3591F,Industry,军工领域（通信电子战,company-info_with_url.xlsx,385
ENT_62C1DF9AFA39,Enterprise,SERVES_INDUSTRY,IND_F423E7948E43,Industry,电子对抗,company-info_with_url.xlsx,385
ENT_62C1DF9AFA39,Enterprise,SERVES_INDUSTRY,IND_F8422BCEFE30,Industry,军事训练）。,company-info_with_url.xlsx,385
ENT_62C1DF9AFA39,Enterprise,APPLIES_TO_SCENARIO,SCN_DD32F3F3B08B,Scenario,通信电子战领域,company-info_with_url.xlsx,385
ENT_62C1DF9AFA39,Enterprise,APPLIES_TO_SCENARIO,SCN_76AE31423DD7,Scenario,实现对无线电信号的监测,company-info_with_url.xlsx,385
ENT_62C1DF9AFA39,Enterprise,APPLIES_TO_SCENARIO,SCN_C4A5207E6AD5,Scenario,分析,company-info_with_url.xlsx,385
ENT_62C1DF9AFA39,Enterprise,APPLIES_TO_SCENARIO,SCN_881691FECED4,Scenario,干扰和欺骗,company-info_with_url.xlsx,385
ENT_62C1DF9AFA39,Enterprise,APPLIES_TO_SCENARIO,SCN_44ADC4C4E050,Scenario,用于判断敌方实时动态。,company-info_with_url.xlsx,385
ENT_62C1DF9AFA39,Enterprise,HAS_DEMAND,DEM_D10DADC2A335,DemandTag,市场拓展资源（计划2024年进入陆,company-info_with_url.xlsx,385
ENT_62C1DF9AFA39,Enterprise,HAS_DEMAND,DEM_16652BBE3F28,DemandTag,海,company-info_with_url.xlsx,385
ENT_62C1DF9AFA39,Enterprise,HAS_DEMAND,DEM_DC990987D19A,DemandTag,空市场,company-info_with_url.xlsx,385
ENT_62C1DF9AFA39,Enterprise,HAS_DEMAND,DEM_FC5919299EF8,DemandTag,2025年实现市场全面覆盖）。,company-info_with_url.xlsx,385
ENT_E92F5CC6E259,Enterprise,SERVES_INDUSTRY,IND_B1FD0375027D,Industry,信息传输,company-info_with_url.xlsx,386
ENT_E92F5CC6E259,Enterprise,SERVES_INDUSTRY,IND_AA49062E4C30,Industry,软件和信息技术服务业,company-info_with_url.xlsx,386
ENT_E46D11AD3E87,Enterprise,PROVIDES_PRODUCT,PROD_EB88EB8C77E9,Product,下一代高性能动力电池（全固态电池）,company-info_with_url.xlsx,387
ENT_E46D11AD3E87,Enterprise,PROVIDES_PRODUCT,PROD_1803DC4F995E,Product,包括纽扣式电池,company-info_with_url.xlsx,387
ENT_E46D11AD3E87,Enterprise,PROVIDES_PRODUCT,PROD_EE70F0E259DA,Product,中型软包电池及针对电动汽车的大型软包动力电池,company-info_with_url.xlsx,387
ENT_E46D11AD3E87,Enterprise,HAS_CAPABILITY,CAP_73A6CF109E6E,Capability,采用自主开发的锂金属电极界面控制技术以及独特的电解质技术。,company-info_with_url.xlsx,387
ENT_E46D11AD3E87,Enterprise,SERVES_INDUSTRY,IND_8C2DDBFAC704,Industry,电动汽车,company-info_with_url.xlsx,387
ENT_E46D11AD3E87,Enterprise,SERVES_INDUSTRY,IND_97F1053C9F18,Industry,储能,company-info_with_url.xlsx,387
ENT_E46D11AD3E87,Enterprise,SERVES_INDUSTRY,IND_984EB97200CD,Industry,消费电子（如纽扣电池应用）。,company-info_with_url.xlsx,387
ENT_E46D11AD3E87,Enterprise,APPLIES_TO_SCENARIO,SCN_89AD9C672FB6,Scenario,电动汽车动力电池,company-info_with_url.xlsx,387
ENT_E46D11AD3E87,Enterprise,APPLIES_TO_SCENARIO,SCN_3A24E85BA839,Scenario,消费电子设备电池,company-info_with_url.xlsx,387
ENT_E46D11AD3E87,Enterprise,APPLIES_TO_SCENARIO,SCN_3107F24EAB95,Scenario,储能系统。,company-info_with_url.xlsx,387
ENT_E46D11AD3E87,Enterprise,HAS_DEMAND,DEM_295B79D2BA12,DemandTag,资金（用于固态电池研发,company-info_with_url.xlsx,387
ENT_E46D11AD3E87,Enterprise,HAS_DEMAND,DEM_96A02D401FF5,DemandTag,市场拓展及产能建设）,company-info_with_url.xlsx,387
ENT_E46D11AD3E87,Enterprise,HAS_DEMAND,DEM_BFD854936EBB,DemandTag,产业链合作伙伴（材料,company-info_with_url.xlsx,387
ENT_E46D11AD3E87,Enterprise,HAS_DEMAND,DEM_0C1131E2A115,DemandTag,设备,company-info_with_url.xlsx,387
ENT_E46D11AD3E87,Enterprise,HAS_DEMAND,DEM_0EAD79728D7F,DemandTag,整车厂）,company-info_with_url.xlsx,387
ENT_E46D11AD3E87,Enterprise,HAS_DEMAND,DEM_7E806A672D9B,DemandTag,技术人才及规模化生产经验。,company-info_with_url.xlsx,387
ENT_0C56C01F7166,Enterprise,PROVIDES_PRODUCT,PROD_76CEF4F95D93,Product,芯粒（Chiplet）产品及服务,company-info_with_url.xlsx,388
ENT_0C56C01F7166,Enterprise,PROVIDES_PRODUCT,PROD_467C0FB427A5,Product,包括：1）3D Chiplet通用底座（高算力芯片平台）,company-info_with_url.xlsx,388
ENT_0C56C01F7166,Enterprise,PROVIDES_PRODUCT,PROD_D36AD036F144,Product,2）高速连接芯粒及IP（实现超高速多维互联）,company-info_with_url.xlsx,388
ENT_0C56C01F7166,Enterprise,PROVIDES_PRODUCT,PROD_6B5AADB13068,Product,3）专用设计工具（助力Chiplet系统设计）,company-info_with_url.xlsx,388
ENT_0C56C01F7166,Enterprise,HAS_CAPABILITY,CAP_6FA9C31BB92F,Capability,4）一站式服务（Chiplet设计,company-info_with_url.xlsx,388
ENT_0C56C01F7166,Enterprise,HAS_CAPABILITY,CAP_DA35F904BAF1,Capability,量产封测）。,company-info_with_url.xlsx,388
ENT_0C56C01F7166,Enterprise,SERVES_INDUSTRY,IND_7830210D14A0,Industry,高性能计算芯片领域,company-info_with_url.xlsx,388
ENT_0C56C01F7166,Enterprise,SERVES_INDUSTRY,IND_2770588CFD52,Industry,主要服务于GPU,company-info_with_url.xlsx,388
ENT_0C56C01F7166,Enterprise,SERVES_INDUSTRY,IND_663262E0C93C,Industry,CPU等国产fabless厂商。,company-info_with_url.xlsx,388
ENT_0C56C01F7166,Enterprise,APPLIES_TO_SCENARIO,SCN_3DDC1D346FEB,Scenario,为高性能计算芯片（如GPU,company-info_with_url.xlsx,388
ENT_0C56C01F7166,Enterprise,APPLIES_TO_SCENARIO,SCN_C06C5BBE791D,Scenario,CPU）提供基于Chiplet技术的异构集成解决方案,company-info_with_url.xlsx,388
ENT_0C56C01F7166,Enterprise,APPLIES_TO_SCENARIO,SCN_75A68BDD813F,Scenario,包括设计,company-info_with_url.xlsx,388
ENT_0C56C01F7166,Enterprise,APPLIES_TO_SCENARIO,SCN_AB21A450F071,Scenario,互联,company-info_with_url.xlsx,388
ENT_0C56C01F7166,Enterprise,APPLIES_TO_SCENARIO,SCN_9988A9209200,Scenario,封测等全链路服务。,company-info_with_url.xlsx,388
ENT_0C56C01F7166,Enterprise,HAS_CUSTOMER,CUS_C44F8B93A006,Customer,国产fabless,company-info_with_url.xlsx,388
ENT_0C56C01F7166,Enterprise,HAS_CUSTOMER,CUS_F1D46B9BD71A,Customer,GPU,company-info_with_url.xlsx,388
ENT_0C56C01F7166,Enterprise,HAS_CUSTOMER,CUS_8437BD733533,Customer,CPU厂商,company-info_with_url.xlsx,388
ENT_0C56C01F7166,Enterprise,HAS_DEMAND,DEM_6737634F691E,DemandTag,根据其处于A轮融资阶段及业务扩张情况（订单从1亿增至4亿）,company-info_with_url.xlsx,388
ENT_0C56C01F7166,Enterprise,HAS_DEMAND,DEM_278A165FD42F,DemandTag,推测需要资金用于研发投入,company-info_with_url.xlsx,388
ENT_0C56C01F7166,Enterprise,HAS_DEMAND,DEM_57D92096B85F,DemandTag,产能扩张和市场拓展。,company-info_with_url.xlsx,388
ENT_46E1C15BE614,Enterprise,HAS_CAPABILITY,CAP_9E1CDAEB8DDA,Capability,基于Hybrid Vision®融合视觉技术的ALPIX系列融合视觉传感芯片（如ALPIX-Pizol,company-info_with_url.xlsx,389
ENT_46E1C15BE614,Enterprise,HAS_CAPABILITY,CAP_0C5FDA727350,Capability,ALPIX-Eiger,company-info_with_url.xlsx,389
ENT_46E1C15BE614,Enterprise,HAS_CAPABILITY,CAP_B79FD5CE7439,Capability,ALPIX-Titlis等）,company-info_with_url.xlsx,389
ENT_46E1C15BE614,Enterprise,HAS_CAPABILITY,CAP_BE2EA32FCFB8,Capability,同一芯片可同时输出高质量图像数据和事件流。,company-info_with_url.xlsx,389
ENT_46E1C15BE614,Enterprise,SERVES_INDUSTRY,IND_5EC780516EF5,Industry,智能手机,company-info_with_url.xlsx,389
ENT_46E1C15BE614,Enterprise,SERVES_INDUSTRY,IND_5FB9E25B0D95,Industry,消费电子,company-info_with_url.xlsx,389
ENT_46E1C15BE614,Enterprise,SERVES_INDUSTRY,IND_CE63E55C3484,Industry,智能安防,company-info_with_url.xlsx,389
ENT_46E1C15BE614,Enterprise,SERVES_INDUSTRY,IND_5486B27A04FF,Industry,智能汽车,company-info_with_url.xlsx,389
ENT_46E1C15BE614,Enterprise,SERVES_INDUSTRY,IND_D128020A38B4,Industry,智能家居,company-info_with_url.xlsx,389
ENT_46E1C15BE614,Enterprise,SERVES_INDUSTRY,IND_438F4C5D73EE,Industry,PC,company-info_with_url.xlsx,389
ENT_46E1C15BE614,Enterprise,SERVES_INDUSTRY,IND_7342E30833DC,Industry,机器人,company-info_with_url.xlsx,389
ENT_46E1C15BE614,Enterprise,SERVES_INDUSTRY,IND_DEE9B9EB7A23,Industry,IoT等。,company-info_with_url.xlsx,389
ENT_46E1C15BE614,Enterprise,APPLIES_TO_SCENARIO,SCN_97F72549783E,Scenario,1. 芯片销售：应用于智能手机,company-info_with_url.xlsx,389
ENT_46E1C15BE614,Enterprise,APPLIES_TO_SCENARIO,SCN_4CC08F348086,Scenario,安防领域。2. 模组销售：提供基于ALPIX芯片的摄像头模组,company-info_with_url.xlsx,389
ENT_46E1C15BE614,Enterprise,APPLIES_TO_SCENARIO,SCN_AD7B3580923A,Scenario,应用于智能家居,company-info_with_url.xlsx,389
ENT_46E1C15BE614,Enterprise,APPLIES_TO_SCENARIO,SCN_345874807045,Scenario,PC,company-info_with_url.xlsx,389
ENT_46E1C15BE614,Enterprise,APPLIES_TO_SCENARIO,SCN_809362EEDE36,Scenario,机器人,company-info_with_url.xlsx,389
ENT_46E1C15BE614,Enterprise,APPLIES_TO_SCENARIO,SCN_7E3057C089EC,Scenario,智能汽车等。具体场景包括：毫秒级障碍感知（EVS）,company-info_with_url.xlsx,389
ENT_46E1C15BE614,Enterprise,APPLIES_TO_SCENARIO,SCN_36561AE667BD,Scenario,全天候环境理解（HVS）,company-info_with_url.xlsx,389
ENT_46E1C15BE614,Enterprise,APPLIES_TO_SCENARIO,SCN_B6B7CB7C5A7F,Scenario,影像增强,company-info_with_url.xlsx,389
ENT_46E1C15BE614,Enterprise,APPLIES_TO_SCENARIO,SCN_981B5AAF1460,Scenario,AI-ISP,company-info_with_url.xlsx,389
ENT_46E1C15BE614,Enterprise,APPLIES_TO_SCENARIO,SCN_19B7D0BC70CC,Scenario,视频去模糊,company-info_with_url.xlsx,389
ENT_46E1C15BE614,Enterprise,APPLIES_TO_SCENARIO,SCN_77EBA556C05B,Scenario,插帧,company-info_with_url.xlsx,389
ENT_46E1C15BE614,Enterprise,APPLIES_TO_SCENARIO,SCN_7FA858097CCA,Scenario,自动驾驶视觉,company-info_with_url.xlsx,389
ENT_46E1C15BE614,Enterprise,APPLIES_TO_SCENARIO,SCN_445E286E1831,Scenario,无人机避障,company-info_with_url.xlsx,389
ENT_46E1C15BE614,Enterprise,APPLIES_TO_SCENARIO,SCN_D440334883C2,Scenario,快速生产线AOI等。,company-info_with_url.xlsx,389
ENT_46E1C15BE614,Enterprise,HAS_DEMAND,DEM_B0334755E457,DemandTag,根据其完成B+轮融资的信息,company-info_with_url.xlsx,389
ENT_46E1C15BE614,Enterprise,HAS_DEMAND,DEM_D4D7F3A37B81,DemandTag,资金将主要用于核心技术的持续研发,company-info_with_url.xlsx,389
ENT_46E1C15BE614,Enterprise,HAS_DEMAND,DEM_C36FD7D64C6E,DemandTag,产品迭代及市场拓展。,company-info_with_url.xlsx,389
ENT_2F8A8C70E3AF,Enterprise,HAS_CAPABILITY,CAP_BB979B90E90A,Capability,水性烤漆树脂,company-info_with_url.xlsx,390
ENT_2F8A8C70E3AF,Enterprise,HAS_CAPABILITY,CAP_97552207624A,Capability,水性丙烯酸改性醇酸树脂,company-info_with_url.xlsx,390
ENT_2F8A8C70E3AF,Enterprise,HAS_CAPABILITY,CAP_97643C5A9C8E,Capability,水性环氧酯树脂,company-info_with_url.xlsx,390
ENT_2F8A8C70E3AF,Enterprise,HAS_CAPABILITY,CAP_D67B6660699D,Capability,水性环氧树脂,company-info_with_url.xlsx,390
ENT_2F8A8C70E3AF,Enterprise,HAS_CAPABILITY,CAP_F85BE129D667,Capability,水性助剂,company-info_with_url.xlsx,390
ENT_2F8A8C70E3AF,Enterprise,HAS_CAPABILITY,CAP_24D361A7736C,Capability,水性环氧固化剂,company-info_with_url.xlsx,390
ENT_2F8A8C70E3AF,Enterprise,SERVES_INDUSTRY,IND_4D1D611283C9,Industry,涂料行业,company-info_with_url.xlsx,390
ENT_2F8A8C70E3AF,Enterprise,SERVES_INDUSTRY,IND_868BF19CAD93,Industry,特别是工业防腐涂料,company-info_with_url.xlsx,390
ENT_2F8A8C70E3AF,Enterprise,SERVES_INDUSTRY,IND_473B22E705B1,Industry,钢结构涂料领域,company-info_with_url.xlsx,390
ENT_2F8A8C70E3AF,Enterprise,APPLIES_TO_SCENARIO,SCN_493E70BD47CF,Scenario,钢结构防腐,company-info_with_url.xlsx,390
ENT_2F8A8C70E3AF,Enterprise,APPLIES_TO_SCENARIO,SCN_731FB6E199D9,Scenario,工业建筑防护等领域的涂料涂装,company-info_with_url.xlsx,390
ENT_2F8A8C70E3AF,Enterprise,HAS_DEMAND,DEM_AA778343CDE1,DemandTag,市场渠道资源,company-info_with_url.xlsx,390
ENT_2F8A8C70E3AF,Enterprise,HAS_DEMAND,DEM_253BA780B8BF,DemandTag,资金支持（根据天眼查信息,company-info_with_url.xlsx,390
ENT_2F8A8C70E3AF,Enterprise,HAS_DEMAND,DEM_0592943256E4,DemandTag,公司处于A轮融资阶段）,company-info_with_url.xlsx,390
ENT_2F8A8C70E3AF,Enterprise,HAS_DEMAND,DEM_7A59D491E630,DemandTag,技术研发人才,company-info_with_url.xlsx,390
ENT_79ECAA04F04D,Enterprise,HAS_CAPABILITY,CAP_B268D9F2A53C,Capability,存算一体AI推理芯片,company-info_with_url.xlsx,391
ENT_79ECAA04F04D,Enterprise,HAS_CAPABILITY,CAP_52B9FD8BEB42,Capability,采用存算一体超异构架构,company-info_with_url.xlsx,391
ENT_79ECAA04F04D,Enterprise,HAS_CAPABILITY,CAP_2F06151D0B89,Capability,结合新型存储器（如ReRAM）与Chiplet架构,company-info_with_url.xlsx,391
ENT_79ECAA04F04D,Enterprise,HAS_CAPABILITY,CAP_9400C217BA07,Capability,通过全数字化芯片设计,company-info_with_url.xlsx,391
ENT_79ECAA04F04D,Enterprise,HAS_CAPABILITY,CAP_D2561589FF79,Capability,实现高能效比,company-info_with_url.xlsx,391
ENT_79ECAA04F04D,Enterprise,HAS_CAPABILITY,CAP_72D37D474E5A,Capability,大算力的AI大算力芯片。已成功回片点亮首颗高精度,company-info_with_url.xlsx,391
ENT_79ECAA04F04D,Enterprise,HAS_CAPABILITY,CAP_A0FF802B7EC1,Capability,低功耗存算一体AI大算力POC芯片。,company-info_with_url.xlsx,391
ENT_79ECAA04F04D,Enterprise,SERVES_INDUSTRY,IND_A2FAD57C677B,Industry,AI云计算,company-info_with_url.xlsx,391
ENT_79ECAA04F04D,Enterprise,SERVES_INDUSTRY,IND_F9263051D463,Industry,自动驾驶。,company-info_with_url.xlsx,391
ENT_79ECAA04F04D,Enterprise,APPLIES_TO_SCENARIO,SCN_D95A01509318,Scenario,瞄准T4,company-info_with_url.xlsx,391
ENT_79ECAA04F04D,Enterprise,APPLIES_TO_SCENARIO,SCN_99379AF51142,Scenario,A10,company-info_with_url.xlsx,391
ENT_79ECAA04F04D,Enterprise,APPLIES_TO_SCENARIO,SCN_0FB7B3AD7EBB,Scenario,A30等PCIe接口的推理加速卡用于AI云计算,company-info_with_url.xlsx,391
ENT_79ECAA04F04D,Enterprise,APPLIES_TO_SCENARIO,SCN_3004D5F1E7BB,Scenario,通过Chiplet架构和第三方合作,company-info_with_url.xlsx,391
ENT_79ECAA04F04D,Enterprise,APPLIES_TO_SCENARIO,SCN_776E9997B2E6,Scenario,支持不同等级自动驾驶算力需求。,company-info_with_url.xlsx,391
ENT_79ECAA04F04D,Enterprise,HAS_CUSTOMER,CUS_5B10E8A26B1D,Customer,暂无明确公开信息,company-info_with_url.xlsx,391
ENT_79ECAA04F04D,Enterprise,HAS_SUPPLIER,SUP_E1CF36DCC95A,Supplier,通过第三方合作支持不同等级自动驾驶算力需求的系列芯片,company-info_with_url.xlsx,391
ENT_79ECAA04F04D,Enterprise,HAS_DEMAND,DEM_D3AA302D5DBC,DemandTag,资金（用于后续研发,company-info_with_url.xlsx,391
ENT_79ECAA04F04D,Enterprise,HAS_DEMAND,DEM_317F1E866EE0,DemandTag,流片及市场拓展）,company-info_with_url.xlsx,391
ENT_79ECAA04F04D,Enterprise,HAS_DEMAND,DEM_6B6F5A28EAE6,DemandTag,产业链合作伙伴（晶圆厂,company-info_with_url.xlsx,391
ENT_79ECAA04F04D,Enterprise,HAS_DEMAND,DEM_C9A6D5EF0E8A,DemandTag,封装测试,company-info_with_url.xlsx,391
ENT_79ECAA04F04D,Enterprise,HAS_DEMAND,DEM_3673C0097EDC,DemandTag,系统集成商）,company-info_with_url.xlsx,391
ENT_79ECAA04F04D,Enterprise,HAS_DEMAND,DEM_3C93A7BB5559,DemandTag,市场渠道和标杆客户。,company-info_with_url.xlsx,391
ENT_B822FF1A4BEE,Enterprise,PROVIDES_PRODUCT,PROD_AC1095AE5185,Product,卷绕式磁控溅射制备柔性纳米功能薄膜技术,company-info_with_url.xlsx,392
ENT_B822FF1A4BEE,Enterprise,PROVIDES_PRODUCT,PROD_EA223CF3BEAE,Product,纳米复合柔性透明导电膜（包括光学调控层,company-info_with_url.xlsx,392
ENT_B822FF1A4BEE,Enterprise,PROVIDES_PRODUCT,PROD_6A2AF52F678F,Product,导电主体层及表面功能层的多层复合结构）,company-info_with_url.xlsx,392
ENT_B822FF1A4BEE,Enterprise,PROVIDES_PRODUCT,PROD_B101671A765B,Product,磁控溅射靶材技术,company-info_with_url.xlsx,392
ENT_B822FF1A4BEE,Enterprise,PROVIDES_PRODUCT,PROD_BB3901E8F761,Product,卷绕式磁控溅射量产线设计,company-info_with_url.xlsx,392
ENT_B822FF1A4BEE,Enterprise,PROVIDES_PRODUCT,PROD_B06FC0A3FA9D,Product,柔性纳米功能器件技术,company-info_with_url.xlsx,392
ENT_B822FF1A4BEE,Enterprise,HAS_CAPABILITY,CAP_213211625797,Capability,核心技术,company-info_with_url.xlsx,392
ENT_B822FF1A4BEE,Enterprise,SERVES_INDUSTRY,IND_03B9BD449D6B,Industry,汽车领域（车载显示,company-info_with_url.xlsx,392
ENT_B822FF1A4BEE,Enterprise,SERVES_INDUSTRY,IND_2BBC79B7407D,Industry,汽车贴膜,company-info_with_url.xlsx,392
ENT_B822FF1A4BEE,Enterprise,SERVES_INDUSTRY,IND_511C8D23A262,Industry,窗膜,company-info_with_url.xlsx,392
ENT_B822FF1A4BEE,Enterprise,SERVES_INDUSTRY,IND_78BE964BEF5D,Industry,减反射膜,company-info_with_url.xlsx,392
ENT_B822FF1A4BEE,Enterprise,SERVES_INDUSTRY,IND_A47AA9CA5F17,Industry,EC,company-info_with_url.xlsx,392
ENT_B822FF1A4BEE,Enterprise,SERVES_INDUSTRY,IND_63B546C30740,Industry,PDLC全景天幕,company-info_with_url.xlsx,392
ENT_B822FF1A4BEE,Enterprise,SERVES_INDUSTRY,IND_C5C7BED76E57,Industry,透明天线,company-info_with_url.xlsx,392
ENT_B822FF1A4BEE,Enterprise,SERVES_INDUSTRY,IND_00B265F9CA3F,Industry,EMI,company-info_with_url.xlsx,392
ENT_B822FF1A4BEE,Enterprise,SERVES_INDUSTRY,IND_1978C4FD1280,Industry,辐射制冷,company-info_with_url.xlsx,392
ENT_B822FF1A4BEE,Enterprise,SERVES_INDUSTRY,IND_2895796D957B,Industry,多彩车衣等）,company-info_with_url.xlsx,392
ENT_B822FF1A4BEE,Enterprise,SERVES_INDUSTRY,IND_665BBBC85F09,Industry,消费电子领域（显示,company-info_with_url.xlsx,392
ENT_B822FF1A4BEE,Enterprise,SERVES_INDUSTRY,IND_2EE61A0768F9,Industry,新能源,company-info_with_url.xlsx,392
ENT_B822FF1A4BEE,Enterprise,SERVES_INDUSTRY,IND_E142E06575C2,Industry,信息通讯和可穿戴设备）,company-info_with_url.xlsx,392
ENT_B822FF1A4BEE,Enterprise,SERVES_INDUSTRY,IND_A3823DFC6B02,Industry,计算机,company-info_with_url.xlsx,392
ENT_B822FF1A4BEE,Enterprise,SERVES_INDUSTRY,IND_5CF25F9392D4,Industry,通信和其他电子设备制造业,company-info_with_url.xlsx,392
ENT_B822FF1A4BEE,Enterprise,SERVES_INDUSTRY,IND_3CF59F76A9EF,Industry,军用领域（可见光透明相关应用）。,company-info_with_url.xlsx,392
ENT_B822FF1A4BEE,Enterprise,APPLIES_TO_SCENARIO,SCN_8ABBD1386D4F,Scenario,- 汽车领域：天幕,company-info_with_url.xlsx,392
ENT_B822FF1A4BEE,Enterprise,APPLIES_TO_SCENARIO,SCN_EA0E14AFC81B,Scenario,窗膜,company-info_with_url.xlsx,392
ENT_B822FF1A4BEE,Enterprise,APPLIES_TO_SCENARIO,SCN_385F935FC6D0,Scenario,车载显示,company-info_with_url.xlsx,392
ENT_B822FF1A4BEE,Enterprise,APPLIES_TO_SCENARIO,SCN_C226784039A3,Scenario,汽车贴膜,company-info_with_url.xlsx,392
ENT_B822FF1A4BEE,Enterprise,APPLIES_TO_SCENARIO,SCN_DC8936F2BE42,Scenario,透明天线,company-info_with_url.xlsx,392
ENT_B822FF1A4BEE,Enterprise,APPLIES_TO_SCENARIO,SCN_71A27F133DE8,Scenario,辐射制冷车衣等。 - 消费电子领域：显示面板,company-info_with_url.xlsx,392
ENT_B822FF1A4BEE,Enterprise,APPLIES_TO_SCENARIO,SCN_A8BEDE262FB9,Scenario,新能源设备,company-info_with_url.xlsx,392
ENT_B822FF1A4BEE,Enterprise,APPLIES_TO_SCENARIO,SCN_D6113272CFDE,Scenario,信息通讯设备,company-info_with_url.xlsx,392
ENT_B822FF1A4BEE,Enterprise,APPLIES_TO_SCENARIO,SCN_9EE15E843B00,Scenario,可穿戴设备的关键核心材料。,company-info_with_url.xlsx,392
ENT_B822FF1A4BEE,Enterprise,HAS_DEMAND,DEM_2DA55A0787FD,DemandTag,市场拓展资源（尤其在汽车和消费电子领域）,company-info_with_url.xlsx,392
ENT_B822FF1A4BEE,Enterprise,HAS_DEMAND,DEM_B271655D02AD,DemandTag,资本支持（用于进一步研发和产能扩张）,company-info_with_url.xlsx,392
ENT_B822FF1A4BEE,Enterprise,HAS_DEMAND,DEM_507642355916,DemandTag,产业链上下游合作资源。,company-info_with_url.xlsx,392
ENT_368B3D664A56,Enterprise,HAS_CAPABILITY,CAP_78120318AB5E,Capability,百兆瓦级先进压缩空气储能系统,company-info_with_url.xlsx,393
ENT_368B3D664A56,Enterprise,HAS_CAPABILITY,CAP_58EC1A6812BF,Capability,包括1.5MW,company-info_with_url.xlsx,393
ENT_368B3D664A56,Enterprise,HAS_CAPABILITY,CAP_0CB8FA4BC1FF,Capability,10MW及100MW先进压缩空气储能示范系统。核心产品是大规模新型压缩空气储能系统。,company-info_with_url.xlsx,393
ENT_368B3D664A56,Enterprise,SERVES_INDUSTRY,IND_19807E68C668,Industry,电力储能行业,company-info_with_url.xlsx,393
ENT_368B3D664A56,Enterprise,SERVES_INDUSTRY,IND_E80F4ABF6EDB,Industry,特别是大规模电网侧储能。,company-info_with_url.xlsx,393
ENT_368B3D664A56,Enterprise,APPLIES_TO_SCENARIO,SCN_EFB03B2A7A54,Scenario,大规模电网侧储能,company-info_with_url.xlsx,393
ENT_368B3D664A56,Enterprise,APPLIES_TO_SCENARIO,SCN_89D5FC04F949,Scenario,用于电力系统调峰,company-info_with_url.xlsx,393
ENT_368B3D664A56,Enterprise,APPLIES_TO_SCENARIO,SCN_297FFA4288FB,Scenario,调频,company-info_with_url.xlsx,393
ENT_368B3D664A56,Enterprise,APPLIES_TO_SCENARIO,SCN_CD1914153675,Scenario,可再生能源消纳等。,company-info_with_url.xlsx,393
ENT_368B3D664A56,Enterprise,HAS_DEMAND,DEM_124F33192516,DemandTag,资金（用于项目扩张）。根据融资历史,company-info_with_url.xlsx,393
ENT_368B3D664A56,Enterprise,HAS_DEMAND,DEM_0808595AEA69,DemandTag,公司持续进行大规模融资用于技术研发和项目落地。,company-info_with_url.xlsx,393
ENT_B0592032ED05,Enterprise,HAS_CAPABILITY,CAP_7D790F67D488,Capability,能量块(eBlock),company-info_with_url.xlsx,394
ENT_B0592032ED05,Enterprise,HAS_CAPABILITY,CAP_DC8F9DBBCFD2,Capability,能量链(eLink),company-info_with_url.xlsx,394
ENT_B0592032ED05,Enterprise,HAS_CAPABILITY,CAP_54473BA44E49,Capability,能量云(eMind)三大核心产品构成的3e分布式能量块储能系统方案,company-info_with_url.xlsx,394
ENT_B0592032ED05,Enterprise,HAS_CAPABILITY,CAP_F46AC83C39CC,Capability,储能变流器(PCS),company-info_with_url.xlsx,394
ENT_B0592032ED05,Enterprise,HAS_CAPABILITY,CAP_41EF58F191F9,Capability,电池管理系统(BMS),company-info_with_url.xlsx,394
ENT_B0592032ED05,Enterprise,HAS_CAPABILITY,CAP_EE1C705A1C22,Capability,能量管理系统软件(EMS)的研发与集成技术。,company-info_with_url.xlsx,394
ENT_B0592032ED05,Enterprise,SERVES_INDUSTRY,IND_F16F4857EA70,Industry,工商业储能,company-info_with_url.xlsx,394
ENT_B0592032ED05,Enterprise,SERVES_INDUSTRY,IND_8C356EF3FEB4,Industry,新能源储能（如光伏,company-info_with_url.xlsx,394
ENT_B0592032ED05,Enterprise,SERVES_INDUSTRY,IND_414EE7A8A0C6,Industry,风电等可再生能源配套）。,company-info_with_url.xlsx,394
ENT_B0592032ED05,Enterprise,APPLIES_TO_SCENARIO,SCN_ECD4ABD0437B,Scenario,为工商业和新能源领域客户提供一站式储能系统解决方案,company-info_with_url.xlsx,394
ENT_B0592032ED05,Enterprise,APPLIES_TO_SCENARIO,SCN_E1CFAB8F0784,Scenario,解决电池直流系统与电网交流系统之间的能量转化,company-info_with_url.xlsx,394
ENT_B0592032ED05,Enterprise,APPLIES_TO_SCENARIO,SCN_B836F661A050,Scenario,安全防护,company-info_with_url.xlsx,394
ENT_B0592032ED05,Enterprise,APPLIES_TO_SCENARIO,SCN_19456016F95C,Scenario,监控管理,company-info_with_url.xlsx,394
ENT_B0592032ED05,Enterprise,APPLIES_TO_SCENARIO,SCN_646EFF48DB37,Scenario,调度运维问题。,company-info_with_url.xlsx,394
ENT_B0592032ED05,Enterprise,HAS_DEMAND,DEM_E9E11D886493,DemandTag,基于其处于融资扩张阶段（已完成B轮,company-info_with_url.xlsx,394
ENT_B0592032ED05,Enterprise,HAS_DEMAND,DEM_A83957FA1FBB,DemandTag,C轮融资）,company-info_with_url.xlsx,394
ENT_B0592032ED05,Enterprise,HAS_DEMAND,DEM_A906BD29119D,DemandTag,可能最需要市场拓展资源,company-info_with_url.xlsx,394
ENT_B0592032ED05,Enterprise,HAS_DEMAND,DEM_F63A2ED24688,DemandTag,持续研发资金及产业链合作资源。,company-info_with_url.xlsx,394
ENT_CB1FB8EF793A,Enterprise,HAS_CAPABILITY,CAP_D30636D2BC5F,Capability,专注用前沿科技及大数据分析为行业提供专业生态数据服务和综合解决方案,company-info_with_url.xlsx,395
ENT_CB1FB8EF793A,Enterprise,SERVES_INDUSTRY,IND_2DE9397EC7FA,Industry,生物多样性保护研究,company-info_with_url.xlsx,395
ENT_CB1FB8EF793A,Enterprise,SERVES_INDUSTRY,IND_08580C6D1DF0,Industry,自然生态保护,company-info_with_url.xlsx,395
ENT_CB1FB8EF793A,Enterprise,APPLIES_TO_SCENARIO,SCN_B658C731BBC2,Scenario,为生物多样性保护研究领域提供生态数据服务和解决方案,company-info_with_url.xlsx,395
ENT_86D74BA5BEF4,Enterprise,HAS_CAPABILITY,CAP_8E94D0429AB2,Capability,半导体激光芯片,company-info_with_url.xlsx,396
ENT_86D74BA5BEF4,Enterprise,HAS_CAPABILITY,CAP_0C3DB73E38C0,Capability,高功率半导体激光器,company-info_with_url.xlsx,396
ENT_86D74BA5BEF4,Enterprise,HAS_CAPABILITY,CAP_BA112616D21A,Capability,8XX系列,company-info_with_url.xlsx,396
ENT_86D74BA5BEF4,Enterprise,HAS_CAPABILITY,CAP_04E567FE0E9B,Capability,9XX系列,company-info_with_url.xlsx,396
ENT_86D74BA5BEF4,Enterprise,HAS_CAPABILITY,CAP_D2B2CDB57648,Capability,650nm红光系列,company-info_with_url.xlsx,396
ENT_86D74BA5BEF4,Enterprise,SERVES_INDUSTRY,IND_D2F457C3B2D8,Industry,半导体,company-info_with_url.xlsx,396
ENT_86D74BA5BEF4,Enterprise,SERVES_INDUSTRY,IND_73BF0559A371,Industry,光电子,company-info_with_url.xlsx,396
ENT_86D74BA5BEF4,Enterprise,SERVES_INDUSTRY,IND_59269D38595C,Industry,激光,company-info_with_url.xlsx,396
ENT_86D74BA5BEF4,Enterprise,SERVES_INDUSTRY,IND_7E97DFCAEC1D,Industry,电气电子,company-info_with_url.xlsx,396
ENT_86D74BA5BEF4,Enterprise,APPLIES_TO_SCENARIO,SCN_3620DF6BA5B6,Scenario,高功率半导体激光器,company-info_with_url.xlsx,396
ENT_86D74BA5BEF4,Enterprise,APPLIES_TO_SCENARIO,SCN_58947F5AB47E,Scenario,光电子材料与器件,company-info_with_url.xlsx,396
ENT_A07154165AB8,Enterprise,HAS_CAPABILITY,CAP_FDFD54FC2D06,Capability,超导腔等高端装备核心部件的精密加工解决方案,company-info_with_url.xlsx,397
ENT_A07154165AB8,Enterprise,HAS_CAPABILITY,CAP_9461A31A011E,Capability,具体包括超导腔加工（涉及微小零件冲压,company-info_with_url.xlsx,397
ENT_A07154165AB8,Enterprise,HAS_CAPABILITY,CAP_5360F5E5D757,Capability,机加,company-info_with_url.xlsx,397
ENT_A07154165AB8,Enterprise,HAS_CAPABILITY,CAP_983B1107D879,Capability,矫形,company-info_with_url.xlsx,397
ENT_A07154165AB8,Enterprise,HAS_CAPABILITY,CAP_0D9FC29E99AF,Capability,电子束焊接,company-info_with_url.xlsx,397
ENT_A07154165AB8,Enterprise,HAS_CAPABILITY,CAP_E02D26078A66,Capability,纳米级表面处理）以及基于特种焊接优势的高端零部件数控精密机加,company-info_with_url.xlsx,397
ENT_A07154165AB8,Enterprise,HAS_CAPABILITY,CAP_2DE791584498,Capability,特种工艺处理,company-info_with_url.xlsx,397
ENT_A07154165AB8,Enterprise,HAS_CAPABILITY,CAP_BF53DCC707FD,Capability,部组件装配全流程业务。,company-info_with_url.xlsx,397
ENT_A07154165AB8,Enterprise,SERVES_INDUSTRY,IND_C0D96EA6BE73,Industry,高端装备制造,company-info_with_url.xlsx,397
ENT_A07154165AB8,Enterprise,SERVES_INDUSTRY,IND_64DB82E293C3,Industry,大科学装置（如粒子加速器）,company-info_with_url.xlsx,397
ENT_A07154165AB8,Enterprise,SERVES_INDUSTRY,IND_532DF5528C09,Industry,核能（小型反应堆）,company-info_with_url.xlsx,397
ENT_A07154165AB8,Enterprise,SERVES_INDUSTRY,IND_CE415D99EF9D,Industry,科研院所及制造企业的高难度焊接与精密加工领域。,company-info_with_url.xlsx,397
ENT_A07154165AB8,Enterprise,APPLIES_TO_SCENARIO,SCN_6D7DAC88C318,Scenario,1. 超导腔制造：用于粒子加速器等大科学装置的核心部件。2. 高端零部件精密加工：服务于需要高精度,company-info_with_url.xlsx,397
ENT_A07154165AB8,Enterprise,APPLIES_TO_SCENARIO,SCN_320A438EFCBA,Scenario,特种焊接及复杂工艺的装备制造领域。,company-info_with_url.xlsx,397
ENT_A07154165AB8,Enterprise,HAS_DEMAND,DEM_EF953CCDC36F,DemandTag,资金用于扩建超导加速腔生产产能并推动小型反应堆壳体等新业务（据Pre-A轮融资用途）。同时,company-info_with_url.xlsx,397
ENT_A07154165AB8,Enterprise,HAS_DEMAND,DEM_F9BF0A0FA080,DemandTag,需要市场拓展资源,company-info_with_url.xlsx,397
ENT_A07154165AB8,Enterprise,HAS_DEMAND,DEM_682426253620,DemandTag,规模化生产管理经验及可能的新领域（如核能）客户资源。,company-info_with_url.xlsx,397
ENT_F7608114F272,Enterprise,HAS_CAPABILITY,CAP_44E687D8D399,Capability,垂直腔面发射激光器（VCSEL）芯片,company-info_with_url.xlsx,398
ENT_F7608114F272,Enterprise,HAS_CAPABILITY,CAP_6594347B9BFE,Capability,包括用于光通信的850nm 10G,company-info_with_url.xlsx,398
ENT_F7608114F272,Enterprise,HAS_CAPABILITY,CAP_D34DC2F9BBFE,Capability,25G,company-info_with_url.xlsx,398
ENT_F7608114F272,Enterprise,HAS_CAPABILITY,CAP_33EBB6852608,Capability,56G PAM4,company-info_with_url.xlsx,398
ENT_F7608114F272,Enterprise,HAS_CAPABILITY,CAP_FA088080091E,Capability,112G PAM4 VCSEL芯片,company-info_with_url.xlsx,398
ENT_F7608114F272,Enterprise,HAS_CAPABILITY,CAP_21D6E2100B83,Capability,以及用于3D感测的940nm VCSEL结构光芯片,company-info_with_url.xlsx,398
ENT_F7608114F272,Enterprise,HAS_CAPABILITY,CAP_F9EE02234546,Capability,850nm及940nm VCSEL TOF芯片。拥有全流程,company-info_with_url.xlsx,398
ENT_F7608114F272,Enterprise,HAS_CAPABILITY,CAP_74C707E44D5B,Capability,完整,company-info_with_url.xlsx,398
ENT_F7608114F272,Enterprise,HAS_CAPABILITY,CAP_06F68CBC0428,Capability,独立的化合物半导体光电子芯片IDM生产线。,company-info_with_url.xlsx,398
ENT_F7608114F272,Enterprise,SERVES_INDUSTRY,IND_4EFE8F651707,Industry,光通信（光纤到户,company-info_with_url.xlsx,398
ENT_F7608114F272,Enterprise,SERVES_INDUSTRY,IND_32864B895DC3,Industry,数据中心与云计算,company-info_with_url.xlsx,398
ENT_F7608114F272,Enterprise,SERVES_INDUSTRY,IND_96893E59EEBA,Industry,5G移动通信网络）,company-info_with_url.xlsx,398
ENT_F7608114F272,Enterprise,SERVES_INDUSTRY,IND_CCFFD86BC274,Industry,工业物联网,company-info_with_url.xlsx,398
ENT_F7608114F272,Enterprise,SERVES_INDUSTRY,IND_9549442662B1,Industry,消费电子（3D感测）。,company-info_with_url.xlsx,398
ENT_F7608114F272,Enterprise,APPLIES_TO_SCENARIO,SCN_3D786778FC83,Scenario,1. 光通信：数据中心（IDC）,company-info_with_url.xlsx,398
ENT_F7608114F272,Enterprise,APPLIES_TO_SCENARIO,SCN_BE7C4F0F7C5A,Scenario,通信机房,company-info_with_url.xlsx,398
ENT_F7608114F272,Enterprise,APPLIES_TO_SCENARIO,SCN_7ADF92012E1D,Scenario,接入网的光纤数据传输。2. 光感：HDMI光纤连接线,company-info_with_url.xlsx,398
ENT_F7608114F272,Enterprise,APPLIES_TO_SCENARIO,SCN_D6384F10C72B,Scenario,3D结构光感测,company-info_with_url.xlsx,398
ENT_F7608114F272,Enterprise,APPLIES_TO_SCENARIO,SCN_7AEF004E3ABF,Scenario,TOF（飞行时间）感测。,company-info_with_url.xlsx,398
ENT_F7608114F272,Enterprise,HAS_CUSTOMER,CUS_74234F84B7CA,Customer,国内光通信模块厂,company-info_with_url.xlsx,398
ENT_F7608114F272,Enterprise,HAS_CUSTOMER,CUS_674D30B60426,Customer,设备厂（具体名称未披露）,company-info_with_url.xlsx,398
ENT_F7608114F272,Enterprise,HAS_SUPPLIER,SUP_6D5B3CDCCD2E,Supplier,暂无明确信息,company-info_with_url.xlsx,398
ENT_F7608114F272,Enterprise,HAS_DEMAND,DEM_7FED6B6BD1DD,DemandTag,市场资源：推动其光感类VCSEL芯片（如用于3D感测）在国内安卓市场的大规模应用。资金资源：持续研发投入（如112G PAM4芯片）和产能扩张。产业链资源：深化与下游模块厂,company-info_with_url.xlsx,398
ENT_F7608114F272,Enterprise,HAS_DEMAND,DEM_14CDF74B7877,DemandTag,设备厂及终端应用厂商的合作。,company-info_with_url.xlsx,398
ENT_3CCA5EDACC91,Enterprise,HAS_CAPABILITY,CAP_4C7750734B0C,Capability,高性能无线射频技术及相关芯片产品,company-info_with_url.xlsx,399
ENT_3CCA5EDACC91,Enterprise,HAS_CAPABILITY,CAP_74937F91C0E9,Capability,专注于无线射频芯片研发,company-info_with_url.xlsx,399
ENT_3CCA5EDACC91,Enterprise,SERVES_INDUSTRY,IND_EFB670869DC4,Industry,毫米波传感器,company-info_with_url.xlsx,399
ENT_3CCA5EDACC91,Enterprise,SERVES_INDUSTRY,IND_672F815E8513,Industry,移动通信,company-info_with_url.xlsx,399
ENT_3CCA5EDACC91,Enterprise,SERVES_INDUSTRY,IND_01B9C0E68CAD,Industry,卫星通信等无线领域,company-info_with_url.xlsx,399
ENT_3CCA5EDACC91,Enterprise,APPLIES_TO_SCENARIO,SCN_D22210F667C5,Scenario,毫米波传感器,company-info_with_url.xlsx,399
ENT_3CCA5EDACC91,Enterprise,APPLIES_TO_SCENARIO,SCN_3BC083CCF3A0,Scenario,移动通信,company-info_with_url.xlsx,399
ENT_3CCA5EDACC91,Enterprise,APPLIES_TO_SCENARIO,SCN_0EADB3C44FBF,Scenario,卫星通信,company-info_with_url.xlsx,399
ENT_8D22CE90085A,Enterprise,PROVIDES_PRODUCT,PROD_2A7CD602D976,Product,包括：“虚拟电厂软硬件系统”,company-info_with_url.xlsx,400
ENT_8D22CE90085A,Enterprise,PROVIDES_PRODUCT,PROD_75FC7CB452CE,Product,“智慧园区软硬件系统”,company-info_with_url.xlsx,400
ENT_8D22CE90085A,Enterprise,PROVIDES_PRODUCT,PROD_97B46E66F697,Product,“风电波动制氢控制系统”,company-info_with_url.xlsx,400
ENT_8D22CE90085A,Enterprise,PROVIDES_PRODUCT,PROD_7A784BE2B551,Product,“电解槽小室电压精准检测设备”等,company-info_with_url.xlsx,400
ENT_8D22CE90085A,Enterprise,HAS_CAPABILITY,CAP_2A00B5376813,Capability,首创国产IPT（Information Pipe Technology）技术,company-info_with_url.xlsx,400
ENT_8D22CE90085A,Enterprise,HAS_CAPABILITY,CAP_91D834F32D80,Capability,即智慧能源系统底层智能物联网分布式测控技术,company-info_with_url.xlsx,400
ENT_8D22CE90085A,Enterprise,SERVES_INDUSTRY,IND_299E92AD2B12,Industry,新能源系统（电力,company-info_with_url.xlsx,400
ENT_8D22CE90085A,Enterprise,SERVES_INDUSTRY,IND_197DE478259A,Industry,风电,company-info_with_url.xlsx,400
ENT_8D22CE90085A,Enterprise,SERVES_INDUSTRY,IND_C178EDAE6421,Industry,制氢）,company-info_with_url.xlsx,400
ENT_8D22CE90085A,Enterprise,SERVES_INDUSTRY,IND_36DAC6B6EBB3,Industry,智慧园区,company-info_with_url.xlsx,400
ENT_8D22CE90085A,Enterprise,SERVES_INDUSTRY,IND_02CF26D2BA6F,Industry,污水处理,company-info_with_url.xlsx,400
ENT_8D22CE90085A,Enterprise,SERVES_INDUSTRY,IND_53A8E310D902,Industry,电网调度等能源与工业领域。,company-info_with_url.xlsx,400
ENT_8D22CE90085A,Enterprise,APPLIES_TO_SCENARIO,SCN_D8A0AC3439BB,Scenario,1. 虚拟电厂（如聊城城南污水处理厂项目）,company-info_with_url.xlsx,400
ENT_8D22CE90085A,Enterprise,APPLIES_TO_SCENARIO,SCN_5DC8ADD51F4D,Scenario,2. 智慧园区,company-info_with_url.xlsx,400
ENT_8D22CE90085A,Enterprise,APPLIES_TO_SCENARIO,SCN_0A07F8B68E22,Scenario,3. 风电制氢控制,company-info_with_url.xlsx,400
ENT_8D22CE90085A,Enterprise,APPLIES_TO_SCENARIO,SCN_7097295EEA8D,Scenario,4. 电解槽电压检测,company-info_with_url.xlsx,400
ENT_8D22CE90085A,Enterprise,APPLIES_TO_SCENARIO,SCN_96FA402F8CB4,Scenario,5. 无人变电站智能物联与电网调度测控（如浙江电科院项目）。,company-info_with_url.xlsx,400
ENT_8D22CE90085A,Enterprise,HAS_CUSTOMER,CUS_6DF52F8BFCB3,Customer,包括以“五大六小”为代表的发电,company-info_with_url.xlsx,400
ENT_8D22CE90085A,Enterprise,HAS_CUSTOMER,CUS_7FDDAE189C92,Customer,电网领域的头部聚合商和集成商,company-info_with_url.xlsx,400
ENT_8D22CE90085A,Enterprise,HAS_CUSTOMER,CUS_4D9208A9614C,Customer,具体已与国家电网,company-info_with_url.xlsx,400
ENT_8D22CE90085A,Enterprise,HAS_CUSTOMER,CUS_E02E348694D6,Customer,中国远洋海运集团,company-info_with_url.xlsx,400
ENT_8D22CE90085A,Enterprise,HAS_CUSTOMER,CUS_CBCDB060C862,Customer,金风科技,company-info_with_url.xlsx,400
ENT_8D22CE90085A,Enterprise,HAS_CUSTOMER,CUS_DBD1D0A5D732,Customer,中国石油等头部客户达成合作,company-info_with_url.xlsx,400
ENT_8D22CE90085A,Enterprise,HAS_SUPPLIER,SUP_6D5B3CDCCD2E,Supplier,暂无明确信息,company-info_with_url.xlsx,400
ENT_8D22CE90085A,Enterprise,HAS_DEMAND,DEM_1F18E8040BF9,DemandTag,根据其种子轮融资用途,company-info_with_url.xlsx,400
ENT_8D22CE90085A,Enterprise,HAS_DEMAND,DEM_0D7E98D7B73D,DemandTag,主要用于人才团队建设和市场拓展,company-info_with_url.xlsx,400
ENT_8D22CE90085A,Enterprise,HAS_DEMAND,DEM_926F2671CFB1,DemandTag,以及加速标准产品线的开发和市场推广。因此最需要人才资源和市场渠道资源。,company-info_with_url.xlsx,400
ENT_521A1985B64D,Enterprise,PROVIDES_PRODUCT,PROD_69B315C5A1B2,Product,电子产品检测,company-info_with_url.xlsx,401
ENT_521A1985B64D,Enterprise,PROVIDES_PRODUCT,PROD_ED36E65E5CB4,Product,电子产品设计服务,company-info_with_url.xlsx,401
ENT_521A1985B64D,Enterprise,PROVIDES_PRODUCT,PROD_B6494376B0E6,Product,新材料技术推广服务。,company-info_with_url.xlsx,401
ENT_521A1985B64D,Enterprise,HAS_CAPABILITY,CAP_E5D86AAAAD69,Capability,电子工程设计服务,company-info_with_url.xlsx,401
ENT_521A1985B64D,Enterprise,HAS_CAPABILITY,CAP_B84F90C1F106,Capability,信息电子技术服务,company-info_with_url.xlsx,401
ENT_521A1985B64D,Enterprise,SERVES_INDUSTRY,IND_B6308F2EA843,Industry,专业技术服务业,company-info_with_url.xlsx,401
ENT_521A1985B64D,Enterprise,SERVES_INDUSTRY,IND_C55137788CBA,Industry,电子工程,company-info_with_url.xlsx,401
ENT_521A1985B64D,Enterprise,SERVES_INDUSTRY,IND_85EC64D8BF1D,Industry,新材料领域。,company-info_with_url.xlsx,401
ENT_521A1985B64D,Enterprise,APPLIES_TO_SCENARIO,SCN_F01D470A78C9,Scenario,电子工程设计,company-info_with_url.xlsx,401
ENT_521A1985B64D,Enterprise,APPLIES_TO_SCENARIO,SCN_176E888AF630,Scenario,电子产品检测与设计,company-info_with_url.xlsx,401
ENT_521A1985B64D,Enterprise,APPLIES_TO_SCENARIO,SCN_2DDAB30A39AE,Scenario,信息电子技术服务,company-info_with_url.xlsx,401
ENT_521A1985B64D,Enterprise,APPLIES_TO_SCENARIO,SCN_A136B6549A11,Scenario,新材料技术推广。,company-info_with_url.xlsx,401
ENT_521A1985B64D,Enterprise,HAS_DEMAND,DEM_F4E9C9F752D6,DemandTag,投资。根据PDF信息,company-info_with_url.xlsx,401
ENT_521A1985B64D,Enterprise,HAS_DEMAND,DEM_AB6B439546CE,DemandTag,公司正在寻求融资（投资建议书）。,company-info_with_url.xlsx,401
ENT_1E413FFDB929,Enterprise,HAS_CAPABILITY,CAP_014B1022DD4B,Capability,卫星遥感数据处理,company-info_with_url.xlsx,402
ENT_1E413FFDB929,Enterprise,HAS_CAPABILITY,CAP_480130D30B0C,Capability,软件开发,company-info_with_url.xlsx,402
ENT_1E413FFDB929,Enterprise,HAS_CAPABILITY,CAP_00C29D29E5CF,Capability,光通信设备制造,company-info_with_url.xlsx,402
ENT_1E413FFDB929,Enterprise,HAS_CAPABILITY,CAP_47E69FBA66E2,Capability,导航终端制造,company-info_with_url.xlsx,402
ENT_1E413FFDB929,Enterprise,HAS_CAPABILITY,CAP_10866C58FD0F,Capability,高性能纤维及复合材料制造,company-info_with_url.xlsx,402
ENT_1E413FFDB929,Enterprise,HAS_CAPABILITY,CAP_C69E9F2395C8,Capability,专业设计服务,company-info_with_url.xlsx,402
ENT_1E413FFDB929,Enterprise,HAS_CAPABILITY,CAP_C60BC73D3AB9,Capability,卫星遥感应用系统,company-info_with_url.xlsx,402
ENT_1E413FFDB929,Enterprise,SERVES_INDUSTRY,IND_9C6F4FDDB2A0,Industry,商业航天,company-info_with_url.xlsx,402
ENT_1E413FFDB929,Enterprise,SERVES_INDUSTRY,IND_F00204AE8A7B,Industry,卫星制造,company-info_with_url.xlsx,402
ENT_1E413FFDB929,Enterprise,SERVES_INDUSTRY,IND_CB40D4226042,Industry,遥感应用,company-info_with_url.xlsx,402
ENT_1E413FFDB929,Enterprise,SERVES_INDUSTRY,IND_16485AAE7D1F,Industry,通信,company-info_with_url.xlsx,402
ENT_1E413FFDB929,Enterprise,SERVES_INDUSTRY,IND_F9126C2CCEE3,Industry,导航,company-info_with_url.xlsx,402
ENT_1E413FFDB929,Enterprise,APPLIES_TO_SCENARIO,SCN_BE6E0D14DAE2,Scenario,卫星制造,company-info_with_url.xlsx,402
ENT_1E413FFDB929,Enterprise,APPLIES_TO_SCENARIO,SCN_3AE540308D5E,Scenario,卫星遥感数据处理与应用,company-info_with_url.xlsx,402
ENT_1E413FFDB929,Enterprise,APPLIES_TO_SCENARIO,SCN_4F6CD26FCF05,Scenario,导航终端,company-info_with_url.xlsx,402
ENT_1E413FFDB929,Enterprise,APPLIES_TO_SCENARIO,SCN_399827F01B82,Scenario,光通信设备,company-info_with_url.xlsx,402
ENT_1E413FFDB929,Enterprise,HAS_DEMAND,DEM_25168DB40873,DemandTag,资金（用于研发,company-info_with_url.xlsx,402
ENT_1E413FFDB929,Enterprise,HAS_DEMAND,DEM_870F2610B59B,DemandTag,生产及星座计划扩张）,company-info_with_url.xlsx,402
ENT_1E413FFDB929,Enterprise,HAS_DEMAND,DEM_0EB2B7451001,DemandTag,产业资源,company-info_with_url.xlsx,402
ENT_1E413FFDB929,Enterprise,HAS_DEMAND,DEM_118204869214,DemandTag,市场渠道,company-info_with_url.xlsx,402
ENT_0523A88E76F0,Enterprise,HAS_CAPABILITY,CAP_BF902F84E2E7,Capability,激光器,company-info_with_url.xlsx,403
ENT_0523A88E76F0,Enterprise,HAS_CAPABILITY,CAP_0878B2F70DE4,Capability,PLC,company-info_with_url.xlsx,403
ENT_0523A88E76F0,Enterprise,HAS_CAPABILITY,CAP_54C431D73CE9,Capability,C,company-info_with_url.xlsx,403
ENT_0523A88E76F0,Enterprise,HAS_CAPABILITY,CAP_8DAE03050B0F,Capability,DWDM,company-info_with_url.xlsx,403
ENT_0523A88E76F0,Enterprise,HAS_CAPABILITY,CAP_28265D477DF6,Capability,无热,company-info_with_url.xlsx,403
ENT_0523A88E76F0,Enterprise,HAS_CAPABILITY,CAP_9C7BD4735B9F,Capability,有热AWG等光学器件,company-info_with_url.xlsx,403
ENT_0523A88E76F0,Enterprise,HAS_CAPABILITY,CAP_1B2A202A59CC,Capability,提供光学产品设计的定制,company-info_with_url.xlsx,403
ENT_0523A88E76F0,Enterprise,HAS_CAPABILITY,CAP_2BF3A3FD16A5,Capability,样品,company-info_with_url.xlsx,403
ENT_0523A88E76F0,Enterprise,HAS_CAPABILITY,CAP_DCC6546BD5F7,Capability,小批量生产和量产服务,company-info_with_url.xlsx,403
ENT_0523A88E76F0,Enterprise,SERVES_INDUSTRY,IND_269838691FF7,Industry,光通信,company-info_with_url.xlsx,403
ENT_0523A88E76F0,Enterprise,SERVES_INDUSTRY,IND_59269D38595C,Industry,激光,company-info_with_url.xlsx,403
ENT_0523A88E76F0,Enterprise,SERVES_INDUSTRY,IND_4AB46412390E,Industry,芯片,company-info_with_url.xlsx,403
ENT_0523A88E76F0,Enterprise,SERVES_INDUSTRY,IND_A9B443DB702A,Industry,先进制造,company-info_with_url.xlsx,403
ENT_0523A88E76F0,Enterprise,APPLIES_TO_SCENARIO,SCN_6480890FE062,Scenario,通讯使用的选择波长激光器,company-info_with_url.xlsx,403
ENT_0523A88E76F0,Enterprise,APPLIES_TO_SCENARIO,SCN_098C5BB9FBB4,Scenario,窄线宽激光器,company-info_with_url.xlsx,403
ENT_0523A88E76F0,Enterprise,APPLIES_TO_SCENARIO,SCN_D74CDEF57E04,Scenario,宽带激光器,company-info_with_url.xlsx,403
ENT_0523A88E76F0,Enterprise,APPLIES_TO_SCENARIO,SCN_E3EDD083A590,Scenario,波长相关器件等,company-info_with_url.xlsx,403
ENT_0523A88E76F0,Enterprise,HAS_DEMAND,DEM_F7AB60A4AA58,DemandTag,融资支持（曾获超亿元战略融资）,company-info_with_url.xlsx,403
ENT_0523A88E76F0,Enterprise,HAS_DEMAND,DEM_C6DBB14F03A8,DemandTag,市场拓展资源,company-info_with_url.xlsx,403
ENT_976F52DAD74D,Enterprise,HAS_CAPABILITY,CAP_F53848F217AB,Capability,AI光学芯片,company-info_with_url.xlsx,404
ENT_976F52DAD74D,Enterprise,HAS_CAPABILITY,CAP_81D7EC75498D,Capability,基于光子电路技术加速信息处理,company-info_with_url.xlsx,404
ENT_976F52DAD74D,Enterprise,HAS_CAPABILITY,CAP_2534D3B53B44,Capability,使用光子进行计算和信号传输。,company-info_with_url.xlsx,404
ENT_976F52DAD74D,Enterprise,SERVES_INDUSTRY,IND_D2F457C3B2D8,Industry,半导体,company-info_with_url.xlsx,404
ENT_976F52DAD74D,Enterprise,SERVES_INDUSTRY,IND_2C42218FD89A,Industry,人工智能,company-info_with_url.xlsx,404
ENT_976F52DAD74D,Enterprise,SERVES_INDUSTRY,IND_A318617E258A,Industry,高性能计算。,company-info_with_url.xlsx,404
ENT_976F52DAD74D,Enterprise,HAS_DEMAND,DEM_4E60B0910501,DemandTag,资金,company-info_with_url.xlsx,404
ENT_976F52DAD74D,Enterprise,HAS_DEMAND,DEM_9814F901C97B,DemandTag,产业链合作伙伴,company-info_with_url.xlsx,404
ENT_976F52DAD74D,Enterprise,HAS_DEMAND,DEM_B212E19E2A25,DemandTag,商业化落地场景。,company-info_with_url.xlsx,404
ENT_B7DF33B1177B,Enterprise,HAS_CAPABILITY,CAP_338A9CB2BE47,Capability,一体式微模块数据中心创新解决方案,company-info_with_url.xlsx,405
ENT_B7DF33B1177B,Enterprise,HAS_CAPABILITY,CAP_319B6ED66B13,Capability,用于智能算力分中心建设。,company-info_with_url.xlsx,405
ENT_B7DF33B1177B,Enterprise,SERVES_INDUSTRY,IND_D397B61AAAA4,Industry,数字经济,company-info_with_url.xlsx,405
ENT_B7DF33B1177B,Enterprise,SERVES_INDUSTRY,IND_3909A45BA54E,Industry,数据中心建设,company-info_with_url.xlsx,405
ENT_B7DF33B1177B,Enterprise,SERVES_INDUSTRY,IND_C7E60A63E7A9,Industry,算力基础设施。,company-info_with_url.xlsx,405
ENT_B7DF33B1177B,Enterprise,APPLIES_TO_SCENARIO,SCN_DBEF9242BB12,Scenario,中科融合算力中心及各地智能分中心的建设。,company-info_with_url.xlsx,405
ENT_F1ACF988031F,Enterprise,HAS_CAPABILITY,CAP_E2A39BEB6368,Capability,气体扩散层和高性能碳材料,company-info_with_url.xlsx,406
ENT_F1ACF988031F,Enterprise,HAS_CAPABILITY,CAP_5D56F74B2BEB,Capability,具体包括燃料电池和制氢电池用的炭纸和气体扩散层。,company-info_with_url.xlsx,406
ENT_F1ACF988031F,Enterprise,SERVES_INDUSTRY,IND_2ADC537FB13D,Industry,氢能与燃料电池,company-info_with_url.xlsx,406
ENT_F1ACF988031F,Enterprise,SERVES_INDUSTRY,IND_501AA3BA4255,Industry,制氢电池,company-info_with_url.xlsx,406
ENT_F1ACF988031F,Enterprise,SERVES_INDUSTRY,IND_E9D4E1EF9C68,Industry,储能电池等能源领域。,company-info_with_url.xlsx,406
ENT_F1ACF988031F,Enterprise,APPLIES_TO_SCENARIO,SCN_23F322E54779,Scenario,燃料电池,company-info_with_url.xlsx,406
ENT_F1ACF988031F,Enterprise,APPLIES_TO_SCENARIO,SCN_436A843AE9EE,Scenario,制氢电池,company-info_with_url.xlsx,406
ENT_F1ACF988031F,Enterprise,APPLIES_TO_SCENARIO,SCN_C2CA7A7D3B38,Scenario,储能电池等能源电池的核心材料。,company-info_with_url.xlsx,406
ENT_F1ACF988031F,Enterprise,HAS_DEMAND,DEM_4E60B0910501,DemandTag,资金,company-info_with_url.xlsx,406
ENT_F1ACF988031F,Enterprise,HAS_DEMAND,DEM_1078D4ECA9F3,DemandTag,用于储能电池产品产业化,company-info_with_url.xlsx,406
ENT_F1ACF988031F,Enterprise,HAS_DEMAND,DEM_56BD19A69DA8,DemandTag,技术研发实力提升及产品市场推广。,company-info_with_url.xlsx,406
ENT_F07D45679926,Enterprise,HAS_CAPABILITY,CAP_793444A2F5A7,Capability,AI OS（企业级AI操作系统）,company-info_with_url.xlsx,407
ENT_F07D45679926,Enterprise,HAS_CAPABILITY,CAP_6B2DE0E796B9,Capability,包括AI Infra（多层次算力基础设施）,company-info_with_url.xlsx,407
ENT_F07D45679926,Enterprise,HAS_CAPABILITY,CAP_0EAAE2A83381,Capability,MaaS（模型即服务平台）,company-info_with_url.xlsx,407
ENT_F07D45679926,Enterprise,HAS_CAPABILITY,CAP_A31DF15DAD1E,Capability,OS UI（用户交互界面）,company-info_with_url.xlsx,407
ENT_F07D45679926,Enterprise,HAS_CAPABILITY,CAP_4311318A2319,Capability,生产要素建模工具,company-info_with_url.xlsx,407
ENT_F07D45679926,Enterprise,HAS_CAPABILITY,CAP_61FB9D92ADBC,Capability,持续优化工具,company-info_with_url.xlsx,407
ENT_F07D45679926,Enterprise,HAS_CAPABILITY,CAP_0A28150A8644,Capability,模型训练工具,company-info_with_url.xlsx,407
ENT_F07D45679926,Enterprise,HAS_CAPABILITY,CAP_DCFE0460CDFF,Capability,行业数据增强方案,company-info_with_url.xlsx,407
ENT_F07D45679926,Enterprise,HAS_CAPABILITY,CAP_0609A42703FB,Capability,Level 3学习新范式（企业生产流程建模与自动优化）。,company-info_with_url.xlsx,407
ENT_F07D45679926,Enterprise,SERVES_INDUSTRY,IND_7DDD2E1B03D9,Industry,金融,company-info_with_url.xlsx,407
ENT_F07D45679926,Enterprise,SERVES_INDUSTRY,IND_C15A3756DB9F,Industry,法律,company-info_with_url.xlsx,407
ENT_F07D45679926,Enterprise,SERVES_INDUSTRY,IND_3055F7692939,Industry,政务,company-info_with_url.xlsx,407
ENT_F07D45679926,Enterprise,SERVES_INDUSTRY,IND_08BBA7CFDF58,Industry,工业,company-info_with_url.xlsx,407
ENT_F07D45679926,Enterprise,SERVES_INDUSTRY,IND_38589088257D,Industry,物流,company-info_with_url.xlsx,407
ENT_F07D45679926,Enterprise,SERVES_INDUSTRY,IND_E8402A325073,Industry,医药等千行百业。,company-info_with_url.xlsx,407
ENT_F07D45679926,Enterprise,APPLIES_TO_SCENARIO,SCN_6161D799BAA3,Scenario,企业,company-info_with_url.xlsx,407
ENT_F07D45679926,Enterprise,APPLIES_TO_SCENARIO,SCN_0FA6B3520337,Scenario,组织降本增效,company-info_with_url.xlsx,407
ENT_F07D45679926,Enterprise,APPLIES_TO_SCENARIO,SCN_C0F9201BC034,Scenario,政府普惠服务,company-info_with_url.xlsx,407
ENT_F07D45679926,Enterprise,APPLIES_TO_SCENARIO,SCN_C463BDD1A0ED,Scenario,企业扩大销售,company-info_with_url.xlsx,407
ENT_F07D45679926,Enterprise,APPLIES_TO_SCENARIO,SCN_E78F44115DCD,Scenario,企业应用大模型,company-info_with_url.xlsx,407
ENT_F07D45679926,Enterprise,APPLIES_TO_SCENARIO,SCN_00CECE2CB3CB,Scenario,AI转型咨询与落地实施（包括建模,company-info_with_url.xlsx,407
ENT_F07D45679926,Enterprise,APPLIES_TO_SCENARIO,SCN_1772DA5A60FF,Scenario,方案设计,company-info_with_url.xlsx,407
ENT_F07D45679926,Enterprise,APPLIES_TO_SCENARIO,SCN_B56633E334B8,Scenario,模型定制,company-info_with_url.xlsx,407
ENT_F07D45679926,Enterprise,APPLIES_TO_SCENARIO,SCN_244929E1FE2D,Scenario,应用开发,company-info_with_url.xlsx,407
ENT_F07D45679926,Enterprise,APPLIES_TO_SCENARIO,SCN_8B5191DB550E,Scenario,优化反馈）。,company-info_with_url.xlsx,407
ENT_60E5C83611D8,Enterprise,HAS_CAPABILITY,CAP_7465462D55D2,Capability,高分子弹性膜真空运载盒（膜盒）,company-info_with_url.xlsx,408
ENT_60E5C83611D8,Enterprise,HAS_CAPABILITY,CAP_FB7A01FE4A51,Capability,高端UV减粘膜,company-info_with_url.xlsx,408
ENT_60E5C83611D8,Enterprise,HAS_CAPABILITY,CAP_E37106F46AD1,Capability,ABF基板堆积膜（替代材料）,company-info_with_url.xlsx,408
ENT_60E5C83611D8,Enterprise,HAS_CAPABILITY,CAP_82877CED4051,Capability,LCP粘接胶,company-info_with_url.xlsx,408
ENT_60E5C83611D8,Enterprise,HAS_CAPABILITY,CAP_43EC2067829A,Capability,环氧电子灌封,company-info_with_url.xlsx,408
ENT_60E5C83611D8,Enterprise,HAS_CAPABILITY,CAP_38DAF9CB4CC0,Capability,塑封胶,company-info_with_url.xlsx,408
ENT_60E5C83611D8,Enterprise,SERVES_INDUSTRY,IND_8D64AF6D1304,Industry,半导体材料,company-info_with_url.xlsx,408
ENT_E1C70C299461,Enterprise,HAS_CAPABILITY,CAP_20C98202ADBE,Capability,安全水系电池（锌基水系电池）,company-info_with_url.xlsx,409
ENT_E1C70C299461,Enterprise,HAS_CAPABILITY,CAP_1927A3A1ABB5,Capability,基于介孔材料技术,company-info_with_url.xlsx,409
ENT_E1C70C299461,Enterprise,HAS_CAPABILITY,CAP_E852A1ADCDE9,Capability,具备不燃烧,company-info_with_url.xlsx,409
ENT_E1C70C299461,Enterprise,HAS_CAPABILITY,CAP_49AD3ED19E47,Capability,不爆炸,company-info_with_url.xlsx,409
ENT_E1C70C299461,Enterprise,HAS_CAPABILITY,CAP_4DF296E1160C,Capability,环保,company-info_with_url.xlsx,409
ENT_E1C70C299461,Enterprise,HAS_CAPABILITY,CAP_FF1B8B183F05,Capability,超温宽,company-info_with_url.xlsx,409
ENT_E1C70C299461,Enterprise,HAS_CAPABILITY,CAP_A8CE412CF914,Capability,高功率等特点,company-info_with_url.xlsx,409
ENT_E1C70C299461,Enterprise,SERVES_INDUSTRY,IND_97F1053C9F18,Industry,储能,company-info_with_url.xlsx,409
ENT_E1C70C299461,Enterprise,SERVES_INDUSTRY,IND_87F70266F6E0,Industry,动力电池,company-info_with_url.xlsx,409
ENT_E1C70C299461,Enterprise,APPLIES_TO_SCENARIO,SCN_144A3D827336,Scenario,启停电源,company-info_with_url.xlsx,409
ENT_E1C70C299461,Enterprise,APPLIES_TO_SCENARIO,SCN_290DFD4A87D3,Scenario,两轮车,company-info_with_url.xlsx,409
ENT_E1C70C299461,Enterprise,APPLIES_TO_SCENARIO,SCN_1AB15AE27A16,Scenario,储能柜,company-info_with_url.xlsx,409
ENT_E1C70C299461,Enterprise,APPLIES_TO_SCENARIO,SCN_FE308BF71476,Scenario,数据中心电源,company-info_with_url.xlsx,409
ENT_E1C70C299461,Enterprise,HAS_CUSTOMER,CUS_CC3A7F356757,Customer,与大型企业合作（具体名称未提供）,company-info_with_url.xlsx,409
ENT_E1C70C299461,Enterprise,HAS_CUSTOMER,CUS_76836F03122B,Customer,与华为技术有限公司瓦特实验室签署技术开发合同,company-info_with_url.xlsx,409
ENT_E1C70C299461,Enterprise,HAS_CUSTOMER,CUS_CF895F52805A,Customer,与阳江市交通投资集团有限公司合作产业落地,company-info_with_url.xlsx,409
ENT_6A0DE763AC36,Enterprise,HAS_CAPABILITY,CAP_3DF885BD6A4A,Capability,InP衬底激光器及探测器外延片,company-info_with_url.xlsx,410
ENT_6A0DE763AC36,Enterprise,HAS_CAPABILITY,CAP_EE318B0788B9,Capability,GaAs衬底850nm,company-info_with_url.xlsx,410
ENT_6A0DE763AC36,Enterprise,HAS_CAPABILITY,CAP_5B44240A3BBF,Capability,940nm VCSEL外延片,company-info_with_url.xlsx,410
ENT_6A0DE763AC36,Enterprise,HAS_CAPABILITY,CAP_8FB40498523E,Capability,GaAs衬底808nm,company-info_with_url.xlsx,410
ENT_6A0DE763AC36,Enterprise,HAS_CAPABILITY,CAP_18223B859A79,Capability,980nm半导体激光器外延片的研发,company-info_with_url.xlsx,410
ENT_6A0DE763AC36,Enterprise,HAS_CAPABILITY,CAP_B78EB8CCDB05,Capability,生产,company-info_with_url.xlsx,410
ENT_6A0DE763AC36,Enterprise,HAS_CAPABILITY,CAP_BD68871F0EF4,Capability,销售,company-info_with_url.xlsx,410
ENT_6A0DE763AC36,Enterprise,SERVES_INDUSTRY,IND_269838691FF7,Industry,光通信,company-info_with_url.xlsx,410
ENT_6A0DE763AC36,Enterprise,SERVES_INDUSTRY,IND_FCC78C21B245,Industry,3D传感,company-info_with_url.xlsx,410
ENT_6A0DE763AC36,Enterprise,SERVES_INDUSTRY,IND_897C6A069072,Industry,激光雷达,company-info_with_url.xlsx,410
ENT_6A0DE763AC36,Enterprise,SERVES_INDUSTRY,IND_3889C2E09141,Industry,半导体激光器,company-info_with_url.xlsx,410
ENT_6A0DE763AC36,Enterprise,APPLIES_TO_SCENARIO,SCN_8D87ED152E9C,Scenario,光通信,company-info_with_url.xlsx,410
ENT_6A0DE763AC36,Enterprise,APPLIES_TO_SCENARIO,SCN_68B5B6FE451E,Scenario,3D传感,company-info_with_url.xlsx,410
ENT_6A0DE763AC36,Enterprise,APPLIES_TO_SCENARIO,SCN_05180DE62625,Scenario,激光雷达,company-info_with_url.xlsx,410
ENT_6A0DE763AC36,Enterprise,APPLIES_TO_SCENARIO,SCN_DC225B174418,Scenario,半导体激光器,company-info_with_url.xlsx,410
ENT_6A0DE763AC36,Enterprise,HAS_DEMAND,DEM_4C5B3C96A2A2,DemandTag,融资（本轮共融资2400万,company-info_with_url.xlsx,410
ENT_6A0DE763AC36,Enterprise,HAS_DEMAND,DEM_4C4DB0DC13C2,DemandTag,出让股权40%）,company-info_with_url.xlsx,410
ENT_D3AE1F6C1E99,Enterprise,PROVIDES_PRODUCT,PROD_FB5E96AD0281,Product,专用设备（已研发至第三代）,company-info_with_url.xlsx,411
ENT_D3AE1F6C1E99,Enterprise,PROVIDES_PRODUCT,PROD_24AFDFBE8AE3,Product,基于不同喷嘴片结构的三种成型技术方案,company-info_with_url.xlsx,411
ENT_D3AE1F6C1E99,Enterprise,PROVIDES_PRODUCT,PROD_34B00F6A49FD,Product,3种合金的成型工艺和该技术在TSV,company-info_with_url.xlsx,411
ENT_D3AE1F6C1E99,Enterprise,PROVIDES_PRODUCT,PROD_C9E7C886EFA9,Product,TGV,company-info_with_url.xlsx,411
ENT_D3AE1F6C1E99,Enterprise,PROVIDES_PRODUCT,PROD_AC5B42A652EF,Product,IPD方面的完整工艺,company-info_with_url.xlsx,411
ENT_D3AE1F6C1E99,Enterprise,HAS_CAPABILITY,CAP_DD99F6E5DE16,Capability,基于晶圆级液态合金微成型技术的晶圆填充代工服务和专用设备销售。核心技术,company-info_with_url.xlsx,411
ENT_D3AE1F6C1E99,Enterprise,SERVES_INDUSTRY,IND_0C4AA6E04ED2,Industry,半导体行业,company-info_with_url.xlsx,411
ENT_D3AE1F6C1E99,Enterprise,SERVES_INDUSTRY,IND_5FBA535E96A7,Industry,具体为半导体先进封装等中道,company-info_with_url.xlsx,411
ENT_D3AE1F6C1E99,Enterprise,SERVES_INDUSTRY,IND_21D12739507D,Industry,后道以及特种器件制造领域。,company-info_with_url.xlsx,411
ENT_D3AE1F6C1E99,Enterprise,APPLIES_TO_SCENARIO,SCN_D7B88CD816B1,Scenario,为半导体行业的各类客户提供完整的晶圆级厚金属制造技术,company-info_with_url.xlsx,411
ENT_D3AE1F6C1E99,Enterprise,APPLIES_TO_SCENARIO,SCN_89832AC8F7E0,Scenario,用于TSV,company-info_with_url.xlsx,411
ENT_D3AE1F6C1E99,Enterprise,APPLIES_TO_SCENARIO,SCN_C2C0B8398261,Scenario,TGV,company-info_with_url.xlsx,411
ENT_D3AE1F6C1E99,Enterprise,APPLIES_TO_SCENARIO,SCN_4CB592AEDEA0,Scenario,IPD等。,company-info_with_url.xlsx,411
ENT_D3AE1F6C1E99,Enterprise,HAS_DEMAND,DEM_2E876692F28F,DemandTag,本轮共融资470万。,company-info_with_url.xlsx,411
ENT_6E6CE9D9B879,Enterprise,HAS_CAPABILITY,CAP_1C2EC6CCA3AD,Capability,中大型液体火箭以及垂直回收火箭的研制,company-info_with_url.xlsx,412
ENT_6E6CE9D9B879,Enterprise,SERVES_INDUSTRY,IND_9C6F4FDDB2A0,Industry,商业航天,company-info_with_url.xlsx,412
ENT_6E6CE9D9B879,Enterprise,SERVES_INDUSTRY,IND_BAFF1653AAE7,Industry,具体为商业卫星发射服务,company-info_with_url.xlsx,412
ENT_6E6CE9D9B879,Enterprise,APPLIES_TO_SCENARIO,SCN_350D06C0F5BB,Scenario,面向千帆星座,company-info_with_url.xlsx,412
ENT_6E6CE9D9B879,Enterprise,APPLIES_TO_SCENARIO,SCN_A254DF859D89,Scenario,中国星网一二期组网计划等商业卫星发射任务,company-info_with_url.xlsx,412
ENT_6E6CE9D9B879,Enterprise,HAS_DEMAND,DEM_4E60B0910501,DemandTag,资金,company-info_with_url.xlsx,412
ENT_6E6CE9D9B879,Enterprise,HAS_DEMAND,DEM_0DCA2DBF190C,DemandTag,用于A轮融资前搭建公司基础运营架构,company-info_with_url.xlsx,412
ENT_2B33D59526C5,Enterprise,HAS_CAPABILITY,CAP_4F1B2CDF2FB2,Capability,基于叶克强老师的脑科学研究成果,company-info_with_url.xlsx,413
ENT_2B33D59526C5,Enterprise,HAS_CAPABILITY,CAP_2725506A59AB,Capability,针对中枢神经系统疾病,company-info_with_url.xlsx,413
ENT_2B33D59526C5,Enterprise,HAS_CAPABILITY,CAP_C41A533AE7C4,Capability,以全新靶点机制切入创新药研发,company-info_with_url.xlsx,413
ENT_2B33D59526C5,Enterprise,HAS_CAPABILITY,CAP_F48A2BF75A4B,Capability,全球布局专利多管线推进,company-info_with_url.xlsx,413
ENT_2B33D59526C5,Enterprise,HAS_CAPABILITY,CAP_949A15BBFE99,Capability,构建高效的CNS创新药研发转化平台。重点适应症瞄准了以神经退行性疾病为主的多种中枢神经系统疾病,company-info_with_url.xlsx,413
ENT_2B33D59526C5,Enterprise,HAS_CAPABILITY,CAP_AF4BA1CC40FE,Capability,在研管线可以分为两类,company-info_with_url.xlsx,413
ENT_2B33D59526C5,Enterprise,HAS_CAPABILITY,CAP_BD6DF96FB2A5,Capability,一类是针对BDNF-TrkB信号通路,company-info_with_url.xlsx,413
ENT_2B33D59526C5,Enterprise,HAS_CAPABILITY,CAP_54C431D73CE9,Capability,C,company-info_with_url.xlsx,413
ENT_2B33D59526C5,Enterprise,HAS_CAPABILITY,CAP_250043A95B0A,Capability,EBPβ-AEP信号通路等的新药研发管线,company-info_with_url.xlsx,413
ENT_2B33D59526C5,Enterprise,HAS_CAPABILITY,CAP_008F1EE1F26F,Capability,另一类是针对阿尔茨海默病,company-info_with_url.xlsx,413
ENT_2B33D59526C5,Enterprise,HAS_CAPABILITY,CAP_E81FBF458259,Capability,帕金森病的诊断产品。,company-info_with_url.xlsx,413
ENT_2B33D59526C5,Enterprise,SERVES_INDUSTRY,IND_D62F8C3B3511,Industry,医药行业,company-info_with_url.xlsx,413
ENT_2B33D59526C5,Enterprise,SERVES_INDUSTRY,IND_9698A12449C8,Industry,具体为中枢神经系统疾病（CNS）创新药及诊断产品研发。,company-info_with_url.xlsx,413
ENT_2B33D59526C5,Enterprise,APPLIES_TO_SCENARIO,SCN_1AD8350FDAEB,Scenario,阿尔茨海默病,company-info_with_url.xlsx,413
ENT_2B33D59526C5,Enterprise,APPLIES_TO_SCENARIO,SCN_4E5A0B7FAA8B,Scenario,帕金森病等神经退行性疾病的治疗与诊断。,company-info_with_url.xlsx,413
ENT_2B33D59526C5,Enterprise,HAS_DEMAND,DEM_31585981F6B6,DemandTag,本轮共融资3000万,company-info_with_url.xlsx,413
ENT_2B33D59526C5,Enterprise,HAS_DEMAND,DEM_A3B7885D8D43,DemandTag,用于公司发展。,company-info_with_url.xlsx,413
ENT_FE6222C1F063,Enterprise,HAS_CAPABILITY,CAP_3BD02C90F300,Capability,RoboBrain（通用具身多模态大脑模型）,company-info_with_url.xlsx,414
ENT_FE6222C1F063,Enterprise,HAS_CAPABILITY,CAP_D34DEB4E27B8,Capability,RoboOS（跨本体具身大小脑协作框架）,company-info_with_url.xlsx,414
ENT_FE6222C1F063,Enterprise,HAS_CAPABILITY,CAP_C31D261AD755,Capability,多模态空间智能技术,company-info_with_url.xlsx,414
ENT_FE6222C1F063,Enterprise,HAS_CAPABILITY,CAP_CE6D8A80CAE8,Capability,视觉语言导航大模型（NavQ）,company-info_with_url.xlsx,414
ENT_FE6222C1F063,Enterprise,HAS_CAPABILITY,CAP_AE463213724E,Capability,灵巧操作大模型,company-info_with_url.xlsx,414
ENT_FE6222C1F063,Enterprise,HAS_CAPABILITY,CAP_DC72BBA9F2BA,Capability,多传感器融合3D目标检测算法（PAI3D）,company-info_with_url.xlsx,414
ENT_FE6222C1F063,Enterprise,HAS_CAPABILITY,CAP_ED1CB1BCF631,Capability,纯视觉3D目标检测算法（MVS-Fusion）,company-info_with_url.xlsx,414
ENT_FE6222C1F063,Enterprise,HAS_CAPABILITY,CAP_028729BFBCC9,Capability,自动驾驶世界模型（Drive-WM）,company-info_with_url.xlsx,414
ENT_FE6222C1F063,Enterprise,HAS_CAPABILITY,CAP_FD8FA01638FC,Capability,长时任务规划模型,company-info_with_url.xlsx,414
ENT_FE6222C1F063,Enterprise,SERVES_INDUSTRY,IND_6E94DD54493D,Industry,通用机器人,company-info_with_url.xlsx,414
ENT_FE6222C1F063,Enterprise,SERVES_INDUSTRY,IND_210A26E97420,Industry,自动驾驶,company-info_with_url.xlsx,414
ENT_FE6222C1F063,Enterprise,SERVES_INDUSTRY,IND_CE6646598B07,Industry,智能配送,company-info_with_url.xlsx,414
ENT_FE6222C1F063,Enterprise,SERVES_INDUSTRY,IND_38589088257D,Industry,物流,company-info_with_url.xlsx,414
ENT_FE6222C1F063,Enterprise,SERVES_INDUSTRY,IND_FE5F8AE8AE57,Industry,制造,company-info_with_url.xlsx,414
ENT_FE6222C1F063,Enterprise,SERVES_INDUSTRY,IND_A58916DDA585,Industry,办公,company-info_with_url.xlsx,414
ENT_FE6222C1F063,Enterprise,SERVES_INDUSTRY,IND_D35FB503F4F6,Industry,家庭服务,company-info_with_url.xlsx,414
ENT_FE6222C1F063,Enterprise,SERVES_INDUSTRY,IND_937251073EC8,Industry,导览,company-info_with_url.xlsx,414
ENT_FE6222C1F063,Enterprise,SERVES_INDUSTRY,IND_BFEA1E2FE378,Industry,导购,company-info_with_url.xlsx,414
ENT_FE6222C1F063,Enterprise,SERVES_INDUSTRY,IND_ADECDE4021A0,Industry,药店,company-info_with_url.xlsx,414
ENT_FE6222C1F063,Enterprise,SERVES_INDUSTRY,IND_16105CBB2A1F,Industry,商超,company-info_with_url.xlsx,414
ENT_FE6222C1F063,Enterprise,APPLIES_TO_SCENARIO,SCN_92A60E8F8268,Scenario,导航,company-info_with_url.xlsx,414
ENT_FE6222C1F063,Enterprise,APPLIES_TO_SCENARIO,SCN_FF178FBA629D,Scenario,抓取,company-info_with_url.xlsx,414
ENT_FE6222C1F063,Enterprise,APPLIES_TO_SCENARIO,SCN_C0735ED96FA5,Scenario,操作等具身任务,company-info_with_url.xlsx,414
ENT_FE6222C1F063,Enterprise,APPLIES_TO_SCENARIO,SCN_873E6414AF22,Scenario,自动驾驶预测和规划,company-info_with_url.xlsx,414
ENT_FE6222C1F063,Enterprise,APPLIES_TO_SCENARIO,SCN_687E3772385D,Scenario,跨场景多任务轻量化快速部署与跨本体协作,company-info_with_url.xlsx,414
ENT_FE6222C1F063,Enterprise,APPLIES_TO_SCENARIO,SCN_87A81D636E49,Scenario,多机协同“群体智能”,company-info_with_url.xlsx,414
ENT_FE6222C1F063,Enterprise,APPLIES_TO_SCENARIO,SCN_E5669CE6924A,Scenario,人机交互,company-info_with_url.xlsx,414
ENT_FE6222C1F063,Enterprise,APPLIES_TO_SCENARIO,SCN_B33FAAAEC9A1,Scenario,复杂任务拆解规划与灵巧操作（如叠衣服,company-info_with_url.xlsx,414
ENT_FE6222C1F063,Enterprise,APPLIES_TO_SCENARIO,SCN_3866BD8FAB0E,Scenario,转笔）,company-info_with_url.xlsx,414
ENT_FE6222C1F063,Enterprise,APPLIES_TO_SCENARIO,SCN_E0A63B5F5C24,Scenario,移动过程中同时进行操控,company-info_with_url.xlsx,414
ENT_FE6222C1F063,Enterprise,APPLIES_TO_SCENARIO,SCN_5F0E5C0FD7D1,Scenario,在复杂地形上稳定移动,company-info_with_url.xlsx,414
ENT_FE6222C1F063,Enterprise,APPLIES_TO_SCENARIO,SCN_E6EB267DB414,Scenario,整体协调身体执行复杂任务,company-info_with_url.xlsx,414
ENT_4983451F6FEE,Enterprise,PROVIDES_PRODUCT,PROD_492686F7DFB8,Product,车用风机,company-info_with_url.xlsx,415
ENT_4983451F6FEE,Enterprise,PROVIDES_PRODUCT,PROD_24F043E3AD6B,Product,控制模块,company-info_with_url.xlsx,415
ENT_4983451F6FEE,Enterprise,PROVIDES_PRODUCT,PROD_B187A27F788C,Product,热电半导体材料散热器件,company-info_with_url.xlsx,415
ENT_4983451F6FEE,Enterprise,PROVIDES_PRODUCT,PROD_B2243C11C845,Product,汽车座椅通风加热系统,company-info_with_url.xlsx,415
ENT_4983451F6FEE,Enterprise,PROVIDES_PRODUCT,PROD_A2EC5D9EBDAF,Product,座椅热电空调系统,company-info_with_url.xlsx,415
ENT_4983451F6FEE,Enterprise,PROVIDES_PRODUCT,PROD_B00CA07CFCFD,Product,按摩腰托系统,company-info_with_url.xlsx,415
ENT_4983451F6FEE,Enterprise,PROVIDES_PRODUCT,PROD_111DCC4162DB,Product,车载冰箱&加热制冷杯托,company-info_with_url.xlsx,415
ENT_4983451F6FEE,Enterprise,PROVIDES_PRODUCT,PROD_E514398C88C8,Product,方向盘加热制冷等,company-info_with_url.xlsx,415
ENT_4983451F6FEE,Enterprise,HAS_CAPABILITY,CAP_CEBF6E0E53B7,Capability,热电半导体技术结合静音离心风机技术,company-info_with_url.xlsx,415
ENT_4983451F6FEE,Enterprise,SERVES_INDUSTRY,IND_3B3895C4DEE7,Industry,汽车,company-info_with_url.xlsx,415
ENT_4983451F6FEE,Enterprise,SERVES_INDUSTRY,IND_5FB9E25B0D95,Industry,消费电子,company-info_with_url.xlsx,415
ENT_4983451F6FEE,Enterprise,SERVES_INDUSTRY,IND_EB5D9AF755F6,Industry,通讯等。,company-info_with_url.xlsx,415
ENT_4983451F6FEE,Enterprise,APPLIES_TO_SCENARIO,SCN_2E11791D4CE2,Scenario,汽车座椅通风,company-info_with_url.xlsx,415
ENT_4983451F6FEE,Enterprise,APPLIES_TO_SCENARIO,SCN_B900421CA343,Scenario,加热,company-info_with_url.xlsx,415
ENT_4983451F6FEE,Enterprise,APPLIES_TO_SCENARIO,SCN_E708803991F7,Scenario,制冷,company-info_with_url.xlsx,415
ENT_4983451F6FEE,Enterprise,APPLIES_TO_SCENARIO,SCN_2EDD1FA833C1,Scenario,按摩腰托系统,company-info_with_url.xlsx,415
ENT_4983451F6FEE,Enterprise,APPLIES_TO_SCENARIO,SCN_6CB231B8324E,Scenario,车载冰箱,company-info_with_url.xlsx,415
ENT_4983451F6FEE,Enterprise,APPLIES_TO_SCENARIO,SCN_70315D5EB070,Scenario,加热制冷杯托,company-info_with_url.xlsx,415
ENT_4983451F6FEE,Enterprise,APPLIES_TO_SCENARIO,SCN_FD63D7B95CE9,Scenario,方向盘加热制冷,company-info_with_url.xlsx,415
ENT_4983451F6FEE,Enterprise,APPLIES_TO_SCENARIO,SCN_293AD248500D,Scenario,车载无线充电散热,company-info_with_url.xlsx,415
ENT_4983451F6FEE,Enterprise,APPLIES_TO_SCENARIO,SCN_F2A5F7667DDC,Scenario,半导体芯片散热,company-info_with_url.xlsx,415
ENT_4983451F6FEE,Enterprise,APPLIES_TO_SCENARIO,SCN_65044130E5D4,Scenario,5G手机散热,company-info_with_url.xlsx,415
ENT_4983451F6FEE,Enterprise,APPLIES_TO_SCENARIO,SCN_8453B87DDB92,Scenario,沙发通风加热系统。,company-info_with_url.xlsx,415
ENT_4983451F6FEE,Enterprise,HAS_CUSTOMER,CUS_ADD98A44AFC5,Customer,一汽红旗,company-info_with_url.xlsx,415
ENT_4983451F6FEE,Enterprise,HAS_CUSTOMER,CUS_B37ACE1EF549,Customer,奇瑞,company-info_with_url.xlsx,415
ENT_4983451F6FEE,Enterprise,HAS_CUSTOMER,CUS_A8458970E86A,Customer,吉利（含领克,company-info_with_url.xlsx,415
ENT_4983451F6FEE,Enterprise,HAS_CUSTOMER,CUS_B5642CE450CC,Customer,极氪,company-info_with_url.xlsx,415
ENT_4983451F6FEE,Enterprise,HAS_CUSTOMER,CUS_0940B9FCDE79,Customer,几何）,company-info_with_url.xlsx,415
ENT_4983451F6FEE,Enterprise,HAS_CUSTOMER,CUS_250EAF4F8B77,Customer,比亚迪,company-info_with_url.xlsx,415
ENT_4983451F6FEE,Enterprise,HAS_CUSTOMER,CUS_50F5BB35A139,Customer,哪吒,company-info_with_url.xlsx,415
ENT_4983451F6FEE,Enterprise,HAS_CUSTOMER,CUS_E7F352934B66,Customer,零跑,company-info_with_url.xlsx,415
ENT_4983451F6FEE,Enterprise,HAS_CUSTOMER,CUS_B6E866815440,Customer,广汽,company-info_with_url.xlsx,415
ENT_4983451F6FEE,Enterprise,HAS_CUSTOMER,CUS_22FC41EA19A5,Customer,北汽福田,company-info_with_url.xlsx,415
ENT_4983451F6FEE,Enterprise,HAS_CUSTOMER,CUS_47A800C848BF,Customer,东方商用车,company-info_with_url.xlsx,415
ENT_4983451F6FEE,Enterprise,HAS_CUSTOMER,CUS_670F3E8E3B06,Customer,创维等,company-info_with_url.xlsx,415
ENT_4983451F6FEE,Enterprise,HAS_DEMAND,DEM_01431522AD78,DemandTag,启动融资,company-info_with_url.xlsx,415
ENT_4983451F6FEE,Enterprise,HAS_DEMAND,DEM_5DBE2EA071F4,DemandTag,预计2024年上半年完成。,company-info_with_url.xlsx,415
ENT_704C4F8331D6,Enterprise,HAS_CAPABILITY,CAP_89FE892A4011,Capability,紫东太初多模态大模型（文本,company-info_with_url.xlsx,416
ENT_704C4F8331D6,Enterprise,HAS_CAPABILITY,CAP_775A04BBD083,Capability,图片,company-info_with_url.xlsx,416
ENT_704C4F8331D6,Enterprise,HAS_CAPABILITY,CAP_ADA4D9FA4F1C,Capability,音频,company-info_with_url.xlsx,416
ENT_704C4F8331D6,Enterprise,HAS_CAPABILITY,CAP_2B8F9881C84A,Capability,视频,company-info_with_url.xlsx,416
ENT_704C4F8331D6,Enterprise,HAS_CAPABILITY,CAP_4CB743817262,Capability,3D,company-info_with_url.xlsx,416
ENT_704C4F8331D6,Enterprise,HAS_CAPABILITY,CAP_8D127C9B1167,Capability,信号跨模态）,company-info_with_url.xlsx,416
ENT_704C4F8331D6,Enterprise,HAS_CAPABILITY,CAP_5837CF0354D7,Capability,全栈国产化通用人工智能底座,company-info_with_url.xlsx,416
ENT_704C4F8331D6,Enterprise,HAS_CAPABILITY,CAP_F1483B668AD9,Capability,全模态多任务统一生成式学习框架,company-info_with_url.xlsx,416
ENT_704C4F8331D6,Enterprise,HAS_CAPABILITY,CAP_26FAF84C2D87,Capability,多模态概念及关系（百万级）,company-info_with_url.xlsx,416
ENT_704C4F8331D6,Enterprise,SERVES_INDUSTRY,IND_23D6D4BCCE88,Industry,智慧政务,company-info_with_url.xlsx,416
ENT_704C4F8331D6,Enterprise,SERVES_INDUSTRY,IND_73713702DEC7,Industry,智慧教育,company-info_with_url.xlsx,416
ENT_704C4F8331D6,Enterprise,SERVES_INDUSTRY,IND_1AA0D6C9FB70,Industry,智慧医疗,company-info_with_url.xlsx,416
ENT_704C4F8331D6,Enterprise,SERVES_INDUSTRY,IND_02E586CD4C65,Industry,智慧物流,company-info_with_url.xlsx,416
ENT_704C4F8331D6,Enterprise,SERVES_INDUSTRY,IND_75B471135BE5,Industry,智算中心,company-info_with_url.xlsx,416
ENT_704C4F8331D6,Enterprise,APPLIES_TO_SCENARIO,SCN_60A74C5AB5B2,Scenario,医疗器械智能识别与清点（骨科器械,company-info_with_url.xlsx,416
ENT_704C4F8331D6,Enterprise,APPLIES_TO_SCENARIO,SCN_10A330F8B142,Scenario,耗材管理）,company-info_with_url.xlsx,416
ENT_704C4F8331D6,Enterprise,APPLIES_TO_SCENARIO,SCN_18DB635EC607,Scenario,物流行业票证识别（如身份证,company-info_with_url.xlsx,416
ENT_704C4F8331D6,Enterprise,APPLIES_TO_SCENARIO,SCN_1C91A45A7A2E,Scenario,铁路报关单）,company-info_with_url.xlsx,416
ENT_704C4F8331D6,Enterprise,APPLIES_TO_SCENARIO,SCN_1E33F62CF008,Scenario,数字人,company-info_with_url.xlsx,416
ENT_704C4F8331D6,Enterprise,APPLIES_TO_SCENARIO,SCN_647F4DD72A80,Scenario,智能客服（人才服务）,company-info_with_url.xlsx,416
ENT_704C4F8331D6,Enterprise,APPLIES_TO_SCENARIO,SCN_709E856D318B,Scenario,人工智能计算中心建设（武汉,company-info_with_url.xlsx,416
ENT_704C4F8331D6,Enterprise,APPLIES_TO_SCENARIO,SCN_515B4F4CD8F9,Scenario,青岛,company-info_with_url.xlsx,416
ENT_704C4F8331D6,Enterprise,APPLIES_TO_SCENARIO,SCN_223A90ABE6FC,Scenario,广州,company-info_with_url.xlsx,416
ENT_704C4F8331D6,Enterprise,APPLIES_TO_SCENARIO,SCN_DC274DBB94C9,Scenario,重庆,company-info_with_url.xlsx,416
ENT_704C4F8331D6,Enterprise,APPLIES_TO_SCENARIO,SCN_7A2BA17738C8,Scenario,福建,company-info_with_url.xlsx,416
ENT_704C4F8331D6,Enterprise,APPLIES_TO_SCENARIO,SCN_1993F48FE489,Scenario,宁波）,company-info_with_url.xlsx,416
ENT_704C4F8331D6,Enterprise,HAS_CUSTOMER,CUS_FC279ACA0208,Customer,湖北港口集团,company-info_with_url.xlsx,416
ENT_704C4F8331D6,Enterprise,HAS_CUSTOMER,CUS_52F3A27259C7,Customer,武汉东湖高新区,company-info_with_url.xlsx,416
ENT_704C4F8331D6,Enterprise,HAS_CUSTOMER,CUS_27B612985CD7,Customer,九州通医疗器械,company-info_with_url.xlsx,416
ENT_704C4F8331D6,Enterprise,HAS_DEMAND,DEM_EAA1F62C749E,DemandTag,算力（国内算力总量不足,company-info_with_url.xlsx,416
ENT_704C4F8331D6,Enterprise,HAS_DEMAND,DEM_D0DE15F35A8D,DemandTag,总供给难以满足市场需求,company-info_with_url.xlsx,416
ENT_704C4F8331D6,Enterprise,HAS_DEMAND,DEM_ABB89DA114A4,DemandTag,受中美政治环境影响,company-info_with_url.xlsx,416
ENT_704C4F8331D6,Enterprise,HAS_DEMAND,DEM_EF7D67DD0707,DemandTag,较难获得性能最强的英伟达芯片）,company-info_with_url.xlsx,416
ENT_704C4F8331D6,Enterprise,HAS_DEMAND,DEM_78C7A2398517,DemandTag,高质量中文数据（中文数据规模与质量不足,company-info_with_url.xlsx,416
ENT_704C4F8331D6,Enterprise,HAS_DEMAND,DEM_55668A349F8E,DemandTag,互联网公开语料中只占1~2%）,company-info_with_url.xlsx,416
ENT_A36C75EF1E5C,Enterprise,PROVIDES_PRODUCT,PROD_B95410EA5A20,Product,本地加速人形检测与跟踪技术,company-info_with_url.xlsx,417
ENT_A36C75EF1E5C,Enterprise,PROVIDES_PRODUCT,PROD_A2A86C2F153E,Product,SLAM机器人自主定位与地图建模技术,company-info_with_url.xlsx,417
ENT_A36C75EF1E5C,Enterprise,PROVIDES_PRODUCT,PROD_8B12759B969D,Product,声源定位技术,company-info_with_url.xlsx,417
ENT_A36C75EF1E5C,Enterprise,PROVIDES_PRODUCT,PROD_2186EF782196,Product,人机交互软件设计,company-info_with_url.xlsx,417
ENT_A36C75EF1E5C,Enterprise,HAS_CAPABILITY,CAP_C5912500DAFE,Capability,研发设计一款拥有机器视觉且可自主移动的智能家庭服务机器人Bingo。核心技术,company-info_with_url.xlsx,417
ENT_A36C75EF1E5C,Enterprise,SERVES_INDUSTRY,IND_6C50E985C994,Industry,家庭服务机器人行业,company-info_with_url.xlsx,417
ENT_A36C75EF1E5C,Enterprise,SERVES_INDUSTRY,IND_D20F300FB7F8,Industry,具体面向智能家庭服务。,company-info_with_url.xlsx,417
ENT_A36C75EF1E5C,Enterprise,APPLIES_TO_SCENARIO,SCN_2A6F4AE79243,Scenario,以2-6岁儿童为切入点进入家庭,company-info_with_url.xlsx,417
ENT_A36C75EF1E5C,Enterprise,APPLIES_TO_SCENARIO,SCN_251CB5CF6D52,Scenario,提供儿童陪伴亲情互动和平等沟通,company-info_with_url.xlsx,417
ENT_A36C75EF1E5C,Enterprise,APPLIES_TO_SCENARIO,SCN_443FD659B28A,Scenario,基于视觉,company-info_with_url.xlsx,417
ENT_A36C75EF1E5C,Enterprise,APPLIES_TO_SCENARIO,SCN_152346201B51,Scenario,语音,company-info_with_url.xlsx,417
ENT_A36C75EF1E5C,Enterprise,APPLIES_TO_SCENARIO,SCN_CEC5D6B7C827,Scenario,体感的寓教于乐式的早教和游戏系统,company-info_with_url.xlsx,417
ENT_A36C75EF1E5C,Enterprise,APPLIES_TO_SCENARIO,SCN_26577DA838C7,Scenario,具有儿童行为引导,company-info_with_url.xlsx,417
ENT_A36C75EF1E5C,Enterprise,APPLIES_TO_SCENARIO,SCN_32EB011133CE,Scenario,儿童健康关爱和看护,company-info_with_url.xlsx,417
ENT_A36C75EF1E5C,Enterprise,APPLIES_TO_SCENARIO,SCN_625D54C1296E,Scenario,生活伴侣,company-info_with_url.xlsx,417
ENT_A36C75EF1E5C,Enterprise,APPLIES_TO_SCENARIO,SCN_B07DFF509987,Scenario,家长与儿童远程互动载体,company-info_with_url.xlsx,417
ENT_A36C75EF1E5C,Enterprise,APPLIES_TO_SCENARIO,SCN_851E6DC891C4,Scenario,儿童成长记录等功能。同时为家庭提供全天候自主巡航远程监控,company-info_with_url.xlsx,417
ENT_A36C75EF1E5C,Enterprise,APPLIES_TO_SCENARIO,SCN_0E2700C93D77,Scenario,智能安防,company-info_with_url.xlsx,417
ENT_A36C75EF1E5C,Enterprise,APPLIES_TO_SCENARIO,SCN_A9B3BB7BFD85,Scenario,老人看护,company-info_with_url.xlsx,417
ENT_A36C75EF1E5C,Enterprise,APPLIES_TO_SCENARIO,SCN_55F4A6875D47,Scenario,智能家居等全部功能。,company-info_with_url.xlsx,417
ENT_A36C75EF1E5C,Enterprise,HAS_DEMAND,DEM_11BC07DEFB8C,DemandTag,资金。正在进行天使轮融资,company-info_with_url.xlsx,417
ENT_A36C75EF1E5C,Enterprise,HAS_DEMAND,DEM_507AB3D5D4BE,DemandTag,计划融资600万元。,company-info_with_url.xlsx,417
ENT_ABDA062DBD40,Enterprise,HAS_CAPABILITY,CAP_B79B7F63A8D7,Capability,5座级eVTOL (TW-5),company-info_with_url.xlsx,418
ENT_ABDA062DBD40,Enterprise,HAS_CAPABILITY,CAP_9665E01F8A5A,Capability,衍生eVTOL(TW-X)物流版和2座级eVTOL(TW-LSA)等产品,company-info_with_url.xlsx,418
ENT_ABDA062DBD40,Enterprise,HAS_CAPABILITY,CAP_85C6C0AD7AC1,Capability,飞行器轻量化设计,company-info_with_url.xlsx,418
ENT_ABDA062DBD40,Enterprise,HAS_CAPABILITY,CAP_452E68E5B5D4,Capability,飞行控制系统设计,company-info_with_url.xlsx,418
ENT_ABDA062DBD40,Enterprise,HAS_CAPABILITY,CAP_AB36BF1AFBD0,Capability,适航技术及服务,company-info_with_url.xlsx,418
ENT_ABDA062DBD40,Enterprise,HAS_CAPABILITY,CAP_D8F821FE63F6,Capability,智能技术技术平台,company-info_with_url.xlsx,418
ENT_ABDA062DBD40,Enterprise,HAS_CAPABILITY,CAP_EF9086C2E3B3,Capability,复杂系统设计,company-info_with_url.xlsx,418
ENT_ABDA062DBD40,Enterprise,HAS_CAPABILITY,CAP_34C21D9729C4,Capability,优化和集成平台,company-info_with_url.xlsx,418
ENT_ABDA062DBD40,Enterprise,HAS_CAPABILITY,CAP_7AC6B5677A64,Capability,航空轻量化结构技术平台,company-info_with_url.xlsx,418
ENT_ABDA062DBD40,Enterprise,HAS_CAPABILITY,CAP_0A77ED7BE031,Capability,飞行器适航技术平台,company-info_with_url.xlsx,418
ENT_ABDA062DBD40,Enterprise,HAS_CAPABILITY,CAP_2CB16C391EF7,Capability,智能技术平台,company-info_with_url.xlsx,418
ENT_ABDA062DBD40,Enterprise,SERVES_INDUSTRY,IND_522828B033F6,Industry,航空运输,company-info_with_url.xlsx,418
ENT_ABDA062DBD40,Enterprise,SERVES_INDUSTRY,IND_937C8AED1C9B,Industry,通用航空,company-info_with_url.xlsx,418
ENT_ABDA062DBD40,Enterprise,SERVES_INDUSTRY,IND_B5C93BD2351D,Industry,物流运输,company-info_with_url.xlsx,418
ENT_ABDA062DBD40,Enterprise,APPLIES_TO_SCENARIO,SCN_D465AFC1878B,Scenario,城际：链接多个城市核心地带,company-info_with_url.xlsx,418
ENT_ABDA062DBD40,Enterprise,APPLIES_TO_SCENARIO,SCN_690AEB115BFA,Scenario,链接传统地面核心枢纽中心,company-info_with_url.xlsx,418
ENT_ABDA062DBD40,Enterprise,APPLIES_TO_SCENARIO,SCN_92F7962FF036,Scenario,海岛：覆盖多个岛屿,company-info_with_url.xlsx,418
ENT_ABDA062DBD40,Enterprise,APPLIES_TO_SCENARIO,SCN_27E3061DB54C,Scenario,链接地方船只,company-info_with_url.xlsx,418
ENT_ABDA062DBD40,Enterprise,APPLIES_TO_SCENARIO,SCN_BC6027B9025F,Scenario,山区：横跨山城多个区域,company-info_with_url.xlsx,418
ENT_ABDA062DBD40,Enterprise,APPLIES_TO_SCENARIO,SCN_D97D46768128,Scenario,衔接城轨,company-info_with_url.xlsx,418
ENT_ABDA062DBD40,Enterprise,APPLIES_TO_SCENARIO,SCN_5B682B23536D,Scenario,高铁和机场到市中心,company-info_with_url.xlsx,418
ENT_ABDA062DBD40,Enterprise,HAS_DEMAND,DEM_BC609FEFC5A9,DemandTag,设计研发投资：10+亿人民币,company-info_with_url.xlsx,418
ENT_810C0374DEF1,Enterprise,PROVIDES_PRODUCT,PROD_3EFDF9CED804,Product,撬装微型核能系统（SMNS）,company-info_with_url.xlsx,419
ENT_810C0374DEF1,Enterprise,PROVIDES_PRODUCT,PROD_0C977986EA62,Product,三维蒙卡中-光-电耦合输运软件RMC,company-info_with_url.xlsx,419
ENT_810C0374DEF1,Enterprise,PROVIDES_PRODUCT,PROD_96CDB38D81B1,Product,一体式AI+模型驱动数字应用系统,company-info_with_url.xlsx,419
ENT_810C0374DEF1,Enterprise,HAS_CAPABILITY,CAP_4A2AD1958B6B,Capability,金属基气冷反应堆（MBR）技术路线,company-info_with_url.xlsx,419
ENT_810C0374DEF1,Enterprise,SERVES_INDUSTRY,IND_7B36C2040005,Industry,能源行业（核能）,company-info_with_url.xlsx,419
ENT_EC2D02E8F35D,Enterprise,SERVES_INDUSTRY,IND_569AA30F850D,Industry,光伏发电,company-info_with_url.xlsx,420
ENT_EC2D02E8F35D,Enterprise,APPLIES_TO_SCENARIO,SCN_654B3ED943C8,Scenario,光伏百叶窗,company-info_with_url.xlsx,420
ENT_EC2D02E8F35D,Enterprise,APPLIES_TO_SCENARIO,SCN_526FE51D47FD,Scenario,光伏幕墙,company-info_with_url.xlsx,420
ENT_EC2D02E8F35D,Enterprise,APPLIES_TO_SCENARIO,SCN_4132433C82BF,Scenario,光伏电站,company-info_with_url.xlsx,420
ENT_EC2D02E8F35D,Enterprise,APPLIES_TO_SCENARIO,SCN_0EB15902C256,Scenario,特殊场景光伏产品,company-info_with_url.xlsx,420
ENT_98AA9CC9F4AF,Enterprise,HAS_CAPABILITY,CAP_B7AEBD631F98,Capability,全球首条碳中和方法制备二氧化硅产线,company-info_with_url.xlsx,421
ENT_98AA9CC9F4AF,Enterprise,HAS_CAPABILITY,CAP_955503DEAC16,Capability,采用生物质（稻壳,company-info_with_url.xlsx,421
ENT_98AA9CC9F4AF,Enterprise,HAS_CAPABILITY,CAP_A533A6461F96,Capability,秸秆）-二氧化碳法生产二氧化硅,company-info_with_url.xlsx,421
ENT_98AA9CC9F4AF,Enterprise,HAS_CAPABILITY,CAP_C48CD58FF5BD,Capability,副产活性炭和碳酸钠。,company-info_with_url.xlsx,421
ENT_98AA9CC9F4AF,Enterprise,SERVES_INDUSTRY,IND_067261B95FFC,Industry,轮胎,company-info_with_url.xlsx,421
ENT_98AA9CC9F4AF,Enterprise,SERVES_INDUSTRY,IND_1D79B54E8196,Industry,鞋材,company-info_with_url.xlsx,421
ENT_98AA9CC9F4AF,Enterprise,SERVES_INDUSTRY,IND_FBCAA5F9E55B,Industry,涂料,company-info_with_url.xlsx,421
ENT_98AA9CC9F4AF,Enterprise,SERVES_INDUSTRY,IND_6A23141845FF,Industry,牙膏,company-info_with_url.xlsx,421
ENT_98AA9CC9F4AF,Enterprise,SERVES_INDUSTRY,IND_D57D295892FE,Industry,纸张,company-info_with_url.xlsx,421
ENT_98AA9CC9F4AF,Enterprise,SERVES_INDUSTRY,IND_B06E910AA25D,Industry,饲料,company-info_with_url.xlsx,421
ENT_98AA9CC9F4AF,Enterprise,SERVES_INDUSTRY,IND_82684738322E,Industry,硅橡胶,company-info_with_url.xlsx,421
ENT_98AA9CC9F4AF,Enterprise,SERVES_INDUSTRY,IND_CD780C9FB53F,Industry,催化剂载体,company-info_with_url.xlsx,421
ENT_98AA9CC9F4AF,Enterprise,SERVES_INDUSTRY,IND_5398A716DACB,Industry,开口剂,company-info_with_url.xlsx,421
ENT_98AA9CC9F4AF,Enterprise,SERVES_INDUSTRY,IND_4282E8AAACF6,Industry,防锈颜料,company-info_with_url.xlsx,421
ENT_98AA9CC9F4AF,Enterprise,SERVES_INDUSTRY,IND_D0214741A5A7,Industry,消光剂,company-info_with_url.xlsx,421
ENT_98AA9CC9F4AF,Enterprise,SERVES_INDUSTRY,IND_2EE132694A21,Industry,吸附剂,company-info_with_url.xlsx,421
ENT_98AA9CC9F4AF,Enterprise,SERVES_INDUSTRY,IND_23A4BDEB4525,Industry,口腔护理,company-info_with_url.xlsx,421
ENT_98AA9CC9F4AF,Enterprise,SERVES_INDUSTRY,IND_11E9BF625364,Industry,农化等。,company-info_with_url.xlsx,421
ENT_98AA9CC9F4AF,Enterprise,APPLIES_TO_SCENARIO,SCN_9CFC7E1CF0C0,Scenario,轮胎,company-info_with_url.xlsx,421
ENT_98AA9CC9F4AF,Enterprise,APPLIES_TO_SCENARIO,SCN_071AB0C69274,Scenario,鞋材,company-info_with_url.xlsx,421
ENT_98AA9CC9F4AF,Enterprise,APPLIES_TO_SCENARIO,SCN_53720BB0394B,Scenario,涂料,company-info_with_url.xlsx,421
ENT_98AA9CC9F4AF,Enterprise,APPLIES_TO_SCENARIO,SCN_DCC826D7ACEC,Scenario,牙膏,company-info_with_url.xlsx,421
ENT_98AA9CC9F4AF,Enterprise,APPLIES_TO_SCENARIO,SCN_28406E394149,Scenario,纸张,company-info_with_url.xlsx,421
ENT_98AA9CC9F4AF,Enterprise,APPLIES_TO_SCENARIO,SCN_F24DA728A094,Scenario,饲料,company-info_with_url.xlsx,421
ENT_98AA9CC9F4AF,Enterprise,APPLIES_TO_SCENARIO,SCN_3B568E23FB21,Scenario,硅橡胶等领域。,company-info_with_url.xlsx,421
ENT_7D2EA93429F1,Enterprise,HAS_CAPABILITY,CAP_93EA75299F1A,Capability,双足人形机器人,company-info_with_url.xlsx,423
ENT_7D2EA93429F1,Enterprise,HAS_CAPABILITY,CAP_7EBFFA9D6124,Capability,高精度桌面级机械臂,company-info_with_url.xlsx,423
ENT_7D2EA93429F1,Enterprise,HAS_CAPABILITY,CAP_2CAB2B41DAB3,Capability,任意位姿自适应磁悬浮系统,company-info_with_url.xlsx,423
ENT_7D2EA93429F1,Enterprise,HAS_CAPABILITY,CAP_4F9F805F586B,Capability,自平衡自动驾驶自行车,company-info_with_url.xlsx,423
ENT_7D2EA93429F1,Enterprise,HAS_CAPABILITY,CAP_98A0FFBE0658,Capability,大负载智能无人机,company-info_with_url.xlsx,423
ENT_7D2EA93429F1,Enterprise,HAS_CAPABILITY,CAP_1CFAE6BAE7D1,Capability,视觉两轮机器人,company-info_with_url.xlsx,423
ENT_7D2EA93429F1,Enterprise,HAS_CAPABILITY,CAP_5C4AE1866E00,Capability,独轮移动机器人,company-info_with_url.xlsx,423
ENT_7D2EA93429F1,Enterprise,HAS_CAPABILITY,CAP_31B3CB2E230B,Capability,桌面智能陪伴机器人,company-info_with_url.xlsx,423
ENT_7D2EA93429F1,Enterprise,HAS_CAPABILITY,CAP_AA88CA7DB845,Capability,双臂核酸采样机器人,company-info_with_url.xlsx,423
ENT_7D2EA93429F1,Enterprise,HAS_CAPABILITY,CAP_2399614E0846,Capability,餐饮机器人,company-info_with_url.xlsx,423
ENT_7D2EA93429F1,Enterprise,HAS_CAPABILITY,CAP_5FC1B5AC3CC3,Capability,移乘助行机器人,company-info_with_url.xlsx,423
ENT_7D2EA93429F1,Enterprise,HAS_CAPABILITY,CAP_91C98C6D72FA,Capability,调酒机器人,company-info_with_url.xlsx,423
ENT_7D2EA93429F1,Enterprise,HAS_CAPABILITY,CAP_699785020846,Capability,全身康复机器人,company-info_with_url.xlsx,423
ENT_7D2EA93429F1,Enterprise,HAS_CAPABILITY,CAP_D0612EF9A3F3,Capability,下肢助行机器人,company-info_with_url.xlsx,423
ENT_7D2EA93429F1,Enterprise,HAS_CAPABILITY,CAP_463A0765E858,Capability,北京冬奥机器人餐厅,company-info_with_url.xlsx,423
ENT_7D2EA93429F1,Enterprise,APPLIES_TO_SCENARIO,SCN_47317A86E839,Scenario,餐饮,company-info_with_url.xlsx,423
ENT_7D2EA93429F1,Enterprise,APPLIES_TO_SCENARIO,SCN_951F0722E1E0,Scenario,医疗康复（核酸采样,company-info_with_url.xlsx,423
ENT_7D2EA93429F1,Enterprise,APPLIES_TO_SCENARIO,SCN_66749E86BB23,Scenario,助行,company-info_with_url.xlsx,423
ENT_7D2EA93429F1,Enterprise,APPLIES_TO_SCENARIO,SCN_000529F4A7BE,Scenario,康复）,company-info_with_url.xlsx,423
ENT_7D2EA93429F1,Enterprise,APPLIES_TO_SCENARIO,SCN_385BB08A1B5C,Scenario,服务陪伴,company-info_with_url.xlsx,423
ENT_7D2EA93429F1,Enterprise,APPLIES_TO_SCENARIO,SCN_24348003F613,Scenario,特种作业（如磁悬浮系统）,company-info_with_url.xlsx,423
ENT_9632B1515FA1,Enterprise,HAS_CAPABILITY,CAP_F0F696B16D55,Capability,特种焊接技术（真空电子束焊接）,company-info_with_url.xlsx,424
ENT_9632B1515FA1,Enterprise,HAS_CAPABILITY,CAP_DCF615F4DD66,Capability,金属表面微纳米处理技术,company-info_with_url.xlsx,424
ENT_9632B1515FA1,Enterprise,HAS_CAPABILITY,CAP_52671D382043,Capability,高端部零件加工技术（数控精密机加工,company-info_with_url.xlsx,424
ENT_9632B1515FA1,Enterprise,HAS_CAPABILITY,CAP_2DE791584498,Capability,特种工艺处理,company-info_with_url.xlsx,424
ENT_9632B1515FA1,Enterprise,HAS_CAPABILITY,CAP_FCB23FFB5D6D,Capability,部组件装配全流程）,company-info_with_url.xlsx,424
ENT_9632B1515FA1,Enterprise,HAS_CAPABILITY,CAP_B199911AEC02,Capability,超导加速腔研发制造,company-info_with_url.xlsx,424
ENT_9632B1515FA1,Enterprise,SERVES_INDUSTRY,IND_F63AC2274048,Industry,国家重大科学基础设施（超导加速器）,company-info_with_url.xlsx,424
ENT_9632B1515FA1,Enterprise,SERVES_INDUSTRY,IND_4B12D4FF58CF,Industry,军工（军用装备,company-info_with_url.xlsx,424
ENT_9632B1515FA1,Enterprise,SERVES_INDUSTRY,IND_0BA3799E86A0,Industry,深潜器,company-info_with_url.xlsx,424
ENT_9632B1515FA1,Enterprise,SERVES_INDUSTRY,IND_3F3942FC3BA5,Industry,军用飞机）,company-info_with_url.xlsx,424
ENT_9632B1515FA1,Enterprise,SERVES_INDUSTRY,IND_D6AA2ED2BEE4,Industry,航空航天（民用客机,company-info_with_url.xlsx,424
ENT_9632B1515FA1,Enterprise,SERVES_INDUSTRY,IND_D71C39E2443D,Industry,航天结构件）,company-info_with_url.xlsx,424
ENT_9632B1515FA1,Enterprise,SERVES_INDUSTRY,IND_75E29D4C68C3,Industry,船舶制造,company-info_with_url.xlsx,424
ENT_9632B1515FA1,Enterprise,SERVES_INDUSTRY,IND_CC482CFE6292,Industry,医疗器械,company-info_with_url.xlsx,424
ENT_9632B1515FA1,Enterprise,SERVES_INDUSTRY,IND_5E311B341FFB,Industry,生物材料,company-info_with_url.xlsx,424
ENT_9632B1515FA1,Enterprise,SERVES_INDUSTRY,IND_D42C60C205A4,Industry,芯片制造,company-info_with_url.xlsx,424
ENT_9632B1515FA1,Enterprise,SERVES_INDUSTRY,IND_7D9CCA7B68C1,Industry,5G基站,company-info_with_url.xlsx,424
ENT_9632B1515FA1,Enterprise,SERVES_INDUSTRY,IND_94F85FFE1C4E,Industry,卫星通讯基站,company-info_with_url.xlsx,424
ENT_9632B1515FA1,Enterprise,APPLIES_TO_SCENARIO,SCN_CE25F661DC81,Scenario,超导加速腔的研发制造,company-info_with_url.xlsx,424
ENT_9632B1515FA1,Enterprise,APPLIES_TO_SCENARIO,SCN_01AD3CB8E911,Scenario,导弹翼片,company-info_with_url.xlsx,424
ENT_9632B1515FA1,Enterprise,APPLIES_TO_SCENARIO,SCN_F4063B9A7181,Scenario,火箭翼片,company-info_with_url.xlsx,424
ENT_9632B1515FA1,Enterprise,APPLIES_TO_SCENARIO,SCN_9F2BCDE237BF,Scenario,发动机隔板等高精尖零部件加工,company-info_with_url.xlsx,424
ENT_9632B1515FA1,Enterprise,APPLIES_TO_SCENARIO,SCN_32D18E5F9E04,Scenario,神舟系列飞船构件,company-info_with_url.xlsx,424
ENT_9632B1515FA1,Enterprise,APPLIES_TO_SCENARIO,SCN_505298F6E363,Scenario,战斗机,company-info_with_url.xlsx,424
ENT_9632B1515FA1,Enterprise,APPLIES_TO_SCENARIO,SCN_C880E8854FA9,Scenario,导弹核心构件等研发制造,company-info_with_url.xlsx,424
ENT_9632B1515FA1,Enterprise,HAS_CUSTOMER,CUS_5A4E36D4B098,Customer,中国科学院近代物理研究所,company-info_with_url.xlsx,424
ENT_9632B1515FA1,Enterprise,HAS_CUSTOMER,CUS_CF176AFEA990,Customer,中科院大连化物所等科研机构,company-info_with_url.xlsx,424
ENT_9632B1515FA1,Enterprise,HAS_CUSTOMER,CUS_3D593299BFA5,Customer,军品制造企业,company-info_with_url.xlsx,424
ENT_9632B1515FA1,Enterprise,HAS_CUSTOMER,CUS_91E156F4C53E,Customer,航空航天科研机构,company-info_with_url.xlsx,424
ENT_9632B1515FA1,Enterprise,HAS_CUSTOMER,CUS_6B63D834B14A,Customer,军用飞机厂,company-info_with_url.xlsx,424
ENT_3FA2693C6D2D,Enterprise,HAS_CAPABILITY,CAP_F18E42DD7996,Capability,InteWeld CAE（焊接工艺仿真软件）,company-info_with_url.xlsx,425
ENT_3FA2693C6D2D,Enterprise,HAS_CAPABILITY,CAP_1F2A653757F8,Capability,iAdditive CAE（增材制造工艺仿真软件）,company-info_with_url.xlsx,425
ENT_3FA2693C6D2D,Enterprise,HAS_CAPABILITY,CAP_0F1A7D4264F9,Capability,GoHT CAE（热处理工艺仿真软件）,company-info_with_url.xlsx,425
ENT_3FA2693C6D2D,Enterprise,HAS_CAPABILITY,CAP_52254E5B3A42,Capability,智能焊接夹具,company-info_with_url.xlsx,425
ENT_3FA2693C6D2D,Enterprise,SERVES_INDUSTRY,IND_C42AECD0BECF,Industry,航空,company-info_with_url.xlsx,425
ENT_3FA2693C6D2D,Enterprise,SERVES_INDUSTRY,IND_ACF282574B68,Industry,航天,company-info_with_url.xlsx,425
ENT_3FA2693C6D2D,Enterprise,SERVES_INDUSTRY,IND_F175AE0338B9,Industry,航发,company-info_with_url.xlsx,425
ENT_3FA2693C6D2D,Enterprise,SERVES_INDUSTRY,IND_08127954F811,Industry,船舶,company-info_with_url.xlsx,425
ENT_3FA2693C6D2D,Enterprise,SERVES_INDUSTRY,IND_740E0944F7E7,Industry,兵器,company-info_with_url.xlsx,425
ENT_3FA2693C6D2D,Enterprise,SERVES_INDUSTRY,IND_2177833E8A6C,Industry,电子,company-info_with_url.xlsx,425
ENT_3FA2693C6D2D,Enterprise,SERVES_INDUSTRY,IND_870D64BA383A,Industry,石化,company-info_with_url.xlsx,425
ENT_3FA2693C6D2D,Enterprise,SERVES_INDUSTRY,IND_3B3895C4DEE7,Industry,汽车,company-info_with_url.xlsx,425
ENT_3FA2693C6D2D,Enterprise,SERVES_INDUSTRY,IND_3EEC2197C9B1,Industry,核能,company-info_with_url.xlsx,425
ENT_3FA2693C6D2D,Enterprise,SERVES_INDUSTRY,IND_EC4BD73A3253,Industry,教育,company-info_with_url.xlsx,425
ENT_3FA2693C6D2D,Enterprise,APPLIES_TO_SCENARIO,SCN_690764D13F86,Scenario,导弹关键结构件焊接制造（使研发周期从60天降低到20天）,company-info_with_url.xlsx,425
ENT_3FA2693C6D2D,Enterprise,APPLIES_TO_SCENARIO,SCN_1F3A73CBF802,Scenario,飞机弧形梁沉电子束3D打印,company-info_with_url.xlsx,425
ENT_3FA2693C6D2D,Enterprise,APPLIES_TO_SCENARIO,SCN_10D6E5F0D02F,Scenario,焊接,company-info_with_url.xlsx,425
ENT_3FA2693C6D2D,Enterprise,APPLIES_TO_SCENARIO,SCN_005CCA3599F8,Scenario,增材,company-info_with_url.xlsx,425
ENT_3FA2693C6D2D,Enterprise,APPLIES_TO_SCENARIO,SCN_D23DC77CF813,Scenario,热处理工艺仿真与优化,company-info_with_url.xlsx,425
ENT_3FA2693C6D2D,Enterprise,APPLIES_TO_SCENARIO,SCN_35BE0E129A39,Scenario,智能焊接夹具定时定位定量夹持。,company-info_with_url.xlsx,425
ENT_3FA2693C6D2D,Enterprise,HAS_CUSTOMER,CUS_9A6C1F0CA329,Customer,中航工业成都飞机（集团）有限责任公司,company-info_with_url.xlsx,425
ENT_3FA2693C6D2D,Enterprise,HAS_CUSTOMER,CUS_604B73B622A9,Customer,中国航发哈尔滨东安发动机有限公司,company-info_with_url.xlsx,425
ENT_3FA2693C6D2D,Enterprise,HAS_CUSTOMER,CUS_8F73D8528B76,Customer,中国航天科工集团第三研究院,company-info_with_url.xlsx,425
ENT_3FA2693C6D2D,Enterprise,HAS_CUSTOMER,CUS_306EE3E56B0B,Customer,中国船舶集团有限公司第七二五研究所,company-info_with_url.xlsx,425
ENT_3FA2693C6D2D,Enterprise,HAS_CUSTOMER,CUS_7D42078715DF,Customer,沪东中华造船（集团）有限公司,company-info_with_url.xlsx,425
ENT_3FA2693C6D2D,Enterprise,HAS_CUSTOMER,CUS_83E14E9F6CC6,Customer,中国工程物理研究院,company-info_with_url.xlsx,425
ENT_3FA2693C6D2D,Enterprise,HAS_CUSTOMER,CUS_1357E788995D,Customer,中国电子科技集团有限公司,company-info_with_url.xlsx,425
ENT_3FA2693C6D2D,Enterprise,HAS_CUSTOMER,CUS_4E0F5700777B,Customer,中油国家油气钻井装备工程技术研究中心有限公司,company-info_with_url.xlsx,425
ENT_3FA2693C6D2D,Enterprise,HAS_CUSTOMER,CUS_AD10F66BBFA3,Customer,中国第一汽车股份有限公司等数十家行业龙头企业,company-info_with_url.xlsx,425
ENT_E717CF9574D5,Enterprise,PROVIDES_PRODUCT,PROD_0C3C7290F111,Product,AGI蜻蜓1号算法模型生成平台软件,company-info_with_url.xlsx,426
ENT_E717CF9574D5,Enterprise,PROVIDES_PRODUCT,PROD_4974C5FB67E4,Product,ACT（商业时间尺度阵列）模块,company-info_with_url.xlsx,426
ENT_E717CF9574D5,Enterprise,PROVIDES_PRODUCT,PROD_C2674AEEB61D,Product,AI微系统解决方案,company-info_with_url.xlsx,426
ENT_E717CF9574D5,Enterprise,PROVIDES_PRODUCT,PROD_0C6711E99297,Product,SOC芯片+软件算法,company-info_with_url.xlsx,426
ENT_E717CF9574D5,Enterprise,PROVIDES_PRODUCT,PROD_A19CDE31D8E3,Product,SDR（软件无线电）,company-info_with_url.xlsx,426
ENT_E717CF9574D5,Enterprise,HAS_CAPABILITY,CAP_9610193B4C2D,Capability,全数字计算阵列,company-info_with_url.xlsx,426
ENT_E717CF9574D5,Enterprise,HAS_CAPABILITY,CAP_DF9271B96461,Capability,RFSoC DFE for 5G NR,company-info_with_url.xlsx,426
ENT_E717CF9574D5,Enterprise,HAS_CAPABILITY,CAP_FB91EBE51AE0,Capability,AESA全数字阵列（传感+计算融合）,company-info_with_url.xlsx,426
ENT_E717CF9574D5,Enterprise,SERVES_INDUSTRY,IND_0C8FB84C21CD,Industry,5G通信,company-info_with_url.xlsx,426
ENT_E717CF9574D5,Enterprise,SERVES_INDUSTRY,IND_996CB9CB672F,Industry,星间链,company-info_with_url.xlsx,426
ENT_E717CF9574D5,Enterprise,SERVES_INDUSTRY,IND_3B3895C4DEE7,Industry,汽车,company-info_with_url.xlsx,426
ENT_E717CF9574D5,Enterprise,SERVES_INDUSTRY,IND_3E5028C06A65,Industry,智慧交通,company-info_with_url.xlsx,426
ENT_E717CF9574D5,Enterprise,SERVES_INDUSTRY,IND_DD997A803EF6,Industry,智慧数据处理,company-info_with_url.xlsx,426
ENT_E717CF9574D5,Enterprise,SERVES_INDUSTRY,IND_05C26E6C7B49,Industry,通用人工智能微系统,company-info_with_url.xlsx,426
ENT_E717CF9574D5,Enterprise,APPLIES_TO_SCENARIO,SCN_6B7F17397E52,Scenario,为用户提供AI微系统解决方案和ACT模块,company-info_with_url.xlsx,426
ENT_E717CF9574D5,Enterprise,APPLIES_TO_SCENARIO,SCN_F356D5821422,Scenario,提供AGI解决方案和ACT模块,company-info_with_url.xlsx,426
ENT_E717CF9574D5,Enterprise,APPLIES_TO_SCENARIO,SCN_48813A2E306C,Scenario,通过AGI蜻蜓1号生成AIGC内容（如对空空目标,company-info_with_url.xlsx,426
ENT_E717CF9574D5,Enterprise,APPLIES_TO_SCENARIO,SCN_2533E96AF038,Scenario,对地空目标生成个性化内容）,company-info_with_url.xlsx,426
ENT_37941ADDCAB1,Enterprise,PROVIDES_PRODUCT,PROD_664CB10467FB,Product,适用于大规模绿色燃料生产的核心催化剂,company-info_with_url.xlsx,427
ENT_37941ADDCAB1,Enterprise,PROVIDES_PRODUCT,PROD_9277698B9CDD,Product,工艺包,company-info_with_url.xlsx,427
ENT_37941ADDCAB1,Enterprise,PROVIDES_PRODUCT,PROD_4AF04B6ADCE7,Product,关键装备。2. 合成气制航空煤油技术（SAF）：高转化率（CO单程转化率84%）,company-info_with_url.xlsx,427
ENT_37941ADDCAB1,Enterprise,PROVIDES_PRODUCT,PROD_558113848B1D,Product,高选择性（航煤选择性67%）,company-info_with_url.xlsx,427
ENT_37941ADDCAB1,Enterprise,PROVIDES_PRODUCT,PROD_362BB6D84BD8,Product,高稳定性（>1000小时）,company-info_with_url.xlsx,427
ENT_37941ADDCAB1,Enterprise,PROVIDES_PRODUCT,PROD_B2F18C127C50,Product,一步合成（1-2步）。3. 二氧化碳加氢制甲醇技术：反应条件温和（230-250℃,company-info_with_url.xlsx,427
ENT_37941ADDCAB1,Enterprise,PROVIDES_PRODUCT,PROD_1338A4A6703F,Product,5-8MPa）,company-info_with_url.xlsx,427
ENT_37941ADDCAB1,Enterprise,PROVIDES_PRODUCT,PROD_6308C09D4E2E,Product,CO2转化率>90%,company-info_with_url.xlsx,427
ENT_37941ADDCAB1,Enterprise,PROVIDES_PRODUCT,PROD_9912E57EACD6,Product,甲醇选择性>97%。4. 生物质气流床气化技术：能量效率>80%,company-info_with_url.xlsx,427
ENT_37941ADDCAB1,Enterprise,PROVIDES_PRODUCT,PROD_18E9D166FEC0,Product,碳转化率100%,company-info_with_url.xlsx,427
ENT_37941ADDCAB1,Enterprise,PROVIDES_PRODUCT,PROD_70B7C665D701,Product,无难处理废弃物,company-info_with_url.xlsx,427
ENT_37941ADDCAB1,Enterprise,HAS_CAPABILITY,CAP_DDEB5D6FBC26,Capability,1. 专有低碳技术,company-info_with_url.xlsx,427
ENT_37941ADDCAB1,Enterprise,SERVES_INDUSTRY,IND_90EA85E99A58,Industry,航空业（可持续航空燃料SAF）,company-info_with_url.xlsx,427
ENT_37941ADDCAB1,Enterprise,SERVES_INDUSTRY,IND_BE1DE055CA8C,Industry,航海业（绿色甲醇）,company-info_with_url.xlsx,427
ENT_37941ADDCAB1,Enterprise,SERVES_INDUSTRY,IND_CAADB79D0BAD,Industry,也可用于汽车和燃料电池发电。,company-info_with_url.xlsx,427
ENT_37941ADDCAB1,Enterprise,APPLIES_TO_SCENARIO,SCN_486F5A5D3127,Scenario,1. 为航空业提供可持续航空燃料（SAF）。2. 为航海业提供绿色甲醇作为碳中性替代燃料。3. 盐城30万吨绿色甲醇和20万吨可持续航煤项目（预计2026-2027年投产）。,company-info_with_url.xlsx,427
ENT_03A4CFD797A9,Enterprise,HAS_CAPABILITY,CAP_3201E4DBA550,Capability,ET技术（包络追踪技术）,company-info_with_url.xlsx,428
ENT_03A4CFD797A9,Enterprise,HAS_CAPABILITY,CAP_B3E059A5AB38,Capability,手机ET产品,company-info_with_url.xlsx,428
ENT_03A4CFD797A9,Enterprise,HAS_CAPABILITY,CAP_AABB892EF446,Capability,无人机ET产品,company-info_with_url.xlsx,428
ENT_03A4CFD797A9,Enterprise,HAS_CAPABILITY,CAP_C6E153C1E410,Capability,无人机APT PA芯片,company-info_with_url.xlsx,428
ENT_03A4CFD797A9,Enterprise,SERVES_INDUSTRY,IND_E8CAB8FDB50D,Industry,移动通信（手机）,company-info_with_url.xlsx,428
ENT_03A4CFD797A9,Enterprise,SERVES_INDUSTRY,IND_370708395BB8,Industry,无人机,company-info_with_url.xlsx,428
ENT_03A4CFD797A9,Enterprise,APPLIES_TO_SCENARIO,SCN_69B3B605268C,Scenario,手机射频前端,company-info_with_url.xlsx,428
ENT_03A4CFD797A9,Enterprise,APPLIES_TO_SCENARIO,SCN_EF0D42D96F0B,Scenario,无人机射频前端,company-info_with_url.xlsx,428
ENT_96817DADE028,Enterprise,HAS_CAPABILITY,CAP_01197F59EAD1,Capability,XJ-T系列触觉传感器（Gen1,company-info_with_url.xlsx,431
ENT_96817DADE028,Enterprise,HAS_CAPABILITY,CAP_31814C73ACFF,Capability,Gen2,company-info_with_url.xlsx,431
ENT_96817DADE028,Enterprise,HAS_CAPABILITY,CAP_AC022F7D6181,Capability,Gen3,company-info_with_url.xlsx,431
ENT_96817DADE028,Enterprise,HAS_CAPABILITY,CAP_359DEFE63C99,Capability,Gen5开发中）,company-info_with_url.xlsx,431
ENT_96817DADE028,Enterprise,HAS_CAPABILITY,CAP_F375D1EE1CF2,Capability,XJ-T Array系列触觉传感器阵列,company-info_with_url.xlsx,431
ENT_96817DADE028,Enterprise,SERVES_INDUSTRY,IND_178E9FD5BF76,Industry,机器人（工业,company-info_with_url.xlsx,431
ENT_96817DADE028,Enterprise,SERVES_INDUSTRY,IND_9765835D1F30,Industry,医疗,company-info_with_url.xlsx,431
ENT_96817DADE028,Enterprise,SERVES_INDUSTRY,IND_4F16D0C44BEE,Industry,民用,company-info_with_url.xlsx,431
ENT_96817DADE028,Enterprise,SERVES_INDUSTRY,IND_CDBF7B1E57AC,Industry,农业）,company-info_with_url.xlsx,431
ENT_96817DADE028,Enterprise,SERVES_INDUSTRY,IND_5A0D317BC821,Industry,智能可穿戴设备,company-info_with_url.xlsx,431
ENT_96817DADE028,Enterprise,APPLIES_TO_SCENARIO,SCN_2BD1B2C594EF,Scenario,机器人灵巧手触觉感知,company-info_with_url.xlsx,431
ENT_96817DADE028,Enterprise,APPLIES_TO_SCENARIO,SCN_5B2F5ABEB579,Scenario,柔性电子皮肤,company-info_with_url.xlsx,431
ENT_96817DADE028,Enterprise,APPLIES_TO_SCENARIO,SCN_86D3BE4AEEBB,Scenario,触觉手套,company-info_with_url.xlsx,431
ENT_96817DADE028,Enterprise,APPLIES_TO_SCENARIO,SCN_2D35A37CAE1E,Scenario,航天服触觉感知,company-info_with_url.xlsx,431
ENT_96817DADE028,Enterprise,APPLIES_TO_SCENARIO,SCN_8F8165803BED,Scenario,下一代智能可穿戴设备（取代鼠标,company-info_with_url.xlsx,431
ENT_96817DADE028,Enterprise,APPLIES_TO_SCENARIO,SCN_444D15E7E39D,Scenario,妙控板,company-info_with_url.xlsx,431
ENT_96817DADE028,Enterprise,APPLIES_TO_SCENARIO,SCN_22A552DE4DC2,Scenario,手柄,company-info_with_url.xlsx,431
ENT_96817DADE028,Enterprise,APPLIES_TO_SCENARIO,SCN_1EDDFEF571C4,Scenario,智能指环,company-info_with_url.xlsx,431
ENT_96817DADE028,Enterprise,APPLIES_TO_SCENARIO,SCN_9AEC7F2B0DDA,Scenario,运动手表等）,company-info_with_url.xlsx,431
ENT_96817DADE028,Enterprise,HAS_DEMAND,DEM_B817E2973FF4,DemandTag,天使轮融资500万元（用于搭建Gen2.5小试产线,company-info_with_url.xlsx,431
ENT_96817DADE028,Enterprise,HAS_DEMAND,DEM_DF27E7251690,DemandTag,完成市场验证）,company-info_with_url.xlsx,431
ENT_96817DADE028,Enterprise,HAS_DEMAND,DEM_A8EA56F6D884,DemandTag,Pre-A轮融资1000万元（用于搭建Gen3中试产线,company-info_with_url.xlsx,431
ENT_96817DADE028,Enterprise,HAS_DEMAND,DEM_9042399CE3BE,DemandTag,获得批量订单）,company-info_with_url.xlsx,431
ENT_A4B4F29168B8,Enterprise,PROVIDES_PRODUCT,PROD_9337E12446BB,Product,EDIT平台,company-info_with_url.xlsx,432
ENT_A4B4F29168B8,Enterprise,PROVIDES_PRODUCT,PROD_A169D1D6F13B,Product,新CRISPR-Cas蛋白的挖掘与优化,company-info_with_url.xlsx,432
ENT_A4B4F29168B8,Enterprise,PROVIDES_PRODUCT,PROD_3B1AB17E3D1D,Product,新脱氨酶作为Base editor的挖掘与优化,company-info_with_url.xlsx,432
ENT_A4B4F29168B8,Enterprise,PROVIDES_PRODUCT,PROD_F2C2892A202E,Product,全新无CRISPR的碱基编辑,company-info_with_url.xlsx,432
ENT_A4B4F29168B8,Enterprise,PROVIDES_PRODUCT,PROD_11F3CC60DC98,Product,SEED平台）,company-info_with_url.xlsx,432
ENT_A4B4F29168B8,Enterprise,PROVIDES_PRODUCT,PROD_CAEE16D9B81F,Product,产品管线包括小麦,company-info_with_url.xlsx,432
ENT_A4B4F29168B8,Enterprise,PROVIDES_PRODUCT,PROD_FA4DF92BEDB7,Product,大豆,company-info_with_url.xlsx,432
ENT_A4B4F29168B8,Enterprise,PROVIDES_PRODUCT,PROD_BA8F7662123B,Product,水稻,company-info_with_url.xlsx,432
ENT_A4B4F29168B8,Enterprise,PROVIDES_PRODUCT,PROD_2FF31D7A98DF,Product,玉米,company-info_with_url.xlsx,432
ENT_A4B4F29168B8,Enterprise,PROVIDES_PRODUCT,PROD_5A352FCF8697,Product,果蔬等作物的基因编辑育种,company-info_with_url.xlsx,432
ENT_A4B4F29168B8,Enterprise,HAS_CAPABILITY,CAP_257E77967300,Capability,SEEDIT™技术平台（,company-info_with_url.xlsx,432
ENT_A4B4F29168B8,Enterprise,SERVES_INDUSTRY,IND_825443AA26B5,Industry,农业（基因编辑育种）,company-info_with_url.xlsx,432
ENT_F384D56A7BB8,Enterprise,PROVIDES_PRODUCT,PROD_500A6207230D,Product,GI-001（针对DLBCL适应症）和GI-002（针对MM适应症）,company-info_with_url.xlsx,433
ENT_F384D56A7BB8,Enterprise,HAS_CAPABILITY,CAP_9ACBF63A6D30,Capability,体内CAR-T细胞疗法技术平台,company-info_with_url.xlsx,433
ENT_F384D56A7BB8,Enterprise,HAS_CAPABILITY,CAP_514EBD98B8D7,Capability,包括降低抗原遮蔽效应平台,company-info_with_url.xlsx,433
ENT_F384D56A7BB8,Enterprise,HAS_CAPABILITY,CAP_7F32665DA87B,Capability,囊膜蛋白改造平台,company-info_with_url.xlsx,433
ENT_F384D56A7BB8,Enterprise,HAS_CAPABILITY,CAP_00E854AF1281,Capability,绝缘子安全性平台,company-info_with_url.xlsx,433
ENT_F384D56A7BB8,Enterprise,HAS_CAPABILITY,CAP_7E54DFB5D70A,Capability,高效瞬时递送平台。具体管线,company-info_with_url.xlsx,433
ENT_F384D56A7BB8,Enterprise,SERVES_INDUSTRY,IND_5958C699B210,Industry,生物医药行业,company-info_with_url.xlsx,433
ENT_F384D56A7BB8,Enterprise,SERVES_INDUSTRY,IND_336A3BF15E86,Industry,具体为细胞和基因治疗（CGT）领域,company-info_with_url.xlsx,433
ENT_F384D56A7BB8,Enterprise,SERVES_INDUSTRY,IND_8FE71327DA54,Industry,聚焦于CAR-T细胞疗法。,company-info_with_url.xlsx,433
ENT_F384D56A7BB8,Enterprise,APPLIES_TO_SCENARIO,SCN_9EFEEC49C8F4,Scenario,针对血液瘤（如弥漫大B细胞淋巴瘤DLBCL,company-info_with_url.xlsx,433
ENT_F384D56A7BB8,Enterprise,APPLIES_TO_SCENARIO,SCN_4249FF28CFEE,Scenario,多发性骨髓瘤MM）和自身免疫病（如系统性红斑狼疮SLE）的治疗。,company-info_with_url.xlsx,433
ENT_B881DA0DA218,Enterprise,PROVIDES_PRODUCT,PROD_7A5A7A5BD7C9,Product,硅光集成芯片,company-info_with_url.xlsx,434
ENT_B881DA0DA218,Enterprise,PROVIDES_PRODUCT,PROD_86C20900865B,Product,固态激光雷达发射,company-info_with_url.xlsx,434
ENT_B881DA0DA218,Enterprise,PROVIDES_PRODUCT,PROD_53A3186C2733,Product,接收光引擎芯片,company-info_with_url.xlsx,434
ENT_B881DA0DA218,Enterprise,PROVIDES_PRODUCT,PROD_12887D036909,Product,FMCW激光雷达扫描芯片,company-info_with_url.xlsx,434
ENT_B881DA0DA218,Enterprise,PROVIDES_PRODUCT,PROD_1AF96742748D,Product,光通信硅光芯片。,company-info_with_url.xlsx,434
ENT_B881DA0DA218,Enterprise,HAS_CAPABILITY,CAP_A1D918BB4FF9,Capability,硅光子集成技术,company-info_with_url.xlsx,434
ENT_B881DA0DA218,Enterprise,HAS_CAPABILITY,CAP_4E66094DEA93,Capability,FMCW（调频连续波）激光雷达芯片技术,company-info_with_url.xlsx,434
ENT_B881DA0DA218,Enterprise,HAS_CAPABILITY,CAP_3C869347341F,Capability,光学相控阵（OPA）技术,company-info_with_url.xlsx,434
ENT_B881DA0DA218,Enterprise,HAS_CAPABILITY,CAP_C097874F98C4,Capability,光电芯片设计与封装测试技术。,company-info_with_url.xlsx,434
ENT_B881DA0DA218,Enterprise,SERVES_INDUSTRY,IND_5486B27A04FF,Industry,智能汽车,company-info_with_url.xlsx,434
ENT_B881DA0DA218,Enterprise,SERVES_INDUSTRY,IND_210A26E97420,Industry,自动驾驶,company-info_with_url.xlsx,434
ENT_B881DA0DA218,Enterprise,SERVES_INDUSTRY,IND_7342E30833DC,Industry,机器人,company-info_with_url.xlsx,434
ENT_B881DA0DA218,Enterprise,SERVES_INDUSTRY,IND_269838691FF7,Industry,光通信,company-info_with_url.xlsx,434
ENT_B881DA0DA218,Enterprise,SERVES_INDUSTRY,IND_A47503F51759,Industry,数据中心。,company-info_with_url.xlsx,434
ENT_B881DA0DA218,Enterprise,APPLIES_TO_SCENARIO,SCN_569DCF2C8AE2,Scenario,车载高级辅助驾驶（ADAS）与自动驾驶避障导航,company-info_with_url.xlsx,434
ENT_B881DA0DA218,Enterprise,APPLIES_TO_SCENARIO,SCN_50711D9E06AE,Scenario,工业机器视觉,company-info_with_url.xlsx,434
ENT_B881DA0DA218,Enterprise,APPLIES_TO_SCENARIO,SCN_C0C925491FB2,Scenario,数据中心内部高速数据传输。,company-info_with_url.xlsx,434
ENT_B881DA0DA218,Enterprise,HAS_CUSTOMER,CUS_B457976C9519,Customer,无（具体名单未公开,company-info_with_url.xlsx,434
ENT_B881DA0DA218,Enterprise,HAS_CUSTOMER,CUS_85A5768FA3C0,Customer,主要面向自动驾驶Tier 1,company-info_with_url.xlsx,434
ENT_B881DA0DA218,Enterprise,HAS_CUSTOMER,CUS_E2DACA66D2F5,Customer,激光雷达整机厂商,company-info_with_url.xlsx,434
ENT_B881DA0DA218,Enterprise,HAS_CUSTOMER,CUS_186C10D5AFEE,Customer,光通信模块厂商）。,company-info_with_url.xlsx,434
ENT_B881DA0DA218,Enterprise,HAS_DEMAND,DEM_39AE11D29D17,DemandTag,1. 产业资本： 用于支付高昂的流片费用及研发投入,company-info_with_url.xlsx,434
ENT_B881DA0DA218,Enterprise,HAS_DEMAND,DEM_54FFFA88B659,DemandTag,2. 客户资源： 车企或Tier 1的联合开发项目（定点合作）以加速场景验证,company-info_with_url.xlsx,434
ENT_B881DA0DA218,Enterprise,HAS_DEMAND,DEM_23355B7DF4B3,DemandTag,3. 供应链： 稳定的硅光晶圆代工产能与先进制程支持。,company-info_with_url.xlsx,434
